wavenumber[1/cm],cross section[cm^2]
810.0056,3.124e-20
810.0176529361115,3.526e-20
810.0297058722232,4.106e-20
810.0417588083347,3.763e-20
810.0538117444463,3.038e-20
810.0658646805579,2.733e-20
810.0779176166695,2.977e-20
810.0899705527811,3.411e-20
810.1020234888927,3.59e-20
810.1140764250042,3.492e-20
810.1261293611159,3.629e-20
810.1381822972274,3.916e-20
810.150235233339,3.599e-20
810.1622881694507,3.319e-20
810.1743411055622,4.22e-20
810.1863940416738,5.096e-20
810.1984469777854,4.686e-20
810.210499913897,4.331e-20
810.2225528500086,4.773e-20
810.2346057861201,4.75e-20
810.2466587222317,4.254e-20
810.2587116583434,4.366e-20
810.2707645944549,4.605e-20
810.2828175305665,4.383e-20
810.2948704666782,4.443e-20
810.3069234027897,4.539e-20
810.3189763389013,3.914e-20
810.3310292750128,3.806e-20
810.3430822111245,4.557e-20
810.3551351472361,4.192e-20
810.3671880833476,3.129e-20
810.3792410194592,3.384e-20
810.3912939555709,3.873e-20
810.4033468916824,3.127e-20
810.415399827794,2.546e-20
810.4274527639055,3.296e-20
810.4395057000172,4.108e-20
810.4515586361288,3.645e-20
810.4636115722403,3.066e-20
810.475664508352,3.83e-20
810.4877174444636,4.621e-20
810.4997703805751,4.389e-20
810.5118233166867,4.293e-20
810.5238762527983,4.337e-20
810.5359291889099,3.951e-20
810.5479821250215,3.949e-20
810.560035061133,4.354e-20
810.5720879972447,4.496e-20
810.5841409333563,4.414e-20
810.5961938694678,4.31e-20
810.6082468055795,4.438e-20
810.620299741691,4.364e-20
810.6323526778026,3.722e-20
810.6444056139142,3.634e-20
810.6564585500258,4.297e-20
810.6685114861374,4.665e-20
810.680564422249,4.205e-20
810.6926173583605,3.197e-20
810.7046702944722,3.697e-20
810.7167232305837,5.26e-20
810.7287761666953,4.193e-20
810.740829102807,2.647e-20
810.7528820389185,3.693e-20
810.7649349750301,3.674e-20
810.7769879111416,2.738e-20
810.7890408472533,3.732e-20
810.8010937833649,3.691e-20
810.8131467194764,2.923e-20
810.825199655588,4.096e-20
810.8372525916997,4.423e-20
810.8493055278112,3.884e-20
810.8613584639228,4.457e-20
810.8734114000345,4.155e-20
810.885464336146,3.824e-20
810.8975172722576,4.537e-20
810.9095702083691,3.916e-20
810.9216231444808,3.432e-20
810.9336760805924,4.309e-20
810.9457290167039,4.229e-20
810.9577819528155,4.005e-20
810.9698348889272,4.206e-20
810.9818878250387,3.852e-20
810.9939407611503,4.179e-20
811.0059936972618,4.234e-20
811.0180466333735,3.332e-20
811.0300995694851,3.922e-20
811.0421525055966,4.527e-20
811.0542054417083,3.488e-20
811.0662583778198,3.509e-20
811.0783113139314,4.297e-20
811.090364250043,3.84e-20
811.1024171861546,3.309e-20
811.1144701222662,3.216e-20
811.1265230583778,3.078e-20
811.1385759944893,3.398e-20
811.150628930601,3.856e-20
811.1626818667125,3.893e-20
811.1747348028241,4.053e-20
811.1867877389358,4.579e-20
811.1988406750473,4.951e-20
811.2108936111589,5.061e-20
811.2229465472705,5.131e-20
811.2349994833821,4.98e-20
811.2470524194937,4.836e-20
811.2591053556052,5.087e-20
811.2711582917168,4.941e-20
811.2832112278285,4.247e-20
811.29526416394,4.249e-20
811.3073171000516,4.799e-20
811.3193700361633,4.859e-20
811.3314229722748,4.553e-20
811.3434759083864,4.249e-20
811.3555288444979,4.036e-20
811.3675817806096,4.072e-20
811.3796347167212,4.049e-20
811.3916876528327,3.57e-20
811.4037405889443,3.377e-20
811.415793525056,4.044e-20
811.4278464611675,4.085e-20
811.4398993972791,3.141e-20
811.4519523333908,3.288e-20
811.4640052695023,4.024e-20
811.4760582056139,3.652e-20
811.4881111417254,3.405e-20
811.5001640778371,3.734e-20
811.5122170139487,3.886e-20
811.5242699500602,4.224e-20
811.5363228861718,3.958e-20
811.5483758222834,3.422e-20
811.560428758395,4.315e-20
811.5724816945066,4.638e-20
811.5845346306181,3.619e-20
811.5965875667298,4.182e-20
811.6086405028414,5.303e-20
811.6206934389529,4.984e-20
811.6327463750646,4.928e-20
811.6447993111761,5.1e-20
811.6568522472877,4.462e-20
811.6689051833993,4.13e-20
811.6809581195109,4.3e-20
811.6930110556225,4.21e-20
811.705063991734,3.901e-20
811.7171169278456,3.99e-20
811.7291698639573,4.735e-20
811.7412228000688,4.852e-20
811.7532757361804,3.96e-20
811.7653286722921,3.635e-20
811.7773816084036,3.937e-20
811.7894345445152,3.936e-20
811.8014874806267,3.711e-20
811.8135404167384,3.346e-20
811.82559335285,3.263e-20
811.8376462889615,3.948e-20
811.8496992250731,4.636e-20
811.8617521611848,4.483e-20
811.8738050972963,3.968e-20
811.8858580334079,4.103e-20
811.8979109695196,4.571e-20
811.9099639056311,4.437e-20
811.9220168417427,4.306e-20
811.9340697778542,4.506e-20
811.9461227139659,4.529e-20
811.9581756500775,5.08e-20
811.970228586189,5.573e-20
811.9822815223006,4.678e-20
811.9943344584123,4.138e-20
812.0063873945238,4.839e-20
812.0184403306354,4.944e-20
812.030493266747,4.298e-20
812.0425462028586,3.872e-20
812.0545991389702,3.982e-20
812.0666520750817,4.303e-20
812.0787050111934,3.912e-20
812.090757947305,3.602e-20
812.1028108834165,4.219e-20
812.1148638195281,4.1e-20
812.1269167556397,3.158e-20
812.1389696917513,3.09e-20
812.1510226278629,3.559e-20
812.1630755639744,3.763e-20
812.1751285000861,3.832e-20
812.1871814361976,3.967e-20
812.1992343723092,4.377e-20
812.2112873084209,4.597e-20
812.2233402445324,4.362e-20
812.235393180644,4.448e-20
812.2474461167556,4.931e-20
812.2594990528672,5.109e-20
812.2715519889788,4.725e-20
812.2836049250903,4.208e-20
812.2956578612019,4.24e-20
812.3077107973136,4.538e-20
812.3197637334251,4.531e-20
812.3318166695367,4.552e-20
812.3438696056484,4.557e-20
812.3559225417599,4.367e-20
812.3679754778715,4.323e-20
812.380028413983,4.19e-20
812.3920813500947,3.986e-20
812.4041342862063,4.17e-20
812.4161872223178,4.315e-20
812.4282401584294,4.105e-20
812.4402930945411,3.928e-20
812.4523460306526,3.975e-20
812.4643989667642,4.022e-20
812.4764519028759,3.888e-20
812.4885048389874,3.923e-20
812.500557775099,4.05e-20
812.5126107112105,3.82e-20
812.5246636473222,4.041e-20
812.5367165834338,4.775e-20
812.5487695195453,4.612e-20
812.5608224556569,3.997e-20
812.5728753917685,3.962e-20
812.5849283278801,4.018e-20
812.5969812639917,4.373e-20
812.6090342001033,5.166e-20
812.6210871362149,5.207e-20
812.6331400723265,4.643e-20
812.645193008438,4.818e-20
812.6572459445497,5.478e-20
812.6692988806612,5.228e-20
812.6813518167728,4.296e-20
812.6934047528844,4.243e-20
812.705457688996,4.764e-20
812.7175106251076,4.736e-20
812.7295635612192,4.735e-20
812.7416164973307,4.69e-20
812.7536694334424,4.084e-20
812.7657223695539,3.866e-20
812.7777753056655,3.951e-20
812.7898282417772,3.921e-20
812.8018811778887,4.593e-20
812.8139341140003,4.774e-20
812.8259870501118,3.329e-20
812.8380399862235,2.912e-20
812.8500929223351,4.571e-20
812.8621458584466,5.192e-20
812.8741987945582,3.993e-20
812.8862517306699,3.658e-20
812.8983046667814,4.648e-20
812.910357602893,5.254e-20
812.9224105390047,5.331e-20
812.9344634751162,5.281e-20
812.9465164112278,5.106e-20
812.9585693473393,5.347e-20
812.970622283451,5.736e-20
812.9826752195626,5.663e-20
812.9947281556741,5.54e-20
813.0067810917857,5.201e-20
813.0188340278974,4.832e-20
813.0308869640089,5.292e-20
813.0429399001205,5.403e-20
813.0549928362321,4.548e-20
813.0670457723437,4.373e-20
813.0790987084553,4.876e-20
813.0911516445668,4.823e-20
813.1032045806785,4.228e-20
813.11525751679,4.081e-20
813.1273104529016,4.961e-20
813.1393633890132,5.179e-20
813.1514163251248,4.012e-20
813.1634692612364,3.99e-20
813.175522197348,5.072e-20
813.1875751334596,4.934e-20
813.1996280695712,4.313e-20
813.2116810056827,4.427e-20
813.2237339417943,4.771e-20
813.235786877906,4.839e-20
813.2478398140175,4.404e-20
813.2598927501291,4.212e-20
813.2719456862407,4.725e-20
813.2839986223523,5.126e-20
813.2960515584639,5.417e-20
813.3081044945754,5.53e-20
813.320157430687,5.191e-20
813.3322103667987,5.33e-20
813.3442633029102,5.532e-20
813.3563162390218,5.166e-20
813.3683691751335,5.174e-20
813.380422111245,4.938e-20
813.3924750473566,4.328e-20
813.4045279834681,4.617e-20
813.4165809195798,4.81e-20
813.4286338556914,4.634e-20
813.4406867918029,5.077e-20
813.4527397279145,5.086e-20
813.4647926640262,4.524e-20
813.4768456001377,4.186e-20
813.4888985362493,4.064e-20
813.500951472361,4.651e-20
813.5130044084725,4.821e-20
813.5250573445841,4.003e-20
813.5371102806956,4.648e-20
813.5491632168073,5.821e-20
813.5612161529189,5.201e-20
813.5732690890304,4.932e-20
813.585322025142,5.514e-20
813.5973749612536,5.094e-20
813.6094278973652,4.997e-20
813.6214808334768,5.767e-20
813.6335337695884,5.652e-20
813.6455867057,5.245e-20
813.6576396418116,5.712e-20
813.6696925779231,6.133e-20
813.6817455140348,5.895e-20
813.6937984501463,5.605e-20
813.7058513862579,5.393e-20
813.7179043223695,5.17e-20
813.7299572584811,5.504e-20
813.7420101945927,5.816e-20
813.7540631307043,5.206e-20
813.7661160668159,5.061e-20
813.7781690029275,5.525e-20
813.790221939039,4.864e-20
813.8022748751506,4.329e-20
813.8143278112623,5.111e-20
813.8263807473738,5.188e-20
813.8384336834854,4.22e-20
813.850486619597,3.876e-20
813.8625395557086,4.462e-20
813.8745924918202,5.192e-20
813.8866454279317,5.044e-20
813.8986983640433,4.291e-20
813.910751300155,4.451e-20
813.9228042362665,5.292e-20
813.9348571723781,5.473e-20
813.9469101084898,5.14e-20
813.9589630446013,5.209e-20
813.9710159807129,5.589e-20
813.9830689168244,5.35e-20
813.9951218529361,4.937e-20
814.0071747890477,5.485e-20
814.0192277251592,5.739e-20
814.0312806612708,5.023e-20
814.0433335973825,5.321e-20
814.055386533494,6.174e-20
814.0674394696056,5.651e-20
814.0794924057172,5.134e-20
814.0915453418288,5.645e-20
814.1035982779404,5.656e-20
814.1156512140519,5.132e-20
814.1277041501636,5.109e-20
814.1397570862752,5.238e-20
814.1518100223867,5.311e-20
814.1638629584983,5.521e-20
814.17591589461,5.188e-20
814.1879688307215,4.675e-20
814.2000217668331,5.299e-20
814.2120747029447,5.95e-20
814.2241276390563,5.432e-20
814.2361805751679,5.343e-20
814.2482335112794,5.766e-20
814.2602864473911,5.285e-20
814.2723393835026,5.038e-20
814.2843923196142,5.557e-20
814.2964452557258,5.598e-20
814.3084981918374,5.794e-20
814.320551127949,6.551e-20
814.3326040640605,6.636e-20
814.3446570001722,6.072e-20
814.3567099362838,5.657e-20
814.3687628723953,5.788e-20
814.3808158085069,6.142e-20
814.3928687446186,5.725e-20
814.4049216807301,5.339e-20
814.4169746168417,5.955e-20
814.4290275529532,6.107e-20
814.4410804890649,5.474e-20
814.4531334251765,5.174e-20
814.465186361288,5.242e-20
814.4772392973996,5.62e-20
814.4892922335113,5.505e-20
814.5013451696228,4.759e-20
814.5133981057344,5.338e-20
814.525451041846,6.169e-20
814.5375039779576,5.183e-20
814.5495569140692,4.739e-20
814.5616098501807,5.616e-20
814.5736627862924,5.683e-20
814.585715722404,5.559e-20
814.5977686585155,5.794e-20
814.6098215946271,5.662e-20
814.6218745307388,5.966e-20
814.6339274668503,6.354e-20
814.6459804029619,5.953e-20
814.6580333390735,5.908e-20
814.6700862751851,6.389e-20
814.6821392112967,6.768e-20
814.6941921474082,7.192e-20
814.7062450835199,6.925e-20
814.7182980196314,5.975e-20
814.730350955743,5.85e-20
814.7424038918546,6.444e-20
814.7544568279662,6.371e-20
814.7665097640778,5.588e-20
814.7785627001894,5.636e-20
814.790615636301,6.714e-20
814.8026685724126,6.566e-20
814.8147215085241,5.189e-20
814.8267744446357,5.086e-20
814.8388273807474,5.958e-20
814.8508803168589,5.999e-20
814.8629332529705,5.349e-20
814.874986189082,5.198e-20
814.8870391251937,5.981e-20
814.8990920613053,6.207e-20
814.9111449974168,5.284e-20
814.9231979335285,5.243e-20
814.9352508696401,5.963e-20
814.9473038057516,5.86e-20
814.9593567418632,5.847e-20
814.9714096779749,6.118e-20
814.9834626140864,5.89e-20
814.995515550198,6.001e-20
815.0075684863095,6.464e-20
815.0196214224212,6.581e-20
815.0316743585328,6.418e-20
815.0437272946443,5.86e-20
815.055780230756,5.741e-20
815.0678331668676,6.464e-20
815.0798861029791,6.477e-20
815.0919390390907,5.849e-20
815.1039919752023,5.857e-20
815.1160449113139,6.086e-20
815.1280978474255,5.76e-20
815.140150783537,5.228e-20
815.1522037196487,5.626e-20
815.1642566557603,6.367e-20
815.1763095918718,5.666e-20
815.1883625279834,4.921e-20
815.200415464095,5.511e-20
815.2124684002066,5.719e-20
815.2245213363182,5.554e-20
815.2365742724298,5.895e-20
815.2486272085414,6.213e-20
815.260680144653,6.771e-20
815.2727330807645,6.949e-20
815.2847860168762,6.285e-20
815.2968389529877,6.411e-20
815.3088918890993,6.889e-20
815.3209448252109,6.796e-20
815.3329977613225,7.123e-20
815.3450506974341,7.265e-20
815.3571036335456,6.968e-20
815.3691565696573,7.036e-20
815.3812095057689,6.789e-20
815.3932624418804,6.794e-20
815.405315377992,7.062e-20
815.4173683141037,6.256e-20
815.4294212502152,6.242e-20
815.4414741863268,7.114e-20
815.4535271224383,6.278e-20
815.46558005855,5.344e-20
815.4776329946616,5.674e-20
815.4896859307731,6.049e-20
815.5017388668848,6.447e-20
815.5137918029964,6.134e-20
815.5258447391079,5.6e-20
815.5378976752195,6.306e-20
815.5499506113312,6.253e-20
815.5620035474427,5.263e-20
815.5740564835543,5.526e-20
815.5861094196658,5.998e-20
815.5981623557775,5.962e-20
815.6102152918891,5.991e-20
815.6222682280006,5.786e-20
815.6343211641122,6.152e-20
815.6463741002239,6.738e-20
815.6584270363354,6.424e-20
815.670479972447,6.428e-20
815.6825329085586,6.606e-20
815.6945858446702,6.259e-20
815.7066387807818,6.757e-20
815.7186917168933,7.384e-20
815.730744653005,6.937e-20
815.7427975891165,6.578e-20
815.7548505252281,6.485e-20
815.7669034613397,6.405e-20
815.7789563974513,6.485e-20
815.7910093335629,6.212e-20
815.8030622696745,6.125e-20
815.8151152057861,6.461e-20
815.8271681418977,6.281e-20
815.8392210780092,6.025e-20
815.8512740141208,6.168e-20
815.8633269502325,6.134e-20
815.875379886344,5.898e-20
815.8874328224556,5.714e-20
815.8994857585672,5.839e-20
815.9115386946788,6.446e-20
815.9235916307904,7.086e-20
815.9356445669019,7.149e-20
815.9476975030136,6.545e-20
815.9597504391252,6.066e-20
815.9718033752367,6.213e-20
815.9838563113483,6.582e-20
815.99590924746,7.195e-20
816.0079621835715,7.633e-20
816.0200151196831,7.284e-20
816.0320680557946,7.184e-20
816.0441209919063,7.437e-20
816.0561739280179,7.069e-20
816.0682268641294,6.843e-20
816.0802798002411,7.076e-20
816.0923327363527,7.169e-20
816.1043856724642,7.133e-20
816.1164386085758,6.79e-20
816.1284915446874,6.896e-20
816.140544480799,7.535e-20
816.1525974169106,6.95e-20
816.1646503530221,6.067e-20
816.1767032891338,6.456e-20
816.1887562252454,6.832e-20
816.2008091613569,6.542e-20
816.2128620974686,5.921e-20
816.2249150335801,5.752e-20
816.2369679696917,6.471e-20
816.2490209058033,6.076e-20
816.2610738419149,5.207e-20
816.2731267780265,6.409e-20
816.285179714138,7.369e-20
816.2972326502496,6.804e-20
816.3092855863613,6.773e-20
816.3213385224728,6.698e-20
816.3333914585844,6.753e-20
816.345444394696,7.79e-20
816.3574973308076,7.876e-20
816.3695502669192,7.294e-20
816.3816032030307,7.281e-20
816.3936561391424,7.068e-20
816.405709075254,7.408e-20
816.4177620113655,7.895e-20
816.4298149474771,7.271e-20
816.4418678835888,7.416e-20
816.4539208197003,8.228e-20
816.4659737558119,7.852e-20
816.4780266919234,7.247e-20
816.4900796280351,7.005e-20
816.5021325641467,7.11e-20
816.5141855002582,7.555e-20
816.5262384363699,7.185e-20
816.5382913724815,6.691e-20
816.550344308593,7.023e-20
816.5623972447046,7.092e-20
816.5744501808163,6.859e-20
816.5865031169278,6.608e-20
816.5985560530394,6.312e-20
816.6106089891509,6.619e-20
816.6226619252626,6.947e-20
816.6347148613742,6.788e-20
816.6467677974857,6.684e-20
816.6588207335974,6.586e-20
816.670873669709,6.879e-20
816.6829266058205,7.392e-20
816.6949795419321,7.267e-20
816.7070324780437,7.388e-20
816.7190854141553,7.85e-20
816.7311383502669,7.807e-20
816.7431912863784,7.77e-20
816.7552442224901,7.355e-20
816.7672971586017,6.939e-20
816.7793500947132,7.896e-20
816.7914030308248,8.284e-20
816.8034559669364,7.249e-20
816.815508903048,6.996e-20
816.8275618391596,7.389e-20
816.8396147752712,7.516e-20
816.8516677113828,7.221e-20
816.8637206474943,6.498e-20
816.8757735836059,6.761e-20
816.8878265197176,7.201e-20
816.8998794558291,6.27e-20
816.9119323919407,6.261e-20
816.9239853280523,7.332e-20
816.9360382641639,7.159e-20
816.9480912002755,6.674e-20
816.960144136387,6.559e-20
816.9721970724987,6.503e-20
816.9842500086103,7.339e-20
816.9963029447218,7.84e-20
817.0083558808334,7.183e-20
817.0204088169451,7.305e-20
817.0324617530566,7.879e-20
817.0445146891682,7.515e-20
817.0565676252797,7.39e-20
817.0686205613914,7.887e-20
817.080673497503,7.886e-20
817.0927264336145,7.8e-20
817.1047793697262,8.193e-20
817.1168323058378,8.03e-20
817.1288852419493,7.275e-20
817.1409381780609,7.412e-20
817.1529911141726,7.995e-20
817.1650440502841,7.711e-20
817.1770969863957,7.424e-20
817.1891499225072,7.644e-20
817.2012028586189,7.53e-20
817.2132557947305,7.289e-20
817.225308730842,7.212e-20
817.2373616669537,7.039e-20
817.2494146030652,6.992e-20
817.2614675391768,7.045e-20
817.2735204752884,6.992e-20
817.2855734114,6.886e-20
817.2976263475116,6.747e-20
817.3096792836232,6.974e-20
817.3217322197347,7.479e-20
817.3337851558464,7.364e-20
817.345838091958,6.916e-20
817.3578910280695,6.997e-20
817.3699439641812,7.082e-20
817.3819969002927,6.84e-20
817.3940498364043,7.091e-20
817.4061027725159,7.731e-20
817.4181557086275,7.848e-20
817.4302086447391,7.727e-20
817.4422615808506,7.905e-20
817.4543145169622,7.996e-20
817.4663674530739,7.861e-20
817.4784203891854,7.679e-20
817.490473325297,7.659e-20
817.5025262614085,7.963e-20
817.5145791975202,7.856e-20
817.5266321336318,7.434e-20
817.5386850697433,7.766e-20
817.550738005855,7.795e-20
817.5627909419666,7.049e-20
817.5748438780781,7.364e-20
817.5868968141897,8.077e-20
817.5989497503014,7.592e-20
817.6110026864129,6.968e-20
817.6230556225245,6.89e-20
817.635108558636,7.037e-20
817.6471614947477,7.349e-20
817.6592144308593,7.505e-20
817.6712673669708,7.648e-20
817.6833203030825,7.752e-20
817.695373239194,7.66e-20
817.7074261753056,8.048e-20
817.7194791114172,8.399e-20
817.7315320475288,8.266e-20
817.7435849836404,8.714e-20
817.755637919752,8.928e-20
817.7676908558635,8.328e-20
817.7797437919752,8.55e-20
817.7917967280868,9.033e-20
817.8038496641983,8.724e-20
817.81590260031,8.299e-20
817.8279555364215,7.543e-20
817.8400084725331,7.299e-20
817.8520614086447,8.433e-20
817.8641143447563,8.635e-20
817.8761672808679,7.458e-20
817.8882202169794,7.272e-20
817.900273153091,7.911e-20
817.9123260892027,7.69e-20
817.9243790253142,6.846e-20
817.9364319614258,6.867e-20
817.9484848975375,7.752e-20
817.960537833649,7.963e-20
817.9725907697606,7.42e-20
817.9846437058721,7.049e-20
817.9966966419838,7.096e-20
818.0087495780954,7.6e-20
818.0208025142069,7.821e-20
818.0328554503185,7.647e-20
818.0449083864302,8.014e-20
818.0569613225417,8.105e-20
818.0690142586533,7.763e-20
818.0810671947648,8.186e-20
818.0931201308765,8.181e-20
818.1051730669881,7.718e-20
818.1172260030996,8.478e-20
818.1292789392113,8.935e-20
818.1413318753229,8.301e-20
818.1533848114344,8.077e-20
818.165437747546,8.063e-20
818.1774906836577,8.289e-20
818.1895436197692,8.542e-20
818.2015965558808,7.833e-20
818.2136494919923,7.64e-20
818.225702428104,8.266e-20
818.2377553642156,8.044e-20
818.2498083003271,7.725e-20
818.2618612364388,7.896e-20
818.2739141725503,8.086e-20
818.2859671086619,8.33e-20
818.2980200447735,7.806e-20
818.3100729808851,7.066e-20
818.3221259169967,7.437e-20
818.3341788531083,7.719e-20
818.3462317892198,7.478e-20
818.3582847253315,7.666e-20
818.370337661443,7.927e-20
818.3823905975546,8.036e-20
818.3944435336663,8.051e-20
818.4064964697778,8.109e-20
818.4185494058894,8.641e-20
818.430602342001,8.751e-20
818.4426552781126,8.158e-20
818.4547082142242,8.011e-20
818.4667611503357,8.081e-20
818.4788140864473,8.209e-20
818.490867022559,8.668e-20
818.5029199586705,8.652e-20
818.5149728947821,8.253e-20
818.5270258308938,7.867e-20
818.5390787670053,7.6e-20
818.5511317031169,8.075e-20
818.5631846392284,8.123e-20
818.5752375753401,7.156e-20
818.5872905114517,7.38e-20
818.5993434475632,8.529e-20
818.6113963836748,8.38e-20
818.6234493197865,7.37e-20
818.635502255898,7.247e-20
818.6475551920096,8.385e-20
818.6596081281211,8.799e-20
818.6716610642328,7.629e-20
818.6837140003444,7.591e-20
818.6957669364559,8.837e-20
818.7078198725676,8.941e-20
818.7198728086792,8.766e-20
818.7319257447907,8.859e-20
818.7439786809023,8.272e-20
818.756031617014,8.459e-20
818.7680845531255,9.482e-20
818.7801374892371,9.503e-20
818.7921904253486,9.171e-20
818.8042433614603,9.237e-20
818.8162962975719,9.158e-20
818.8283492336834,8.895e-20
818.8404021697951,8.313e-20
818.8524551059066,7.961e-20
818.8645080420182,8.629e-20
818.8765609781298,9.144e-20
818.8886139142414,8.358e-20
818.900666850353,7.449e-20
818.9127197864645,7.934e-20
818.9247727225761,8.846e-20
818.9368256586878,8.378e-20
818.9488785947993,7.488e-20
818.9609315309109,7.654e-20
818.9729844670226,8.107e-20
818.9850374031341,8.173e-20
818.9970903392457,7.853e-20
819.0091432753572,7.368e-20
819.0211962114689,7.622e-20
819.0332491475805,8.325e-20
819.045302083692,8.372e-20
819.0573550198036,7.975e-20
819.0694079559153,7.859e-20
819.0814608920268,8.28e-20
819.0935138281384,8.415e-20
819.10556676425,7.873e-20
819.1176197003616,8.258e-20
819.1296726364732,9.083e-20
819.1417255725847,8.515e-20
819.1537785086964,8.322e-20
819.165831444808,8.894e-20
819.1778843809195,8.278e-20
819.1899373170311,8.126e-20
819.2019902531428,8.856e-20
819.2140431892543,8.327e-20
819.2260961253659,8.035e-20
819.2381490614774,8.803e-20
819.2502019975891,8.812e-20
819.2622549337007,8.599e-20
819.2743078698122,8.822e-20
819.2863608059239,8.909e-20
819.2984137420355,8.808e-20
819.310466678147,8.282e-20
819.3225196142586,7.947e-20
819.3345725503702,8.249e-20
819.3466254864818,8.326e-20
819.3586784225934,8.399e-20
819.3707313587049,8.442e-20
819.3827842948166,8.19e-20
819.3948372309281,8.832e-20
819.4068901670397,9.413e-20
819.4189431031514,8.769e-20
819.4309960392629,8.947e-20
819.4430489753745,9.577e-20
819.455101911486,8.977e-20
819.4671548475977,8.937e-20
819.4792077837093,9.465e-20
819.4912607198208,8.897e-20
819.5033136559324,8.648e-20
819.5153665920441,9.039e-20
819.5274195281556,8.664e-20
819.5394724642672,8.395e-20
819.5515254003789,8.756e-20
819.5635783364904,8.716e-20
819.575631272602,8.391e-20
819.5876842087135,8.176e-20
819.5997371448252,7.993e-20
819.6117900809368,8.505e-20
819.6238430170483,9.27e-20
819.6358959531599,8.521e-20
819.6479488892716,7.549e-20
819.6600018253831,8.52e-20
819.6720547614947,9.135e-20
819.6841076976064,8.094e-20
819.6961606337179,8.035e-20
819.7082135698295,8.626e-20
819.720266505941,8.378e-20
819.7323194420527,8.64e-20
819.7443723781643,9.119e-20
819.7564253142758,9.123e-20
819.7684782503874,9.601e-20
819.780531186499,9.644e-20
819.7925841226106,9.102e-20
819.8046370587222,9.13e-20
819.8166899948337,8.659e-20
819.8287429309454,8.239e-20
819.840795867057,9.091e-20
819.8528488031685,9.123e-20
819.8649017392802,8.415e-20
819.8769546753917,8.685e-20
819.8890076115033,8.863e-20
819.9010605476149,8.733e-20
819.9131134837265,8.61e-20
819.9251664198381,8.2e-20
819.9372193559497,8.531e-20
819.9492722920612,8.818e-20
819.9613252281729,8.126e-20
819.9733781642844,8.291e-20
819.985431100396,8.844e-20
819.9974840365077,8.484e-20
820.0095369726192,8.408e-20
820.0215899087308,8.461e-20
820.0336428448423,8.316e-20
820.045695780954,8.785e-20
820.0577487170656,8.981e-20
820.0698016531771,8.61e-20
820.0818545892887,8.665e-20
820.0939075254004,9.029e-20
820.1059604615119,9.446e-20
820.1180133976235,9.407e-20
820.1300663337352,8.807e-20
820.1421192698467,9.031e-20
820.1541722059583,9.719e-20
820.1662251420698,9.632e-20
820.1782780781815,9.575e-20
820.1903310142931,9.663e-20
820.2023839504046,9.49e-20
820.2144368865162,9.647e-20
820.2264898226279,9.534e-20
820.2385427587394,8.896e-20
820.250595694851,9.007e-20
820.2626486309626,9.617e-20
820.2747015670742,9.453e-20
820.2867545031858,8.629e-20
820.2988074392973,8.178e-20
820.310860375409,8.449e-20
820.3229133115206,8.614e-20
820.3349662476321,8.349e-20
820.3470191837437,8.217e-20
820.3590721198553,8.503e-20
820.3711250559669,9.093e-20
820.3831779920785,9.203e-20
820.3952309281901,8.664e-20
820.4072838643017,8.705e-20
820.4193368004132,9.19e-20
820.4313897365248,9.242e-20
820.4434426726365,9.292e-20
820.455495608748,9.352e-20
820.4675485448596,9.573e-20
820.4796014809712,1.023e-19
820.4916544170828,1.008e-19
820.5037073531944,9.496e-20
820.515760289306,9.83e-20
820.5278132254175,1e-19
820.5398661615292,9.89e-20
820.5519190976407,9.982e-20
820.5639720337523,9.141e-20
820.576024969864,8.727e-20
820.5880779059755,9.945e-20
820.6001308420871,1.017e-19
820.6121837781986,9.099e-20
820.6242367143103,8.891e-20
820.6362896504219,9.212e-20
820.6483425865334,9.326e-20
820.660395522645,9.364e-20
820.6724484587567,9.095e-20
820.6845013948682,8.945e-20
820.6965543309798,9.45e-20
820.7086072670915,9.726e-20
820.720660203203,8.974e-20
820.7327131393146,8.521e-20
820.7447660754261,9.4e-20
820.7568190115378,9.928e-20
820.7688719476494,9.443e-20
820.7809248837609,9.408e-20
820.7929778198725,9.675e-20
820.8050307559841,9.828e-20
820.8170836920957,1.036e-19
820.8291366282073,1.056e-19
820.8411895643189,1.051e-19
820.8532425004305,1.091e-19
820.865295436542,1.085e-19
820.8773483726536,1.036e-19
820.8894013087653,1.015e-19
820.9014542448768,1.016e-19
820.9135071809884,1.08e-19
820.9255601171,1.104e-19
820.9376130532116,1.004e-19
820.9496659893232,9.961e-20
820.9617189254348,1.072e-19
820.9737718615463,1.022e-19
820.985824797658,9.673e-20
820.9978777337695,9.969e-20
821.0099306698811,1.015e-19
821.0219836059928,1.008e-19
821.0340365421043,9.602e-20
821.0460894782159,9.35e-20
821.0581424143274,1.017e-19
821.0701953504391,1.067e-19
821.0822482865507,1.033e-19
821.0943012226622,1.036e-19
821.1063541587738,1.066e-19
821.1184070948855,1.095e-19
821.130460030997,1.119e-19
821.1425129671086,1.086e-19
821.1545659032203,1.074e-19
821.1666188393318,1.14e-19
821.1786717754434,1.162e-19
821.1907247115549,1.111e-19
821.2027776476666,1.092e-19
821.2148305837782,1.107e-19
821.2268835198897,1.12e-19
821.2389364560013,1.141e-19
821.250989392113,1.137e-19
821.2630423282245,1.088e-19
821.2750952643361,1.075e-19
821.2871482004477,1.107e-19
821.2992011365593,1.067e-19
821.3112540726709,9.843e-20
821.3233070087824,9.939e-20
821.3353599448941,1.065e-19
821.3474128810057,1.08e-19
821.3594658171172,1.022e-19
821.3715187532288,9.695e-20
821.3835716893404,9.78e-20
821.395624625452,9.912e-20
821.4076775615636,9.859e-20
821.4197304976752,1.021e-19
821.4317834337868,1.067e-19
821.4438363698983,1.097e-19
821.4558893060099,1.131e-19
821.4679422421216,1.111e-19
821.4799951782331,1.083e-19
821.4920481143447,1.138e-19
821.5041010504563,1.153e-19
821.5161539865679,1.107e-19
821.5282069226795,1.127e-19
821.540259858791,1.148e-19
821.5523127949027,1.137e-19
821.5643657310143,1.173e-19
821.5764186671258,1.168e-19
821.5884716032374,1.117e-19
821.6005245393491,1.148e-19
821.6125774754606,1.171e-19
821.6246304115722,1.103e-19
821.6366833476837,1.068e-19
821.6487362837954,1.1e-19
821.660789219907,1.134e-19
821.6728421560185,1.135e-19
821.6848950921301,1.08e-19
821.6969480282418,1.037e-19
821.7090009643533,1.081e-19
821.7210539004649,1.128e-19
821.7331068365766,1.097e-19
821.7451597726881,1.064e-19
821.7572127087997,1.081e-19
821.7692656449112,1.09e-19
821.7813185810229,1.058e-19
821.7933715171345,1.066e-19
821.805424453246,1.13e-19
821.8174773893576,1.165e-19
821.8295303254692,1.177e-19
821.8415832615808,1.193e-19
821.8536361976924,1.161e-19
821.865689133804,1.151e-19
821.8777420699156,1.222e-19
821.8897950060272,1.237e-19
821.9018479421387,1.186e-19
821.9139008782504,1.192e-19
821.925953814362,1.204e-19
821.9380067504735,1.188e-19
821.9500596865851,1.181e-19
821.9621126226967,1.145e-19
821.9741655588083,1.144e-19
821.9862184949199,1.203e-19
821.9982714310315,1.172e-19
822.0103243671431,1.123e-19
822.0223773032546,1.197e-19
822.0344302393662,1.229e-19
822.0464831754779,1.129e-19
822.0585361115894,1.072e-19
822.070589047701,1.133e-19
822.0826419838126,1.21e-19
822.0946949199242,1.205e-19
822.1067478560358,1.157e-19
822.1188007921473,1.169e-19
822.1308537282589,1.217e-19
822.1429066643706,1.226e-19
822.1549596004821,1.201e-19
822.1670125365937,1.179e-19
822.1790654727054,1.194e-19
822.1911184088169,1.251e-19
822.2031713449285,1.304e-19
822.21522428104,1.326e-19
822.2272772171517,1.306e-19
822.2393301532633,1.261e-19
822.2513830893748,1.263e-19
822.2634360254864,1.298e-19
822.2754889615981,1.286e-19
822.2875418977096,1.257e-19
822.2995948338212,1.259e-19
822.3116477699328,1.243e-19
822.3237007060444,1.191e-19
822.335753642156,1.17e-19
822.3478065782675,1.211e-19
822.3598595143792,1.254e-19
822.3719124504908,1.247e-19
822.3839653866023,1.18e-19
822.3960183227139,1.11e-19
822.4080712588255,1.135e-19
822.4201241949371,1.204e-19
822.4321771310487,1.191e-19
822.4442300671603,1.165e-19
822.4562830032719,1.196e-19
822.4683359393835,1.198e-19
822.480388875495,1.176e-19
822.4924418116067,1.204e-19
822.5044947477182,1.242e-19
822.5165476838298,1.257e-19
822.5286006199414,1.261e-19
822.540653556053,1.25e-19
822.5527064921646,1.244e-19
822.5647594282761,1.258e-19
822.5768123643878,1.289e-19
822.5888653004994,1.32e-19
822.6009182366109,1.334e-19
822.6129711727225,1.342e-19
822.6250241088342,1.333e-19
822.6370770449457,1.291e-19
822.6491299810573,1.271e-19
822.6611829171688,1.28e-19
822.6732358532805,1.292e-19
822.6852887893921,1.303e-19
822.6973417255036,1.27e-19
822.7093946616153,1.233e-19
822.7214475977269,1.285e-19
822.7335005338384,1.333e-19
822.74555346995,1.287e-19
822.7576064060617,1.236e-19
822.7696593421732,1.254e-19
822.7817122782848,1.317e-19
822.7937652143963,1.325e-19
822.805818150508,1.256e-19
822.8178710866196,1.255e-19
822.8299240227311,1.331e-19
822.8419769588427,1.348e-19
822.8540298949544,1.353e-19
822.8660828310659,1.397e-19
822.8781357671775,1.378e-19
822.8901887032891,1.337e-19
822.9022416394007,1.383e-19
822.9142945755123,1.418e-19
822.9263475116238,1.343e-19
822.9384004477355,1.294e-19
822.950453383847,1.379e-19
822.9625063199586,1.406e-19
822.9745592560702,1.281e-19
822.9866121921818,1.244e-19
822.9986651282934,1.33e-19
823.010718064405,1.323e-19
823.0227710005166,1.29e-19
823.0348239366282,1.352e-19
823.0468768727397,1.382e-19
823.0589298088513,1.333e-19
823.070982744963,1.281e-19
823.0830356810745,1.258e-19
823.0950886171861,1.289e-19
823.1071415532977,1.345e-19
823.1191944894093,1.358e-19
823.1312474255209,1.349e-19
823.1433003616324,1.361e-19
823.1553532977441,1.36e-19
823.1674062338557,1.323e-19
823.1794591699672,1.302e-19
823.1915121060788,1.338e-19
823.2035650421905,1.363e-19
823.215617978302,1.34e-19
823.2276709144136,1.352e-19
823.2397238505251,1.401e-19
823.2517767866368,1.399e-19
823.2638297227484,1.384e-19
823.2758826588599,1.406e-19
823.2879355949715,1.399e-19
823.2999885310832,1.351e-19
823.3120414671947,1.341e-19
823.3240944033063,1.382e-19
823.336147339418,1.4e-19
823.3482002755295,1.366e-19
823.3602532116411,1.357e-19
823.3723061477526,1.394e-19
823.3843590838643,1.365e-19
823.3964120199759,1.302e-19
823.4084649560874,1.343e-19
823.420517892199,1.397e-19
823.4325708283106,1.358e-19
823.4446237644222,1.339e-19
823.4566767005338,1.356e-19
823.4687296366454,1.331e-19
823.480782572757,1.323e-19
823.4928355088686,1.342e-19
823.5048884449801,1.34e-19
823.5169413810918,1.359e-19
823.5289943172033,1.395e-19
823.5410472533149,1.414e-19
823.5531001894265,1.442e-19
823.5651531255381,1.443e-19
823.5772060616497,1.424e-19
823.5892589977612,1.45e-19
823.6013119338729,1.455e-19
823.6133648699845,1.399e-19
823.625417806096,1.386e-19
823.6374707422076,1.451e-19
823.6495236783193,1.505e-19
823.6615766144308,1.446e-19
823.6736295505424,1.329e-19
823.685682486654,1.339e-19
823.6977354227656,1.428e-19
823.7097883588772,1.432e-19
823.7218412949887,1.4e-19
823.7338942311004,1.384e-19
823.745947167212,1.367e-19
823.7580001033235,1.379e-19
823.7700530394351,1.361e-19
823.7821059755468,1.324e-19
823.7941589116583,1.38e-19
823.8062118477699,1.444e-19
823.8182647838814,1.424e-19
823.8303177199931,1.391e-19
823.8423706561047,1.393e-19
823.8544235922162,1.436e-19
823.8664765283279,1.455e-19
823.8785294644395,1.401e-19
823.890582400551,1.427e-19
823.9026353366626,1.518e-19
823.9146882727742,1.494e-19
823.9267412088858,1.479e-19
823.9387941449974,1.524e-19
823.9508470811089,1.452e-19
823.9629000172206,1.418e-19
823.9749529533321,1.524e-19
823.9870058894437,1.502e-19
823.9990588255553,1.4e-19
824.0111117616669,1.446e-19
824.0231646977785,1.508e-19
824.03521763389,1.469e-19
824.0472705700017,1.439e-19
824.0593235061133,1.486e-19
824.0713764422248,1.506e-19
824.0834293783364,1.4e-19
824.0954823144481,1.326e-19
824.1075352505596,1.413e-19
824.1195881866712,1.463e-19
824.1316411227828,1.406e-19
824.1436940588944,1.379e-19
824.155746995006,1.375e-19
824.1677999311175,1.406e-19
824.1798528672292,1.483e-19
824.1919058033408,1.485e-19
824.2039587394523,1.445e-19
824.2160116755639,1.458e-19
824.2280646116756,1.47e-19
824.2401175477871,1.511e-19
824.2521704838987,1.577e-19
824.2642234200102,1.54e-19
824.2762763561219,1.481e-19
824.2883292922335,1.516e-19
824.300382228345,1.55e-19
824.3124351644567,1.53e-19
824.3244881005683,1.49e-19
824.3365410366798,1.462e-19
824.3485939727914,1.495e-19
824.360646908903,1.522e-19
824.3726998450146,1.457e-19
824.3847527811262,1.441e-19
824.3968057172377,1.538e-19
824.4088586533494,1.531e-19
824.420911589461,1.405e-19
824.4329645255725,1.423e-19
824.4450174616841,1.542e-19
824.4570703977957,1.51e-19
824.4691233339073,1.418e-19
824.4811762700189,1.447e-19
824.4932292061305,1.521e-19
824.5052821422421,1.557e-19
824.5173350783537,1.533e-19
824.5293880144652,1.476e-19
824.5414409505769,1.509e-19
824.5534938866884,1.599e-19
824.5655468228,1.602e-19
824.5775997589116,1.568e-19
824.5896526950232,1.582e-19
824.6017056311348,1.605e-19
824.6137585672464,1.596e-19
824.625811503358,1.574e-19
824.6378644394696,1.605e-19
824.6499173755811,1.635e-19
824.6619703116927,1.562e-19
824.6740232478044,1.514e-19
824.6860761839159,1.54e-19
824.6981291200275,1.515e-19
824.710182056139,1.526e-19
824.7222349922507,1.59e-19
824.7342879283623,1.541e-19
824.7463408644738,1.483e-19
824.7583938005855,1.533e-19
824.7704467366971,1.558e-19
824.7824996728086,1.515e-19
824.7945526089202,1.489e-19
824.8066055450319,1.531e-19
824.8186584811434,1.591e-19
824.830711417255,1.553e-19
824.8427643533665,1.485e-19
824.8548172894782,1.509e-19
824.8668702255898,1.567e-19
824.8789231617013,1.608e-19
824.890976097813,1.612e-19
824.9030290339246,1.58e-19
824.9150819700361,1.597e-19
824.9271349061477,1.622e-19
824.9391878422593,1.598e-19
824.9512407783709,1.616e-19
824.9632937144825,1.634e-19
824.975346650594,1.634e-19
824.9873995867057,1.71e-19
824.9994525228173,1.734e-19
825.0115054589288,1.641e-19
825.0235583950405,1.607e-19
825.035611331152,1.648e-19
825.0476642672636,1.673e-19
825.0597172033752,1.653e-19
825.0717701394868,1.603e-19
825.0838230755984,1.618e-19
825.09587601171,1.647e-19
825.1079289478215,1.614e-19
825.1199818839332,1.623e-19
825.1320348200447,1.638e-19
825.1440877561563,1.581e-19
825.1561406922679,1.563e-19
825.1681936283795,1.552e-19
825.1802465644911,1.537e-19
825.1922995006026,1.623e-19
825.2043524367143,1.663e-19
825.2164053728259,1.615e-19
825.2284583089374,1.663e-19
825.240511245049,1.719e-19
825.2525641811607,1.694e-19
825.2646171172722,1.717e-19
825.2766700533838,1.735e-19
825.2887229894953,1.691e-19
825.300775925607,1.706e-19
825.3128288617186,1.752e-19
825.3248817978301,1.748e-19
825.3369347339418,1.725e-19
825.3489876700534,1.719e-19
825.3610406061649,1.749e-19
825.3730935422765,1.754e-19
825.3851464783882,1.694e-19
825.3971994144997,1.682e-19
825.4092523506113,1.723e-19
825.4213052867228,1.698e-19
825.4333582228345,1.633e-19
825.4454111589461,1.618e-19
825.4574640950576,1.673e-19
825.4695170311693,1.724e-19
825.4815699672808,1.68e-19
825.4936229033924,1.651e-19
825.505675839504,1.717e-19
825.5177287756156,1.715e-19
825.5297817117272,1.658e-19
825.5418346478388,1.695e-19
825.5538875839503,1.742e-19
825.565940520062,1.746e-19
825.5779934561735,1.775e-19
825.5900463922851,1.785e-19
825.6020993283968,1.769e-19
825.6141522645083,1.782e-19
825.6262052006199,1.8e-19
825.6382581367315,1.823e-19
825.6503110728431,1.834e-19
825.6623640089547,1.807e-19
825.6744169450662,1.806e-19
825.6864698811778,1.819e-19
825.6985228172895,1.817e-19
825.710575753401,1.824e-19
825.7226286895126,1.792e-19
825.7346816256241,1.792e-19
825.7467345617358,1.856e-19
825.7587874978474,1.765e-19
825.7708404339589,1.658e-19
825.7828933700706,1.786e-19
825.7949463061822,1.864e-19
825.8069992422937,1.779e-19
825.8190521784053,1.769e-19
825.831105114517,1.794e-19
825.8431580506285,1.8e-19
825.8552109867401,1.795e-19
825.8672639228516,1.718e-19
825.8793168589633,1.739e-19
825.8913697950749,1.865e-19
825.9034227311864,1.84e-19
825.9154756672981,1.785e-19
825.9275286034097,1.868e-19
825.9395815395212,1.921e-19
825.9516344756328,1.917e-19
825.9636874117444,1.93e-19
825.975740347856,1.93e-19
825.9877932839676,1.942e-19
825.9998462200791,1.958e-19
826.0118991561908,1.956e-19
826.0239520923024,1.97e-19
826.0360050284139,1.952e-19
826.0480579645256,1.911e-19
826.0601109006371,1.938e-19
826.0721638367487,1.96e-19
826.0842167728603,1.881e-19
826.0962697089719,1.835e-19
826.1083226450835,1.918e-19
826.120375581195,1.96e-19
826.1324285173066,1.88e-19
826.1444814534183,1.837e-19
826.1565343895298,1.86e-19
826.1685873256414,1.87e-19
826.1806402617531,1.884e-19
826.1926931978646,1.888e-19
826.2047461339762,1.909e-19
826.2167990700877,1.96e-19
826.2288520061994,1.919e-19
826.240904942311,1.885e-19
826.2529578784225,1.96e-19
826.2650108145341,1.964e-19
826.2770637506458,1.952e-19
826.2891166867573,2.018e-19
826.3011696228689,1.99e-19
826.3132225589804,1.971e-19
826.3252754950921,2.036e-19
826.3373284312037,1.998e-19
826.3493813673152,1.986e-19
826.3614343034269,2.032e-19
826.3734872395385,1.97e-19
826.38554017565,1.969e-19
826.3975931117616,1.998e-19
826.4096460478733,1.93e-19
826.4216989839848,1.982e-19
826.4337519200964,2.028e-19
826.4458048562079,1.934e-19
826.4578577923196,1.949e-19
826.4699107284312,1.974e-19
826.4819636645427,1.936e-19
826.4940166006544,2.01e-19
826.506069536766,2.015e-19
826.5181224728775,1.95e-19
826.5301754089891,2.006e-19
826.5422283451007,2.026e-19
826.5542812812123,2.009e-19
826.5663342173239,2.032e-19
826.5783871534354,1.976e-19
826.5904400895471,1.976e-19
826.6024930256586,2.061e-19
826.6145459617702,2.047e-19
826.6265988978819,2.064e-19
826.6386518339934,2.132e-19
826.650704770105,2.093e-19
826.6627577062166,2.085e-19
826.6748106423282,2.135e-19
826.6868635784398,2.096e-19
826.6989165145513,2.083e-19
826.7109694506629,2.14e-19
826.7230223867746,2.128e-19
826.7350753228861,2.073e-19
826.7471282589977,2.085e-19
826.7591811951092,2.149e-19
826.7712341312209,2.131e-19
826.7832870673325,2.038e-19
826.795340003444,2.052e-19
826.8073929395557,2.143e-19
826.8194458756673,2.128e-19
826.8314988117788,2.055e-19
826.8435517478904,2.062e-19
826.8556046840021,2.118e-19
826.8676576201136,2.114e-19
826.8797105562252,2.08e-19
826.8917634923368,2.115e-19
826.9038164284484,2.167e-19
826.91586936456,2.162e-19
826.9279223006715,2.131e-19
826.9399752367832,2.104e-19
826.9520281728948,2.145e-19
826.9640811090063,2.234e-19
826.9761340451179,2.231e-19
826.9881869812295,2.198e-19
827.0002399173411,2.226e-19
827.0122928534527,2.231e-19
827.0243457895642,2.242e-19
827.0363987256759,2.274e-19
827.0484516617875,2.228e-19
827.060504597899,2.201e-19
827.0725575340107,2.229e-19
827.0846104701222,2.207e-19
827.0966634062338,2.19e-19
827.1087163423454,2.203e-19
827.120769278457,2.223e-19
827.1328222145686,2.283e-19
827.1448751506801,2.253e-19
827.1569280867917,2.128e-19
827.1689810229034,2.14e-19
827.1810339590149,2.227e-19
827.1930868951265,2.207e-19
827.2051398312382,2.162e-19
827.2171927673497,2.186e-19
827.2292457034613,2.258e-19
827.2412986395728,2.293e-19
827.2533515756845,2.238e-19
827.2654045117961,2.21e-19
827.2774574479076,2.259e-19
827.2895103840192,2.268e-19
827.3015633201309,2.273e-19
827.3136162562424,2.322e-19
827.325669192354,2.309e-19
827.3377221284657,2.28e-19
827.3497750645772,2.333e-19
827.3618280006888,2.353e-19
827.3738809368003,2.322e-19
827.385933872912,2.358e-19
827.3979868090236,2.409e-19
827.4100397451351,2.392e-19
827.4220926812467,2.365e-19
827.4341456173584,2.351e-19
827.4461985534699,2.324e-19
827.4582514895815,2.331e-19
827.470304425693,2.378e-19
827.4823573618047,2.384e-19
827.4944102979163,2.339e-19
827.5064632340278,2.311e-19
827.5185161701395,2.308e-19
827.530569106251,2.303e-19
827.5426220423626,2.331e-19
827.5546749784742,2.386e-19
827.5667279145858,2.372e-19
827.5787808506974,2.289e-19
827.590833786809,2.281e-19
827.6028867229205,2.387e-19
827.6149396590322,2.447e-19
827.6269925951437,2.404e-19
827.6390455312553,2.406e-19
827.651098467367,2.471e-19
827.6631514034785,2.465e-19
827.6752043395901,2.426e-19
827.6872572757017,2.446e-19
827.6993102118133,2.478e-19
827.7113631479249,2.504e-19
827.7234160840364,2.523e-19
827.735469020148,2.491e-19
827.7475219562597,2.463e-19
827.7595748923712,2.479e-19
827.7716278284828,2.504e-19
827.7836807645945,2.528e-19
827.795733700706,2.484e-19
827.8077866368176,2.389e-19
827.8198395729291,2.416e-19
827.8318925090408,2.505e-19
827.8439454451524,2.488e-19
827.8559983812639,2.451e-19
827.8680513173755,2.48e-19
827.8801042534872,2.509e-19
827.8921571895987,2.488e-19
827.9042101257103,2.442e-19
827.916263061822,2.49e-19
827.9283159979335,2.603e-19
827.9403689340451,2.575e-19
827.9524218701566,2.474e-19
827.9644748062683,2.493e-19
827.9765277423799,2.547e-19
827.9885806784914,2.563e-19
828.000633614603,2.58e-19
828.0126865507146,2.559e-19
828.0247394868262,2.536e-19
828.0367924229378,2.591e-19
828.0488453590494,2.643e-19
828.060898295161,2.635e-19
828.0729512312726,2.619e-19
828.0850041673841,2.622e-19
828.0970571034958,2.653e-19
828.1091100396073,2.671e-19
828.1211629757189,2.634e-19
828.1332159118305,2.615e-19
828.1452688479421,2.641e-19
828.1573217840537,2.627e-19
828.1693747201653,2.597e-19
828.1814276562768,2.631e-19
828.1934805923885,2.697e-19
828.2055335285,2.722e-19
828.2175864646116,2.682e-19
828.2296394007233,2.631e-19
828.2416923368348,2.659e-19
828.2537452729464,2.71e-19
828.265798209058,2.692e-19
828.2778511451696,2.673e-19
828.2899040812812,2.698e-19
828.3019570173927,2.735e-19
828.3140099535043,2.776e-19
828.326062889616,2.763e-19
828.3381158257275,2.721e-19
828.3501687618391,2.758e-19
828.3622216979508,2.798e-19
828.3742746340623,2.798e-19
828.3863275701739,2.826e-19
828.3983805062854,2.791e-19
828.4104334423971,2.75e-19
828.4224863785087,2.832e-19
828.4345393146202,2.837e-19
828.4465922507318,2.758e-19
828.4586451868435,2.788e-19
828.470698122955,2.804e-19
828.4827510590666,2.802e-19
828.4948039951782,2.848e-19
828.5068569312898,2.782e-19
828.5189098674014,2.737e-19
828.5309628035129,2.816e-19
828.5430157396246,2.795e-19
828.5550686757362,2.777e-19
828.5671216118477,2.848e-19
828.5791745479593,2.828e-19
828.5912274840709,2.817e-19
828.6032804201825,2.824e-19
828.6153333562941,2.767e-19
828.6273862924056,2.843e-19
828.6394392285173,2.902e-19
828.6514921646288,2.777e-19
828.6635451007404,2.817e-19
828.6755980368521,2.954e-19
828.6876509729636,2.915e-19
828.6997039090752,2.93e-19
828.7117568451868,2.975e-19
828.7238097812984,2.91e-19
828.73586271741,2.95e-19
828.7479156535215,2.986e-19
828.7599685896331,2.889e-19
828.7720215257448,2.906e-19
828.7840744618563,2.969e-19
828.7961273979679,2.959e-19
828.8081803340796,2.987e-19
828.8202332701911,2.946e-19
828.8322862063027,2.883e-19
828.8443391424142,2.956e-19
828.8563920785259,2.951e-19
828.8684450146375,2.867e-19
828.880497950749,2.933e-19
828.8925508868606,2.999e-19
828.9046038229723,2.955e-19
828.9166567590838,2.95e-19
828.9287096951954,2.984e-19
828.940762631307,3.004e-19
828.9528155674186,3.022e-19
828.9648685035302,3.017e-19
828.9769214396417,3.028e-19
828.9889743757534,3.074e-19
829.001027311865,3.085e-19
829.0130802479765,3.058e-19
829.0251331840881,3.058e-19
829.0371861201997,3.079e-19
829.0492390563113,3.069e-19
829.0612919924229,3.066e-19
829.0733449285345,3.128e-19
829.0853978646461,3.16e-19
829.0974508007577,3.113e-19
829.1095037368692,3.113e-19
829.1215566729809,3.15e-19
829.1336096090924,3.139e-19
829.145662545204,3.132e-19
829.1577154813156,3.141e-19
829.1697684174272,3.151e-19
829.1818213535388,3.174e-19
829.1938742896504,3.141e-19
829.205927225762,3.095e-19
829.2179801618736,3.145e-19
829.2300330979851,3.178e-19
829.2420860340967,3.126e-19
829.2541389702084,3.115e-19
829.2661919063199,3.167e-19
829.2782448424315,3.183e-19
829.290297778543,3.146e-19
829.3023507146547,3.154e-19
829.3144036507663,3.232e-19
829.3264565868778,3.252e-19
829.3385095229894,3.202e-19
829.3505624591011,3.197e-19
829.3626153952126,3.217e-19
829.3746683313242,3.252e-19
829.3867212674359,3.326e-19
829.3987742035474,3.324e-19
829.410827139659,3.263e-19
829.4228800757705,3.297e-19
829.4349330118822,3.367e-19
829.4469859479938,3.364e-19
829.4590388841053,3.326e-19
829.4710918202169,3.327e-19
829.4831447563286,3.392e-19
829.4951976924401,3.418e-19
829.5072506285517,3.366e-19
829.5193035646633,3.353e-19
829.5313565007749,3.374e-19
829.5434094368865,3.361e-19
829.555462372998,3.335e-19
829.5675153091097,3.294e-19
829.5795682452213,3.299e-19
829.5916211813328,3.377e-19
829.6036741174444,3.387e-19
829.615727053556,3.353e-19
829.6277799896676,3.401e-19
829.6398329257792,3.435e-19
829.6518858618908,3.382e-19
829.6639387980024,3.35e-19
829.675991734114,3.401e-19
829.6880446702255,3.489e-19
829.7000976063372,3.524e-19
829.7121505424487,3.47e-19
829.7242034785603,3.417e-19
829.7362564146719,3.451e-19
829.7483093507835,3.518e-19
829.7603622868951,3.513e-19
829.7724152230066,3.5e-19
829.7844681591182,3.56e-19
829.7965210952299,3.54e-19
829.8085740313414,3.479e-19
829.820626967453,3.599e-19
829.8326799035647,3.673e-19
829.8447328396762,3.529e-19
829.8567857757878,3.506e-19
829.8688387118993,3.617e-19
829.880891648011,3.583e-19
829.8929445841226,3.532e-19
829.9049975202341,3.586e-19
829.9170504563457,3.614e-19
829.9291033924574,3.592e-19
829.9411563285689,3.558e-19
829.9532092646805,3.547e-19
829.9652622007922,3.607e-19
829.9773151369037,3.659e-19
829.9893680730153,3.632e-19
830.0014210091268,3.622e-19
830.0134739452385,3.695e-19
830.0255268813501,3.753e-19
830.0375798174616,3.728e-19
830.0496327535732,3.712e-19
830.0616856896849,3.756e-19
830.0737386257964,3.78e-19
830.085791561908,3.777e-19
830.0978444980196,3.786e-19
830.1098974341312,3.776e-19
830.1219503702428,3.777e-19
830.1340033063543,3.837e-19
830.146056242466,3.87e-19
830.1581091785775,3.796e-19
830.1701621146891,3.72e-19
830.1822150508007,3.781e-19
830.1942679869123,3.88e-19
830.2063209230239,3.846e-19
830.2183738591355,3.776e-19
830.2304267952471,3.793e-19
830.2424797313587,3.799e-19
830.2545326674702,3.779e-19
830.2665856035818,3.794e-19
830.2786385396935,3.781e-19
830.290691475805,3.756e-19
830.3027444119166,3.792e-19
830.3147973480282,3.795e-19
830.3268502841398,3.753e-19
830.3389032202514,3.805e-19
830.3509561563629,3.871e-19
830.3630090924746,3.834e-19
830.3750620285862,3.839e-19
830.3871149646977,3.914e-19
830.3991679008093,3.919e-19
830.411220836921,3.92e-19
830.4232737730325,3.948e-19
830.4353267091441,3.903e-19
830.4473796452556,3.902e-19
830.4594325813673,3.976e-19
830.4714855174789,3.962e-19
830.4835384535904,3.95e-19
830.495591389702,4.016e-19
830.5076443258137,4.027e-19
830.5196972619252,4.007e-19
830.5317501980368,4e-19
830.5438031341484,3.959e-19
830.55585607026,3.974e-19
830.5679090063716,4.035e-19
830.5799619424831,4.004e-19
830.5920148785948,3.94e-19
830.6040678147064,3.966e-19
830.6161207508179,4.026e-19
830.6281736869295,4.018e-19
830.6402266230411,3.967e-19
830.6522795591527,3.975e-19
830.6643324952643,4.031e-19
830.6763854313759,4.083e-19
830.6884383674875,4.122e-19
830.700491303599,4.126e-19
830.7125442397106,4.136e-19
830.7245971758223,4.163e-19
830.7366501119338,4.129e-19
830.7487030480454,4.114e-19
830.760755984157,4.16e-19
830.7728089202686,4.165e-19
830.7848618563802,4.199e-19
830.7969147924917,4.253e-19
830.8089677286034,4.192e-19
830.821020664715,4.192e-19
830.8330736008265,4.311e-19
830.8451265369381,4.299e-19
830.8571794730498,4.217e-19
830.8692324091613,4.219e-19
830.8812853452729,4.237e-19
830.8933382813844,4.252e-19
830.9053912174961,4.253e-19
830.9174441536077,4.217e-19
830.9294970897192,4.235e-19
830.9415500258308,4.281e-19
830.9536029619425,4.256e-19
830.965655898054,4.215e-19
830.9777088341656,4.246e-19
830.9897617702773,4.303e-19
831.0018147063888,4.291e-19
831.0138676425004,4.244e-19
831.0259205786119,4.256e-19
831.0379735147236,4.302e-19
831.0500264508352,4.364e-19
831.0620793869467,4.428e-19
831.0741323230584,4.411e-19
831.08618525917,4.386e-19
831.0982381952815,4.453e-19
831.1102911313931,4.504e-19
831.1223440675047,4.494e-19
831.1343970036163,4.508e-19
831.1464499397279,4.55e-19
831.1585028758394,4.554e-19
831.1705558119511,4.494e-19
831.1826087480626,4.476e-19
831.1946616841742,4.551e-19
831.2067146202858,4.584e-19
831.2187675563974,4.561e-19
831.230820492509,4.555e-19
831.2428734286206,4.519e-19
831.2549263647322,4.525e-19
831.2669793008438,4.592e-19
831.2790322369553,4.549e-19
831.2910851730669,4.487e-19
831.3031381091786,4.556e-19
831.3151910452901,4.607e-19
831.3272439814017,4.552e-19
831.3392969175133,4.494e-19
831.3513498536249,4.514e-19
831.3634027897365,4.613e-19
831.375455725848,4.678e-19
831.3875086619597,4.651e-19
831.3995615980713,4.624e-19
831.4116145341828,4.644e-19
831.4236674702944,4.675e-19
831.4357204064061,4.675e-19
831.4477733425176,4.661e-19
831.4598262786292,4.706e-19
831.4718792147407,4.768e-19
831.4839321508524,4.785e-19
831.495985086964,4.798e-19
831.5080380230755,4.797e-19
831.5200909591872,4.79e-19
831.5321438952988,4.849e-19
831.5441968314103,4.878e-19
831.5562497675219,4.812e-19
831.5683027036335,4.802e-19
831.5803556397451,4.872e-19
831.5924085758567,4.875e-19
831.6044615119682,4.821e-19
831.6165144480799,4.849e-19
831.6285673841915,4.922e-19
831.640620320303,4.903e-19
831.6526732564146,4.846e-19
831.6647261925262,4.874e-19
831.6767791286378,4.947e-19
831.6888320647494,4.974e-19
831.700885000861,4.924e-19
831.7129379369726,4.88e-19
831.7249908730842,4.948e-19
831.7370438091957,5.027e-19
831.7490967453074,5.027e-19
831.7611496814189,5.064e-19
831.7732026175305,5.116e-19
831.7852555536421,5.134e-19
831.7973084897537,5.204e-19
831.8093614258653,5.224e-19
831.8214143619768,5.137e-19
831.8334672980885,5.122e-19
831.8455202342001,5.133e-19
831.8575731703116,5.099e-19
831.8696261064232,5.146e-19
831.8816790425349,5.198e-19
831.8937319786464,5.187e-19
831.905784914758,5.202e-19
831.9178378508695,5.152e-19
831.9298907869812,5.063e-19
831.9419437230928,5.107e-19
831.9539966592043,5.164e-19
831.966049595316,5.148e-19
831.9781025314276,5.154e-19
831.9901554675391,5.131e-19
832.0022084036507,5.104e-19
832.0142613397624,5.174e-19
832.0263142758739,5.203e-19
832.0383672119855,5.141e-19
832.050420148097,5.163e-19
832.0624730842087,5.257e-19
832.0745260203203,5.29e-19
832.0865789564318,5.27e-19
832.0986318925434,5.276e-19
832.110684828655,5.326e-19
832.1227377647666,5.352e-19
832.1347907008782,5.354e-19
832.1468436369898,5.398e-19
832.1588965731014,5.418e-19
832.170949509213,5.385e-19
832.1830024453245,5.394e-19
832.1950553814362,5.4e-19
832.2071083175477,5.376e-19
832.2191612536593,5.436e-19
832.231214189771,5.516e-19
832.2432671258825,5.5e-19
832.2553200619941,5.453e-19
832.2673729981057,5.437e-19
832.2794259342173,5.465e-19
832.2914788703289,5.489e-19
832.3035318064404,5.445e-19
832.315584742552,5.419e-19
832.3276376786637,5.465e-19
832.3396906147752,5.484e-19
832.3517435508868,5.471e-19
832.3637964869984,5.479e-19
832.37584942311,5.501e-19
832.3879023592216,5.528e-19
832.3999552953331,5.55e-19
832.4120082314448,5.576e-19
832.4240611675564,5.607e-19
832.4361141036679,5.622e-19
832.4481670397795,5.652e-19
832.4602199758912,5.643e-19
832.4722729120027,5.584e-19
832.4843258481143,5.647e-19
832.4963787842258,5.77e-19
832.5084317203375,5.771e-19
832.5204846564491,5.755e-19
832.5325375925606,5.759e-19
832.5445905286723,5.747e-19
832.5566434647839,5.8e-19
832.5686964008954,5.799e-19
832.580749337007,5.727e-19
832.5928022731187,5.789e-19
832.6048552092302,5.834e-19
832.6169081453418,5.759e-19
832.6289610814533,5.782e-19
832.641014017565,5.843e-19
832.6530669536766,5.824e-19
832.6651198897881,5.822e-19
832.6771728258998,5.822e-19
832.6892257620113,5.814e-19
832.7012786981229,5.847e-19
832.7133316342345,5.86e-19
832.7253845703461,5.871e-19
832.7374375064577,5.923e-19
832.7494904425693,5.95e-19
832.7615433786808,5.953e-19
832.7735963147925,5.972e-19
832.785649250904,5.968e-19
832.7977021870156,5.97e-19
832.8097551231272,6.046e-19
832.8218080592388,6.129e-19
832.8338609953504,6.117e-19
832.845913931462,6.072e-19
832.8579668675736,6.099e-19
832.8700198036852,6.161e-19
832.8820727397967,6.202e-19
832.8941256759083,6.203e-19
832.90617861202,6.166e-19
832.9182315481315,6.198e-19
832.9302844842431,6.287e-19
832.9423374203546,6.266e-19
832.9543903564663,6.193e-19
832.9664432925779,6.213e-19
832.9784962286894,6.272e-19
832.9905491648011,6.281e-19
833.0026021009127,6.236e-19
833.0146550370242,6.223e-19
833.0267079731358,6.297e-19
833.0387609092475,6.335e-19
833.050813845359,6.306e-19
833.0628667814706,6.336e-19
833.0749197175821,6.4e-19
833.0869726536938,6.41e-19
833.0990255898054,6.39e-19
833.1110785259169,6.38e-19
833.1231314620286,6.404e-19
833.1351843981402,6.456e-19
833.1472373342517,6.481e-19
833.1592902703633,6.456e-19
833.171343206475,6.461e-19
833.1833961425865,6.543e-19
833.1954490786981,6.582e-19
833.2075020148096,6.528e-19
833.2195549509213,6.517e-19
833.2316078870329,6.552e-19
833.2436608231444,6.576e-19
833.2557137592561,6.608e-19
833.2677666953676,6.591e-19
833.2798196314792,6.587e-19
833.2918725675908,6.672e-19
833.3039255037024,6.667e-19
833.315978439814,6.615e-19
833.3280313759255,6.646e-19
833.3400843120371,6.616e-19
833.3521372481488,6.619e-19
833.3641901842603,6.713e-19
833.3762431203719,6.669e-19
833.3882960564836,6.668e-19
833.4003489925951,6.826e-19
833.4124019287067,6.815e-19
833.4244548648182,6.742e-19
833.4365078009299,6.816e-19
833.4485607370415,6.838e-19
833.460613673153,6.834e-19
833.4726666092646,6.911e-19
833.4847195453763,6.932e-19
833.4967724814878,6.912e-19
833.5088254175994,6.941e-19
833.5208783537109,6.984e-19
833.5329312898226,6.995e-19
833.5449842259342,6.963e-19
833.5570371620457,6.997e-19
833.5690900981574,7.079e-19
833.581143034269,7.025e-19
833.5931959703805,6.948e-19
833.6052489064921,6.989e-19
833.6173018426038,7.012e-19
833.6293547787153,7.009e-19
833.6414077148269,7.042e-19
833.6534606509384,7.07e-19
833.6655135870501,7.105e-19
833.6775665231617,7.111e-19
833.6896194592732,7.065e-19
833.7016723953849,7.051e-19
833.7137253314964,7.071e-19
833.725778267608,7.102e-19
833.7378312037196,7.153e-19
833.7498841398312,7.157e-19
833.7619370759428,7.114e-19
833.7739900120544,7.123e-19
833.7860429481659,7.175e-19
833.7980958842776,7.188e-19
833.8101488203891,7.183e-19
833.8222017565007,7.219e-19
833.8342546926124,7.224e-19
833.8463076287239,7.226e-19
833.8583605648355,7.351e-19
833.870413500947,7.425e-19
833.8824664370587,7.337e-19
833.8945193731703,7.347e-19
833.9065723092818,7.437e-19
833.9186252453934,7.397e-19
833.9306781815051,7.381e-19
833.9427311176166,7.463e-19
833.9547840537282,7.479e-19
833.9668369898397,7.438e-19
833.9788899259514,7.434e-19
833.990942862063,7.479e-19
834.0029957981745,7.507e-19
834.0150487342862,7.501e-19
834.0271016703978,7.544e-19
834.0391546065093,7.572e-19
834.0512075426209,7.525e-19
834.0632604787326,7.569e-19
834.0753134148441,7.652e-19
834.0873663509557,7.635e-19
834.0994192870672,7.656e-19
834.1114722231789,7.703e-19
834.1235251592905,7.678e-19
834.135578095402,7.713e-19
834.1476310315137,7.784e-19
834.1596839676253,7.765e-19
834.1717369037368,7.756e-19
834.1837898398484,7.827e-19
834.19584277596,7.911e-19
834.2078957120716,7.965e-19
834.2199486481832,7.953e-19
834.2320015842947,7.913e-19
834.2440545204064,7.915e-19
834.256107456518,7.94e-19
834.2681603926295,7.955e-19
834.2802133287412,7.969e-19
834.2922662648527,7.974e-19
834.3043192009643,7.966e-19
834.3163721370759,7.977e-19
834.3284250731875,8.011e-19
834.3404780092991,8.016e-19
834.3525309454106,8.003e-19
834.3645838815222,8.055e-19
834.3766368176339,8.108e-19
834.3886897537454,8.068e-19
834.400742689857,8.049e-19
834.4127956259687,8.103e-19
834.4248485620802,8.11e-19
834.4369014981918,8.089e-19
834.4489544343033,8.125e-19
834.461007370415,8.153e-19
834.4730603065266,8.174e-19
834.4851132426381,8.249e-19
834.4971661787497,8.294e-19
834.5092191148614,8.279e-19
834.5212720509729,8.292e-19
834.5333249870845,8.317e-19
834.5453779231962,8.347e-19
834.5574308593077,8.372e-19
834.5694837954193,8.312e-19
834.5815367315308,8.286e-19
834.5935896676425,8.39e-19
834.6056426037541,8.419e-19
834.6176955398656,8.369e-19
834.6297484759772,8.406e-19
834.6418014120889,8.473e-19
834.6538543482004,8.52e-19
834.665907284312,8.52e-19
834.6779602204235,8.452e-19
834.6900131565352,8.456e-19
834.7020660926468,8.481e-19
834.7141190287583,8.427e-19
834.72617196487,8.465e-19
834.7382249009815,8.542e-19
834.7502778370931,8.505e-19
834.7623307732047,8.491e-19
834.7743837093163,8.521e-19
834.7864366454279,8.543e-19
834.7984895815395,8.618e-19
834.810542517651,8.65e-19
834.8225954537627,8.604e-19
834.8346483898742,8.607e-19
834.8467013259858,8.655e-19
834.8587542620975,8.697e-19
834.870807198209,8.684e-19
834.8828601343206,8.642e-19
834.8949130704322,8.741e-19
834.9069660065438,8.884e-19
834.9190189426554,8.881e-19
834.9310718787669,8.853e-19
834.9431248148785,8.857e-19
834.9551777509902,8.843e-19
834.9672306871017,8.875e-19
834.9792836232133,8.91e-19
834.991336559325,8.933e-19
835.0033894954365,8.986e-19
835.0154424315481,8.991e-19
835.0274953676596,8.98e-19
835.0395483037713,9.001e-19
835.0516012398829,8.982e-19
835.0636541759944,8.994e-19
835.075707112106,9.07e-19
835.0877600482177,9.093e-19
835.0998129843292,9.104e-19
835.1118659204408,9.162e-19
835.1239188565523,9.213e-19
835.135971792664,9.244e-19
835.1480247287756,9.243e-19
835.1600776648871,9.241e-19
835.1721306009988,9.306e-19
835.1841835371104,9.38e-19
835.1962364732219,9.399e-19
835.2082894093335,9.399e-19
835.2203423454451,9.415e-19
835.2323952815567,9.448e-19
835.2444482176683,9.469e-19
835.2565011537798,9.456e-19
835.2685540898915,9.439e-19
835.280607026003,9.464e-19
835.2926599621146,9.508e-19
835.3047128982263,9.501e-19
835.3167658343378,9.463e-19
835.3288187704494,9.459e-19
835.340871706561,9.46e-19
835.3529246426726,9.463e-19
835.3649775787842,9.469e-19
835.3770305148958,9.427e-19
835.3890834510073,9.408e-19
835.401136387119,9.468e-19
835.4131893232305,9.5e-19
835.4252422593421,9.503e-19
835.4372951954538,9.515e-19
835.4493481315653,9.504e-19
835.4614010676769,9.506e-19
835.4734540037884,9.537e-19
835.4855069399001,9.558e-19
835.4975598760117,9.566e-19
835.5096128121232,9.561e-19
835.5216657482348,9.592e-19
835.5337186843465,9.665e-19
835.545771620458,9.689e-19
835.5578245565696,9.703e-19
835.5698774926813,9.74e-19
835.5819304287928,9.734e-19
835.5939833649044,9.747e-19
835.6060363010159,9.768e-19
835.6180892371276,9.724e-19
835.6301421732392,9.762e-19
835.6421951093507,9.883e-19
835.6542480454623,9.917e-19
835.666300981574,9.918e-19
835.6783539176855,9.918e-19
835.6904068537971,9.88e-19
835.7024597899087,9.917e-19
835.7145127260203,1e-18
835.7265656621319,9.999e-19
835.7386185982434,9.979e-19
835.7506715343551,1.005e-18
835.7627244704667,1.011e-18
835.7747774065782,1.008e-18
835.7868303426898,1.004e-18
835.7988832788014,1.01e-18
835.810936214913,1.019e-18
835.8229891510246,1.024e-18
835.8350420871361,1.02e-18
835.8470950232478,1.014e-18
835.8591479593593,1.024e-18
835.8712008954709,1.038e-18
835.8832538315826,1.035e-18
835.8953067676941,1.035e-18
835.9073597038057,1.044e-18
835.9194126399173,1.047e-18
835.9314655760289,1.047e-18
835.9435185121405,1.051e-18
835.955571448252,1.055e-18
835.9676243843636,1.055e-18
835.9796773204753,1.055e-18
835.9917302565868,1.059e-18
836.0037831926984,1.061e-18
836.0158361288101,1.057e-18
836.0278890649216,1.061e-18
836.0399420010332,1.064e-18
836.0519949371447,1.057e-18
836.0640478732564,1.058e-18
836.076100809368,1.063e-18
836.0881537454795,1.064e-18
836.1002066815911,1.067e-18
836.1122596177028,1.066e-18
836.1243125538143,1.064e-18
836.1363654899259,1.066e-18
836.1484184260376,1.063e-18
836.1604713621491,1.067e-18
836.1725242982607,1.076e-18
836.1845772343722,1.072e-18
836.1966301704839,1.079e-18
836.2086831065955,1.088e-18
836.220736042707,1.079e-18
836.2327889788186,1.082e-18
836.2448419149302,1.1e-18
836.2568948510418,1.104e-18
836.2689477871534,1.107e-18
836.2810007232649,1.11e-18
836.2930536593766,1.105e-18
836.3051065954882,1.108e-18
836.3171595315997,1.113e-18
836.3292124677114,1.116e-18
836.341265403823,1.123e-18
836.3533183399345,1.12e-18
836.3653712760461,1.124e-18
836.3774242121577,1.135e-18
836.3894771482693,1.127e-18
836.4015300843809,1.127e-18
836.4135830204925,1.145e-18
836.4256359566041,1.143e-18
836.4376888927156,1.138e-18
836.4497418288272,1.147e-18
836.4617947649389,1.15e-18
836.4738477010504,1.153e-18
836.485900637162,1.16e-18
836.4979535732735,1.158e-18
836.5100065093852,1.164e-18
836.5220594454968,1.175e-18
836.5341123816083,1.174e-18
836.5461653177199,1.173e-18
836.5582182538316,1.182e-18
836.5702711899431,1.195e-18
836.5823241260547,1.202e-18
836.5943770621664,1.204e-18
836.6064299982779,1.208e-18
836.6184829343895,1.209e-18
836.630535870501,1.21e-18
836.6425888066127,1.22e-18
836.6546417427243,1.226e-18
836.6666946788358,1.223e-18
836.6787476149474,1.23e-18
836.690800551059,1.236e-18
836.7028534871706,1.231e-18
836.7149064232822,1.23e-18
836.7269593593938,1.229e-18
836.7390122955054,1.223e-18
836.751065231617,1.218e-18
836.7631181677285,1.215e-18
836.7751711038402,1.214e-18
836.7872240399518,1.213e-18
836.7992769760633,1.204e-18
836.8113299121749,1.2e-18
836.8233828482865,1.207e-18
836.8354357843981,1.206e-18
836.8474887205097,1.197e-18
836.8595416566213,1.197e-18
836.8715945927329,1.205e-18
836.8836475288444,1.209e-18
836.895700464956,1.213e-18
836.9077534010677,1.217e-18
836.9198063371792,1.218e-18
836.9318592732908,1.217e-18
836.9439122094024,1.214e-18
836.955965145514,1.218e-18
836.9680180816256,1.222e-18
836.9800710177371,1.219e-18
836.9921239538487,1.22e-18
837.0041768899604,1.229e-18
837.0162298260719,1.234e-18
837.0282827621835,1.233e-18
837.0403356982952,1.228e-18
837.0523886344067,1.228e-18
837.0644415705183,1.238e-18
837.0764945066298,1.247e-18
837.0885474427415,1.244e-18
837.1006003788531,1.241e-18
837.1126533149646,1.243e-18
837.1247062510762,1.246e-18
837.1367591871879,1.238e-18
837.1488121232994,1.233e-18
837.160865059411,1.248e-18
837.1729179955227,1.254e-18
837.1849709316342,1.244e-18
837.1970238677458,1.248e-18
837.2090768038573,1.261e-18
837.221129739969,1.26e-18
837.2331826760806,1.262e-18
837.2452356121921,1.269e-18
837.2572885483037,1.272e-18
837.2693414844153,1.276e-18
837.2813944205269,1.274e-18
837.2934473566385,1.27e-18
837.3055002927501,1.276e-18
837.3175532288617,1.287e-18
837.3296061649733,1.3e-18
837.3416591010848,1.303e-18
837.3537120371965,1.298e-18
837.365764973308,1.309e-18
837.3778179094196,1.313e-18
837.3898708455312,1.303e-18
837.4019237816428,1.312e-18
837.4139767177544,1.318e-18
837.426029653866,1.308e-18
837.4380825899775,1.319e-18
837.4501355260892,1.332e-18
837.4621884622007,1.326e-18
837.4742413983123,1.329e-18
837.486294334424,1.332e-18
837.4983472705355,1.329e-18
837.5104002066471,1.338e-18
837.5224531427586,1.341e-18
837.5345060788703,1.335e-18
837.5465590149819,1.346e-18
837.5586119510934,1.353e-18
837.5706648872051,1.35e-18
837.5827178233167,1.353e-18
837.5947707594282,1.356e-18
837.6068236955398,1.363e-18
837.6188766316515,1.373e-18
837.630929567763,1.373e-18
837.6429825038746,1.378e-18
837.6550354399861,1.387e-18
837.6670883760978,1.386e-18
837.6791413122094,1.387e-18
837.6911942483209,1.392e-18
837.7032471844325,1.391e-18
837.7153001205442,1.395e-18
837.7273530566557,1.403e-18
837.7394059927673,1.404e-18
837.751458928879,1.405e-18
837.7635118649905,1.404e-18
837.7755648011021,1.399e-18
837.7876177372136,1.401e-18
837.7996706733253,1.402e-18
837.8117236094369,1.401e-18
837.8237765455484,1.408e-18
837.83582948166,1.415e-18
837.8478824177716,1.413e-18
837.8599353538832,1.414e-18
837.8719882899948,1.418e-18
837.8840412261064,1.42e-18
837.896094162218,1.425e-18
837.9081470983296,1.431e-18
837.9202000344411,1.434e-18
837.9322529705528,1.443e-18
837.9443059066643,1.446e-18
837.9563588427759,1.442e-18
837.9684117788875,1.447e-18
837.9804647149991,1.46e-18
837.9925176511107,1.462e-18
838.0045705872222,1.458e-18
838.0166235233339,1.462e-18
838.0286764594455,1.472e-18
838.040729395557,1.477e-18
838.0527823316686,1.473e-18
838.0648352677803,1.476e-18
838.0768882038918,1.482e-18
838.0889411400034,1.48e-18
838.100994076115,1.476e-18
838.1130470122266,1.481e-18
838.1250999483382,1.49e-18
838.1371528844497,1.496e-18
838.1492058205613,1.496e-18
838.161258756673,1.494e-18
838.1733116927845,1.495e-18
838.1853646288961,1.499e-18
838.1974175650078,1.5e-18
838.2094705011193,1.496e-18
838.2215234372309,1.498e-18
838.2335763733424,1.508e-18
838.2456293094541,1.514e-18
838.2576822455657,1.509e-18
838.2697351816772,1.505e-18
838.2817881177888,1.516e-18
838.2938410539005,1.531e-18
838.305893990012,1.529e-18
838.3179469261236,1.52e-18
838.3299998622352,1.528e-18
838.3420527983468,1.54e-18
838.3541057344584,1.543e-18
838.3661586705699,1.549e-18
838.3782116066816,1.546e-18
838.3902645427931,1.536e-18
838.4023174789047,1.545e-18
838.4143704150163,1.558e-18
838.4264233511279,1.559e-18
838.4384762872395,1.56e-18
838.450529223351,1.561e-18
838.4625821594627,1.559e-18
838.4746350955743,1.562e-18
838.4866880316858,1.563e-18
838.4987409677974,1.563e-18
838.5107939039091,1.57e-18
838.5228468400206,1.579e-18
838.5348997761322,1.589e-18
838.5469527122438,1.591e-18
838.5590056483554,1.585e-18
838.571058584467,1.588e-18
838.5831115205785,1.592e-18
838.5951644566901,1.593e-18
838.6072173928018,1.606e-18
838.6192703289133,1.614e-18
838.6313232650249,1.608e-18
838.6433762011366,1.608e-18
838.6554291372481,1.615e-18
838.6674820733597,1.626e-18
838.6795350094712,1.638e-18
838.6915879455829,1.635e-18
838.7036408816945,1.631e-18
838.715693817806,1.64e-18
838.7277467539177,1.646e-18
838.7397996900293,1.643e-18
838.7518526261408,1.644e-18
838.7639055622524,1.646e-18
838.775958498364,1.648e-18
838.7880114344756,1.649e-18
838.8000643705872,1.652e-18
838.8121173066987,1.653e-18
838.8241702428104,1.653e-18
838.836223178922,1.665e-18
838.8482761150335,1.679e-18
838.8603290511451,1.671e-18
838.8723819872567,1.669e-18
838.8844349233683,1.682e-18
838.8964878594799,1.686e-18
838.9085407955915,1.69e-18
838.9205937317031,1.699e-18
838.9326466678147,1.701e-18
838.9446996039262,1.711e-18
838.9567525400379,1.717e-18
838.9688054761494,1.705e-18
838.980858412261,1.713e-18
838.9929113483726,1.735e-18
839.0049642844842,1.732e-18
839.0170172205958,1.727e-18
839.0290701567073,1.733e-18
839.041123092819,1.735e-18
839.0531760289306,1.746e-18
839.0652289650421,1.754e-18
839.0772819011537,1.75e-18
839.0893348372654,1.759e-18
839.1013877733769,1.771e-18
839.1134407094885,1.766e-18
839.1254936456,1.769e-18
839.1375465817117,1.773e-18
839.1495995178233,1.772e-18
839.1616524539348,1.783e-18
839.1737053900465,1.792e-18
839.1857583261581,1.79e-18
839.1978112622696,1.8e-18
839.2098641983812,1.809e-18
839.2219171344929,1.807e-18
839.2339700706044,1.811e-18
839.246023006716,1.815e-18
839.2580759428275,1.816e-18
839.2701288789392,1.823e-18
839.2821818150508,1.824e-18
839.2942347511623,1.827e-18
839.3062876872739,1.838e-18
839.3183406233856,1.839e-18
839.3303935594971,1.841e-18
839.3424464956087,1.854e-18
839.3544994317203,1.856e-18
839.3665523678319,1.861e-18
839.3786053039435,1.871e-18
839.390658240055,1.866e-18
839.4027111761667,1.864e-18
839.4147641122782,1.874e-18
839.4268170483898,1.875e-18
839.4388699845014,1.883e-18
839.450922920613,1.9e-18
839.4629758567246,1.894e-18
839.4750287928362,1.884e-18
839.4870817289478,1.894e-18
839.4991346650594,1.908e-18
839.511187601171,1.908e-18
839.5232405372825,1.909e-18
839.5352934733942,1.912e-18
839.5473464095057,1.912e-18
839.5593993456173,1.914e-18
839.5714522817289,1.926e-18
839.5835052178405,1.932e-18
839.5955581539521,1.934e-18
839.6076110900636,1.94e-18
839.6196640261753,1.942e-18
839.6317169622869,1.943e-18
839.6437698983984,1.955e-18
839.65582283451,1.963e-18
839.6678757706217,1.96e-18
839.6799287067332,1.963e-18
839.6919816428448,1.973e-18
839.7040345789563,1.984e-18
839.716087515068,1.989e-18
839.7281404511796,1.993e-18
839.7401933872911,2.003e-18
839.7522463234028,2.011e-18
839.7642992595144,2.009e-18
839.7763521956259,2.011e-18
839.7884051317375,2.028e-18
839.8004580678491,2.039e-18
839.8125110039607,2.031e-18
839.8245639400723,2.028e-18
839.8366168761838,2.042e-18
839.8486698122955,2.055e-18
839.860722748407,2.055e-18
839.8727756845186,2.051e-18
839.8848286206303,2.055e-18
839.8968815567418,2.065e-18
839.9089344928534,2.067e-18
839.920987428965,2.066e-18
839.9330403650766,2.082e-18
839.9450933011882,2.091e-18
839.9571462372998,2.084e-18
839.9691991734113,2.093e-18
839.981252109523,2.107e-18
839.9933050456345,2.109e-18
840.0053579817461,2.119e-18
840.0174109178577,2.127e-18
840.0294638539693,2.123e-18
840.0415167900809,2.131e-18
840.0535697261924,2.14e-18
840.0656226623041,2.14e-18
840.0776755984157,2.15e-18
840.0897285345272,2.159e-18
840.1017814706388,2.157e-18
840.1138344067505,2.156e-18
840.125887342862,2.164e-18
840.1379402789736,2.175e-18
840.1499932150851,2.174e-18
840.1620461511968,2.175e-18
840.1740990873084,2.196e-18
840.1861520234199,2.202e-18
840.1982049595316,2.188e-18
840.2102578956432,2.196e-18
840.2223108317547,2.205e-18
840.2343637678663,2.201e-18
840.246416703978,2.219e-18
840.2584696400895,2.233e-18
840.2705225762011,2.228e-18
840.2825755123126,2.234e-18
840.2946284484243,2.242e-18
840.3066813845359,2.244e-18
840.3187343206474,2.253e-18
840.3307872567591,2.256e-18
840.3428401928707,2.26e-18
840.3548931289822,2.275e-18
840.3669460650938,2.28e-18
840.3789990012054,2.281e-18
840.391051937317,2.289e-18
840.4031048734286,2.287e-18
840.4151578095401,2.293e-18
840.4272107456518,2.31e-18
840.4392636817634,2.313e-18
840.4513166178749,2.315e-18
840.4633695539865,2.32e-18
840.4754224900981,2.316e-18
840.4874754262097,2.324e-18
840.4995283623213,2.338e-18
840.5115812984329,2.337e-18
840.5236342345445,2.344e-18
840.535687170656,2.36e-18
840.5477401067676,2.355e-18
840.5597930428793,2.349e-18
840.5718459789908,2.363e-18
840.5838989151024,2.376e-18
840.595951851214,2.382e-18
840.6080047873256,2.39e-18
840.6200577234372,2.391e-18
840.6321106595487,2.391e-18
840.6441635956604,2.398e-18
840.656216531772,2.405e-18
840.6682694678835,2.416e-18
840.6803224039951,2.43e-18
840.6923753401068,2.434e-18
840.7044282762183,2.43e-18
840.7164812123299,2.434e-18
840.7285341484414,2.451e-18
840.7405870845531,2.463e-18
840.7526400206647,2.459e-18
840.7646929567762,2.462e-18
840.7767458928879,2.477e-18
840.7887988289995,2.48e-18
840.800851765111,2.483e-18
840.8129047012226,2.492e-18
840.8249576373343,2.481e-18
840.8370105734458,2.48e-18
840.8490635095574,2.51e-18
840.8611164456689,2.519e-18
840.8731693817806,2.51e-18
840.8852223178922,2.528e-18
840.8972752540037,2.539e-18
840.9093281901154,2.531e-18
840.921381126227,2.544e-18
840.9334340623385,2.555e-18
840.9454869984501,2.545e-18
840.9575399345617,2.553e-18
840.9695928706733,2.571e-18
840.9816458067849,2.571e-18
840.9936987428964,2.571e-18
841.0057516790081,2.579e-18
841.0178046151196,2.588e-18
841.0298575512312,2.61e-18
841.0419104873429,2.63e-18
841.0539634234544,2.624e-18
841.066016359566,2.614e-18
841.0780692956776,2.618e-18
841.0901222317892,2.63e-18
841.1021751679008,2.647e-18
841.1142281040123,2.653e-18
841.1262810401239,2.651e-18
841.1383339762356,2.655e-18
841.1503869123471,2.659e-18
841.1624398484587,2.665e-18
841.1744927845702,2.676e-18
841.1865457206819,2.673e-18
841.1985986567935,2.672e-18
841.210651592905,2.69e-18
841.2227045290167,2.699e-18
841.2347574651283,2.702e-18
841.2468104012398,2.708e-18
841.2588633373514,2.706e-18
841.2709162734631,2.711e-18
841.2829692095746,2.726e-18
841.2950221456862,2.731e-18
841.3070750817977,2.735e-18
841.3191280179094,2.75e-18
841.331180954021,2.757e-18
841.3432338901325,2.759e-18
841.3552868262442,2.765e-18
841.3673397623558,2.768e-18
841.3793926984673,2.762e-18
841.3914456345789,2.767e-18
841.4034985706905,2.797e-18
841.4155515068021,2.817e-18
841.4276044429137,2.808e-18
841.4396573790252,2.808e-18
841.4517103151369,2.821e-18
841.4637632512485,2.823e-18
841.47581618736,2.834e-18
841.4878691234717,2.844e-18
841.4999220595832,2.83e-18
841.5119749956948,2.829e-18
841.5240279318064,2.855e-18
841.536080867918,2.872e-18
841.5481338040296,2.876e-18
841.5601867401411,2.882e-18
841.5722396762527,2.892e-18
841.5842926123644,2.895e-18
841.5963455484759,2.889e-18
841.6083984845875,2.892e-18
841.620451420699,2.912e-18
841.6325043568107,2.92e-18
841.6445572929223,2.914e-18
841.6566102290338,2.92e-18
841.6686631651455,2.936e-18
841.6807161012571,2.949e-18
841.6927690373686,2.955e-18
841.7048219734802,2.955e-18
841.7168749095919,2.965e-18
841.7289278457034,2.979e-18
841.740980781815,2.978e-18
841.7530337179265,2.986e-18
841.7650866540382,3.01e-18
841.7771395901498,3.014e-18
841.7891925262613,3.019e-18
841.801245462373,3.045e-18
841.8132983984846,3.041e-18
841.8253513345961,3.029e-18
841.8374042707077,3.054e-18
841.8494572068194,3.061e-18
841.8615101429309,3.047e-18
841.8735630790425,3.065e-18
841.885616015154,3.07e-18
841.8976689512657,3.046e-18
841.9097218873773,3.053e-18
841.9217748234888,3.077e-18
841.9338277596005,3.083e-18
841.945880695712,3.093e-18
841.9579336318236,3.103e-18
841.9699865679352,3.104e-18
841.9820395040468,3.112e-18
841.9940924401584,3.12e-18
842.00614537627,3.118e-18
842.0181983123815,3.123e-18
842.0302512484932,3.138e-18
842.0423041846047,3.14e-18
842.0543571207163,3.133e-18
842.0664100568279,3.142e-18
842.0784629929395,3.161e-18
842.0905159290511,3.173e-18
842.1025688651627,3.178e-18
842.1146218012743,3.175e-18
842.1266747373859,3.188e-18
842.1387276734974,3.228e-18
842.150780609609,3.236e-18
842.1628335457207,3.21e-18
842.1748864818322,3.214e-18
842.1869394179438,3.226e-18
842.1989923540555,3.226e-18
842.211045290167,3.245e-18
842.2230982262786,3.259e-18
842.2351511623901,3.252e-18
842.2472040985018,3.256e-18
842.2592570346134,3.257e-18
842.2713099707249,3.255e-18
842.2833629068365,3.27e-18
842.2954158429482,3.296e-18
842.3074687790597,3.312e-18
842.3195217151713,3.305e-18
842.3315746512828,3.298e-18
842.3436275873945,3.322e-18
842.3556805235061,3.335e-18
842.3677334596176,3.325e-18
842.3797863957293,3.341e-18
842.3918393318409,3.361e-18
842.4038922679524,3.356e-18
842.415945204064,3.367e-18
842.4279981401756,3.391e-18
842.4400510762872,3.385e-18
842.4521040123988,3.378e-18
842.4641569485103,3.395e-18
842.476209884622,3.4e-18
842.4882628207336,3.399e-18
842.5003157568451,3.421e-18
842.5123686929568,3.434e-18
842.5244216290683,3.434e-18
842.5364745651799,3.443e-18
842.5485275012915,3.429e-18
842.5605804374031,3.417e-18
842.5726333735147,3.448e-18
842.5846863096262,3.449e-18
842.5967392457378,3.432e-18
842.6087921818495,3.469e-18
842.620845117961,3.487e-18
842.6328980540726,3.473e-18
842.6449509901843,3.493e-18
842.6570039262958,3.489e-18
842.6690568624074,3.468e-18
842.681109798519,3.505e-18
842.6931627346306,3.526e-18
842.7052156707422,3.502e-18
842.7172686068537,3.494e-18
842.7293215429653,3.493e-18
842.741374479077,3.518e-18
842.7534274151885,3.556e-18
842.7654803513001,3.541e-18
842.7775332874116,3.524e-18
842.7895862235233,3.555e-18
842.8016391596349,3.578e-18
842.8136920957464,3.593e-18
842.8257450318581,3.605e-18
842.8377979679697,3.588e-18
842.8498509040812,3.583e-18
842.8619038401928,3.609e-18
842.8739567763045,3.628e-18
842.886009712416,3.621e-18
842.8980626485276,3.599e-18
842.9101155846392,3.598e-18
842.9221685207508,3.623e-18
842.9342214568624,3.636e-18
842.9462743929739,3.638e-18
842.9583273290856,3.632e-18
842.9703802651972,3.625e-18
842.9824332013087,3.642e-18
842.9944861374203,3.663e-18
843.0065390735319,3.659e-18
843.0185920096435,3.664e-18
843.0306449457551,3.673e-18
843.0426978818666,3.658e-18
843.0547508179783,3.664e-18
843.0668037540898,3.71e-18
843.0788566902014,3.716e-18
843.0909096263131,3.682e-18
843.1029625624246,3.721e-18
843.1150154985362,3.78e-18
843.1270684346478,3.733e-18
843.1391213707594,3.7e-18
843.151174306871,3.743e-18
843.1632272429825,3.741e-18
843.1752801790941,3.729e-18
843.1873331152058,3.762e-18
843.1993860513173,3.749e-18
843.2114389874289,3.731e-18
843.2234919235405,3.774e-18
843.2355448596521,3.794e-18
843.2475977957637,3.797e-18
843.2596507318752,3.821e-18
843.2717036679869,3.819e-18
843.2837566040985,3.81e-18
843.29580954021,3.826e-18
843.3078624763216,3.821e-18
843.3199154124333,3.799e-18
843.3319683485448,3.815e-18
843.3440212846564,3.852e-18
843.356074220768,3.846e-18
843.3681271568796,3.845e-18
843.3801800929912,3.892e-18
843.3922330291027,3.892e-18
843.4042859652144,3.853e-18
843.416338901326,3.869e-18
843.4283918374375,3.88e-18
843.4404447735491,3.869e-18
843.4524977096607,3.904e-18
843.4645506457723,3.913e-18
843.4766035818839,3.892e-18
843.4886565179954,3.913e-18
843.5007094541071,3.932e-18
843.5127623902187,3.953e-18
843.5248153263302,3.976e-18
843.5368682624419,3.94e-18
843.5489211985534,3.939e-18
843.560974134665,3.977e-18
843.5730270707766,3.956e-18
843.5850800068882,3.961e-18
843.5971329429998,3.992e-18
843.6091858791114,3.968e-18
843.6212388152229,3.984e-18
843.6332917513346,4.008e-18
843.6453446874461,3.973e-18
843.6573976235577,4.007e-18
843.6694505596694,4.041e-18
843.6815034957809,3.98e-18
843.6935564318925,3.99e-18
843.705609368004,4.048e-18
843.7176623041157,4.021e-18
843.7297152402273,4.011e-18
843.7417681763388,4.048e-18
843.7538211124504,4.046e-18
843.7658740485621,4.048e-18
843.7779269846736,4.064e-18
843.7899799207852,4.043e-18
843.8020328568969,4.031e-18
843.8140857930084,4.058e-18
843.82613872912,4.072e-18
843.8381916652315,4.057e-18
843.8502446013432,4.06e-18
843.8622975374548,4.092e-18
843.8743504735663,4.102e-18
843.8864034096779,4.078e-18
843.8984563457896,4.075e-18
843.9105092819011,4.106e-18
843.9225622180127,4.115e-18
843.9346151541242,4.104e-18
843.9466680902359,4.119e-18
843.9587210263475,4.14e-18
843.970773962459,4.127e-18
843.9828268985707,4.122e-18
843.9948798346823,4.146e-18
844.0069327707938,4.147e-18
844.0189857069054,4.135e-18
844.031038643017,4.161e-18
844.0430915791286,4.192e-18
844.0551445152402,4.191e-18
844.0671974513518,4.183e-18
844.0792503874634,4.185e-18
844.091303323575,4.184e-18
844.1033562596865,4.176e-18
844.1154091957982,4.192e-18
844.1274621319097,4.21e-18
844.1395150680213,4.19e-18
844.1515680041329,4.196e-18
844.1636209402445,4.234e-18
844.1756738763561,4.204e-18
844.1877268124676,4.188e-18
844.1997797485792,4.26e-18
844.2118326846909,4.266e-18
844.2238856208024,4.218e-18
844.235938556914,4.244e-18
844.2479914930257,4.262e-18
844.2600444291372,4.238e-18
844.2720973652488,4.252e-18
844.2841503013603,4.26e-18
844.296203237472,4.24e-18
844.3082561735836,4.24e-18
844.3203091096951,4.253e-18
844.3323620458067,4.283e-18
844.3444149819184,4.308e-18
844.3564679180299,4.299e-18
844.3685208541415,4.291e-18
844.3805737902532,4.285e-18
844.3926267263647,4.283e-18
844.4046796624763,4.315e-18
844.4167325985878,4.335e-18
844.4287855346995,4.337e-18
844.4408384708111,4.352e-18
844.4528914069226,4.338e-18
844.4649443430342,4.325e-18
844.4769972791458,4.347e-18
844.4890502152574,4.337e-18
844.501103151369,4.335e-18
844.5131560874806,4.367e-18
844.5252090235922,4.346e-18
844.5372619597038,4.335e-18
844.5493148958153,4.367e-18
844.561367831927,4.342e-18
844.5734207680385,4.326e-18
844.5854737041501,4.371e-18
844.5975266402617,4.379e-18
844.6095795763733,4.362e-18
844.6216325124849,4.354e-18
844.6336854485965,4.351e-18
844.645738384708,4.376e-18
844.6577913208197,4.368e-18
844.6698442569312,4.324e-18
844.6818971930428,4.339e-18
844.6939501291545,4.367e-18
844.706003065266,4.369e-18
844.7180560013776,4.401e-18
844.7301089374891,4.413e-18
844.7421618736008,4.385e-18
844.7542148097124,4.387e-18
844.7662677458239,4.394e-18
844.7783206819356,4.4e-18
844.7903736180472,4.426e-18
844.8024265541587,4.414e-18
844.8144794902703,4.394e-18
844.826532426382,4.439e-18
844.8385853624935,4.469e-18
844.8506382986051,4.435e-18
844.8626912347166,4.42e-18
844.8747441708283,4.42e-18
844.8867971069399,4.406e-18
844.8988500430514,4.419e-18
844.910902979163,4.431e-18
844.9229559152747,4.407e-18
844.9350088513862,4.422e-18
844.9470617874978,4.45e-18
844.9591147236094,4.414e-18
844.971167659721,4.419e-18
844.9832205958326,4.492e-18
844.9952735319441,4.492e-18
845.0073264680558,4.463e-18
845.0193794041674,4.501e-18
845.0314323402789,4.523e-18
845.0434852763905,4.509e-18
845.0555382125021,4.515e-18
845.0675911486137,4.508e-18
845.0796440847253,4.488e-18
845.0916970208368,4.486e-18
845.1037499569485,4.495e-18
845.11580289306,4.526e-18
845.1278558291716,4.555e-18
845.1399087652833,4.527e-18
845.1519617013948,4.482e-18
845.1640146375064,4.477e-18
845.176067573618,4.513e-18
845.1881205097296,4.544e-18
845.2001734458412,4.53e-18
845.2122263819527,4.531e-18
845.2242793180644,4.562e-18
845.236332254176,4.533e-18
845.2483851902875,4.504e-18
845.2604381263991,4.543e-18
845.2724910625108,4.545e-18
845.2845439986223,4.516e-18
845.2965969347339,4.533e-18
845.3086498708454,4.534e-18
845.3207028069571,4.533e-18
845.3327557430687,4.586e-18
845.3448086791802,4.593e-18
845.3568616152918,4.552e-18
845.3689145514035,4.557e-18
845.380967487515,4.563e-18
845.3930204236266,4.551e-18
845.4050733597383,4.547e-18
845.4171262958498,4.511e-18
845.4291792319614,4.505e-18
845.4412321680729,4.56e-18
845.4532851041846,4.543e-18
845.4653380402962,4.502e-18
845.4773909764077,4.554e-18
845.4894439125193,4.578e-18
845.501496848631,4.533e-18
845.5135497847425,4.53e-18
845.5256027208541,4.522e-18
845.5376556569657,4.504e-18
845.5497085930773,4.549e-18
845.5617615291889,4.566e-18
845.5738144653004,4.531e-18
845.5858674014121,4.538e-18
845.5979203375236,4.534e-18
845.6099732736352,4.504e-18
845.6220262097468,4.529e-18
845.6340791458584,4.568e-18
845.64613208197,4.565e-18
845.6581850180816,4.56e-18
845.6702379541932,4.583e-18
845.6822908903048,4.609e-18
845.6943438264163,4.592e-18
845.7063967625279,4.571e-18
845.7184496986396,4.603e-18
845.7305026347511,4.606e-18
845.7425555708627,4.56e-18
845.7546085069743,4.564e-18
845.7666614430859,4.58e-18
845.7787143791975,4.561e-18
845.790767315309,4.569e-18
845.8028202514206,4.58e-18
845.8148731875323,4.566e-18
845.8269261236438,4.564e-18
845.8389790597554,4.572e-18
845.8510319958671,4.607e-18
845.8630849319786,4.65e-18
845.8751378680902,4.613e-18
845.8871908042017,4.569e-18
845.8992437403134,4.588e-18
845.911296676425,4.583e-18
845.9233496125365,4.584e-18
845.9354025486482,4.624e-18
845.9474554847598,4.611e-18
845.9595084208713,4.62e-18
845.9715613569829,4.69e-18
845.9836142930945,4.663e-18
845.9956672292061,4.603e-18
846.0077201653177,4.625e-18
846.0197731014292,4.633e-18
846.0318260375409,4.616e-18
846.0438789736525,4.62e-18
846.055931909764,4.612e-18
846.0679848458756,4.637e-18
846.0800377819872,4.671e-18
846.0920907180988,4.644e-18
846.1041436542104,4.647e-18
846.116196590322,4.681e-18
846.1282495264336,4.646e-18
846.1403024625452,4.612e-18
846.1523553986567,4.632e-18
846.1644083347684,4.659e-18
846.1764612708799,4.675e-18
846.1885142069915,4.638e-18
846.2005671431031,4.596e-18
846.2126200792147,4.641e-18
846.2246730153263,4.649e-18
846.2367259514378,4.575e-18
846.2487788875494,4.588e-18
846.2608318236611,4.637e-18
846.2728847597726,4.588e-18
846.2849376958842,4.547e-18
846.2969906319959,4.565e-18
846.3090435681074,4.572e-18
846.321096504219,4.571e-18
846.3331494403305,4.562e-18
846.3452023764422,4.541e-18
846.3572553125538,4.538e-18
846.3693082486653,4.54e-18
846.381361184777,4.543e-18
846.3934141208886,4.568e-18
846.4054670570001,4.565e-18
846.4175199931117,4.515e-18
846.4295729292234,4.495e-18
846.4416258653349,4.523e-18
846.4536788014465,4.547e-18
846.465731737558,4.544e-18
846.4777846736697,4.531e-18
846.4898376097813,4.534e-18
846.5018905458928,4.545e-18
846.5139434820044,4.54e-18
846.525996418116,4.543e-18
846.5380493542276,4.555e-18
846.5501022903392,4.531e-18
846.5621552264508,4.535e-18
846.5742081625624,4.593e-18
846.586261098674,4.583e-18
846.5983140347855,4.521e-18
846.6103669708972,4.532e-18
846.6224199070087,4.566e-18
846.6344728431203,4.56e-18
846.6465257792319,4.56e-18
846.6585787153435,4.557e-18
846.6706316514551,4.551e-18
846.6826845875667,4.573e-18
846.6947375236783,4.573e-18
846.7067904597899,4.543e-18
846.7188433959014,4.546e-18
846.730896332013,4.545e-18
846.7429492681247,4.508e-18
846.7550022042362,4.512e-18
846.7670551403478,4.573e-18
846.7791080764594,4.602e-18
846.791161012571,4.574e-18
846.8032139486826,4.549e-18
846.8152668847941,4.549e-18
846.8273198209058,4.548e-18
846.8393727570174,4.532e-18
846.8514256931289,4.526e-18
846.8634786292405,4.552e-18
846.8755315653522,4.58e-18
846.8875845014637,4.572e-18
846.8996374375753,4.556e-18
846.9116903736868,4.54e-18
846.9237433097985,4.521e-18
846.9357962459101,4.526e-18
846.9478491820216,4.53e-18
846.9599021181332,4.516e-18
846.9719550542449,4.535e-18
846.9840079903564,4.551e-18
846.996060926468,4.515e-18
847.0081138625796,4.497e-18
847.0201667986912,4.507e-18
847.0322197348028,4.503e-18
847.0442726709143,4.49e-18
847.056325607026,4.468e-18
847.0683785431376,4.466e-18
847.0804314792491,4.503e-18
847.0924844153608,4.521e-18
847.1045373514723,4.503e-18
847.1165902875839,4.464e-18
847.1286432236955,4.429e-18
847.1406961598071,4.458e-18
847.1527490959187,4.488e-18
847.1648020320303,4.445e-18
847.1768549681418,4.431e-18
847.1889079042535,4.446e-18
847.200960840365,4.413e-18
847.2130137764766,4.414e-18
847.2250667125882,4.433e-18
847.2371196486998,4.394e-18
847.2491725848114,4.396e-18
847.261225520923,4.437e-18
847.2732784570346,4.411e-18
847.2853313931462,4.377e-18
847.2973843292577,4.378e-18
847.3094372653693,4.364e-18
847.321490201481,4.355e-18
847.3335431375925,4.369e-18
847.3455960737041,4.381e-18
847.3576490098156,4.367e-18
847.3697019459273,4.33e-18
847.3817548820389,4.321e-18
847.3938078181504,4.343e-18
847.405860754262,4.344e-18
847.4179136903737,4.336e-18
847.4299666264852,4.334e-18
847.4420195625968,4.31e-18
847.4540724987085,4.305e-18
847.46612543482,4.341e-18
847.4781783709316,4.347e-18
847.4902313070431,4.316e-18
847.5022842431548,4.303e-18
847.5143371792664,4.299e-18
847.5263901153779,4.3e-18
847.5384430514896,4.327e-18
847.5504959876012,4.337e-18
847.5625489237127,4.316e-18
847.5746018598243,4.325e-18
847.5866547959359,4.353e-18
847.5987077320475,4.352e-18
847.6107606681591,4.351e-18
847.6228136042706,4.362e-18
847.6348665403823,4.36e-18
847.6469194764938,4.354e-18
847.6589724126054,4.353e-18
847.671025348717,4.371e-18
847.6830782848286,4.386e-18
847.6951312209402,4.356e-18
847.7071841570518,4.338e-18
847.7192370931634,4.364e-18
847.731290029275,4.365e-18
847.7433429653865,4.357e-18
847.7553959014981,4.38e-18
847.7674488376098,4.388e-18
847.7795017737213,4.371e-18
847.7915547098329,4.359e-18
847.8036076459445,4.35e-18
847.8156605820561,4.339e-18
847.8277135181677,4.324e-18
847.8397664542792,4.332e-18
847.8518193903909,4.352e-18
847.8638723265025,4.327e-18
847.875925262614,4.307e-18
847.8879781987256,4.326e-18
847.9000311348373,4.305e-18
847.9120840709488,4.284e-18
847.9241370070604,4.306e-18
847.9361899431719,4.281e-18
847.9482428792836,4.242e-18
847.9602958153952,4.26e-18
847.9723487515067,4.279e-18
847.9844016876184,4.282e-18
847.99645462373,4.275e-18
848.0085075598415,4.246e-18
848.0205604959531,4.233e-18
848.0326134320647,4.222e-18
848.0446663681763,4.204e-18
848.0567193042879,4.22e-18
848.0687722403994,4.23e-18
848.0808251765111,4.22e-18
848.0928781126227,4.223e-18
848.1049310487342,4.19e-18
848.1169839848458,4.145e-18
848.1290369209574,4.135e-18
848.141089857069,4.112e-18
848.1531427931806,4.108e-18
848.1651957292922,4.136e-18
848.1772486654038,4.111e-18
848.1893016015154,4.077e-18
848.2013545376269,4.089e-18
848.2134074737386,4.075e-18
848.2254604098501,4.047e-18
848.2375133459617,4.047e-18
848.2495662820734,4.035e-18
848.2616192181849,4.017e-18
848.2736721542965,4.013e-18
848.285725090408,3.999e-18
848.2977780265197,3.987e-18
848.3098309626313,3.985e-18
848.3218838987428,3.976e-18
848.3339368348544,3.976e-18
848.3459897709661,3.987e-18
848.3580427070776,3.966e-18
848.3700956431892,3.936e-18
848.3821485793007,3.952e-18
848.3942015154124,3.951e-18
848.406254451524,3.896e-18
848.4183073876355,3.904e-18
848.4303603237472,3.966e-18
848.4424132598588,3.958e-18
848.4544661959703,3.947e-18
848.4665191320819,3.976e-18
848.4785720681936,3.96e-18
848.4906250043051,3.958e-18
848.5026779404167,3.979e-18
848.5147308765282,3.937e-18
848.5267838126399,3.932e-18
848.5388367487515,3.97e-18
848.550889684863,3.941e-18
848.5629426209746,3.95e-18
848.5749955570863,4.005e-18
848.5870484931978,3.964e-18
848.5991014293094,3.936e-18
848.611154365421,3.98e-18
848.6232073015326,3.986e-18
848.6352602376442,3.99e-18
848.6473131737557,3.998e-18
848.6593661098674,3.985e-18
848.671419045979,4.027e-18
848.6834719820905,4.04e-18
848.6955249182022,3.995e-18
848.7075778543137,4.043e-18
848.7196307904253,4.088e-18
848.7316837265369,4.047e-18
848.7437366626485,4.078e-18
848.7557895987601,4.116e-18
848.7678425348716,4.092e-18
848.7798954709832,4.135e-18
848.7919484070949,4.173e-18
848.8040013432064,4.14e-18
848.816054279318,4.171e-18
848.8281072154296,4.208e-18
848.8401601515412,4.182e-18
848.8522130876528,4.203e-18
848.8642660237643,4.257e-18
848.876318959876,4.269e-18
848.8883718959876,4.252e-18
848.9004248320991,4.229e-18
848.9124777682107,4.246e-18
848.9245307043224,4.283e-18
848.9365836404339,4.26e-18
848.9486365765455,4.22e-18
848.960689512657,4.203e-18
848.9727424487687,4.184e-18
848.9847953848803,4.188e-18
848.9968483209918,4.201e-18
849.0089012571035,4.199e-18
849.0209541932151,4.212e-18
849.0330071293266,4.217e-18
849.0450600654382,4.194e-18
849.0571130015499,4.17e-18
849.0691659376614,4.143e-18
849.081218873773,4.14e-18
849.0932718098845,4.168e-18
849.1053247459962,4.161e-18
849.1173776821078,4.14e-18
849.1294306182193,4.153e-18
849.141483554331,4.168e-18
849.1535364904425,4.175e-18
849.1655894265541,4.165e-18
849.1776423626657,4.146e-18
849.1896952987773,4.163e-18
849.2017482348889,4.168e-18
849.2138011710005,4.143e-18
849.225854107112,4.159e-18
849.2379070432237,4.171e-18
849.2499599793352,4.147e-18
849.2620129154468,4.158e-18
849.2740658515584,4.166e-18
849.28611878767,4.136e-18
849.2981717237816,4.139e-18
849.3102246598932,4.161e-18
849.3222775960048,4.157e-18
849.3343305321164,4.141e-18
849.3463834682279,4.125e-18
849.3584364043395,4.149e-18
849.3704893404512,4.179e-18
849.3825422765627,4.148e-18
849.3945952126743,4.136e-18
849.406648148786,4.179e-18
849.4187010848975,4.194e-18
849.4307540210091,4.197e-18
849.4428069571206,4.219e-18
849.4548598932323,4.235e-18
849.4669128293439,4.261e-18
849.4789657654554,4.284e-18
849.491018701567,4.289e-18
849.5030716376787,4.305e-18
849.5151245737902,4.324e-18
849.5271775099018,4.355e-18
849.5392304460133,4.387e-18
849.551283382125,4.38e-18
849.5633363182366,4.398e-18
849.5753892543481,4.452e-18
849.5874421904598,4.448e-18
849.5994951265714,4.442e-18
849.6115480626829,4.493e-18
849.6236009987945,4.532e-18
849.6356539349061,4.551e-18
849.6477068710177,4.557e-18
849.6597598071293,4.55e-18
849.6718127432408,4.58e-18
849.6838656793525,4.602e-18
849.695918615464,4.566e-18
849.7079715515756,4.53e-18
849.7200244876872,4.504e-18
849.7320774237988,4.495e-18
849.7441303599104,4.508e-18
849.756183296022,4.481e-18
849.7682362321336,4.458e-18
849.7802891682452,4.468e-18
849.7923421043567,4.423e-18
849.8043950404683,4.367e-18
849.81644797658,4.377e-18
849.8285009126915,4.391e-18
849.8405538488031,4.384e-18
849.8526067849148,4.371e-18
849.8646597210263,4.327e-18
849.8767126571379,4.294e-18
849.8887655932494,4.318e-18
849.9008185293611,4.335e-18
849.9128714654727,4.297e-18
849.9249244015842,4.28e-18
849.9369773376958,4.314e-18
849.9490302738075,4.31e-18
849.961083209919,4.282e-18
849.9731361460306,4.302e-18
849.9851890821421,4.3e-18
849.9972420182538,4.271e-18
850.0092949543654,4.298e-18
850.0213478904769,4.293e-18
850.0334008265886,4.238e-18
850.0454537627002,4.248e-18
850.0575066988117,4.247e-18
850.0695596349233,4.208e-18
850.081612571035,4.23e-18
850.0936655071465,4.238e-18
850.1057184432581,4.192e-18
850.1177713793697,4.195e-18
850.1298243154813,4.221e-18
850.1418772515929,4.229e-18
850.1539301877044,4.239e-18
850.1659831238161,4.22e-18
850.1780360599276,4.18e-18
850.1900889960392,4.156e-18
850.2021419321508,4.152e-18
850.2141948682624,4.16e-18
850.226247804374,4.147e-18
850.2383007404856,4.127e-18
850.2503536765971,4.132e-18
850.2624066127088,4.119e-18
850.2744595488203,4.093e-18
850.2865124849319,4.094e-18
850.2985654210436,4.095e-18
850.3106183571551,4.109e-18
850.3226712932667,4.122e-18
850.3347242293783,4.077e-18
850.3467771654899,4.057e-18
850.3588301016015,4.093e-18
850.370883037713,4.07e-18
850.3829359738246,4.029e-18
850.3949889099363,4.035e-18
850.4070418460478,4.015e-18
850.4190947821594,3.989e-18
850.431147718271,4.007e-18
850.4432006543826,3.994e-18
850.4552535904942,3.954e-18
850.4673065266057,3.973e-18
850.4793594627174,4.001e-18
850.491412398829,3.964e-18
850.5034653349405,3.932e-18
850.5155182710521,3.94e-18
850.5275712071638,3.922e-18
850.5396241432753,3.907e-18
850.5516770793869,3.935e-18
850.5637300154985,3.921e-18
850.5757829516101,3.885e-18
850.5878358877217,3.911e-18
850.5998888238332,3.916e-18
850.6119417599449,3.868e-18
850.6239946960565,3.87e-18
850.636047632168,3.899e-18
850.6481005682796,3.889e-18
850.6601535043912,3.865e-18
850.6722064405028,3.84e-18
850.6842593766144,3.83e-18
850.6963123127259,3.847e-18
850.7083652488376,3.834e-18
850.7204181849492,3.804e-18
850.7324711210607,3.802e-18
850.7445240571724,3.793e-18
850.7565769932839,3.779e-18
850.7686299293955,3.792e-18
850.7806828655071,3.794e-18
850.7927358016187,3.781e-18
850.8047887377303,3.782e-18
850.8168416738419,3.764e-18
850.8288946099534,3.736e-18
850.8409475460651,3.757e-18
850.8530004821766,3.782e-18
850.8650534182882,3.754e-18
850.8771063543999,3.73e-18
850.8891592905114,3.736e-18
850.901212226623,3.733e-18
850.9132651627345,3.74e-18
850.9253180988462,3.748e-18
850.9373710349578,3.724e-18
850.9494239710693,3.717e-18
850.9614769071809,3.73e-18
850.9735298432926,3.719e-18
850.9855827794041,3.72e-18
850.9976357155157,3.731e-18
851.0096886516274,3.709e-18
851.0217415877389,3.709e-18
851.0337945238505,3.732e-18
851.045847459962,3.726e-18
851.0579003960737,3.725e-18
851.0699533321853,3.726e-18
851.0820062682968,3.698e-18
851.0940592044084,3.691e-18
851.10611214052,3.704e-18
851.1181650766316,3.696e-18
851.1302180127432,3.695e-18
851.1422709488547,3.703e-18
851.1543238849664,3.695e-18
851.166376821078,3.691e-18
851.1784297571895,3.689e-18
851.1904826933012,3.672e-18
851.2025356294128,3.653e-18
851.2145885655243,3.65e-18
851.2266415016359,3.661e-18
851.2386944377475,3.661e-18
851.2507473738591,3.651e-18
851.2628003099707,3.645e-18
851.2748532460823,3.625e-18
851.2869061821939,3.611e-18
851.2989591183054,3.624e-18
851.311012054417,3.621e-18
851.3230649905287,3.606e-18
851.3351179266402,3.609e-18
851.3471708627518,3.595e-18
851.3592237988634,3.575e-18
851.371276734975,3.589e-18
851.3833296710866,3.593e-18
851.3953826071981,3.563e-18
851.4074355433097,3.53e-18
851.4194884794214,3.507e-18
851.4315414155329,3.5e-18
851.4435943516445,3.503e-18
851.4556472877562,3.494e-18
851.4677002238677,3.47e-18
851.4797531599793,3.457e-18
851.4918060960908,3.456e-18
851.5038590322025,3.441e-18
851.5159119683141,3.42e-18
851.5279649044256,3.432e-18
851.5400178405372,3.432e-18
851.5520707766489,3.389e-18
851.5641237127604,3.374e-18
851.576176648872,3.385e-18
851.5882295849835,3.367e-18
851.6002825210952,3.353e-18
851.6123354572068,3.344e-18
851.6243883933183,3.318e-18
851.63644132943,3.318e-18
851.6484942655416,3.324e-18
851.6605472016531,3.298e-18
851.6726001377647,3.278e-18
851.6846530738763,3.265e-18
851.6967060099879,3.246e-18
851.7087589460995,3.242e-18
851.7208118822111,3.234e-18
851.7328648183227,3.219e-18
851.7449177544343,3.21e-18
851.7569706905458,3.197e-18
851.7690236266575,3.188e-18
851.781076562769,3.187e-18
851.7931294988806,3.175e-18
851.8051824349922,3.169e-18
851.8172353711038,3.155e-18
851.8292883072154,3.115e-18
851.841341243327,3.106e-18
851.8533941794385,3.115e-18
851.8654471155502,3.086e-18
851.8775000516617,3.066e-18
851.8895529877733,3.074e-18
851.901605923885,3.06e-18
851.9136588599965,3.045e-18
851.9257117961081,3.051e-18
851.9377647322196,3.039e-18
851.9498176683313,3.017e-18
851.9618706044429,3.011e-18
851.9739235405544,3.002e-18
851.985976476666,2.989e-18
851.9980294127777,2.987e-18
852.0100823488892,2.977e-18
852.0221352850008,2.955e-18
852.0341882211125,2.942e-18
852.046241157224,2.935e-18
852.0582940933356,2.926e-18
852.0703470294471,2.926e-18
852.0823999655588,2.931e-18
852.0944529016704,2.918e-18
852.1065058377819,2.902e-18
852.1185587738935,2.899e-18
852.1306117100052,2.886e-18
852.1426646461167,2.864e-18
852.1547175822283,2.864e-18
852.16677051834,2.863e-18
852.1788234544515,2.84e-18
852.1908763905631,2.826e-18
852.2029293266746,2.822e-18
852.2149822627863,2.804e-18
852.2270351988979,2.791e-18
852.2390881350094,2.797e-18
852.251141071121,2.793e-18
852.2631940072326,2.774e-18
852.2752469433442,2.757e-18
852.2872998794558,2.743e-18
852.2993528155673,2.733e-18
852.311405751679,2.731e-18
852.3234586877905,2.725e-18
852.3355116239021,2.711e-18
852.3475645600138,2.704e-18
852.3596174961253,2.702e-18
852.3716704322369,2.69e-18
852.3837233683485,2.677e-18
852.3957763044601,2.674e-18
852.4078292405717,2.661e-18
852.4198821766832,2.645e-18
852.4319351127949,2.648e-18
852.4439880489065,2.637e-18
852.456040985018,2.617e-18
852.4680939211296,2.621e-18
852.4801468572413,2.612e-18
852.4921997933528,2.586e-18
852.5042527294644,2.582e-18
852.5163056655759,2.58e-18
852.5283586016876,2.57e-18
852.5404115377992,2.569e-18
852.5524644739107,2.555e-18
852.5645174100223,2.541e-18
852.576570346134,2.544e-18
852.5886232822455,2.529e-18
852.6006762183571,2.517e-18
852.6127291544688,2.524e-18
852.6247820905803,2.513e-18
852.6368350266919,2.5e-18
852.6488879628034,2.496e-18
852.6609408989151,2.482e-18
852.6729938350267,2.48e-18
852.6850467711382,2.478e-18
852.6970997072498,2.454e-18
852.7091526433614,2.451e-18
852.721205579473,2.467e-18
852.7332585155846,2.456e-18
852.7453114516961,2.434e-18
852.7573643878078,2.423e-18
852.7694173239194,2.422e-18
852.7814702600309,2.417e-18
852.7935231961426,2.397e-18
852.8055761322541,2.388e-18
852.8176290683657,2.396e-18
852.8296820044773,2.388e-18
852.8417349405889,2.37e-18
852.8537878767005,2.361e-18
852.865840812812,2.355e-18
852.8778937489237,2.349e-18
852.8899466850353,2.339e-18
852.9019996211468,2.331e-18
852.9140525572584,2.331e-18
852.9261054933701,2.32e-18
852.9381584294816,2.303e-18
852.9502113655932,2.299e-18
852.9622643017047,2.299e-18
852.9743172378164,2.295e-18
852.986370173928,2.286e-18
852.9984231100395,2.274e-18
853.0104760461511,2.272e-18
853.0225289822628,2.265e-18
853.0345819183743,2.251e-18
853.0466348544859,2.246e-18
853.0586877905976,2.244e-18
853.0707407267091,2.238e-18
853.0827936628207,2.226e-18
853.0948465989322,2.209e-18
853.1068995350439,2.207e-18
853.1189524711555,2.209e-18
853.131005407267,2.195e-18
853.1430583433786,2.197e-18
853.1551112794903,2.205e-18
853.1671642156018,2.187e-18
853.1792171517134,2.17e-18
853.191270087825,2.167e-18
853.2033230239366,2.156e-18
853.2153759600482,2.146e-18
853.2274288961597,2.139e-18
853.2394818322714,2.13e-18
853.251534768383,2.132e-18
853.2635877044945,2.132e-18
853.2756406406061,2.117e-18
853.2876935767177,2.097e-18
853.2997465128293,2.087e-18
853.3117994489409,2.089e-18
853.3238523850525,2.089e-18
853.3359053211641,2.085e-18
853.3479582572756,2.086e-18
853.3600111933872,2.079e-18
853.3720641294989,2.061e-18
853.3841170656104,2.051e-18
853.396170001722,2.05e-18
853.4082229378336,2.048e-18
853.4202758739452,2.041e-18
853.4323288100568,2.034e-18
853.4443817461683,2.032e-18
853.4564346822799,2.02e-18
853.4684876183916,2.005e-18
853.4805405545031,2.014e-18
853.4925934906147,2.013e-18
853.5046464267264,1.992e-18
853.5166993628379,1.987e-18
853.5287522989495,1.985e-18
853.540805235061,1.972e-18
853.5528581711727,1.969e-18
853.5649111072843,1.963e-18
853.5769640433958,1.952e-18
853.5890169795075,1.949e-18
853.6010699156191,1.942e-18
853.6131228517306,1.931e-18
853.6251757878422,1.925e-18
853.6372287239539,1.92e-18
853.6492816600654,1.925e-18
853.661334596177,1.925e-18
853.6733875322885,1.904e-18
853.6854404684002,1.898e-18
853.6974934045118,1.908e-18
853.7095463406233,1.899e-18
853.7215992767349,1.882e-18
853.7336522128466,1.881e-18
853.7457051489581,1.883e-18
853.7577580850697,1.874e-18
853.7698110211813,1.859e-18
853.7818639572929,1.851e-18
853.7939168934045,1.854e-18
853.805969829516,1.848e-18
853.8180227656277,1.832e-18
853.8300757017392,1.827e-18
853.8421286378508,1.835e-18
853.8541815739624,1.829e-18
853.866234510074,1.813e-18
853.8782874461856,1.81e-18
853.8903403822972,1.805e-18
853.9023933184087,1.792e-18
853.9144462545204,1.792e-18
853.926499190632,1.79e-18
853.9385521267435,1.775e-18
853.9506050628552,1.772e-18
853.9626579989667,1.774e-18
853.9747109350783,1.764e-18
853.9867638711899,1.758e-18
853.9988168073015,1.751e-18
854.0108697434131,1.744e-18
854.0229226795246,1.75e-18
854.0349756156363,1.747e-18
854.0470285517479,1.733e-18
854.0590814878594,1.731e-18
854.071134423971,1.731e-18
854.0831873600827,1.72e-18
854.0952402961942,1.717e-18
854.1072932323058,1.718e-18
854.1193461684173,1.706e-18
854.131399104529,1.697e-18
854.1434520406406,1.695e-18
854.1555049767521,1.69e-18
854.1675579128637,1.683e-18
854.1796108489754,1.674e-18
854.1916637850869,1.67e-18
854.2037167211985,1.666e-18
854.2157696573101,1.656e-18
854.2278225934217,1.651e-18
854.2398755295333,1.655e-18
854.2519284656448,1.649e-18
854.2639814017565,1.638e-18
854.276034337868,1.636e-18
854.2880872739796,1.628e-18
854.3001402100912,1.616e-18
854.3121931462028,1.615e-18
854.3242460823144,1.609e-18
854.336299018426,1.601e-18
854.3483519545376,1.606e-18
854.3604048906492,1.599e-18
854.3724578267608,1.592e-18
854.3845107628723,1.599e-18
854.396563698984,1.591e-18
854.4086166350955,1.576e-18
854.4206695712071,1.574e-18
854.4327225073187,1.564e-18
854.4447754434303,1.563e-18
854.4568283795419,1.572e-18
854.4688813156534,1.556e-18
854.4809342517651,1.545e-18
854.4929871878767,1.556e-18
854.5050401239882,1.541e-18
854.5170930600998,1.521e-18
854.5291459962115,1.527e-18
854.541198932323,1.525e-18
854.5532518684346,1.515e-18
854.5653048045461,1.517e-18
854.5773577406578,1.516e-18
854.5894106767694,1.505e-18
854.6014636128809,1.5e-18
854.6135165489925,1.494e-18
854.6255694851042,1.484e-18
854.6376224212157,1.479e-18
854.6496753573273,1.481e-18
854.661728293439,1.474e-18
854.6737812295505,1.467e-18
854.6858341656621,1.471e-18
854.6978871017736,1.464e-18
854.7099400378853,1.447e-18
854.7219929739969,1.445e-18
854.7340459101084,1.446e-18
854.7460988462201,1.44e-18
854.7581517823317,1.444e-18
854.7702047184432,1.446e-18
854.7822576545548,1.437e-18
854.7943105906664,1.428e-18
854.806363526778,1.423e-18
854.8184164628896,1.423e-18
854.8304693990011,1.421e-18
854.8425223351128,1.407e-18
854.8545752712243,1.4e-18
854.8666282073359,1.405e-18
854.8786811434475,1.399e-18
854.8907340795591,1.39e-18
854.9027870156707,1.392e-18
854.9148399517823,1.392e-18
854.9268928878939,1.384e-18
854.9389458240055,1.375e-18
854.950998760117,1.369e-18
854.9630516962286,1.361e-18
854.9751046323403,1.35e-18
854.9871575684518,1.352e-18
854.9992105045634,1.353e-18
855.011263440675,1.341e-18
855.0233163767866,1.337e-18
855.0353693128982,1.343e-18
855.0474222490097,1.337e-18
855.0594751851213,1.326e-18
855.071528121233,1.324e-18
855.0835810573445,1.323e-18
855.0956339934561,1.32e-18
855.1076869295678,1.318e-18
855.1197398656793,1.313e-18
855.1317928017909,1.308e-18
855.1438457379024,1.306e-18
855.1558986740141,1.299e-18
855.1679516101257,1.291e-18
855.1800045462372,1.29e-18
855.1920574823489,1.286e-18
855.2041104184605,1.28e-18
855.216163354572,1.276e-18
855.2282162906836,1.269e-18
855.2402692267952,1.268e-18
855.2523221629068,1.272e-18
855.2643750990184,1.266e-18
855.2764280351299,1.258e-18
855.2884809712416,1.255e-18
855.3005339073532,1.249e-18
855.3125868434647,1.244e-18
855.3246397795763,1.24e-18
855.336692715688,1.231e-18
855.3487456517995,1.228e-18
855.3607985879111,1.232e-18
855.3728515240227,1.225e-18
855.3849044601343,1.215e-18
855.3969573962459,1.215e-18
855.4090103323574,1.217e-18
855.4210632684691,1.211e-18
855.4331162045806,1.2e-18
855.4451691406922,1.201e-18
855.4572220768038,1.203e-18
855.4692750129154,1.193e-18
855.481327949027,1.187e-18
855.4933808851385,1.188e-18
855.5054338212502,1.184e-18
855.5174867573618,1.183e-18
855.5295396934733,1.183e-18
855.5415926295849,1.172e-18
855.5536455656966,1.168e-18
855.5656985018081,1.166e-18
855.5777514379197,1.157e-18
855.5898043740312,1.153e-18
855.6018573101429,1.152e-18
855.6139102462545,1.147e-18
855.625963182366,1.146e-18
855.6380161184777,1.143e-18
855.6500690545893,1.135e-18
855.6621219907008,1.131e-18
855.6741749268124,1.131e-18
855.686227862924,1.132e-18
855.6982807990356,1.126e-18
855.7103337351472,1.116e-18
855.7223866712587,1.118e-18
855.7344396073704,1.119e-18
855.746492543482,1.113e-18
855.7585454795935,1.112e-18
855.7705984157051,1.107e-18
855.7826513518168,1.099e-18
855.7947042879283,1.102e-18
855.8067572240399,1.101e-18
855.8188101601515,1.093e-18
855.8308630962631,1.089e-18
855.8429160323747,1.085e-18
855.8549689684862,1.078e-18
855.8670219045979,1.077e-18
855.8790748407094,1.073e-18
855.891127776821,1.065e-18
855.9031807129327,1.062e-18
855.9152336490442,1.06e-18
855.9272865851558,1.056e-18
855.9393395212674,1.052e-18
855.951392457379,1.05e-18
855.9634453934906,1.045e-18
855.9754983296021,1.037e-18
855.9875512657137,1.039e-18
855.9996042018254,1.039e-18
856.0116571379369,1.026e-18
856.0237100740485,1.023e-18
856.03576301016,1.023e-18
856.0478159462717,1.017e-18
856.0598688823833,1.018e-18
856.0719218184948,1.018e-18
856.0839747546065,1.005e-18
856.0960276907181,1.005e-18
856.1080806268296,1.011e-18
856.1201335629412,1.003e-18
856.1321864990529,9.998e-19
856.1442394351644,1.003e-18
856.156292371276,9.985e-19
856.1683453073875,9.905e-19
856.1803982434992,9.855e-19
856.1924511796108,9.839e-19
856.2045041157223,9.807e-19
856.2165570518339,9.747e-19
856.2286099879456,9.745e-19
856.2406629240571,9.746e-19
856.2527158601687,9.661e-19
856.2647687962804,9.614e-19
856.2768217323919,9.641e-19
856.2888746685035,9.615e-19
856.300927604615,9.525e-19
856.3129805407267,9.471e-19
856.3250334768383,9.471e-19
856.3370864129498,9.429e-19
856.3491393490615,9.359e-19
856.361192285173,9.385e-19
856.3732452212846,9.419e-19
856.3852981573962,9.34e-19
856.3973510935078,9.247e-19
856.4094040296194,9.216e-19
856.421456965731,9.241e-19
856.4335099018425,9.266e-19
856.4455628379542,9.178e-19
856.4576157740657,9.101e-19
856.4696687101773,9.165e-19
856.4817216462889,9.17e-19
856.4937745824005,9.094e-19
856.5058275185121,9.119e-19
856.5178804546237,9.134e-19
856.5299333907353,9.064e-19
856.5419863268469,9.031e-19
856.5540392629584,8.996e-19
856.56609219907,8.922e-19
856.5781451351817,8.882e-19
856.5901980712932,8.839e-19
856.6022510074048,8.786e-19
856.6143039435165,8.762e-19
856.626356879628,8.717e-19
856.6384098157396,8.67e-19
856.6504627518511,8.66e-19
856.6625156879628,8.609e-19
856.6745686240744,8.535e-19
856.6866215601859,8.519e-19
856.6986744962975,8.5e-19
856.7107274324092,8.444e-19
856.7227803685207,8.423e-19
856.7348333046323,8.434e-19
856.7468862407438,8.45e-19
856.7589391768555,8.449e-19
856.7709921129671,8.379e-19
856.7830450490786,8.312e-19
856.7950979851903,8.335e-19
856.8071509213019,8.369e-19
856.8192038574134,8.364e-19
856.831256793525,8.349e-19
856.8433097296366,8.298e-19
856.8553626657482,8.242e-19
856.8674156018598,8.218e-19
856.8794685379713,8.163e-19
856.891521474083,8.105e-19
856.9035744101946,8.111e-19
856.9156273463061,8.108e-19
856.9276802824177,8.056e-19
856.9397332185293,8.014e-19
856.9517861546409,7.986e-19
856.9638390907525,7.972e-19
856.9758920268641,7.956e-19
856.9879449629757,7.893e-19
856.9999978990872,7.863e-19
857.0120508351988,7.913e-19
857.0241037713105,7.879e-19
857.036156707422,7.742e-19
857.0482096435336,7.711e-19
857.0602625796453,7.769e-19
857.0723155157568,7.744e-19
857.0843684518684,7.666e-19
857.09642138798,7.63e-19
857.1084743240916,7.631e-19
857.1205272602032,7.633e-19
857.1325801963147,7.601e-19
857.1446331324263,7.581e-19
857.156686068538,7.608e-19
857.1687390046495,7.582e-19
857.1807919407611,7.501e-19
857.1928448768726,7.477e-19
857.2048978129843,7.481e-19
857.2169507490959,7.458e-19
857.2290036852074,7.44e-19
857.2410566213191,7.421e-19
857.2531095574307,7.384e-19
857.2651624935422,7.326e-19
857.2772154296538,7.283e-19
857.2892683657655,7.31e-19
857.301321301877,7.313e-19
857.3133742379886,7.229e-19
857.3254271741001,7.18e-19
857.3374801102118,7.182e-19
857.3495330463234,7.153e-19
857.3615859824349,7.094e-19
857.3736389185466,7.038e-19
857.3856918546581,7.042e-19
857.3977447907697,7.07e-19
857.4097977268813,7.021e-19
857.4218506629929,6.98e-19
857.4339035991045,6.996e-19
857.445956535216,6.973e-19
857.4580094713276,6.965e-19
857.4700624074393,6.97e-19
857.4821153435508,6.897e-19
857.4941682796624,6.883e-19
857.5062212157741,6.928e-19
857.5182741518856,6.862e-19
857.5303270879972,6.805e-19
857.5423800241088,6.835e-19
857.5544329602204,6.817e-19
857.566485896332,6.792e-19
857.5785388324435,6.771e-19
857.5905917685551,6.68e-19
857.6026447046668,6.647e-19
857.6146976407783,6.667e-19
857.6267505768899,6.574e-19
857.6388035130014,6.501e-19
857.6508564491131,6.555e-19
857.6629093852247,6.564e-19
857.6749623213362,6.508e-19
857.6870152574479,6.477e-19
857.6990681935595,6.44e-19
857.711121129671,6.433e-19
857.7231740657826,6.451e-19
857.7352270018943,6.374e-19
857.7472799380058,6.296e-19
857.7593328741174,6.322e-19
857.771385810229,6.301e-19
857.7834387463406,6.231e-19
857.7954916824522,6.235e-19
857.8075446185637,6.249e-19
857.8195975546754,6.242e-19
857.831650490787,6.233e-19
857.8437034268985,6.195e-19
857.8557563630101,6.206e-19
857.8678092991217,6.25e-19
857.8798622352333,6.198e-19
857.8919151713449,6.134e-19
857.9039681074564,6.121e-19
857.9160210435681,6.091e-19
857.9280739796797,6.096e-19
857.9401269157912,6.095e-19
857.9521798519029,5.998e-19
857.9642327880144,5.955e-19
857.976285724126,5.999e-19
857.9883386602376,5.974e-19
858.0003915963492,5.928e-19
858.0124445324608,5.93e-19
858.0244974685723,5.914e-19
858.0365504046839,5.879e-19
858.0486033407956,5.844e-19
858.0606562769071,5.799e-19
858.0727092130187,5.79e-19
858.0847621491303,5.812e-19
858.0968150852419,5.786e-19
858.1088680213535,5.711e-19
858.120920957465,5.66e-19
858.1329738935767,5.679e-19
858.1450268296883,5.746e-19
858.1570797657998,5.753e-19
858.1691327019114,5.641e-19
858.1811856380231,5.576e-19
858.1932385741346,5.648e-19
858.2052915102462,5.672e-19
858.2173444463579,5.618e-19
858.2293973824694,5.599e-19
858.241450318581,5.587e-19
858.2535032546925,5.592e-19
858.2655561908042,5.594e-19
858.2776091269158,5.509e-19
858.2896620630273,5.468e-19
858.3017149991389,5.502e-19
858.3137679352506,5.451e-19
858.3258208713621,5.391e-19
858.3378738074737,5.375e-19
858.3499267435852,5.336e-19
858.3619796796969,5.36e-19
858.3740326158085,5.377e-19
858.38608555192,5.288e-19
858.3981384880317,5.239e-19
858.4101914241432,5.218e-19
858.4222443602548,5.179e-19
858.4342972963664,5.194e-19
858.446350232478,5.18e-19
858.4584031685896,5.163e-19
858.4704561047012,5.21e-19
858.4825090408127,5.16e-19
858.4945619769244,5.08e-19
858.506614913036,5.119e-19
858.5186678491475,5.135e-19
858.5307207852592,5.096e-19
858.5427737213707,5.058e-19
858.5548266574823,5.009e-19
858.5668795935939,5.032e-19
858.5789325297055,5.065e-19
858.5909854658171,5.014e-19
858.6030384019286,4.986e-19
858.6150913380402,4.977e-19
858.6271442741519,4.987e-19
858.6391972102634,5.027e-19
858.651250146375,4.947e-19
858.6633030824867,4.863e-19
858.6753560185982,4.917e-19
858.6874089547098,4.912e-19
858.6994618908213,4.869e-19
858.711514826933,4.859e-19
858.7235677630446,4.787e-19
858.7356206991561,4.825e-19
858.7476736352677,4.904e-19
858.7597265713794,4.748e-19
858.7717795074909,4.654e-19
858.7838324436025,4.782e-19
858.795885379714,4.782e-19
858.8079383158257,4.657e-19
858.8199912519373,4.613e-19
858.8320441880488,4.623e-19
858.8440971241605,4.646e-19
858.8561500602721,4.645e-19
858.8682029963836,4.618e-19
858.8802559324952,4.618e-19
858.8923088686068,4.607e-19
858.9043618047184,4.591e-19
858.91641474083,4.591e-19
858.9284676769416,4.561e-19
858.9405206130532,4.558e-19
858.9525735491648,4.598e-19
858.9646264852763,4.569e-19
858.976679421388,4.489e-19
858.9887323574995,4.441e-19
859.0007852936111,4.44e-19
859.0128382297227,4.448e-19
859.0248911658343,4.41e-19
859.0369441019459,4.378e-19
859.0489970380575,4.387e-19
859.061049974169,4.356e-19
859.0731029102807,4.311e-19
859.0851558463922,4.316e-19
859.0972087825038,4.31e-19
859.1092617186155,4.281e-19
859.121314654727,4.268e-19
859.1333675908386,4.259e-19
859.1454205269501,4.252e-19
859.1574734630618,4.253e-19
859.1695263991734,4.239e-19
859.1815793352849,4.215e-19
859.1936322713965,4.223e-19
859.2056852075082,4.246e-19
859.2177381436197,4.204e-19
859.2297910797313,4.14e-19
859.2418440158428,4.138e-19
859.2538969519545,4.123e-19
859.2659498880661,4.105e-19
859.2780028241776,4.15e-19
859.2900557602893,4.129e-19
859.3021086964009,4.059e-19
859.3141616325124,4.062e-19
859.326214568624,4.05e-19
859.3382675047357,4.036e-19
859.3503204408472,4.048e-19
859.3623733769588,3.961e-19
859.3744263130704,3.922e-19
859.386479249182,4.016e-19
859.3985321852936,3.978e-19
859.4105851214051,3.875e-19
859.4226380575168,3.911e-19
859.4346909936284,3.918e-19
859.4467439297399,3.853e-19
859.4587968658515,3.826e-19
859.4708498019631,3.807e-19
859.4829027380747,3.826e-19
859.4949556741863,3.858e-19
859.5070086102978,3.802e-19
859.5190615464095,3.771e-19
859.531114482521,3.814e-19
859.5431674186326,3.791e-19
859.5552203547443,3.723e-19
859.5672732908558,3.706e-19
859.5793262269674,3.717e-19
859.591379163079,3.721e-19
859.6034320991906,3.708e-19
859.6154850353022,3.672e-19
859.6275379714137,3.635e-19
859.6395909075253,3.646e-19
859.651643843637,3.705e-19
859.6636967797485,3.702e-19
859.6757497158601,3.626e-19
859.6878026519718,3.617e-19
859.6998555880833,3.654e-19
859.7119085241949,3.657e-19
859.7239614603064,3.638e-19
859.7360143964181,3.57e-19
859.7480673325297,3.529e-19
859.7601202686412,3.603e-19
859.7721732047528,3.608e-19
859.7842261408645,3.515e-19
859.796279076976,3.523e-19
859.8083320130876,3.551e-19
859.8203849491993,3.493e-19
859.8324378853108,3.469e-19
859.8444908214224,3.486e-19
859.8565437575339,3.49e-19
859.8685966936456,3.485e-19
859.8806496297572,3.452e-19
859.8927025658687,3.448e-19
859.9047555019803,3.485e-19
859.916808438092,3.467e-19
859.9288613742035,3.415e-19
859.9409143103151,3.367e-19
859.9529672464266,3.329e-19
859.9650201825383,3.362e-19
859.9770731186499,3.368e-19
859.9891260547614,3.298e-19
860.0011789908731,3.295e-19
860.0132319269846,3.301e-19
860.0252848630962,3.254e-19
860.0373377992078,3.275e-19
860.0493907353194,3.277e-19
860.061443671431,3.201e-19
860.0734966075426,3.199e-19
860.0855495436542,3.216e-19
860.0976024797658,3.155e-19
860.1096554158773,3.118e-19
860.1217083519889,3.128e-19
860.1337612881006,3.137e-19
860.1458142242121,3.125e-19
860.1578671603237,3.082e-19
860.1699200964352,3.082e-19
860.1819730325469,3.138e-19
860.1940259686585,3.141e-19
860.20607890477,3.084e-19
860.2181318408816,3.072e-19
860.2301847769933,3.127e-19
860.2422377131048,3.123e-19
860.2542906492164,3.028e-19
860.2663435853281,3.01e-19
860.2783965214396,3.055e-19
860.2904494575512,3.029e-19
860.3025023936627,3.017e-19
860.3145553297744,3.028e-19
860.326608265886,2.993e-19
860.3386612019975,3.013e-19
860.3507141381091,3.028e-19
860.3627670742208,2.955e-19
860.3748200103323,2.945e-19
860.3868729464439,2.966e-19
860.3989258825554,2.931e-19
860.4109788186671,2.937e-19
860.4230317547787,2.938e-19
860.4350846908902,2.888e-19
860.4471376270019,2.893e-19
860.4591905631135,2.926e-19
860.471243499225,2.904e-19
860.4832964353366,2.83e-19
860.4953493714482,2.79e-19
860.5074023075598,2.845e-19
860.5194552436714,2.858e-19
860.531508179783,2.8e-19
860.5435611158946,2.828e-19
860.5556140520061,2.86e-19
860.5676669881177,2.804e-19
860.5797199242294,2.77e-19
860.5917728603409,2.755e-19
860.6038257964525,2.787e-19
860.615878732564,2.854e-19
860.6279316686757,2.792e-19
860.6399846047873,2.71e-19
860.6520375408988,2.748e-19
860.6640904770104,2.761e-19
860.6761434131221,2.754e-19
860.6881963492336,2.738e-19
860.7002492853452,2.647e-19
860.7123022214569,2.638e-19
860.7243551575684,2.69e-19
860.73640809368,2.638e-19
860.7484610297915,2.609e-19
860.7605139659032,2.615e-19
860.7725669020148,2.563e-19
860.7846198381263,2.554e-19
860.7966727742379,2.559e-19
860.8087257103496,2.532e-19
860.8207786464611,2.573e-19
860.8328315825727,2.599e-19
860.8448845186844,2.542e-19
860.8569374547959,2.526e-19
860.8689903909075,2.555e-19
860.881043327019,2.566e-19
860.8930962631307,2.555e-19
860.9051491992423,2.544e-19
860.9172021353538,2.569e-19
860.9292550714654,2.577e-19
860.941308007577,2.533e-19
860.9533609436886,2.513e-19
860.9654138798002,2.515e-19
860.9774668159118,2.499e-19
860.9895197520234,2.497e-19
861.001572688135,2.494e-19
861.0136256242465,2.448e-19
861.0256785603582,2.4e-19
861.0377314964697,2.417e-19
861.0497844325813,2.449e-19
861.0618373686929,2.402e-19
861.0738903048045,2.359e-19
861.0859432409161,2.401e-19
861.0979961770277,2.399e-19
861.1100491131392,2.336e-19
861.1221020492509,2.311e-19
861.1341549853624,2.295e-19
861.146207921474,2.302e-19
861.1582608575857,2.329e-19
861.1703137936972,2.272e-19
861.1823667298088,2.216e-19
861.1944196659203,2.264e-19
861.206472602032,2.278e-19
861.2185255381436,2.219e-19
861.2305784742551,2.219e-19
861.2426314103668,2.274e-19
861.2546843464784,2.282e-19
861.2667372825899,2.239e-19
861.2787902187015,2.236e-19
861.2908431548132,2.277e-19
861.3028960909247,2.264e-19
861.3149490270363,2.226e-19
861.3270019631478,2.234e-19
861.3390548992595,2.233e-19
861.3511078353711,2.198e-19
861.3631607714826,2.194e-19
861.3752137075942,2.213e-19
861.3872666437059,2.201e-19
861.3993195798174,2.175e-19
861.411372515929,2.185e-19
861.4234254520406,2.199e-19
861.4354783881522,2.168e-19
861.4475313242638,2.132e-19
861.4595842603753,2.125e-19
861.471637196487,2.12e-19
861.4836901325986,2.105e-19
861.4957430687101,2.072e-19
861.5077960048217,2.058e-19
861.5198489409333,2.093e-19
861.5319018770449,2.101e-19
861.5439548131565,2.063e-19
861.556007749268,2.072e-19
861.5680606853797,2.112e-19
861.5801136214913,2.106e-19
861.5921665576028,2.074e-19
861.6042194937145,2.048e-19
861.616272429826,2.041e-19
861.6283253659376,2.073e-19
861.6403783020492,2.093e-19
861.6524312381608,2.044e-19
861.6644841742724,2e-19
861.676537110384,2.025e-19
861.6885900464956,2.035e-19
861.7006429826072,2.009e-19
861.7126959187187,2.013e-19
861.7247488548303,1.987e-19
861.736801790942,1.949e-19
861.7488547270535,1.984e-19
861.7609076631651,1.946e-19
861.7729605992766,1.825e-19
861.7850135353883,1.852e-19
861.7970664714999,1.917e-19
861.8091194076114,1.845e-19
861.821172343723,1.807e-19
861.8332252798347,1.857e-19
861.8452782159462,1.898e-19
861.8573311520578,1.91e-19
861.8693840881695,1.842e-19
861.881437024281,1.778e-19
861.8934899603926,1.862e-19
861.9055428965041,1.92e-19
861.9175958326158,1.836e-19
861.9296487687274,1.805e-19
861.9417017048389,1.865e-19
861.9537546409505,1.867e-19
861.9658075770622,1.807e-19
861.9778605131737,1.777e-19
861.9899134492853,1.815e-19
862.0019663853969,1.868e-19
862.0140193215085,1.857e-19
862.0260722576201,1.807e-19
862.0381251937316,1.793e-19
862.0501781298433,1.809e-19
862.0622310659548,1.807e-19
862.0742840020664,1.786e-19
862.086336938178,1.776e-19
862.0983898742896,1.773e-19
862.1104428104012,1.762e-19
862.1224957465128,1.754e-19
862.1345486826244,1.732e-19
862.146601618736,1.691e-19
862.1586545548475,1.703e-19
862.1707074909591,1.754e-19
862.1827604270708,1.726e-19
862.1948133631823,1.664e-19
862.2068662992939,1.69e-19
862.2189192354055,1.735e-19
862.2309721715171,1.703e-19
862.2430251076287,1.657e-19
862.2550780437402,1.651e-19
862.2671309798518,1.667e-19
862.2791839159635,1.7e-19
862.291236852075,1.705e-19
862.3032897881866,1.673e-19
862.3153427242983,1.673e-19
862.3273956604098,1.691e-19
862.3394485965214,1.685e-19
862.3515015326329,1.687e-19
862.3635544687446,1.682e-19
862.3756074048562,1.663e-19
862.3876603409677,1.673e-19
862.3997132770794,1.661e-19
862.411766213191,1.598e-19
862.4238191493025,1.569e-19
862.4358720854141,1.575e-19
862.4479250215257,1.557e-19
862.4599779576373,1.53e-19
862.4720308937489,1.507e-19
862.4840838298604,1.5e-19
862.4961367659721,1.513e-19
862.5081897020837,1.509e-19
862.5202426381952,1.485e-19
862.5322955743068,1.487e-19
862.5443485104184,1.507e-19
862.55640144653,1.51e-19
862.5684543826416,1.492e-19
862.5805073187532,1.475e-19
862.5925602548648,1.49e-19
862.6046131909764,1.514e-19
862.6166661270879,1.506e-19
862.6287190631996,1.503e-19
862.6407719993111,1.535e-19
862.6528249354227,1.538e-19
862.6648778715343,1.513e-19
862.6769308076459,1.519e-19
862.6889837437575,1.524e-19
862.701036679869,1.515e-19
862.7130896159807,1.515e-19
862.7251425520923,1.466e-19
862.7371954882038,1.405e-19
862.7492484243154,1.439e-19
862.7613013604271,1.488e-19
862.7733542965386,1.475e-19
862.7854072326502,1.461e-19
862.7974601687617,1.445e-19
862.8095131048734,1.419e-19
862.821566040985,1.418e-19
862.8336189770965,1.405e-19
862.8456719132082,1.385e-19
862.8577248493198,1.417e-19
862.8697777854313,1.437e-19
862.8818307215429,1.352e-19
862.8938836576546,1.262e-19
862.9059365937661,1.305e-19
862.9179895298777,1.375e-19
862.9300424659892,1.344e-19
862.9420954021009,1.326e-19
862.9541483382125,1.366e-19
862.966201274324,1.355e-19
862.9782542104356,1.342e-19
862.9903071465473,1.345e-19
863.0023600826588,1.296e-19
863.0144130187704,1.293e-19
863.026465954882,1.345e-19
863.0385188909936,1.336e-19
863.0505718271052,1.333e-19
863.0626247632167,1.363e-19
863.0746776993284,1.355e-19
863.08673063544,1.341e-19
863.0987835715515,1.315e-19
863.1108365076632,1.271e-19
863.1228894437747,1.289e-19
863.1349423798863,1.339e-19
863.1469953159979,1.332e-19
863.1590482521095,1.275e-19
863.1711011882211,1.248e-19
863.1831541243326,1.294e-19
863.1952070604442,1.285e-19
863.2072599965559,1.186e-19
863.2193129326674,1.189e-19
863.231365868779,1.266e-19
863.2434188048906,1.259e-19
863.2554717410022,1.224e-19
863.2675246771138,1.213e-19
863.2795776132253,1.218e-19
863.291630549337,1.248e-19
863.3036834854486,1.248e-19
863.3157364215601,1.247e-19
863.3277893576717,1.289e-19
863.3398422937834,1.284e-19
863.3518952298949,1.241e-19
863.3639481660065,1.226e-19
863.376001102118,1.223e-19
863.3880540382297,1.239e-19
863.4001069743413,1.24e-19
863.4121599104528,1.216e-19
863.4242128465644,1.221e-19
863.4362657826761,1.195e-19
863.4483187187876,1.153e-19
863.4603716548992,1.184e-19
863.4724245910108,1.191e-19
863.4844775271224,1.153e-19
863.496530463234,1.147e-19
863.5085833993455,1.125e-19
863.5206363354572,1.126e-19
863.5326892715688,1.141e-19
863.5447422076803,1.075e-19
863.556795143792,1.061e-19
863.5688480799035,1.132e-19
863.5809010160151,1.125e-19
863.5929539521267,1.101e-19
863.6050068882383,1.125e-19
863.6170598243499,1.126e-19
863.6291127604615,1.118e-19
863.641165696573,1.101e-19
863.6532186326847,1.09e-19
863.6652715687962,1.118e-19
863.6773245049078,1.09e-19
863.6893774410194,1.05e-19
863.701430377131,1.099e-19
863.7134833132426,1.113e-19
863.7255362493541,1.075e-19
863.7375891854658,1.09e-19
863.7496421215774,1.092e-19
863.7616950576889,1.067e-19
863.7737479938005,1.079e-19
863.7858009299122,1.082e-19
863.7978538660237,1.066e-19
863.8099068021353,1.066e-19
863.8219597382468,1.083e-19
863.8340126743585,1.116e-19
863.8460656104701,1.118e-19
863.8581185465816,1.068e-19
863.8701714826933,1.038e-19
863.8822244188049,1.067e-19
863.8942773549164,1.093e-19
863.906330291028,1.046e-19
863.9183832271397,9.978e-20
863.9304361632512,1.039e-19
863.9424890993628,1.06e-19
863.9545420354743,9.965e-20
863.966594971586,9.755e-20
863.9786479076976,1.011e-19
863.9907008438091,1.039e-19
864.0027537799208,1.043e-19
864.0148067160324,9.939e-20
864.0268596521439,9.787e-20
864.0389125882555,1.051e-19
864.0509655243671,1.05e-19
864.0630184604787,9.826e-20
864.0750713965903,9.891e-20
864.0871243327018,9.926e-20
864.0991772688135,9.774e-20
864.111230204925,1.014e-19
864.1232831410366,9.954e-20
864.1353360771482,9.297e-20
864.1473890132598,9.497e-20
864.1594419493714,9.655e-20
864.171494885483,8.988e-20
864.1835478215946,8.755e-20
864.1956007577062,9.122e-20
864.2076536938177,9.015e-20
864.2197066299293,8.658e-20
864.231759566041,8.806e-20
864.2438125021525,9.15e-20
864.2558654382641,9.292e-20
864.2679183743758,9.267e-20
864.2799713104873,8.984e-20
864.2920242465989,8.889e-20
864.3040771827104,9.309e-20
864.3161301188221,9.369e-20
864.3281830549337,9.063e-20
864.3402359910452,9.234e-20
864.3522889271568,9.246e-20
864.3643418632685,8.926e-20
864.37639479938,9.222e-20
864.3884477354916,9.358e-20
864.4005006716031,8.792e-20
864.4125536077148,8.945e-20
864.4246065438264,9.567e-20
864.4366594799379,9.252e-20
864.4487124160496,8.76e-20
864.4607653521612,8.979e-20
864.4728182882727,9.227e-20
864.4848712243843,9.222e-20
864.496924160496,9.232e-20
864.5089770966075,9.127e-20
864.5210300327191,8.971e-20
864.5330829688306,8.891e-20
864.5451359049423,8.629e-20
864.5571888410539,8.406e-20
864.5692417771654,8.604e-20
864.581294713277,8.774e-20
864.5933476493886,8.687e-20
864.6054005855002,8.637e-20
864.6174535216118,8.49e-20
864.6295064577234,8.404e-20
864.641559393835,8.522e-20
864.6536123299466,8.207e-20
864.6656652660581,7.869e-20
864.6777182021698,8.276e-20
864.6897711382813,8.428e-20
864.7018240743929,7.902e-20
864.7138770105046,7.74e-20
864.7259299466161,7.975e-20
864.7379828827277,8.061e-20
864.7500358188393,7.996e-20
864.7620887549509,7.842e-20
864.7741416910625,7.807e-20
864.786194627174,7.982e-20
864.7982475632856,8.163e-20
864.8103004993973,8.122e-20
864.8223534355088,7.735e-20
864.8344063716204,7.621e-20
864.846459307732,8.078e-20
864.8585122438436,8.156e-20
864.8705651799552,7.863e-20
864.8826181160667,7.907e-20
864.8946710521784,7.983e-20
864.90672398829,8.036e-20
864.9187769244015,7.984e-20
864.9308298605131,7.439e-20
864.9428827966248,7.331e-20
864.9549357327363,7.887e-20
864.9669886688479,7.811e-20
864.9790416049594,7.394e-20
864.9910945410711,7.709e-20
865.0031474771827,8.322e-20
865.0152004132942,8.379e-20
865.0272533494059,7.897e-20
865.0393062855175,7.744e-20
865.051359221629,8.123e-20
865.0634121577406,8.078e-20
865.0754650938522,7.6e-20
865.0875180299638,7.324e-20
865.0995709660754,7.286e-20
865.1116239021869,7.773e-20
865.1236768382986,8.243e-20
865.1357297744102,7.536e-20
865.1477827105217,6.687e-20
865.1598356466334,7.026e-20
865.1718885827449,7.529e-20
865.1839415188565,7.211e-20
865.1959944549681,6.788e-20
865.2080473910797,7e-20
865.2201003271913,7.336e-20
865.2321532633028,7.201e-20
865.2442061994144,6.948e-20
865.2562591355261,6.719e-20
865.2683120716376,6.6e-20
865.2803650077492,6.939e-20
865.2924179438608,6.899e-20
865.3044708799724,6.24e-20
865.316523816084,6.386e-20
865.3285767521955,7.107e-20
865.3406296883072,7.163e-20
865.3526826244188,6.832e-20
865.3647355605303,6.565e-20
865.3767884966419,6.584e-20
865.3888414327536,6.905e-20
865.4008943688651,6.895e-20
865.4129473049767,6.845e-20
865.4250002410884,7.167e-20
865.4370531771999,7.047e-20
865.4491061133115,6.659e-20
865.461159049423,6.727e-20
865.4732119855347,6.738e-20
865.4852649216463,6.659e-20
865.4973178577578,6.933e-20
865.5093707938694,6.97e-20
865.521423729981,6.519e-20
865.5334766660926,6.398e-20
865.5455296022042,6.743e-20
865.5575825383157,6.65e-20
865.5696354744274,6.199e-20
865.581688410539,6.399e-20
865.5937413466505,6.891e-20
865.6057942827622,6.773e-20
865.6178472188737,6.271e-20
865.6299001549853,5.852e-20
865.6419530910969,6.009e-20
865.6540060272085,6.653e-20
865.6660589633201,6.598e-20
865.6781118994317,5.931e-20
865.6901648355432,5.788e-20
865.7022177716549,6.133e-20
865.7142707077664,6.617e-20
865.726323643878,6.8e-20
865.7383765799896,6.381e-20
865.7504295161012,6.377e-20
865.7624824522128,6.858e-20
865.7745353883244,6.654e-20
865.786588324436,6.201e-20
865.7986412605476,6.183e-20
865.8106941966591,6.286e-20
865.8227471327707,6.436e-20
865.8348000688824,6.314e-20
865.8468530049939,5.913e-20
865.8589059411055,5.735e-20
865.8709588772172,5.471e-20
865.8830118133287,5.327e-20
865.8950647494403,5.753e-20
865.9071176855518,5.902e-20
865.9191706216635,5.77e-20
865.9312235577751,5.724e-20
865.9432764938866,4.982e-20
865.9553294299982,4.444e-20
865.9673823661099,5.32e-20
865.9794353022214,5.964e-20
865.991488238333,5.495e-20
866.0035411744445,5.19e-20
866.0155941105562,5.313e-20
866.0276470466678,5.59e-20
866.0396999827793,5.865e-20
866.051752918891,5.622e-20
866.0638058550026,5.54e-20
866.0758587911141,6.143e-20
866.0879117272257,6.03e-20
866.0999646633373,5.287e-20
866.1120175994489,5.571e-20
866.1240705355605,6.281e-20
866.136123471672,6.184e-20
866.1481764077837,5.818e-20
866.1602293438953,5.721e-20
866.1722822800068,5.783e-20
866.1843352161185,5.889e-20
866.19638815223,5.977e-20
866.2084410883416,5.978e-20
866.2204940244532,5.684e-20
866.2325469605648,5.6e-20
866.2445998966764,6.082e-20
866.256652832788,5.885e-20
866.2687057688995,5.041e-20
866.2807587050112,5.037e-20
866.2928116411227,5.404e-20
866.3048645772343,5.413e-20
866.316917513346,5.268e-20
866.3289704494575,4.889e-20
866.3410233855691,5e-20
866.3530763216806,5.414e-20
866.3651292577923,4.957e-20
866.3771821939039,4.813e-20
866.3892351300154,5.394e-20
866.401288066127,5.324e-20
866.4133410022387,5.211e-20
866.4253939383502,5.19e-20
866.4374468744618,4.848e-20
866.4494998105733,5.465e-20
866.461552746685,6.108e-20
866.4736056827966,5.481e-20
866.4856586189081,5.26e-20
866.4977115550198,5.466e-20
866.5097644911314,5.207e-20
866.5218174272429,5.138e-20
866.5338703633545,4.899e-20
866.5459232994662,4.669e-20
866.5579762355777,4.996e-20
866.5700291716893,4.852e-20
866.5820821078009,4.59e-20
866.5941350439125,4.657e-20
866.6061879800241,4.302e-20
866.6182409161356,4.474e-20
866.6302938522473,5.118e-20
866.6423467883589,4.798e-20
866.6543997244704,4.371e-20
866.666452660582,4.559e-20
866.6785055966936,4.79e-20
866.6905585328052,4.721e-20
866.7026114689168,4.178e-20
866.7146644050283,4.223e-20
866.72671734114,4.995e-20
866.7387702772515,4.936e-20
866.7508232133631,4.741e-20
866.7628761494748,5.001e-20
866.7749290855863,4.694e-20
866.7869820216979,4.76e-20
866.7990349578095,5.255e-20
866.8110878939211,4.753e-20
866.8231408300327,4.307e-20
866.8351937661442,4.738e-20
866.8472467022558,5.111e-20
866.8592996383675,4.891e-20
866.871352574479,4.223e-20
866.8834055105906,4.312e-20
866.8954584467022,4.932e-20
866.9075113828138,4.488e-20
866.9195643189254,4.151e-20
866.9316172550369,4.579e-20
866.9436701911486,4.531e-20
866.9557231272602,4.597e-20
866.9677760633717,4.448e-20
866.9798289994833,3.666e-20
866.991881935595,4.147e-20
867.0039348717065,4.835e-20
867.0159878078181,4.037e-20
867.0280407439298,3.738e-20
867.0400936800413,4.441e-20
867.0521466161529,4.844e-20
867.0641995522644,4.631e-20
867.0762524883761,3.939e-20
867.0883054244877,4.092e-20
867.1003583605992,4.842e-20
867.1124112967108,4.212e-20
867.1244642328224,3.643e-20
867.136517168934,4.322e-20
867.1485701050456,4.409e-20
867.1606230411571,4.341e-20
867.1726759772688,4.809e-20
867.1847289133804,4.413e-20
867.1967818494919,3.991e-20
867.2088347856036,4.693e-20
867.2208877217151,5.015e-20
867.2329406578267,4.421e-20
867.2449935939383,4.19e-20
867.2570465300499,4.511e-20
867.2690994661615,4.481e-20
867.281152402273,4.121e-20
867.2932053383846,4.023e-20
867.3052582744963,4.058e-20
867.3173112106078,4.231e-20
867.3293641467194,4.358e-20
867.3414170828311,3.738e-20
867.3534700189426,3.232e-20
867.3655229550542,3.693e-20
867.3775758911657,3.983e-20
867.3896288272774,3.744e-20
867.401681763389,3.654e-20
867.4137346995005,3.804e-20
867.4257876356121,4.086e-20
867.4378405717238,3.986e-20
867.4498935078353,3.73e-20
867.4619464439469,4.221e-20
867.4739993800586,4.515e-20
867.4860523161701,4.037e-20
867.4981052522817,3.952e-20
867.5101581883932,4.067e-20
867.5222111245049,3.947e-20
867.5342640606165,3.977e-20
867.546316996728,3.669e-20
867.5583699328396,3.3e-20
867.5704228689513,3.596e-20
867.5824758050628,3.793e-20
867.5945287411744,3.712e-20
867.6065816772859,3.674e-20
867.6186346133976,3.358e-20
867.6306875495092,3.369e-20
867.6427404856207,3.776e-20
867.6547934217324,3.392e-20
867.666846357844,2.911e-20
867.6788992939555,3.357e-20
867.6909522300671,3.542e-20
867.7030051661787,3.115e-20
867.7150581022903,3.045e-20
867.7271110384019,2.988e-20
867.7391639745135,2.907e-20
867.7512169106251,3.445e-20
867.7632698467366,3.582e-20
867.7753227828482,3.058e-20
867.7873757189599,3.363e-20
867.7994286550714,3.902e-20
867.811481591183,3.617e-20
867.8235345272946,3.491e-20
867.8355874634062,3.599e-20
867.8476403995178,3.579e-20
867.8596933356293,3.916e-20
867.8717462717409,3.886e-20
867.8837992078526,3.401e-20
867.8958521439641,3.715e-20
867.9079050800757,4.323e-20
867.9199580161874,4.241e-20
867.9320109522989,3.677e-20
867.9440638884105,3.262e-20
867.956116824522,3.755e-20
867.9681697606337,4.218e-20
867.9802226967453,3.443e-20
867.9922756328568,2.948e-20
868.0043285689684,3.434e-20
868.0163815050801,3.609e-20
868.0284344411916,3.539e-20
868.0404873773032,3.436e-20
868.0525403134147,3.056e-20
868.0645932495264,3.03e-20
868.076646185638,3.204e-20
868.0886991217495,3.006e-20
868.1007520578612,2.997e-20
868.1128049939728,3.327e-20
868.1248579300843,3.354e-20
868.1369108661959,3.101e-20
868.1489638023075,3.183e-20
868.1610167384191,3.605e-20
868.1730696745307,3.735e-20
868.1851226106423,3.454e-20
868.1971755467539,3.056e-20
868.2092284828655,2.893e-20
868.221281418977,3.392e-20
868.2333343550887,3.858e-20
868.2453872912002,3.491e-20
868.2574402273118,3.029e-20
868.2694931634234,2.893e-20
868.281546099535,3.014e-20
868.2935990356466,3.444e-20
868.3056519717582,3.283e-20
868.3177049078697,2.702e-20
868.3297578439814,2.941e-20
868.3418107800929,3.236e-20
868.3538637162045,3.006e-20
868.3659166523162,3.013e-20
868.3779695884277,3.088e-20
868.3900225245393,3.129e-20
868.4020754606508,3.283e-20
868.4141283967625,3.244e-20
868.4261813328741,3.244e-20
868.4382342689856,3.217e-20
868.4502872050972,3.027e-20
868.4623401412089,3.006e-20
868.4743930773204,2.751e-20
868.486446013432,2.613e-20
868.4984989495437,3.183e-20
868.5105518856552,3.357e-20
868.5226048217668,3.215e-20
868.5346577578783,3.424e-20
868.54671069399,3.154e-20
868.5587636301016,2.952e-20
868.5708165662131,3.173e-20
868.5828695023247,2.772e-20
868.5949224384364,2.677e-20
868.6069753745479,3.179e-20
868.6190283106595,3.077e-20
868.6310812467711,2.999e-20
868.6431341828827,3.007e-20
868.6551871189943,2.756e-20
868.6672400551058,3.094e-20
868.6792929912175,3.072e-20
868.691345927329,2.526e-20
868.7033988634406,3.107e-20
868.7154517995522,3.455e-20
868.7275047356638,2.517e-20
868.7395576717754,2.23e-20
868.751610607887,2.719e-20
868.7636635439985,2.873e-20
868.7757164801102,2.699e-20
868.7877694162217,2.406e-20
868.7998223523333,2.552e-20
868.811875288445,2.974e-20
868.8239282245565,2.908e-20
868.8359811606681,2.832e-20
868.8480340967797,2.871e-20
868.8600870328913,2.787e-20
868.8721399690029,3.191e-20
868.8841929051144,3.467e-20
868.8962458412261,2.904e-20
868.9082987773377,2.654e-20
868.9203517134492,3.04e-20
868.9324046495608,3.242e-20
868.9444575856725,3.121e-20
868.956510521784,2.806e-20
868.9685634578956,2.699e-20
868.9806163940071,2.953e-20
868.9926693301188,2.89e-20
869.0047222662304,2.551e-20
869.0167752023419,2.503e-20
869.0288281384535,2.583e-20
869.0408810745652,2.651e-20
869.0529340106767,2.617e-20
869.0649869467883,2.266e-20
869.0770398829,2.144e-20
869.0890928190115,2.542e-20
869.1011457551231,2.544e-20
869.1131986912346,1.989e-20
869.1252516273463,1.958e-20
869.1373045634579,2.476e-20
869.1493574995694,2.575e-20
869.161410435681,2.389e-20
869.1734633717926,2.52e-20
869.1855163079042,2.712e-20
869.1975692440158,2.708e-20
869.2096221801274,2.532e-20
869.221675116239,2.198e-20
869.2337280523506,2.293e-20
869.2457809884621,2.8e-20
869.2578339245738,2.565e-20
869.2698868606853,1.941e-20
869.2819397967969,2.197e-20
869.2939927329085,2.622e-20
869.3060456690201,2.499e-20
869.3180986051317,2.425e-20
869.3301515412433,2.106e-20
869.3422044773549,1.685e-20
869.3542574134665,2.237e-20
869.366310349578,2.693e-20
869.3783632856896,2.044e-20
869.3904162218013,1.758e-20
869.4024691579128,2.103e-20
869.4145220940244,2.127e-20
869.426575030136,2.138e-20
869.4386279662476,2.175e-20
869.4506809023592,2.153e-20
869.4627338384707,2.477e-20
869.4747867745823,2.405e-20
869.486839710694,1.784e-20
869.4988926468055,1.865e-20
869.5109455829171,2.367e-20
869.5229985190288,2.364e-20
869.5350514551403,2.277e-20
869.5471043912519,2.371e-20
869.5591573273634,2.447e-20
869.5712102634751,2.472e-20
869.5832631995867,2.39e-20
869.5953161356982,2.434e-20
869.6073690718099,2.583e-20
869.6194220079215,2.456e-20
869.631474944033,2.397e-20
869.6435278801446,2.608e-20
869.6555808162562,2.46e-20
869.6676337523678,2.088e-20
869.6796866884794,2.263e-20
869.6917396245909,2.564e-20
869.7037925607026,2.157e-20
869.7158454968142,1.682e-20
869.7278984329257,1.881e-20
869.7399513690373,2.014e-20
869.752004305149,1.749e-20
869.7640572412605,1.725e-20
869.7761101773721,1.824e-20
869.7881631134837,1.861e-20
869.8002160495953,2.046e-20
869.8122689857069,2.029e-20
869.8243219218184,1.986e-20
869.8363748579301,2.415e-20
869.8484277940416,2.477e-20
869.8604807301532,1.872e-20
869.8725336662648,1.788e-20
869.8845866023764,2.196e-20
869.896639538488,2.215e-20
869.9086924745995,2.207e-20
869.9207454107111,2.362e-20
869.9327983468228,2.174e-20
869.9448512829343,2.056e-20
869.9569042190459,2.205e-20
869.9689571551576,1.85e-20
869.9810100912691,1.383e-20
869.9930630273807,1.736e-20
870.0051159634922,2.253e-20
870.0171688996039,1.971e-20
870.0292218357155,1.342e-20
870.041274771827,1.542e-20
870.0533277079387,2.354e-20
870.0653806440503,2.084e-20
870.0774335801618,1.196e-20
870.0894865162734,1.619e-20
870.101539452385,2.328e-20
870.1135923884966,2.054e-20
870.1256453246082,1.902e-20
870.1376982607197,1.931e-20
870.1497511968314,1.879e-20
870.161804132943,2.264e-20
870.1738570690545,2.318e-20
870.1859100051661,2.079e-20
870.1979629412778,2.297e-20
870.2100158773893,2.046e-20
870.2220688135009,1.765e-20
870.2341217496125,2.37e-20
870.2461746857241,2.32e-20
870.2582276218357,1.748e-20
870.2702805579472,2.075e-20
870.2823334940589,2.224e-20
870.2943864301704,1.743e-20
870.306439366282,1.664e-20
870.3184923023936,1.934e-20
870.3305452385052,2.232e-20
870.3425981746168,2.274e-20
870.3546511107284,1.963e-20
870.36670404684,2.01e-20
870.3787569829516,2.271e-20
870.3908099190631,1.954e-20
870.4028628551747,1.345e-20
870.4149157912864,1.255e-20
870.4269687273979,1.775e-20
870.4390216635095,1.922e-20
870.451074599621,1.464e-20
870.4631275357327,1.634e-20
870.4751804718443,2.165e-20
870.4872334079558,1.869e-20
870.4992863440675,1.507e-20
870.5113392801791,1.741e-20
870.5233922162906,1.901e-20
870.5354451524022,1.898e-20
870.5474980885139,1.973e-20
870.5595510246254,1.953e-20
870.571603960737,1.809e-20
870.5836568968485,1.894e-20
870.5957098329602,2.221e-20
870.6077627690718,2.001e-20
870.6198157051833,1.437e-20
870.6318686412949,1.748e-20
870.6439215774066,2.244e-20
870.6559745135181,1.776e-20
870.6680274496297,1.269e-20
870.6800803857413,1.466e-20
870.6921333218529,1.903e-20
870.7041862579645,2.152e-20
870.716239194076,1.919e-20
870.7282921301877,1.504e-20
870.7403450662993,1.55e-20
870.7523980024108,1.883e-20
870.7644509385225,1.708e-20
870.776503874634,9.418e-21
870.7885568107456,8.034e-21
870.8006097468572,1.467e-20
870.8126626829688,1.393e-20
870.8247156190804,8.768e-21
870.836768555192,1.2e-20
870.8488214913035,1.568e-20
870.8608744274152,1.414e-20
870.8729273635267,1.31e-20
870.8849802996383,1.369e-20
870.8970332357499,1.675e-20
870.9090861718615,1.874e-20
870.9211391079731,1.691e-20
870.9331920440846,1.789e-20
870.9452449801963,1.825e-20
870.9572979163079,1.524e-20
870.9693508524194,1.787e-20
870.981403788531,1.979e-20
870.9934567246427,1.462e-20
871.0055096607542,1.306e-20
871.0175625968658,1.531e-20
871.0296155329773,1.638e-20
871.041668469089,1.641e-20
871.0537214052006,1.322e-20
871.0657743413121,1.367e-20
871.0778272774237,1.875e-20
871.0898802135354,1.611e-20
871.1019331496469,1.22e-20
871.1139860857585,1.58e-20
871.1260390218702,1.681e-20
871.1380919579817,1.458e-20
871.1501448940933,1.451e-20
871.1621978302048,1.341e-20
871.1742507663165,1.281e-20
871.1863037024281,1.416e-20
871.1983566385396,1.463e-20
871.2104095746513,1.49e-20
871.2224625107629,1.49e-20
871.2345154468744,1.404e-20
871.246568382986,1.347e-20
871.2586213190976,1.408e-20
871.2706742552092,1.723e-20
871.2827271913208,1.904e-20
871.2947801274323,1.659e-20
871.306833063544,1.644e-20
871.3188859996555,1.897e-20
871.3309389357671,1.878e-20
871.3429918718787,1.834e-20
871.3550448079903,1.831e-20
871.3670977441019,1.686e-20
871.3791506802135,1.708e-20
871.3912036163251,1.726e-20
871.4032565524367,1.369e-20
871.4153094885482,9.648e-21
871.4273624246598,9.547e-21
871.4394153607715,1.433e-20
871.451468296883,1.718e-20
871.4635212329946,1.145e-20
871.4755741691062,7.47e-21
871.4876271052178,1.286e-20
871.4996800413294,1.448e-20
871.5117329774409,8.401e-21
871.5237859135526,6.55e-21
871.5358388496642,9.329e-21
871.5478917857757,1.232e-20
871.5599447218873,1.582e-20
871.571997657999,1.502e-20
871.5840505941105,1.176e-20
871.5961035302221,1.412e-20
871.6081564663336,1.684e-20
871.6202094024453,1.628e-20
871.6322623385569,1.717e-20
871.6443152746684,1.561e-20
871.6563682107801,1.294e-20
871.6684211468917,1.549e-20
871.6804740830032,1.566e-20
871.6925270191148,1.22e-20
871.7045799552264,1.177e-20
871.716632891338,1.046e-20
871.7286858274496,1.018e-20
871.7407387635611,1.234e-20
871.7527916996728,9.898e-21
871.7648446357844,1.191e-20
871.7768975718959,1.857e-20
871.7889505080075,1.336e-20
871.8010034441191,9.273e-21
871.8130563802307,1.57e-20
871.8251093163423,1.251e-20
871.8371622524539,6.853e-21
871.8492151885655,1.319e-20
871.861268124677,1.577e-20
871.8733210607886,1.358e-20
871.8853739969003,1.473e-20
871.8974269330118,1.068e-20
871.9094798691234,7.768e-21
871.9215328052351,1.273e-20
871.9335857413466,1.338e-20
871.9456386774582,1.224e-20
871.9576916135698,1.494e-20
871.9697445496814,1.364e-20
871.981797485793,1.338e-20
871.9938504219045,1.719e-20
872.0059033580161,1.458e-20
872.0179562941278,1.239e-20
872.0300092302393,1.933e-20
872.0420621663509,2.249e-20
872.0541151024624,1.654e-20
872.0661680385741,1.291e-20
872.0782209746857,1.585e-20
872.0902739107972,1.88e-20
872.1023268469089,1.698e-20
872.1143797830205,1.291e-20
872.126432719132,1.033e-20
872.1384856552436,1.103e-20
872.1505385913553,1.476e-20
872.1625915274668,1.419e-20
872.1746444635784,7.623e-21
872.1866973996899,8.176e-21
872.1987503358016,1.565e-20
872.2108032719132,1.429e-20
872.2228562080247,7.546e-21
872.2349091441363,9.39e-21
872.246962080248,1.591e-20
872.2590150163595,1.629e-20
872.2710679524711,1.196e-20
872.2831208885827,1.185e-20
872.2951738246943,1.571e-20
872.3072267608059,1.591e-20
872.3192796969174,1.419e-20
872.3313326330291,1.352e-20
872.3433855691407,1.124e-20
872.3554385052522,1.245e-20
872.3674914413639,1.685e-20
872.3795443774754,1.434e-20
872.391597313587,1.096e-20
872.4036502496986,1.427e-20
872.4157031858102,1.538e-20
872.4277561219218,1.246e-20
872.4398090580333,1.059e-20
872.4518619941449,9.829e-21
872.4639149302566,1.121e-20
872.4759678663681,1.11e-20
872.4880208024797,8.2e-21
872.5000737385913,1.05e-20
872.5121266747029,1.332e-20
872.5241796108145,8.801e-21
872.536232546926,6.498e-21
872.5482854830377,9.426e-21
872.5603384191493,9.857e-21
872.5723913552608,9.946e-21
872.5844442913724,1.038e-20
872.5964972274841,7.615e-21
872.6085501635956,9.014e-21
872.6206030997072,1.649e-20
872.6326560358187,1.775e-20
872.6447089719304,1.294e-20
872.656761908042,1.263e-20
872.6688148441535,1.358e-20
872.6808677802652,1.25e-20
872.6929207163768,1.538e-20
872.7049736524883,1.592e-20
872.7170265885999,8.724e-21
872.7290795247116,7.704e-21
872.7411324608231,1.43e-20
872.7531853969347,1.317e-20
872.7652383330462,7.78e-21
872.7772912691579,9.547e-21
872.7893442052695,1.236e-20
872.801397141381,9.373e-21
872.8134500774927,6.498e-21
872.8255030136042,8.111e-21
872.8375559497158,1.008e-20
872.8496088858274,1.016e-20
872.861661821939,9.551e-21
872.8737147580506,7.066e-21
872.8857676941622,6.352e-21
872.8978206302737,1.099e-20
872.9098735663854,1.089e-20
872.921926502497,4.267e-21
872.9339794386085,6.598e-21
872.9460323747201,1.566e-20
872.9580853108317,1.494e-20
872.9701382469433,8.978e-21
872.9821911830549,1.012e-20
872.9942441191665,1.379e-20
873.0062970552781,1.325e-20
873.0183499913896,1.22e-20
873.0304029275012,1.283e-20
873.0424558636129,1.332e-20
873.0545087997244,1.484e-20
873.066561735836,1.548e-20
873.0786146719477,1.234e-20
873.0906676080592,1.169e-20
873.1027205441708,1.418e-20
873.1147734802823,1.152e-20
873.126826416394,7.784e-21
873.1388793525056,7.893e-21
873.1509322886171,5.643e-21
873.1629852247287,4.679e-21
873.1750381608404,1.03e-20
873.1870910969519,1.145e-20
873.1991440330635,5.243e-21
873.211196969175,4.8e-21
873.2232499052867,9.878e-21
873.2353028413983,8.696e-21
873.2473557775098,5.913e-21
873.2594087136215,1.064e-20
873.271461649733,1.279e-20
873.2835145858446,7.389e-21
873.2955675219562,7.22e-21
873.3076204580678,1.168e-20
873.3196733941794,1.134e-20
873.331726330291,1.013e-20
873.3437792664025,9.793e-21
873.3558322025142,7.78e-21
873.3678851386258,7.708e-21
873.3799380747373,9.547e-21
873.3919910108489,1.037e-20
873.4040439469605,8.571e-21
873.4160968830721,4.658e-21
873.4281498191837,5.752e-21
873.4402027552953,1.014e-20
873.4522556914069,8.756e-21
873.4643086275184,7.107e-21
873.47636156363,9.023e-21
873.4884144997417,8.385e-21
873.5004674358532,7.304e-21
873.5125203719648,7.183e-21
873.5245733080765,6.482e-21
873.536626244188,8.498e-21
873.5486791802996,9.478e-21
873.5607321164111,6.078e-21
873.5727850525228,4.509e-21
873.5848379886344,5.909e-21
873.5968909247459,6.377e-21
873.6089438608575,5.074e-21
873.6209967969692,5.038e-21
873.6330497330807,9.172e-21
873.6451026691923,1.218e-20
873.6571556053038,1.14e-20
873.6692085414155,1.139e-20
873.6812614775271,1.012e-20
873.6933144136386,9.309e-21
873.7053673497503,1.352e-20
873.7174202858619,1.349e-20
873.7294732219734,8.748e-21
873.741526158085,1.061e-20
873.7535790941967,1.467e-20
873.7656320303082,1.356e-20
873.7776849664198,1.029e-20
873.7897379025313,8.744e-21
873.801790838643,1.045e-20
873.8138437747546,1.027e-20
873.8258967108661,7.002e-21
873.8379496469778,7.353e-21
873.8500025830893,8.264e-21
873.8620555192009,7.849e-21
873.8741084553125,9.208e-21
873.8861613914241,6.59e-21
873.8982143275357,4.953e-21
873.9102672636473,1.093e-20
873.9223201997588,1.126e-20
873.9343731358705,6.102e-21
873.946426071982,6.905e-21
873.9584790080936,8.276e-21
873.9705319442053,8.539e-21
873.9825848803168,8.978e-21
873.9946378164284,5.344e-21
874.00669075254,6.518e-21
874.0187436886516,1.329e-20
874.0307966247632,1.126e-20
874.0428495608747,5.985e-21
874.0549024969863,8.123e-21
874.066955433098,1.123e-20
874.0790083692095,1.089e-20
874.0910613053211,8.272e-21
874.1031142414326,5.292e-21
874.1151671775443,5.606e-21
874.1272201136559,7.764e-21
874.1392730497674,8.829e-21
874.1513259858791,8.631e-21
874.1633789219907,6.332e-21
874.1754318581022,4.735e-21
874.1874847942138,6.143e-21
874.1995377303255,5.433e-21
874.211590666437,2.416e-21
874.2236436025486,5.784e-21
874.2356965386602,1.292e-20
874.2477494747718,9.829e-21
874.2598024108834,1.42e-21
874.2718553469949,4.11e-21
874.2839082831066,9.676e-21
874.2959612192182,5.586e-21
874.3080141553297,2.964e-21
874.3200670914413,6.482e-21
874.332120027553,7.187e-21
874.3441729636645,7.042e-21
874.3562258997761,8.042e-21
874.3682788358876,5.905e-21
874.3803317719993,4.542e-21
874.3923847081109,7.562e-21
874.4044376442224,1.024e-20
874.4164905803341,9.192e-21
874.4285435164456,6.877e-21
874.4405964525572,7.853e-21
874.4526493886688,1.095e-20
874.4647023247804,1.087e-20
874.476755260892,8.785e-21
874.4888081970036,8.66e-21
874.5008611331152,9.704e-21
874.5129140692268,9.74e-21
874.5249670053383,7.542e-21
874.5370199414499,4.074e-21
874.5490728775615,4.223e-21
874.5611258136731,8.821e-21
874.5731787497847,8.728e-21
874.5852316858962,1.452e-21
874.5972846220079,3.025e-22
874.6093375581195,6.816e-21
874.621390494231,6.445e-21
874.6334434303426,3.388e-21
874.6454963664543,8.684e-21
874.6575493025658,1.13e-20
874.6696022386774,6.961e-21
874.6816551747891,7.861e-21
874.6937081109006,1.075e-20
874.7057610470122,8.551e-21
874.7178139831237,9.769e-21
874.7298669192354,1.379e-20
874.741919855347,8.672e-21
874.7539727914585,9.922e-22
874.7660257275701,5.122e-21
874.7780786636818,1.14e-20
874.7901315997933,7.026e-21
874.8021845359049,3.166e-21
874.8142374720164,7.232e-21
874.8262904081281,1.032e-20
874.8383433442397,9.789e-21
874.8503962803512,6.244e-21
874.8624492164629,1.496e-21
874.8745021525745,2.735e-21
874.886555088686,5.433e-21
874.8986080247976,2.727e-21
874.9106609609092,7.099e-22
874.9227138970208,8.107e-22
874.9347668331324,1.408e-21
874.946819769244,2.848e-21
874.9588727053556,7.825e-22
874.9709256414671,9.236e-22
874.9829785775787,7.865e-21
874.9950315136903,9.087e-21
875.0070844498019,4.707e-21
875.0191373859135,3.618e-21
875.031190322025,2.013e-21
875.0432432581367,2.057e-21
875.0552961942483,4.929e-21
875.0673491303598,3.912e-21
875.0794020664714,5.481e-21
875.0914550025831,1.03e-20
875.1035079386946,8.232e-21
875.1155608748062,5.566e-21
875.1276138109179,7.708e-21
875.1396667470294,1.059e-20
875.151719683141,1.421e-20
875.1637726192525,1.214e-20
875.1758255553642,5.481e-21
875.1878784914758,7.558e-21
875.1999314275873,1.213e-20
875.2119843636989,9.398e-21
875.2240372998106,5.933e-21
875.2360902359221,3.34e-21
875.2481431720337,3.178e-21
875.2601961081452,8.067e-21
875.2722490442569,7.728e-21
875.2843019803685,2.146e-21
875.29635491648,4.602e-21
875.3084078525917,1.087e-20
875.3204607887033,8.393e-21
875.3325137248148,1.75e-21
875.3445666609264,2.061e-21
875.356619597038,7.24e-21
875.3686725331496,8.902e-21
875.3807254692612,7.966e-21
875.3927784053728,7.704e-21
875.4048313414844,8.547e-21
875.416884277596,1.197e-20
875.4289372137075,1.156e-20
875.4409901498192,4.675e-21
875.4530430859307,5.925e-21
875.4650960220423,1.566e-20
875.4771489581539,1.69e-20
875.4892018942655,1.036e-20
875.5012548303771,6.082e-21
875.5133077664887,6.469e-21
875.5253607026002,9.757e-21
875.5374136387119,7.946e-21
875.5494665748234,2.501e-21
875.561519510935,4.009e-21
875.5735724470467,6.086e-21
875.5856253831582,2.702e-21
875.5976783192698,2.626e-21
875.6097312553813,4.667e-21
875.621784191493,4.533e-21
875.6338371276046,6.151e-21
875.6458900637161,6.522e-21
875.6579429998278,4.146e-21
875.6699959359394,5.622e-21
875.6820488720509,9.127e-21
875.6941018081625,8.704e-21
875.706154744274,7.24e-21
875.7182076803857,8.885e-21
875.7302606164973,1.014e-20
875.7423135526088,8.579e-21
875.7543664887205,9.168e-21
875.7664194248321,1.059e-20
875.7784723609436,7.865e-21
875.7905252970552,7.526e-21
875.8025782331669,1.04e-20
875.8146311692784,8.595e-21
875.82668410539,6.909e-21
875.8387370415016,7.514e-21
875.8507899776132,4.606e-21
875.8628429137248,3.311e-21
875.8748958498363,5.042e-21
875.886948785948,5.562e-21
875.8990017220596,7.764e-21
875.9110546581711,7.502e-21
875.9231075942827,3.138e-21
875.9351605303943,3.122e-21
875.9472134665059,3.384e-21
875.9592664026175,5.203e-22
875.971319338729,5.122e-22
875.9833722748407,3.912e-22
875.9954252109522,4.275e-22
876.0074781470638,3.073e-21
876.0195310831755,2.174e-21
876.031584019287,1.892e-21
876.0436369553986,5.715e-21
876.0556898915102,6.098e-21
876.0677428276218,5.667e-21
876.0797957637334,5.32e-21
876.091848699845,2.368e-21
876.1039016359566,5.102e-21
876.1159545720682,9.164e-21
876.1280075081797,6.744e-21
876.1400604442913,6.006e-21
876.1521133804029,5.659e-21
876.1641663165145,5.808e-21
876.1762192526261,1.257e-20
876.1882721887376,1.199e-20
876.2003251248493,5.05e-21
876.2123780609609,9.615e-21
876.2244309970724,1.354e-20
876.236483933184,8.099e-21
876.2485368692957,5.562e-21
876.2605898054072,4.433e-21
876.2726427415188,5.32e-21
876.2846956776305,9.539e-21
876.296748613742,6.046e-21
876.3088015498536,3.065e-21
876.3208544859651,9.531e-21
876.3329074220768,9.91e-21
876.3449603581884,3.44e-21
876.3570132942999,2.827e-21
876.3690662304115,5.562e-21
876.3811191665231,7.921e-21
876.3931721026347,9.579e-21
876.4052250387463,8.188e-21
876.4172779748578,7.212e-21
876.4293309109695,8.768e-21
876.441383847081,7.454e-21
876.4534367831926,3.045e-21
876.4654897193043,2.71e-21
876.4775426554158,6.401e-21
876.4895955915274,7.929e-21
876.501648527639,8.712e-21
876.5137014637506,8.107e-21
876.5257543998622,2.545e-21
876.5378073359738,2.618e-21
876.5498602720854,8.748e-21
876.561913208197,4.856e-21
876.5739661443085,0.0
876.5860190804201,4.683e-21
876.5980720165318,5.34e-21
876.6101249526433,0.0
876.6221778887549,0.0
876.6342308248664,0.0
876.6462837609781,2.86e-21
876.6583366970897,7.357e-21
876.6703896332012,4.763e-21
876.6824425693128,1.428e-21
876.6944955054245,3.263e-21
876.706548441536,5.251e-21
876.7186013776476,6.167e-21
876.7306543137593,6.086e-21
876.7427072498708,6.611e-21
876.7547601859824,9.24e-21
876.7668131220939,7.506e-21
876.7788660582056,1.996e-21
876.7909189943172,2.48e-21
876.8029719304287,8.018e-21
876.8150248665404,9.293e-21
876.827077802652,4.646e-21
876.8391307387635,3.19e-21
876.8511836748751,7.276e-21
876.8632366109866,6.812e-21
876.8752895470983,3.678e-21
876.8873424832099,5.917e-21
876.8993954193214,7.066e-21
876.9114483554331,4.699e-21
876.9235012915447,3.368e-21
876.9355542276562,2.299e-21
876.9476071637678,3.029e-21
876.9596600998794,2.751e-21
876.971713035991,0.0
876.9837659721026,3.836e-21
876.9958189082142,8.47e-21
877.0078718443258,3.666e-21
877.0199247804373,1.396e-21
877.0319777165489,3.356e-21
877.0440306526606,2.097e-22
877.0560835887721,8.067e-23
877.0681365248837,6.643e-21
877.0801894609953,1.01e-20
877.0922423971069,9.16e-21
877.1042953332185,9.563e-21
877.11634826933,1.152e-20
877.1284012054416,8.563e-21
877.1404541415533,3.352e-21
877.1525070776648,6.147e-21
877.1645600137764,9.402e-21
877.1766129498881,6.417e-21
877.1886658859996,7.329e-21
877.2007188221112,7.409e-21
877.2127717582227,1.633e-21
877.2248246943344,2.472e-21
877.236877630446,5.929e-21
877.2489305665575,4.082e-21
877.2609835026692,3.695e-21
877.2730364387808,2.182e-21
877.2850893748923,7.905e-22
877.2971423110039,5.957e-21
877.3091952471154,6.465e-21
877.3212481832271,1.609e-21
877.3333011193387,3.493e-21
877.3453540554502,6.361e-21
877.3574069915619,4.586e-21
877.3694599276735,2.96e-21
877.381512863785,3.719e-21
877.3935657998966,7.925e-21
877.4056187360083,9.498e-21
877.4176716721198,5.203e-21
877.4297246082314,5.364e-21
877.441777544343,9.414e-21
877.4538304804546,9.579e-21
877.4658834165662,9.063e-21
877.4779363526777,7.558e-21
877.4899892887894,5.586e-21
877.502042224901,7.377e-21
877.5140951610125,5.856e-21
877.5261480971241,2.573e-21
877.5382010332357,6.09e-21
877.5502539693473,6.401e-21
877.5623069054589,3.34e-21
877.5743598415704,7.458e-21
877.5864127776821,5.703e-21
877.5984657137936,0.0
877.6105186499052,4.07e-21
877.6225715860169,1.06e-20
877.6346245221284,2.142e-21
877.64667745824,0.0
877.6587303943516,4.989e-21
877.6707833304632,7.361e-21
877.6828362665748,5.171e-21
877.6948892026863,2.025e-21
877.706942138798,2.271e-21
877.7189950749096,7.171e-21
877.7310480110211,5.933e-21
877.7431009471327,1.561e-21
877.7551538832444,6.143e-21
877.7672068193559,1.179e-20
877.7792597554675,1.11e-20
877.791312691579,8.111e-21
877.8033656276907,4.719e-21
877.8154185638023,5.776e-21
877.8274714999138,9.398e-21
877.8395244360254,8.583e-21
877.8515773721371,9.511e-21
877.8636303082486,1.126e-20
877.8756832443602,7.643e-21
877.8877361804718,8.797e-21
877.8997891165834,1.309e-20
877.911842052695,8.998e-21
877.9238949888065,5.401e-21
877.9359479249182,7.873e-21
877.9480008610298,8.397e-21
877.9600537971413,5.493e-21
877.972106733253,1.904e-21
877.9841596693645,2.017e-21
877.9962126054761,4.909e-21
878.0082655415877,2.908e-21
878.0203184776992,1.694e-22
878.0323714138109,2.396e-21
878.0444243499225,4.691e-21
878.056477286034,5.187e-21
878.0685302221457,3.65e-21
878.0805831582572,2.872e-21
878.0926360943688,6.776e-21
878.1046890304804,6.304e-21
878.116741966592,0.0
878.1287949027036,0.0
878.1408478388151,3.783e-21
878.1529007749268,6.586e-21
878.1649537110384,7.345e-21
878.1770066471499,4.876e-21
878.1890595832615,6.163e-21
878.2011125193732,9.991e-21
878.2131654554847,7.486e-21
878.2252183915963,6.288e-21
878.2372713277078,7.583e-21
878.2493242638195,5.921e-21
878.2613771999311,8.974e-21
878.2734301360426,9.575e-21
878.2854830721542,1.319e-21
878.2975360082659,1.581e-21
878.3095889443774,8.365e-21
878.321641880489,8.434e-21
878.3336948166007,5.493e-21
878.3457477527122,2.017e-23
878.3578006888238,0.0
878.3698536249353,7.671e-21
878.381906561047,7.53e-21
878.3939594971586,0.0
878.4060124332701,3.509e-22
878.4180653693818,4.892e-21
878.4301183054934,4.55e-21
878.4421712416049,2.908e-21
878.4542241777165,1.609e-21
878.4662771138281,4.941e-21
878.4783300499397,8.284e-21
878.4903829860513,5.852e-21
878.5024359221628,5.635e-21
878.5144888582745,6.147e-21
878.526541794386,4.187e-21
878.5385947304976,6.651e-21
878.5506476666092,7.022e-21
878.5627006027208,3.392e-21
878.5747535388324,7.195e-21
878.586806474944,1.088e-20
878.5988594110556,5.957e-21
878.6109123471672,2.202e-21
878.6229652832787,3.965e-21
878.6350182193903,8.111e-21
878.647071155502,8.732e-21
878.6591240916135,2.678e-21
878.6711770277251,3.186e-22
878.6832299638368,4.392e-21
878.6952828999483,5.61e-21
878.7073358360599,4.759e-21
878.7193887721714,3.388e-21
878.731441708283,1.621e-21
878.7434946443947,4.13e-21
878.7555475805062,4.102e-21
878.7676005166178,0.0
878.7796534527295,1.601e-21
878.791706388841,8.002e-21
878.8037593249526,5.756e-21
878.8158122610641,2.565e-21
878.8278651971758,3.941e-21
878.8399181332874,5.344e-21
878.8519710693989,6.639e-21
878.8640240055106,5.86e-21
878.8760769416222,3.142e-21
878.8881298777337,4.275e-21
878.9001828138453,7.062e-21
878.912235749957,7.252e-21
878.9242886860685,6.227e-21
878.9363416221801,4.445e-21
878.9483945582916,4.642e-21
878.9604474944033,7.349e-21
878.9725004305149,5.574e-21
878.9845533666264,9.882e-22
878.996606302738,1.613e-21
879.0086592388496,3.561e-21
879.0207121749612,6.453e-22
879.0327651110728,0.0
879.0448180471844,0.0
879.056870983296,5.768e-22
879.0689239194076,2.243e-21
879.0809768555191,1.605e-21
879.0930297916308,3.025e-22
879.1050827277423,1.702e-21
879.1171356638539,6.171e-21
879.1291885999656,6.276e-21
879.1412415360771,5.364e-22
879.1532944721887,0.0
879.1653474083002,4.291e-21
879.1774003444118,5.219e-21
879.1894532805235,5.122e-21
879.201506216635,6.235e-21
879.2135591527466,5.276e-21
879.2256120888583,6.615e-21
879.2376650249698,9.232e-21
879.2497179610814,5.998e-21
879.261770897193,3.747e-21
879.2738238333046,9.123e-21
879.2858767694162,1.273e-20
879.2979297055277,8.026e-21
879.3099826416394,3.098e-21
879.322035577751,6.102e-21
879.3340885138625,1.099e-20
879.3461414499741,8.829e-21
879.3581943860858,3.557e-21
879.3702473221973,1.024e-21
879.3823002583089,1.791e-21
879.3943531944204,4.473e-21
879.4064061305321,2.117e-21
879.4184590666437,0.0
879.4305120027552,2.831e-21
879.4425649388668,8.389e-21
879.4546178749785,1.601e-21
879.46667081109,0.0
879.4787237472016,3.11e-21
879.4907766833132,4.166e-21
879.5028296194248,2.013e-21
879.5148825555364,2.505e-21
879.5269354916479,3.162e-21
879.5389884277596,4.699e-21
879.5510413638711,6.199e-21
879.5630942999827,5.05e-21
879.5751472360944,4.062e-21
879.5872001722059,4.856e-21
879.5992531083175,7.635e-21
879.611306044429,9.991e-21
879.6233589805407,6.054e-21
879.6354119166523,1.073e-21
879.6474648527638,3.34e-21
879.6595177888754,5.981e-21
879.6715707249871,3.88e-21
879.6836236610986,2.364e-21
879.6956765972102,2.86e-21
879.7077295333218,4.094e-21
879.7197824694334,3.783e-21
879.731835405545,5.364e-22
879.7438883416565,1.71e-21
879.7559412777682,7.474e-21
879.7679942138798,6.389e-21
879.7800471499913,8.43e-22
879.7921000861029,1.291e-22
879.8041530222146,2.424e-21
879.8162059583261,6.082e-21
879.8282588944377,8.329e-21
879.8403118305494,3.767e-21
879.8523647666609,0.0
879.8644177027725,3.34e-21
879.876470638884,6.381e-21
879.8885235749956,5.55e-21
879.9005765111073,4.876e-21
879.9126294472188,5.066e-21
879.9246823833304,4.933e-21
879.936735319442,3.65e-21
879.9487882555536,3.291e-21
879.9608411916652,4.86e-21
879.9728941277767,5.167e-21
879.9849470638884,5.764e-21
879.997,6.151e-21
1050.0037,2.816e-20
1050.0157529361115,2.876e-20
1050.027805872223,2.462e-20
1050.0398588083347,2.183e-20
1050.0519117444464,2.414e-20
1050.063964680558,2.753e-20
1050.0760176166696,2.601e-20
1050.0880705527811,2.11e-20
1050.1001234888927,1.973e-20
1050.1121764250042,2.105e-20
1050.1242293611158,2.079e-20
1050.1362822972274,2.059e-20
1050.1483352333391,2.109e-20
1050.1603881694507,2.23e-20
1050.1724411055623,2.378e-20
1050.1844940416738,2.058e-20
1050.1965469777854,1.696e-20
1050.208599913897,2.132e-20
1050.2206528500085,2.461e-20
1050.2327057861203,1.971e-20
1050.2447587222318,1.753e-20
1050.2568116583434,2.218e-20
1050.268864594455,2.505e-20
1050.2809175305665,2.26e-20
1050.292970466678,2.12e-20
1050.3050234027896,2.637e-20
1050.3170763389014,3.035e-20
1050.329129275013,2.665e-20
1050.3411822111245,2.488e-20
1050.353235147236,2.709e-20
1050.3652880833477,2.488e-20
1050.3773410194592,2.304e-20
1050.3893939555708,2.501e-20
1050.4014468916823,2.29e-20
1050.413499827794,1.963e-20
1050.4255527639057,2.286e-20
1050.4376057000172,2.658e-20
1050.4496586361288,2.343e-20
1050.4617115722403,1.882e-20
1050.473764508352,2.068e-20
1050.4858174444635,2.439e-20
1050.4978703805753,2.19e-20
1050.5099233166868,1.79e-20
1050.5219762527984,1.875e-20
1050.53402918891,2.151e-20
1050.5460821250215,2.238e-20
1050.558135061133,2.003e-20
1050.5701879972446,1.746e-20
1050.5822409333564,2.051e-20
1050.594293869468,2.424e-20
1050.6063468055795,2.124e-20
1050.618399741691,1.886e-20
1050.6304526778026,2.226e-20
1050.6425056139142,2.446e-20
1050.6545585500257,2.606e-20
1050.6666114861373,2.961e-20
1050.678664422249,2.727e-20
1050.6907173583606,2.184e-20
1050.7027702944722,2.387e-20
1050.7148232305838,2.595e-20
1050.7268761666953,2.295e-20
1050.7389291028069,2.522e-20
1050.7509820389184,2.943e-20
1050.7630349750302,2.634e-20
1050.7750879111418,2.243e-20
1050.7871408472533,2.047e-20
1050.799193783365,1.848e-20
1050.8112467194765,2.183e-20
1050.823299655588,2.666e-20
1050.8353525916996,2.436e-20
1050.8474055278111,2.018e-20
1050.859458463923,2.035e-20
1050.8715114000345,2.187e-20
1050.883564336146,2.167e-20
1050.8956172722576,2.115e-20
1050.9076702083692,2.273e-20
1050.9197231444807,2.448e-20
1050.9317760805923,2.379e-20
1050.943829016704,2.313e-20
1050.9558819528156,2.411e-20
1050.9679348889272,2.547e-20
1050.9799878250387,2.624e-20
1050.9920407611503,2.632e-20
1051.0040936972619,2.785e-20
1051.0161466333734,2.939e-20
1051.0281995694852,2.833e-20
1051.0402525055968,2.922e-20
1051.0523054417083,2.942e-20
1051.0643583778199,2.32e-20
1051.0764113139314,2.122e-20
1051.088464250043,2.547e-20
1051.1005171861545,2.375e-20
1051.112570122266,2.201e-20
1051.124623058378,2.57e-20
1051.1366759944895,2.462e-20
1051.148728930601,2.179e-20
1051.1607818667126,2.221e-20
1051.1728348028241,1.917e-20
1051.1848877389357,1.735e-20
1051.1969406750472,2.205e-20
1051.208993611159,2.457e-20
1051.2210465472706,2.322e-20
1051.2330994833821,2.319e-20
1051.2451524194937,2.321e-20
1051.2572053556053,2.266e-20
1051.2692582917168,2.406e-20
1051.2813112278284,2.643e-20
1051.2933641639402,2.64e-20
1051.3054171000517,2.499e-20
1051.3174700361633,2.596e-20
1051.3295229722748,2.736e-20
1051.3415759083864,2.773e-20
1051.353628844498,2.992e-20
1051.3656817806095,2.959e-20
1051.377734716721,2.615e-20
1051.3897876528329,2.866e-20
1051.4018405889444,3.15e-20
1051.413893525056,2.702e-20
1051.4259464611675,2.499e-20
1051.437999397279,2.624e-20
1051.4500523333907,2.642e-20
1051.4621052695022,3.108e-20
1051.474158205614,3.181e-20
1051.4862111417256,2.391e-20
1051.4982640778371,2.464e-20
1051.5103170139487,3.045e-20
1051.5223699500602,2.645e-20
1051.5344228861718,2.292e-20
1051.5464758222834,2.467e-20
1051.558528758395,2.409e-20
1051.5705816945067,2.445e-20
1051.5826346306183,2.526e-20
1051.5946875667298,2.523e-20
1051.6067405028414,2.993e-20
1051.618793438953,3.198e-20
1051.6308463750645,2.671e-20
1051.642899311176,2.582e-20
1051.6549522472878,2.992e-20
1051.6670051833994,3.176e-20
1051.679058119511,3.363e-20
1051.6911110556225,3.553e-20
1051.703163991734,3.488e-20
1051.7152169278456,3.367e-20
1051.7272698639572,3.278e-20
1051.739322800069,3.127e-20
1051.7513757361805,2.895e-20
1051.763428672292,2.85e-20
1051.7754816084037,3.138e-20
1051.7875345445152,3.075e-20
1051.7995874806268,2.519e-20
1051.8116404167383,2.481e-20
1051.82369335285,3.004e-20
1051.8357462889617,3.138e-20
1051.8477992250732,2.779e-20
1051.8598521611848,2.514e-20
1051.8719050972963,2.666e-20
1051.883958033408,2.921e-20
1051.8960109695195,2.738e-20
1051.908063905631,2.403e-20
1051.9201168417428,2.704e-20
1051.9321697778544,3.371e-20
1051.944222713966,3.378e-20
1051.9562756500775,2.8e-20
1051.968328586189,2.687e-20
1051.9803815223006,3.18e-20
1051.9924344584122,3.378e-20
1052.0044873945237,2.977e-20
1052.0165403306355,2.726e-20
1052.028593266747,3.044e-20
1052.0406462028586,3.299e-20
1052.0526991389702,3.244e-20
1052.0647520750817,3.344e-20
1052.0768050111933,3.335e-20
1052.0888579473049,3.117e-20
1052.1009108834166,3.179e-20
1052.1129638195282,3.055e-20
1052.1250167556398,2.822e-20
1052.1370696917513,3.218e-20
1052.1491226278629,3.308e-20
1052.1611755639744,2.892e-20
1052.173228500086,3.036e-20
1052.1852814361978,3.117e-20
1052.1973343723093,3.033e-20
1052.209387308421,3.402e-20
1052.2214402445325,3.179e-20
1052.233493180644,2.691e-20
1052.2455461167556,3.086e-20
1052.2575990528671,3.37e-20
1052.2696519889787,3.344e-20
1052.2817049250905,3.49e-20
1052.293757861202,3.313e-20
1052.3058107973136,3.399e-20
1052.3178637334252,3.705e-20
1052.3299166695367,3.338e-20
1052.3419696056483,3.43e-20
1052.3540225417598,4.123e-20
1052.3660754778716,3.992e-20
1052.3781284139832,3.587e-20
1052.3901813500947,3.536e-20
1052.4022342862063,3.562e-20
1052.4142872223179,3.821e-20
1052.4263401584294,3.804e-20
1052.438393094541,3.38e-20
1052.4504460306528,3.192e-20
1052.4624989667643,3.169e-20
1052.4745519028759,3.484e-20
1052.4866048389874,3.705e-20
1052.498657775099,2.987e-20
1052.5107107112105,2.734e-20
1052.522763647322,3.438e-20
1052.5348165834337,3.342e-20
1052.5468695195455,2.869e-20
1052.558922455657,3.156e-20
1052.5709753917686,3.462e-20
1052.5830283278801,3.528e-20
1052.5950812639917,3.53e-20
1052.6071342001032,3.259e-20
1052.6191871362148,3.173e-20
1052.6312400723266,3.454e-20
1052.6432930084381,3.453e-20
1052.6553459445497,3.188e-20
1052.6673988806613,3.42e-20
1052.6794518167728,4.06e-20
1052.6915047528844,4.101e-20
1052.703557688996,3.618e-20
1052.7156106251075,3.611e-20
1052.7276635612193,3.993e-20
1052.7397164973308,4.241e-20
1052.7517694334424,4.268e-20
1052.763822369554,3.931e-20
1052.7758753056655,3.617e-20
1052.787928241777,3.739e-20
1052.7999811778886,3.748e-20
1052.8120341140004,3.498e-20
1052.824087050112,3.486e-20
1052.8361399862235,3.555e-20
1052.848192922335,3.337e-20
1052.8602458584467,3.068e-20
1052.8722987945582,3.142e-20
1052.8843517306698,3.451e-20
1052.8964046667816,3.539e-20
1052.9084576028931,3.161e-20
1052.9205105390047,2.652e-20
1052.9325634751162,2.775e-20
1052.9446164112278,3.315e-20
1052.9566693473394,3.28e-20
1052.968722283451,3.253e-20
1052.9807752195625,3.889e-20
1052.9928281556743,4.066e-20
1053.0048810917858,3.797e-20
1053.0169340278974,3.959e-20
1053.028986964009,3.88e-20
1053.0410399001205,3.566e-20
1053.053092836232,3.73e-20
1053.0651457723436,3.877e-20
1053.0771987084554,3.944e-20
1053.089251644567,4.081e-20
1053.1013045806785,3.857e-20
1053.11335751679,3.806e-20
1053.1254104529016,4.09e-20
1053.1374633890132,3.939e-20
1053.1495163251248,3.814e-20
1053.1615692612365,4.075e-20
1053.173622197348,4.005e-20
1053.1856751334597,3.692e-20
1053.1977280695712,3.577e-20
1053.2097810056828,3.562e-20
1053.2218339417943,3.612e-20
1053.233886877906,3.688e-20
1053.2459398140174,3.676e-20
1053.2579927501292,3.663e-20
1053.2700456862408,3.697e-20
1053.2820986223524,3.583e-20
1053.294151558464,3.336e-20
1053.3062044945755,3.392e-20
1053.318257430687,3.781e-20
1053.3303103667986,4.078e-20
1053.3423633029104,4.124e-20
1053.354416239022,3.886e-20
1053.3664691751335,3.806e-20
1053.378522111245,4.368e-20
1053.3905750473566,4.692e-20
1053.4026279834682,4.296e-20
1053.4146809195797,4.188e-20
1053.4267338556913,4.472e-20
1053.438786791803,4.517e-20
1053.4508397279146,4.36e-20
1053.4628926640262,4.136e-20
1053.4749456001377,4.129e-20
1053.4869985362493,4.28e-20
1053.4990514723609,4.079e-20
1053.5111044084724,3.859e-20
1053.5231573445842,3.804e-20
1053.5352102806958,3.621e-20
1053.5472632168073,3.695e-20
1053.5593161529189,3.737e-20
1053.5713690890304,3.226e-20
1053.583422025142,3.098e-20
1053.5954749612536,3.614e-20
1053.6075278973653,3.725e-20
1053.619580833477,3.396e-20
1053.6316337695885,3.349e-20
1053.6436867057,3.495e-20
1053.6557396418116,3.377e-20
1053.6677925779231,3.323e-20
1053.6798455140347,3.597e-20
1053.6918984501463,3.604e-20
1053.703951386258,3.567e-20
1053.7160043223696,4.004e-20
1053.7280572584812,4.085e-20
1053.7401101945927,3.791e-20
1053.7521631307043,4.035e-20
1053.7642160668158,4.393e-20
1053.7762690029274,4.407e-20
1053.7883219390392,4.304e-20
1053.8003748751507,4.212e-20
1053.8124278112623,4.496e-20
1053.8244807473739,4.768e-20
1053.8365336834854,4.351e-20
1053.848586619597,3.895e-20
1053.8606395557085,3.938e-20
1053.8726924918203,4.234e-20
1053.8847454279319,4.264e-20
1053.8967983640434,3.718e-20
1053.908851300155,3.549e-20
1053.9209042362666,3.87e-20
1053.932957172378,3.571e-20
1053.9450101084897,3.442e-20
1053.9570630446012,3.864e-20
1053.969115980713,3.812e-20
1053.9811689168246,3.922e-20
1053.9932218529361,4.041e-20
1054.0052747890477,3.38e-20
1054.0173277251592,3.524e-20
1054.0293806612708,4.38e-20
1054.0414335973824,4.337e-20
1054.0534865334942,4.358e-20
1054.0655394696057,4.655e-20
1054.0775924057173,4.368e-20
1054.0896453418288,4.472e-20
1054.1016982779404,4.832e-20
1054.113751214052,4.523e-20
1054.1258041501635,4.452e-20
1054.137857086275,4.744e-20
1054.1499100223868,4.617e-20
1054.1619629584984,4.424e-20
1054.17401589461,4.341e-20
1054.1860688307215,4.206e-20
1054.198121766833,4.258e-20
1054.2101747029446,4.237e-20
1054.2222276390562,3.864e-20
1054.234280575168,3.678e-20
1054.2463335112795,3.916e-20
1054.258386447391,3.99e-20
1054.2704393835027,3.743e-20
1054.2824923196142,3.541e-20
1054.2945452557258,3.451e-20
1054.3065981918373,3.598e-20
1054.3186511279491,3.889e-20
1054.3307040640607,3.859e-20
1054.3427570001722,3.806e-20
1054.3548099362838,3.934e-20
1054.3668628723954,3.917e-20
1054.378915808507,4.187e-20
1054.3909687446185,4.606e-20
1054.40302168073,4.512e-20
1054.4150746168418,4.556e-20
1054.4271275529534,4.745e-20
1054.439180489065,4.542e-20
1054.4512334251765,4.741e-20
1054.463286361288,5.17e-20
1054.4753392973996,5.038e-20
1054.4873922335112,4.87e-20
1054.499445169623,4.804e-20
1054.5114981057345,4.894e-20
1054.523551041846,5.213e-20
1054.5356039779576,4.863e-20
1054.5476569140692,4.36e-20
1054.5597098501808,4.564e-20
1054.5717627862923,4.63e-20
1054.5838157224039,4.587e-20
1054.5958686585157,4.567e-20
1054.6079215946272,4.171e-20
1054.6199745307388,4.366e-20
1054.6320274668503,4.728e-20
1054.644080402962,4.167e-20
1054.6561333390734,4.097e-20
1054.668186275185,4.602e-20
1054.6802392112968,4.503e-20
1054.6922921474084,4.632e-20
1054.70434508352,4.86e-20
1054.7163980196315,4.533e-20
1054.728450955743,4.644e-20
1054.7405038918546,4.942e-20
1054.7525568279661,4.801e-20
1054.764609764078,4.937e-20
1054.7766627001895,5.117e-20
1054.788715636301,5.002e-20
1054.8007685724126,5.063e-20
1054.8128215085242,5.107e-20
1054.8248744446357,5.153e-20
1054.8369273807473,5.372e-20
1054.8489803168588,5.337e-20
1054.8610332529706,5.249e-20
1054.8730861890822,5.272e-20
1054.8851391251937,5.13e-20
1054.8971920613053,5.106e-20
1054.9092449974169,5.053e-20
1054.9212979335284,4.88e-20
1054.93335086964,5.185e-20
1054.9454038057518,5.22e-20
1054.9574567418633,4.449e-20
1054.9695096779749,4.341e-20
1054.9815626140864,4.887e-20
1054.993615550198,4.755e-20
1055.0056684863096,4.617e-20
1055.0177214224211,4.948e-20
1055.029774358533,4.815e-20
1055.0418272946445,4.681e-20
1055.053880230756,5.07e-20
1055.0659331668676,4.998e-20
1055.0779861029791,4.716e-20
1055.0900390390907,5.174e-20
1055.1020919752023,5.562e-20
1055.1141449113138,5.373e-20
1055.1261978474256,5.464e-20
1055.1382507835372,5.773e-20
1055.1503037196487,5.695e-20
1055.1623566557603,5.616e-20
1055.1744095918718,5.853e-20
1055.1864625279834,5.862e-20
1055.198515464095,5.535e-20
1055.2105684002067,5.487e-20
1055.2226213363183,5.637e-20
1055.2346742724299,5.503e-20
1055.2467272085414,5.443e-20
1055.258780144653,5.599e-20
1055.2708330807645,5.507e-20
1055.282886016876,5.25e-20
1055.2949389529876,5.037e-20
1055.3069918890994,5.035e-20
1055.319044825211,5.403e-20
1055.3310977613226,5.443e-20
1055.343150697434,4.995e-20
1055.3552036335457,5.001e-20
1055.3672565696572,5.276e-20
1055.3793095057688,5.215e-20
1055.3913624418806,5.141e-20
1055.4034153779921,5.149e-20
1055.4154683141037,5.349e-20
1055.4275212502152,5.665e-20
1055.4395741863268,5.435e-20
1055.4516271224384,5.222e-20
1055.46368005855,5.686e-20
1055.4757329946617,5.937e-20
1055.4877859307733,5.839e-20
1055.4998388668848,5.865e-20
1055.5118918029964,5.779e-20
1055.523944739108,5.859e-20
1055.5359976752195,6.067e-20
1055.548050611331,5.908e-20
1055.5601035474426,5.94e-20
1055.5721564835544,6.109e-20
1055.584209419666,5.926e-20
1055.5962623557775,5.974e-20
1055.608315291889,5.934e-20
1055.6203682280006,5.431e-20
1055.6324211641122,5.523e-20
1055.6444741002238,5.966e-20
1055.6565270363355,5.905e-20
1055.668579972447,5.906e-20
1055.6806329085587,6.025e-20
1055.6926858446702,5.846e-20
1055.7047387807818,5.613e-20
1055.7167917168933,5.468e-20
1055.728844653005,5.709e-20
1055.7408975891167,6.274e-20
1055.7529505252282,6.319e-20
1055.7650034613398,5.996e-20
1055.7770563974514,6.104e-20
1055.789109333563,6.512e-20
1055.8011622696745,6.635e-20
1055.813215205786,6.312e-20
1055.8252681418976,6.229e-20
1055.8373210780094,6.663e-20
1055.849374014121,6.739e-20
1055.8614269502325,6.66e-20
1055.873479886344,6.824e-20
1055.8855328224556,6.344e-20
1055.8975857585672,6.035e-20
1055.9096386946787,6.71e-20
1055.9216916307905,6.596e-20
1055.933744566902,5.86e-20
1055.9457975030136,6.021e-20
1055.9578504391252,6.221e-20
1055.9699033752368,6.258e-20
1055.9819563113483,6.509e-20
1055.9940092474599,6.233e-20
1056.0060621835714,6.132e-20
1056.0181151196832,6.419e-20
1056.0301680557948,5.966e-20
1056.0422209919063,5.781e-20
1056.054273928018,6.334e-20
1056.0663268641295,6.273e-20
1056.078379800241,6.119e-20
1056.0904327363526,6.43e-20
1056.1024856724644,6.453e-20
1056.114538608576,6.418e-20
1056.1265915446875,6.496e-20
1056.138644480799,6.451e-20
1056.1506974169106,6.605e-20
1056.1627503530221,6.863e-20
1056.1748032891337,7.04e-20
1056.1868562252455,7.167e-20
1056.198909161357,7.186e-20
1056.2109620974686,7.246e-20
1056.2230150335802,6.93e-20
1056.2350679696917,6.409e-20
1056.2471209058033,6.831e-20
1056.2591738419148,7.224e-20
1056.2712267780264,6.688e-20
1056.2832797141382,6.809e-20
1056.2953326502497,7.347e-20
1056.3073855863613,7.102e-20
1056.3194385224729,7.064e-20
1056.3314914585844,7.283e-20
1056.343544394696,6.993e-20
1056.3555973308075,6.803e-20
1056.3676502669193,6.805e-20
1056.3797032030309,6.753e-20
1056.3917561391424,6.934e-20
1056.403809075254,7.084e-20
1056.4158620113656,7.052e-20
1056.4279149474771,7.118e-20
1056.4399678835887,7.229e-20
1056.4520208197005,7.254e-20
1056.464073755812,7.19e-20
1056.4761266919236,7.318e-20
1056.4881796280351,7.618e-20
1056.5002325641467,7.45e-20
1056.5122855002583,7.061e-20
1056.5243384363698,7.076e-20
1056.5363913724814,7.286e-20
1056.5484443085932,7.645e-20
1056.5604972447047,7.804e-20
1056.5725501808163,7.228e-20
1056.5846031169278,6.843e-20
1056.5966560530394,7.19e-20
1056.608708989151,7.493e-20
1056.6207619252625,7.568e-20
1056.6328148613743,7.341e-20
1056.6448677974859,6.926e-20
1056.6569207335974,7.097e-20
1056.668973669709,7.331e-20
1056.6810266058205,6.989e-20
1056.693079541932,7.061e-20
1056.7051324780437,7.537e-20
1056.7171854141552,7.383e-20
1056.729238350267,7.022e-20
1056.7412912863786,7.096e-20
1056.75334422249,7.302e-20
1056.7653971586017,7.455e-20
1056.7774500947132,7.441e-20
1056.7895030308248,7.338e-20
1056.8015559669363,7.648e-20
1056.8136089030481,7.984e-20
1056.8256618391597,7.753e-20
1056.8377147752713,7.726e-20
1056.8497677113828,8.117e-20
1056.8618206474944,8.085e-20
1056.873873583606,7.952e-20
1056.8859265197175,8.061e-20
1056.8979794558293,7.973e-20
1056.9100323919408,8.047e-20
1056.9220853280524,8.214e-20
1056.934138264164,8.018e-20
1056.9461912002755,8.04e-20
1056.958244136387,7.888e-20
1056.9702970724986,7.268e-20
1056.9823500086102,7.517e-20
1056.994402944722,7.968e-20
1057.0064558808335,7.441e-20
1057.018508816945,7.309e-20
1057.0305617530566,7.715e-20
1057.0426146891682,7.615e-20
1057.0546676252798,7.498e-20
1057.0667205613913,7.518e-20
1057.078773497503,7.661e-20
1057.0908264336147,8.044e-20
1057.1028793697262,7.854e-20
1057.1149323058378,7.506e-20
1057.1269852419493,7.784e-20
1057.139038178061,7.777e-20
1057.1510911141725,7.606e-20
1057.1631440502842,7.904e-20
1057.1751969863958,8.032e-20
1057.1872499225074,8.292e-20
1057.199302858619,8.858e-20
1057.2113557947305,8.724e-20
1057.223408730842,8.383e-20
1057.2354616669536,8.573e-20
1057.2475146030652,8.559e-20
1057.259567539177,8.307e-20
1057.2716204752885,8.366e-20
1057.2836734114,8.526e-20
1057.2957263475116,8.576e-20
1057.3077792836232,8.553e-20
1057.3198322197347,8.411e-20
1057.3318851558463,8.25e-20
1057.343938091958,8.32e-20
1057.3559910280696,8.495e-20
1057.3680439641812,8.383e-20
1057.3800969002928,8.238e-20
1057.3921498364043,8.425e-20
1057.4042027725159,8.541e-20
1057.4162557086274,8.372e-20
1057.428308644739,8.178e-20
1057.4403615808508,8.224e-20
1057.4524145169623,8.699e-20
1057.464467453074,9.05e-20
1057.4765203891855,8.84e-20
1057.488573325297,8.708e-20
1057.5006262614086,8.829e-20
1057.5126791975201,8.9e-20
1057.524732133632,9.068e-20
1057.5367850697435,9.099e-20
1057.548838005855,8.992e-20
1057.5608909419666,9.201e-20
1057.5729438780781,9.258e-20
1057.5849968141897,8.984e-20
1057.5970497503013,8.945e-20
1057.609102686413,8.941e-20
1057.6211556225246,8.924e-20
1057.6332085586362,9.078e-20
1057.6452614947477,8.803e-20
1057.6573144308593,8.287e-20
1057.6693673669708,8.263e-20
1057.6814203030824,8.317e-20
1057.693473239194,8.226e-20
1057.7055261753057,8.364e-20
1057.7175791114173,8.531e-20
1057.7296320475289,8.593e-20
1057.7416849836404,8.641e-20
1057.753737919752,8.459e-20
1057.7657908558635,8.149e-20
1057.777843791975,8.128e-20
1057.789896728087,8.441e-20
1057.8019496641984,8.761e-20
1057.81400260031,8.755e-20
1057.8260555364216,8.605e-20
1057.8381084725331,8.719e-20
1057.8501614086447,8.907e-20
1057.8622143447562,8.953e-20
1057.874267280868,9.102e-20
1057.8863202169796,9.348e-20
1057.8983731530911,9.469e-20
1057.9104260892027,9.447e-20
1057.9224790253143,9.464e-20
1057.9345319614258,9.805e-20
1057.9465848975374,1.016e-19
1057.958637833649,1.001e-19
1057.9706907697607,9.856e-20
1057.9827437058723,1.002e-19
1057.9947966419838,9.916e-20
1058.0068495780954,9.655e-20
1058.018902514207,9.56e-20
1058.0309554503185,9.338e-20
1058.04300838643,9.103e-20
1058.0550613225419,9.102e-20
1058.0671142586534,9.188e-20
1058.079167194765,9.306e-20
1058.0912201308765,9.308e-20
1058.103273066988,9.174e-20
1058.1153260030997,9.098e-20
1058.1273789392112,9.049e-20
1058.1394318753228,9.18e-20
1058.1514848114346,9.399e-20
1058.1635377475461,9.323e-20
1058.1755906836577,9.283e-20
1058.1876436197692,9.318e-20
1058.1996965558808,9.181e-20
1058.2117494919924,9.475e-20
1058.223802428104,9.944e-20
1058.2358553642157,9.854e-20
1058.2479083003273,9.855e-20
1058.2599612364388,1.002e-19
1058.2720141725504,9.888e-20
1058.284067108662,1e-19
1058.2961200447735,1.022e-19
1058.308172980885,1.01e-19
1058.3202259169968,1.007e-19
1058.3322788531084,9.967e-20
1058.34433178922,9.753e-20
1058.3563847253315,9.954e-20
1058.368437661443,1.005e-19
1058.3804905975546,9.719e-20
1058.3925435336662,9.575e-20
1058.4045964697777,9.62e-20
1058.4166494058895,9.533e-20
1058.428702342001,9.473e-20
1058.4407552781126,9.702e-20
1058.4528082142242,9.863e-20
1058.4648611503358,9.607e-20
1058.4769140864473,9.626e-20
1058.4889670225589,9.959e-20
1058.5010199586707,9.756e-20
1058.5130728947822,9.655e-20
1058.5251258308938,1.017e-19
1058.5371787670053,1.025e-19
1058.549231703117,9.881e-20
1058.5612846392285,9.958e-20
1058.57333757534,1.039e-19
1058.5853905114518,1.06e-19
1058.5974434475634,1.047e-19
1058.609496383675,1.056e-19
1058.6215493197865,1.083e-19
1058.633602255898,1.065e-19
1058.6456551920096,1.057e-19
1058.6577081281212,1.077e-19
1058.6697610642327,1.043e-19
1058.6818140003445,1.04e-19
1058.693866936456,1.092e-19
1058.7059198725676,1.066e-19
1058.7179728086792,1.014e-19
1058.7300257447907,1.03e-19
1058.7420786809023,1.054e-19
1058.7541316170139,1.051e-19
1058.7661845531256,1.017e-19
1058.7782374892372,9.94e-20
1058.7902904253488,1.027e-19
1058.8023433614603,1.052e-19
1058.8143962975719,1.049e-19
1058.8264492336834,1.049e-19
1058.838502169795,1.053e-19
1058.8505551059066,1.094e-19
1058.8626080420183,1.12e-19
1058.87466097813,1.071e-19
1058.8867139142415,1.055e-19
1058.898766850353,1.098e-19
1058.9108197864646,1.113e-19
1058.9228727225761,1.117e-19
1058.9349256586877,1.128e-19
1058.9469785947995,1.148e-19
1058.959031530911,1.179e-19
1058.9710844670226,1.175e-19
1058.9831374031342,1.167e-19
1058.9951903392457,1.176e-19
1059.0072432753573,1.163e-19
1059.0192962114688,1.186e-19
1059.0313491475806,1.209e-19
1059.0434020836922,1.152e-19
1059.0554550198037,1.137e-19
1059.0675079559153,1.181e-19
1059.0795608920268,1.174e-19
1059.0916138281384,1.147e-19
1059.10366676425,1.127e-19
1059.1157197003615,1.13e-19
1059.1277726364733,1.165e-19
1059.1398255725849,1.148e-19
1059.1518785086964,1.119e-19
1059.163931444808,1.152e-19
1059.1759843809195,1.162e-19
1059.188037317031,1.157e-19
1059.2000902531427,1.182e-19
1059.2121431892544,1.18e-19
1059.224196125366,1.191e-19
1059.2362490614776,1.236e-19
1059.2483019975891,1.23e-19
1059.2603549337007,1.205e-19
1059.2724078698122,1.225e-19
1059.2844608059238,1.259e-19
1059.2965137420354,1.271e-19
1059.3085666781471,1.256e-19
1059.3206196142587,1.239e-19
1059.3326725503703,1.241e-19
1059.3447254864818,1.25e-19
1059.3567784225934,1.251e-19
1059.368831358705,1.22e-19
1059.3808842948165,1.205e-19
1059.3929372309283,1.255e-19
1059.4049901670398,1.266e-19
1059.4170431031514,1.213e-19
1059.429096039263,1.201e-19
1059.4411489753745,1.215e-19
1059.453201911486,1.21e-19
1059.4652548475976,1.215e-19
1059.4773077837094,1.209e-19
1059.489360719821,1.198e-19
1059.5014136559325,1.2e-19
1059.513466592044,1.185e-19
1059.5255195281557,1.165e-19
1059.5375724642672,1.163e-19
1059.5496254003788,1.189e-19
1059.5616783364903,1.237e-19
1059.5737312726021,1.251e-19
1059.5857842087137,1.238e-19
1059.5978371448252,1.248e-19
1059.6098900809368,1.25e-19
1059.6219430170484,1.251e-19
1059.63399595316,1.284e-19
1059.6460488892715,1.295e-19
1059.6581018253833,1.284e-19
1059.6701547614948,1.308e-19
1059.6822076976064,1.317e-19
1059.694260633718,1.277e-19
1059.7063135698295,1.276e-19
1059.718366505941,1.332e-19
1059.7304194420526,1.338e-19
1059.7424723781644,1.282e-19
1059.754525314276,1.29e-19
1059.7665782503875,1.338e-19
1059.778631186499,1.303e-19
1059.7906841226106,1.242e-19
1059.8027370587222,1.254e-19
1059.8147899948337,1.292e-19
1059.8268429309453,1.309e-19
1059.838895867057,1.302e-19
1059.8509488031686,1.273e-19
1059.8630017392802,1.275e-19
1059.8750546753918,1.321e-19
1059.8871076115033,1.326e-19
1059.8991605476149,1.287e-19
1059.9112134837264,1.294e-19
1059.9232664198382,1.331e-19
1059.9353193559498,1.315e-19
1059.9473722920613,1.284e-19
1059.959425228173,1.304e-19
1059.9714781642845,1.344e-19
1059.983531100396,1.365e-19
1059.9955840365076,1.369e-19
1060.0076369726191,1.362e-19
1060.019689908731,1.352e-19
1060.0317428448425,1.358e-19
1060.043795780954,1.388e-19
1060.0558487170656,1.386e-19
1060.0679016531772,1.324e-19
1060.0799545892887,1.319e-19
1060.0920075254003,1.391e-19
1060.104060461512,1.387e-19
1060.1161133976236,1.337e-19
1060.1281663337352,1.349e-19
1060.1402192698467,1.347e-19
1060.1522722059583,1.315e-19
1060.1643251420699,1.32e-19
1060.1763780781814,1.328e-19
1060.1884310142932,1.342e-19
1060.2004839504048,1.369e-19
1060.2125368865163,1.346e-19
1060.2245898226279,1.325e-19
1060.2366427587394,1.379e-19
1060.248695694851,1.419e-19
1060.2607486309626,1.386e-19
1060.272801567074,1.373e-19
1060.284854503186,1.422e-19
1060.2969074392975,1.449e-19
1060.308960375409,1.425e-19
1060.3210133115206,1.405e-19
1060.3330662476321,1.412e-19
1060.3451191837437,1.438e-19
1060.3571721198552,1.47e-19
1060.369225055967,1.486e-19
1060.3812779920786,1.492e-19
1060.3933309281902,1.473e-19
1060.4053838643017,1.443e-19
1060.4174368004133,1.474e-19
1060.4294897365248,1.519e-19
1060.4415426726364,1.492e-19
1060.453595608748,1.467e-19
1060.4656485448597,1.488e-19
1060.4777014809713,1.5e-19
1060.4897544170828,1.484e-19
1060.5018073531944,1.46e-19
1060.513860289306,1.476e-19
1060.5259132254175,1.517e-19
1060.537966161529,1.508e-19
1060.5500190976409,1.494e-19
1060.5620720337524,1.498e-19
1060.574124969864,1.485e-19
1060.5861779059755,1.51e-19
1060.598230842087,1.536e-19
1060.6102837781987,1.516e-19
1060.6223367143102,1.552e-19
1060.634389650422,1.584e-19
1060.6464425865336,1.533e-19
1060.6584955226451,1.538e-19
1060.6705484587567,1.577e-19
1060.6826013948682,1.565e-19
1060.6946543309798,1.591e-19
1060.7067072670914,1.613e-19
1060.718760203203,1.571e-19
1060.7308131393147,1.555e-19
1060.7428660754263,1.564e-19
1060.7549190115378,1.569e-19
1060.7669719476494,1.585e-19
1060.779024883761,1.587e-19
1060.7910778198725,1.601e-19
1060.803130755984,1.612e-19
1060.8151836920958,1.571e-19
1060.8272366282074,1.568e-19
1060.839289564319,1.608e-19
1060.8513425004305,1.594e-19
1060.863395436542,1.566e-19
1060.8754483726536,1.581e-19
1060.8875013087652,1.61e-19
1060.899554244877,1.615e-19
1060.9116071809885,1.585e-19
1060.9236601171,1.583e-19
1060.9357130532117,1.625e-19
1060.9477659893232,1.635e-19
1060.9598189254348,1.631e-19
1060.9718718615463,1.658e-19
1060.983924797658,1.685e-19
1060.9959777337697,1.704e-19
1061.0080306698812,1.693e-19
1061.0200836059928,1.638e-19
1061.0321365421044,1.621e-19
1061.044189478216,1.658e-19
1061.0562424143275,1.682e-19
1061.068295350439,1.686e-19
1061.0803482865508,1.685e-19
1061.0924012226624,1.659e-19
1061.104454158774,1.648e-19
1061.1165070948855,1.696e-19
1061.128560030997,1.715e-19
1061.1406129671086,1.646e-19
1061.1526659032202,1.624e-19
1061.1647188393317,1.682e-19
1061.1767717754435,1.671e-19
1061.188824711555,1.626e-19
1061.2008776476666,1.658e-19
1061.2129305837782,1.703e-19
1061.2249835198897,1.69e-19
1061.2370364560013,1.654e-19
1061.2490893921129,1.661e-19
1061.2611423282247,1.716e-19
1061.2731952643362,1.726e-19
1061.2852482004478,1.691e-19
1061.2973011365593,1.691e-19
1061.3093540726709,1.705e-19
1061.3214070087824,1.731e-19
1061.333459944894,1.777e-19
1061.3455128810058,1.785e-19
1061.3575658171173,1.787e-19
1061.369618753229,1.818e-19
1061.3816716893405,1.822e-19
1061.393724625452,1.818e-19
1061.4057775615636,1.825e-19
1061.4178304976751,1.813e-19
1061.4298834337867,1.826e-19
1061.4419363698985,1.839e-19
1061.45398930601,1.812e-19
1061.4660422421216,1.813e-19
1061.4780951782332,1.835e-19
1061.4901481143447,1.841e-19
1061.5022010504563,1.828e-19
1061.5142539865678,1.788e-19
1061.5263069226796,1.812e-19
1061.5383598587912,1.885e-19
1061.5504127949027,1.855e-19
1061.5624657310143,1.806e-19
1061.5745186671259,1.839e-19
1061.5865716032374,1.845e-19
1061.598624539349,1.841e-19
1061.6106774754608,1.864e-19
1061.6227304115723,1.847e-19
1061.6347833476839,1.852e-19
1061.6468362837954,1.88e-19
1061.658889219907,1.85e-19
1061.6709421560186,1.859e-19
1061.68299509213,1.914e-19
1061.6950480282417,1.914e-19
1061.7071009643535,1.913e-19
1061.719153900465,1.918e-19
1061.7312068365766,1.9e-19
1061.7432597726881,1.929e-19
1061.7553127087997,1.941e-19
1061.7673656449113,1.888e-19
1061.7794185810228,1.902e-19
1061.7914715171346,1.945e-19
1061.8035244532462,1.921e-19
1061.8155773893577,1.908e-19
1061.8276303254693,1.905e-19
1061.8396832615808,1.882e-19
1061.8517361976924,1.903e-19
1061.863789133804,1.925e-19
1061.8758420699155,1.894e-19
1061.8878950060273,1.883e-19
1061.8999479421389,1.905e-19
1061.9120008782504,1.919e-19
1061.924053814362,1.936e-19
1061.9361067504735,1.952e-19
1061.948159686585,1.954e-19
1061.9602126226966,1.959e-19
1061.9722655588084,1.983e-19
1061.98431849492,2.003e-19
1061.9963714310315,1.999e-19
1062.008424367143,2.019e-19
1062.0204773032547,2.07e-19
1062.0325302393662,2.074e-19
1062.0445831754778,2.049e-19
1062.0566361115896,2.048e-19
1062.0686890477011,2.048e-19
1062.0807419838127,2.074e-19
1062.0927949199242,2.109e-19
1062.1048478560358,2.075e-19
1062.1169007921474,2.035e-19
1062.128953728259,2.043e-19
1062.1410066643705,2.036e-19
1062.1530596004823,2.032e-19
1062.1651125365938,2.035e-19
1062.1771654727054,2.014e-19
1062.189218408817,2.041e-19
1062.2012713449285,2.071e-19
1062.21332428104,2.024e-19
1062.2253772171516,2.024e-19
1062.2374301532634,2.084e-19
1062.249483089375,2.083e-19
1062.2615360254865,2.06e-19
1062.273588961598,2.064e-19
1062.2856418977096,2.058e-19
1062.2976948338212,2.061e-19
1062.3097477699328,2.072e-19
1062.3218007060445,2.082e-19
1062.333853642156,2.118e-19
1062.3459065782677,2.132e-19
1062.3579595143792,2.098e-19
1062.3700124504908,2.111e-19
1062.3820653866023,2.171e-19
1062.394118322714,2.183e-19
1062.4061712588255,2.178e-19
1062.4182241949372,2.2e-19
1062.4302771310488,2.191e-19
1062.4423300671604,2.164e-19
1062.454383003272,2.173e-19
1062.4664359393835,2.171e-19
1062.478488875495,2.159e-19
1062.4905418116066,2.183e-19
1062.5025947477184,2.174e-19
1062.51464768383,2.146e-19
1062.5267006199415,2.17e-19
1062.538753556053,2.157e-19
1062.5508064921646,2.126e-19
1062.5628594282762,2.189e-19
1062.5749123643877,2.219e-19
1062.5869653004993,2.163e-19
1062.599018236611,2.178e-19
1062.6110711727226,2.228e-19
1062.6231241088342,2.226e-19
1062.6351770449457,2.232e-19
1062.6472299810573,2.239e-19
1062.6592829171689,2.229e-19
1062.6713358532804,2.25e-19
1062.6833887893922,2.268e-19
1062.6954417255038,2.276e-19
1062.7074946616153,2.292e-19
1062.719547597727,2.257e-19
1062.7316005338384,2.244e-19
1062.74365346995,2.317e-19
1062.7557064060616,2.334e-19
1062.7677593421733,2.297e-19
1062.779812278285,2.312e-19
1062.7918652143965,2.315e-19
1062.803918150508,2.309e-19
1062.8159710866196,2.341e-19
1062.8280240227311,2.327e-19
1062.8400769588427,2.305e-19
1062.8521298949543,2.342e-19
1062.864182831066,2.338e-19
1062.8762357671776,2.309e-19
1062.8882887032892,2.326e-19
1062.9003416394007,2.331e-19
1062.9123945755123,2.333e-19
1062.9244475116238,2.349e-19
1062.9365004477354,2.344e-19
1062.9485533838472,2.361e-19
1062.9606063199587,2.373e-19
1062.9726592560703,2.346e-19
1062.9847121921819,2.369e-19
1062.9967651282934,2.402e-19
1063.008818064405,2.367e-19
1063.0208710005165,2.376e-19
1063.0329239366283,2.442e-19
1063.0449768727399,2.469e-19
1063.0570298088514,2.473e-19
1063.069082744963,2.481e-19
1063.0811356810746,2.509e-19
1063.0931886171861,2.557e-19
1063.1052415532977,2.545e-19
1063.1172944894092,2.496e-19
1063.129347425521,2.527e-19
1063.1414003616326,2.575e-19
1063.1534532977441,2.53e-19
1063.1655062338557,2.469e-19
1063.1775591699673,2.481e-19
1063.1896121060788,2.497e-19
1063.2016650421904,2.484e-19
1063.2137179783022,2.507e-19
1063.2257709144137,2.515e-19
1063.2378238505253,2.471e-19
1063.2498767866368,2.483e-19
1063.2619297227484,2.518e-19
1063.27398265886,2.499e-19
1063.2860355949715,2.509e-19
1063.298088531083,2.529e-19
1063.3101414671949,2.509e-19
1063.3221944033064,2.53e-19
1063.334247339418,2.56e-19
1063.3463002755295,2.548e-19
1063.358353211641,2.56e-19
1063.3704061477526,2.571e-19
1063.3824590838642,2.554e-19
1063.394512019976,2.563e-19
1063.4065649560875,2.589e-19
1063.418617892199,2.626e-19
1063.4306708283107,2.657e-19
1063.4427237644222,2.646e-19
1063.4547767005338,2.654e-19
1063.4668296366453,2.675e-19
1063.4788825727571,2.659e-19
1063.4909355088687,2.662e-19
1063.5029884449802,2.668e-19
1063.5150413810918,2.651e-19
1063.5270943172034,2.665e-19
1063.539147253315,2.669e-19
1063.5512001894265,2.644e-19
1063.563253125538,2.661e-19
1063.5753060616498,2.678e-19
1063.5873589977614,2.67e-19
1063.599411933873,2.672e-19
1063.6114648699845,2.666e-19
1063.623517806096,2.667e-19
1063.6355707422076,2.68e-19
1063.6476236783192,2.666e-19
1063.659676614431,2.651e-19
1063.6717295505425,2.657e-19
1063.683782486654,2.675e-19
1063.6958354227656,2.694e-19
1063.7078883588772,2.686e-19
1063.7199412949888,2.702e-19
1063.7319942311003,2.774e-19
1063.744047167212,2.799e-19
1063.7561001033237,2.782e-19
1063.7681530394352,2.795e-19
1063.7802059755468,2.809e-19
1063.7922589116583,2.821e-19
1063.80431184777,2.834e-19
1063.8163647838815,2.809e-19
1063.828417719993,2.803e-19
1063.8404706561048,2.841e-19
1063.8525235922164,2.849e-19
1063.864576528328,2.847e-19
1063.8766294644395,2.851e-19
1063.888682400551,2.829e-19
1063.9007353366626,2.832e-19
1063.9127882727742,2.867e-19
1063.924841208886,2.853e-19
1063.9368941449975,2.812e-19
1063.948947081109,2.822e-19
1063.9610000172206,2.877e-19
1063.9730529533322,2.906e-19
1063.9851058894437,2.886e-19
1063.9971588255553,2.88e-19
1064.0092117616668,2.915e-19
1064.0212646977786,2.914e-19
1064.0333176338902,2.884e-19
1064.0453705700018,2.921e-19
1064.0574235061133,2.971e-19
1064.0694764422249,2.955e-19
1064.0815293783364,2.953e-19
1064.093582314448,2.993e-19
1064.1056352505598,3.005e-19
1064.1176881866713,2.991e-19
1064.129741122783,2.992e-19
1064.1417940588944,3.018e-19
1064.153846995006,3.041e-19
1064.1658999311176,3.036e-19
1064.1779528672291,3.032e-19
1064.190005803341,3.01e-19
1064.2020587394525,2.967e-19
1064.214111675564,3.01e-19
1064.2261646116756,3.075e-19
1064.2382175477871,3.032e-19
1064.2502704838987,3.009e-19
1064.2623234200103,3.038e-19
1064.2743763561218,3.005e-19
1064.2864292922336,2.994e-19
1064.2984822283452,3.014e-19
1064.3105351644567,2.983e-19
1064.3225881005683,2.999e-19
1064.3346410366798,3.061e-19
1064.3466939727914,3.07e-19
1064.358746908903,3.074e-19
1064.3707998450147,3.084e-19
1064.3828527811263,3.082e-19
1064.3949057172379,3.082e-19
1064.4069586533494,3.043e-19
1064.419011589461,3.03e-19
1064.4310645255725,3.106e-19
1064.443117461684,3.143e-19
1064.4551703977959,3.126e-19
1064.4672233339074,3.149e-19
1064.479276270019,3.178e-19
1064.4913292061306,3.177e-19
1064.5033821422421,3.168e-19
1064.5154350783537,3.164e-19
1064.5274880144652,3.196e-19
1064.5395409505768,3.224e-19
1064.5515938866886,3.212e-19
1064.5636468228001,3.21e-19
1064.5756997589117,3.212e-19
1064.5877526950233,3.202e-19
1064.5998056311348,3.214e-19
1064.6118585672464,3.235e-19
1064.623911503358,3.219e-19
1064.6359644394697,3.187e-19
1064.6480173755813,3.194e-19
1064.6600703116928,3.223e-19
1064.6721232478044,3.215e-19
1064.684176183916,3.199e-19
1064.6962291200275,3.218e-19
1064.708282056139,3.246e-19
1064.7203349922506,3.258e-19
1064.7323879283624,3.255e-19
1064.744440864474,3.26e-19
1064.7564938005855,3.292e-19
1064.768546736697,3.297e-19
1064.7805996728086,3.28e-19
1064.7926526089202,3.3e-19
1064.8047055450318,3.33e-19
1064.8167584811436,3.344e-19
1064.828811417255,3.352e-19
1064.8408643533667,3.348e-19
1064.8529172894782,3.372e-19
1064.8649702255898,3.399e-19
1064.8770231617013,3.368e-19
1064.889076097813,3.353e-19
1064.9011290339247,3.36e-19
1064.9131819700362,3.344e-19
1064.9252349061478,3.37e-19
1064.9372878422594,3.383e-19
1064.949340778371,3.325e-19
1064.9613937144825,3.34e-19
1064.973446650594,3.415e-19
1064.9854995867056,3.402e-19
1064.9975525228174,3.355e-19
1065.009605458929,3.37e-19
1065.0216583950405,3.411e-19
1065.033711331152,3.425e-19
1065.0457642672636,3.41e-19
1065.0578172033752,3.398e-19
1065.0698701394867,3.415e-19
1065.0819230755985,3.447e-19
1065.09397601171,3.451e-19
1065.1060289478216,3.424e-19
1065.1180818839332,3.416e-19
1065.1301348200448,3.436e-19
1065.1421877561563,3.457e-19
1065.1542406922679,3.48e-19
1065.1662936283794,3.482e-19
1065.1783465644912,3.479e-19
1065.1903995006028,3.516e-19
1065.2024524367143,3.537e-19
1065.214505372826,3.536e-19
1065.2265583089375,3.547e-19
1065.238611245049,3.514e-19
1065.2506641811606,3.488e-19
1065.2627171172724,3.527e-19
1065.274770053384,3.535e-19
1065.2868229894955,3.538e-19
1065.298875925607,3.588e-19
1065.3109288617186,3.585e-19
1065.3229817978302,3.555e-19
1065.3350347339417,3.573e-19
1065.3470876700535,3.594e-19
1065.359140606165,3.612e-19
1065.3711935422766,3.622e-19
1065.3832464783882,3.609e-19
1065.3952994144997,3.615e-19
1065.4073523506113,3.637e-19
1065.4194052867228,3.64e-19
1065.4314582228344,3.625e-19
1065.4435111589462,3.629e-19
1065.4555640950578,3.672e-19
1065.4676170311693,3.691e-19
1065.4796699672809,3.677e-19
1065.4917229033924,3.703e-19
1065.503775839504,3.72e-19
1065.5158287756155,3.715e-19
1065.5278817117273,3.755e-19
1065.539934647839,3.762e-19
1065.5519875839504,3.733e-19
1065.564040520062,3.753e-19
1065.5760934561736,3.764e-19
1065.5881463922851,3.754e-19
1065.6001993283967,3.763e-19
1065.6122522645085,3.752e-19
1065.62430520062,3.746e-19
1065.6363581367316,3.741e-19
1065.6484110728431,3.715e-19
1065.6604640089547,3.744e-19
1065.6725169450663,3.794e-19
1065.6845698811778,3.774e-19
1065.6966228172894,3.742e-19
1065.7086757534012,3.75e-19
1065.7207286895127,3.79e-19
1065.7327816256243,3.815e-19
1065.7448345617358,3.781e-19
1065.7568874978474,3.753e-19
1065.768940433959,3.773e-19
1065.7809933700705,3.8e-19
1065.7930463061823,3.824e-19
1065.8050992422939,3.823e-19
1065.8171521784054,3.815e-19
1065.829205114517,3.821e-19
1065.8412580506285,3.819e-19
1065.85331098674,3.862e-19
1065.8653639228517,3.913e-19
1065.8774168589632,3.868e-19
1065.889469795075,3.861e-19
1065.9015227311866,3.922e-19
1065.9135756672981,3.899e-19
1065.9256286034097,3.874e-19
1065.9376815395212,3.914e-19
1065.9497344756328,3.913e-19
1065.9617874117444,3.892e-19
1065.9738403478561,3.891e-19
1065.9858932839677,3.903e-19
1065.9979462200793,3.915e-19
1066.0099991561908,3.887e-19
1066.0220520923024,3.899e-19
1066.034105028414,3.962e-19
1066.0461579645255,3.956e-19
1066.0582109006373,3.949e-19
1066.0702638367488,3.972e-19
1066.0823167728604,3.948e-19
1066.094369708972,3.968e-19
1066.1064226450835,4.017e-19
1066.118475581195,3.985e-19
1066.1305285173066,3.962e-19
1066.1425814534182,3.982e-19
1066.15463438953,4.001e-19
1066.1666873256415,4.036e-19
1066.178740261753,4.049e-19
1066.1907931978647,4.056e-19
1066.2028461339762,4.076e-19
1066.2148990700878,4.069e-19
1066.2269520061993,4.094e-19
1066.239004942311,4.123e-19
1066.2510578784227,4.09e-19
1066.2631108145342,4.104e-19
1066.2751637506458,4.136e-19
1066.2872166867573,4.114e-19
1066.299269622869,4.133e-19
1066.3113225589805,4.141e-19
1066.323375495092,4.105e-19
1066.3354284312038,4.119e-19
1066.3474813673154,4.115e-19
1066.359534303427,4.098e-19
1066.3715872395385,4.145e-19
1066.38364017565,4.135e-19
1066.3956931117616,4.088e-19
1066.4077460478732,4.132e-19
1066.419798983985,4.166e-19
1066.4318519200965,4.135e-19
1066.443904856208,4.126e-19
1066.4559577923196,4.157e-19
1066.4680107284312,4.199e-19
1066.4800636645427,4.22e-19
1066.4921166006543,4.229e-19
1066.504169536766,4.239e-19
1066.5162224728776,4.233e-19
1066.5282754089892,4.231e-19
1066.5403283451008,4.256e-19
1066.5523812812123,4.284e-19
1066.5644342173239,4.292e-19
1066.5764871534354,4.27e-19
1066.588540089547,4.269e-19
1066.6005930256588,4.314e-19
1066.6126459617703,4.314e-19
1066.624698897882,4.281e-19
1066.6367518339935,4.296e-19
1066.648804770105,4.313e-19
1066.6608577062166,4.311e-19
1066.6729106423281,4.312e-19
1066.68496357844,4.31e-19
1066.6970165145515,4.314e-19
1066.709069450663,4.31e-19
1066.7211223867746,4.302e-19
1066.7331753228862,4.301e-19
1066.7452282589977,4.285e-19
1066.7572811951093,4.309e-19
1066.769334131221,4.347e-19
1066.7813870673326,4.312e-19
1066.7934400034442,4.331e-19
1066.8054929395557,4.416e-19
1066.8175458756673,4.395e-19
1066.8295988117789,4.363e-19
1066.8416517478904,4.408e-19
1066.853704684002,4.415e-19
1066.8657576201138,4.418e-19
1066.8778105562253,4.451e-19
1066.8898634923369,4.441e-19
1066.9019164284484,4.446e-19
1066.91396936456,4.474e-19
1066.9260223006715,4.467e-19
1066.938075236783,4.469e-19
1066.950128172895,4.479e-19
1066.9621811090065,4.472e-19
1066.974234045118,4.478e-19
1066.9862869812296,4.49e-19
1066.9983399173411,4.49e-19
1067.0103928534527,4.5e-19
1067.0224457895642,4.526e-19
1067.0344987256758,4.525e-19
1067.0465516617876,4.476e-19
1067.0586045978991,4.482e-19
1067.0706575340107,4.547e-19
1067.0827104701223,4.525e-19
1067.0947634062338,4.477e-19
1067.1068163423454,4.531e-19
1067.118869278457,4.585e-19
1067.1309222145687,4.557e-19
1067.1429751506803,4.511e-19
1067.1550280867918,4.526e-19
1067.1670810229034,4.615e-19
1067.179133959015,4.66e-19
1067.1911868951265,4.626e-19
1067.203239831238,4.628e-19
1067.2152927673499,4.651e-19
1067.2273457034614,4.646e-19
1067.239398639573,4.673e-19
1067.2514515756845,4.695e-19
1067.263504511796,4.658e-19
1067.2755574479077,4.642e-19
1067.2876103840192,4.681e-19
1067.2996633201308,4.696e-19
1067.3117162562426,4.671e-19
1067.3237691923541,4.688e-19
1067.3358221284657,4.731e-19
1067.3478750645772,4.695e-19
1067.3599280006888,4.646e-19
1067.3719809368004,4.678e-19
1067.384033872912,4.72e-19
1067.3960868090237,4.744e-19
1067.4081397451353,4.741e-19
1067.4201926812468,4.679e-19
1067.4322456173584,4.665e-19
1067.44429855347,4.703e-19
1067.4563514895815,4.674e-19
1067.468404425693,4.675e-19
1067.4804573618048,4.739e-19
1067.4925102979164,4.724e-19
1067.504563234028,4.699e-19
1067.5166161701395,4.75e-19
1067.528669106251,4.779e-19
1067.5407220423626,4.8e-19
1067.5527749784742,4.838e-19
1067.5648279145857,4.812e-19
1067.5768808506975,4.777e-19
1067.588933786809,4.805e-19
1067.6009867229207,4.815e-19
1067.6130396590322,4.808e-19
1067.6250925951438,4.831e-19
1067.6371455312553,4.823e-19
1067.649198467367,4.814e-19
1067.6612514034787,4.849e-19
1067.6733043395902,4.846e-19
1067.6853572757018,4.827e-19
1067.6974102118133,4.83e-19
1067.709463147925,4.784e-19
1067.7215160840365,4.784e-19
1067.733569020148,4.887e-19
1067.7456219562596,4.894e-19
1067.7576748923714,4.807e-19
1067.769727828483,4.807e-19
1067.7817807645945,4.858e-19
1067.793833700706,4.892e-19
1067.8058866368176,4.9e-19
1067.8179395729292,4.857e-19
1067.8299925090407,4.844e-19
1067.8420454451525,4.88e-19
1067.854098381264,4.877e-19
1067.8661513173756,4.897e-19
1067.8782042534872,4.959e-19
1067.8902571895987,4.956e-19
1067.9023101257103,4.94e-19
1067.9143630618219,4.982e-19
1067.9264159979336,4.999e-19
1067.9384689340452,4.98e-19
1067.9505218701568,4.982e-19
1067.9625748062683,4.993e-19
1067.9746277423799,4.998e-19
1067.9866806784914,4.997e-19
1067.998733614603,5.002e-19
1068.0107865507146,5.027e-19
1068.0228394868263,5.04e-19
1068.034892422938,5.028e-19
1068.0469453590495,5.052e-19
1068.058998295161,5.089e-19
1068.0710512312726,5.055e-19
1068.0831041673841,5.008e-19
1068.0951571034957,5.036e-19
1068.1072100396075,5.075e-19
1068.119262975719,5.084e-19
1068.1313159118306,5.093e-19
1068.1433688479422,5.1e-19
1068.1554217840537,5.105e-19
1068.1674747201653,5.093e-19
1068.1795276562768,5.062e-19
1068.1915805923886,5.085e-19
1068.2036335285002,5.118e-19
1068.2156864646117,5.088e-19
1068.2277394007233,5.088e-19
1068.2397923368349,5.124e-19
1068.2518452729464,5.135e-19
1068.263898209058,5.179e-19
1068.2759511451695,5.214e-19
1068.2880040812813,5.185e-19
1068.3000570173929,5.186e-19
1068.3121099535044,5.197e-19
1068.324162889616,5.174e-19
1068.3362158257275,5.199e-19
1068.348268761839,5.229e-19
1068.3603216979507,5.203e-19
1068.3723746340625,5.173e-19
1068.384427570174,5.148e-19
1068.3964805062856,5.162e-19
1068.4085334423971,5.219e-19
1068.4205863785087,5.223e-19
1068.4326393146202,5.2e-19
1068.4446922507318,5.231e-19
1068.4567451868434,5.275e-19
1068.4687981229551,5.297e-19
1068.4808510590667,5.288e-19
1068.4929039951783,5.261e-19
1068.5049569312898,5.268e-19
1068.5170098674014,5.273e-19
1068.529062803513,5.264e-19
1068.5411157396245,5.301e-19
1068.5531686757363,5.323e-19
1068.5652216118478,5.297e-19
1068.5772745479594,5.33e-19
1068.589327484071,5.389e-19
1068.6013804201825,5.373e-19
1068.613433356294,5.354e-19
1068.6254862924056,5.385e-19
1068.6375392285174,5.41e-19
1068.649592164629,5.431e-19
1068.6616451007405,5.444e-19
1068.673698036852,5.398e-19
1068.6857509729637,5.366e-19
1068.6978039090752,5.408e-19
1068.7098568451868,5.437e-19
1068.7219097812983,5.417e-19
1068.7339627174101,5.405e-19
1068.7460156535217,5.391e-19
1068.7580685896332,5.365e-19
1068.7701215257448,5.367e-19
1068.7821744618564,5.408e-19
1068.794227397968,5.453e-19
1068.8062803340795,5.438e-19
1068.8183332701913,5.404e-19
1068.8303862063028,5.443e-19
1068.8424391424144,5.482e-19
1068.854492078526,5.442e-19
1068.8665450146375,5.422e-19
1068.878597950749,5.467e-19
1068.8906508868606,5.487e-19
1068.9027038229724,5.458e-19
1068.914756759084,5.465e-19
1068.9268096951955,5.523e-19
1068.938862631307,5.538e-19
1068.9509155674186,5.511e-19
1068.9629685035302,5.531e-19
1068.9750214396418,5.557e-19
1068.9870743757533,5.556e-19
1068.999127311865,5.58e-19
1069.0111802479767,5.577e-19
1069.0232331840882,5.55e-19
1069.0352861201998,5.568e-19
1069.0473390563113,5.568e-19
1069.059391992423,5.555e-19
1069.0714449285344,5.578e-19
1069.0834978646462,5.57e-19
1069.0955508007578,5.571e-19
1069.1076037368694,5.61e-19
1069.119656672981,5.579e-19
1069.1317096090925,5.545e-19
1069.143762545204,5.574e-19
1069.1558154813156,5.551e-19
1069.1678684174271,5.526e-19
1069.179921353539,5.576e-19
1069.1919742896505,5.571e-19
1069.204027225762,5.535e-19
1069.2160801618736,5.586e-19
1069.2281330979852,5.63e-19
1069.2401860340967,5.601e-19
1069.2522389702083,5.595e-19
1069.26429190632,5.613e-19
1069.2763448424316,5.607e-19
1069.2883977785432,5.617e-19
1069.3004507146547,5.656e-19
1069.3125036507663,5.672e-19
1069.3245565868779,5.656e-19
1069.3366095229894,5.658e-19
1069.3486624591012,5.707e-19
1069.3607153952128,5.739e-19
1069.3727683313243,5.706e-19
1069.3848212674359,5.706e-19
1069.3968742035474,5.749e-19
1069.408927139659,5.714e-19
1069.4209800757706,5.686e-19
1069.4330330118821,5.732e-19
1069.445085947994,5.712e-19
1069.4571388841055,5.685e-19
1069.469191820217,5.739e-19
1069.4812447563286,5.74e-19
1069.4932976924401,5.727e-19
1069.5053506285517,5.765e-19
1069.5174035646633,5.751e-19
1069.529456500775,5.768e-19
1069.5415094368866,5.841e-19
1069.5535623729982,5.828e-19
1069.5656153091097,5.814e-19
1069.5776682452213,5.845e-19
1069.5897211813328,5.806e-19
1069.6017741174444,5.792e-19
1069.6138270535562,5.859e-19
1069.6258799896677,5.884e-19
1069.6379329257793,5.87e-19
1069.6499858618909,5.864e-19
1069.6620387980024,5.88e-19
1069.674091734114,5.934e-19
1069.6861446702255,5.958e-19
1069.698197606337,5.936e-19
1069.7102505424489,5.932e-19
1069.7223034785604,5.933e-19
1069.734356414672,5.933e-19
1069.7464093507836,5.946e-19
1069.758462286895,5.95e-19
1069.7705152230067,5.966e-19
1069.7825681591182,5.978e-19
1069.79462109523,5.952e-19
1069.8066740313416,5.933e-19
1069.8187269674531,5.941e-19
1069.8307799035647,5.95e-19
1069.8428328396762,5.949e-19
1069.8548857757878,5.946e-19
1069.8669387118994,5.971e-19
1069.878991648011,5.973e-19
1069.8910445841227,5.931e-19
1069.9030975202343,5.96e-19
1069.9151504563458,6.031e-19
1069.9272033924574,6.015e-19
1069.939256328569,5.988e-19
1069.9513092646805,6.022e-19
1069.963362200792,6.049e-19
1069.9754151369038,6.044e-19
1069.9874680730154,6.015e-19
1069.999521009127,5.999e-19
1070.0115739452385,6.045e-19
1070.02362688135,6.088e-19
1070.0356798174616,6.065e-19
1070.0477327535732,6.034e-19
1070.059785689685,6.05e-19
1070.0718386257965,6.103e-19
1070.083891561908,6.118e-19
1070.0959444980197,6.069e-19
1070.1079974341312,6.046e-19
1070.1200503702428,6.086e-19
1070.1321033063543,6.113e-19
1070.144156242466,6.087e-19
1070.1562091785777,6.061e-19
1070.1682621146892,6.084e-19
1070.1803150508008,6.08e-19
1070.1923679869124,6.002e-19
1070.204420923024,5.982e-19
1070.2164738591355,6.047e-19
1070.228526795247,6.055e-19
1070.2405797313588,6.012e-19
1070.2526326674704,6.016e-19
1070.264685603582,6.055e-19
1070.2767385396935,6.08e-19
1070.288791475805,6.069e-19
1070.3008444119166,6.047e-19
1070.3128973480282,6.065e-19
1070.32495028414,6.105e-19
1070.3370032202515,6.118e-19
1070.349056156363,6.095e-19
1070.3611090924746,6.078e-19
1070.3731620285862,6.116e-19
1070.3852149646978,6.156e-19
1070.3972679008093,6.156e-19
1070.4093208369209,6.165e-19
1070.4213737730327,6.177e-19
1070.4334267091442,6.177e-19
1070.4454796452558,6.193e-19
1070.4575325813673,6.176e-19
1070.469585517479,6.138e-19
1070.4816384535904,6.158e-19
1070.493691389702,6.164e-19
1070.5057443258138,6.129e-19
1070.5177972619254,6.127e-19
1070.529850198037,6.127e-19
1070.5419031341485,6.14e-19
1070.55395607026,6.204e-19
1070.5660090063716,6.217e-19
1070.5780619424831,6.179e-19
1070.5901148785947,6.187e-19
1070.6021678147065,6.208e-19
1070.614220750818,6.231e-19
1070.6262736869296,6.26e-19
1070.6383266230412,6.227e-19
1070.6503795591527,6.193e-19
1070.6624324952643,6.228e-19
1070.6744854313758,6.235e-19
1070.6865383674876,6.212e-19
1070.6985913035992,6.245e-19
1070.7106442397107,6.266e-19
1070.7226971758223,6.231e-19
1070.7347501119339,6.233e-19
1070.7468030480454,6.261e-19
1070.758855984157,6.238e-19
1070.7709089202688,6.22e-19
1070.7829618563803,6.249e-19
1070.7950147924919,6.25e-19
1070.8070677286034,6.223e-19
1070.819120664715,6.229e-19
1070.8311736008266,6.227e-19
1070.8432265369381,6.195e-19
1070.8552794730497,6.194e-19
1070.8673324091615,6.224e-19
1070.879385345273,6.225e-19
1070.8914382813846,6.175e-19
1070.9034912174961,6.135e-19
1070.9155441536077,6.178e-19
1070.9275970897193,6.238e-19
1070.9396500258308,6.217e-19
1070.9517029619426,6.189e-19
1070.9637558980542,6.238e-19
1070.9758088341657,6.298e-19
1070.9878617702773,6.307e-19
1070.9999147063888,6.287e-19
1071.0119676425004,6.283e-19
1071.024020578612,6.307e-19
1071.0360735147237,6.319e-19
1071.0481264508353,6.312e-19
1071.0601793869469,6.321e-19
1071.0722323230584,6.326e-19
1071.08428525917,6.324e-19
1071.0963381952815,6.352e-19
1071.108391131393,6.38e-19
1071.1204440675046,6.357e-19
1071.1324970036164,6.338e-19
1071.144549939728,6.37e-19
1071.1566028758396,6.397e-19
1071.168655811951,6.383e-19
1071.1807087480627,6.383e-19
1071.1927616841742,6.403e-19
1071.2048146202858,6.398e-19
1071.2168675563976,6.373e-19
1071.2289204925091,6.353e-19
1071.2409734286207,6.359e-19
1071.2530263647322,6.382e-19
1071.2650793008438,6.39e-19
1071.2771322369554,6.405e-19
1071.289185173067,6.424e-19
1071.3012381091785,6.393e-19
1071.3132910452903,6.362e-19
1071.3253439814018,6.39e-19
1071.3373969175134,6.424e-19
1071.349449853625,6.433e-19
1071.3615027897365,6.413e-19
1071.373555725848,6.386e-19
1071.3856086619596,6.423e-19
1071.3976615980714,6.456e-19
1071.409714534183,6.423e-19
1071.4217674702945,6.423e-19
1071.433820406406,6.45e-19
1071.4458733425176,6.439e-19
1071.4579262786292,6.445e-19
1071.4699792147408,6.437e-19
1071.4820321508525,6.396e-19
1071.494085086964,6.409e-19
1071.5061380230757,6.45e-19
1071.5181909591872,6.468e-19
1071.5302438952988,6.471e-19
1071.5422968314103,6.431e-19
1071.554349767522,6.4e-19
1071.5664027036335,6.411e-19
1071.5784556397452,6.408e-19
1071.5905085758568,6.432e-19
1071.6025615119684,6.467e-19
1071.61461444808,6.44e-19
1071.6266673841915,6.428e-19
1071.638720320303,6.435e-19
1071.6507732564146,6.411e-19
1071.6628261925264,6.445e-19
1071.674879128638,6.526e-19
1071.6869320647495,6.538e-19
1071.698985000861,6.513e-19
1071.7110379369726,6.513e-19
1071.7230908730842,6.531e-19
1071.7351438091957,6.54e-19
1071.7471967453075,6.533e-19
1071.759249681419,6.554e-19
1071.7713026175306,6.574e-19
1071.7833555536422,6.552e-19
1071.7954084897538,6.571e-19
1071.8074614258653,6.6e-19
1071.8195143619769,6.567e-19
1071.8315672980884,6.57e-19
1071.8436202342002,6.586e-19
1071.8556731703118,6.529e-19
1071.8677261064233,6.522e-19
1071.879779042535,6.572e-19
1071.8918319786465,6.57e-19
1071.903884914758,6.572e-19
1071.9159378508696,6.568e-19
1071.9279907869814,6.521e-19
1071.940043723093,6.546e-19
1071.9520966592045,6.587e-19
1071.964149595316,6.526e-19
1071.9762025314276,6.497e-19
1071.9882554675391,6.548e-19
1072.0003084036507,6.56e-19
1072.0123613397623,6.555e-19
1072.024414275874,6.568e-19
1072.0364672119856,6.575e-19
1072.0485201480972,6.605e-19
1072.0605730842087,6.602e-19
1072.0726260203203,6.542e-19
1072.0846789564318,6.564e-19
1072.0967318925434,6.645e-19
1072.1087848286552,6.629e-19
1072.1208377647667,6.586e-19
1072.1328907008783,6.615e-19
1072.1449436369899,6.63e-19
1072.1569965731014,6.604e-19
1072.169049509213,6.617e-19
1072.1811024453245,6.673e-19
1072.1931553814363,6.704e-19
1072.2052083175479,6.697e-19
1072.2172612536594,6.669e-19
1072.229314189771,6.648e-19
1072.2413671258826,6.691e-19
1072.2534200619941,6.749e-19
1072.2654729981057,6.727e-19
1072.2775259342172,6.705e-19
1072.289578870329,6.726e-19
1072.3016318064406,6.703e-19
1072.3136847425521,6.684e-19
1072.3257376786637,6.705e-19
1072.3377906147753,6.694e-19
1072.3498435508868,6.715e-19
1072.3618964869984,6.775e-19
1072.3739494231102,6.787e-19
1072.3860023592217,6.799e-19
1072.3980552953333,6.806e-19
1072.4101082314448,6.789e-19
1072.4221611675564,6.839e-19
1072.434214103668,6.859e-19
1072.4462670397795,6.781e-19
1072.458319975891,6.759e-19
1072.4703729120029,6.774e-19
1072.4824258481144,6.76e-19
1072.494478784226,6.786e-19
1072.5065317203375,6.808e-19
1072.518584656449,6.806e-19
1072.5306375925607,6.826e-19
1072.5426905286722,6.83e-19
1072.554743464784,6.828e-19
1072.5667964008956,6.817e-19
1072.5788493370071,6.789e-19
1072.5909022731187,6.815e-19
1072.6029552092302,6.822e-19
1072.6150081453418,6.768e-19
1072.6270610814533,6.78e-19
1072.6391140175651,6.793e-19
1072.6511669536767,6.74e-19
1072.6632198897883,6.734e-19
1072.6752728258998,6.737e-19
1072.6873257620114,6.712e-19
1072.699378698123,6.734e-19
1072.7114316342345,6.77e-19
1072.723484570346,6.789e-19
1072.7355375064578,6.802e-19
1072.7475904425694,6.793e-19
1072.759643378681,6.789e-19
1072.7716963147925,6.78e-19
1072.783749250904,6.779e-19
1072.7958021870156,6.814e-19
1072.8078551231272,6.812e-19
1072.819908059239,6.784e-19
1072.8319609953505,6.78e-19
1072.844013931462,6.748e-19
1072.8560668675736,6.742e-19
1072.8681198036852,6.787e-19
1072.8801727397968,6.802e-19
1072.8922256759083,6.815e-19
1072.9042786120199,6.816e-19
1072.9163315481317,6.8e-19
1072.9283844842432,6.825e-19
1072.9404374203548,6.792e-19
1072.9524903564663,6.747e-19
1072.964543292578,6.807e-19
1072.9765962286895,6.804e-19
1072.988649164801,6.733e-19
1073.0007021009128,6.735e-19
1073.0127550370244,6.725e-19
1073.024807973136,6.723e-19
1073.0368609092475,6.754e-19
1073.048913845359,6.717e-19
1073.0609667814706,6.722e-19
1073.0730197175822,6.775e-19
1073.085072653694,6.748e-19
1073.0971255898055,6.75e-19
1073.109178525917,6.776e-19
1073.1212314620286,6.744e-19
1073.1332843981402,6.782e-19
1073.1453373342517,6.834e-19
1073.1573902703633,6.798e-19
1073.1694432064749,6.773e-19
1073.1814961425866,6.763e-19
1073.1935490786982,6.764e-19
1073.2056020148098,6.79e-19
1073.2176549509213,6.779e-19
1073.2297078870329,6.789e-19
1073.2417608231444,6.832e-19
1073.253813759256,6.837e-19
1073.2658666953678,6.857e-19
1073.2779196314793,6.871e-19
1073.289972567591,6.855e-19
1073.3020255037025,6.861e-19
1073.314078439814,6.835e-19
1073.3261313759256,6.826e-19
1073.3381843120371,6.908e-19
1073.350237248149,6.915e-19
1073.3622901842605,6.852e-19
1073.374343120372,6.873e-19
1073.3863960564836,6.931e-19
1073.3984489925951,6.972e-19
1073.4105019287067,6.975e-19
1073.4225548648183,6.943e-19
1073.4346078009298,6.984e-19
1073.4466607370416,7.039e-19
1073.4587136731532,7.027e-19
1073.4707666092647,7.048e-19
1073.4828195453763,7.07e-19
1073.4948724814878,7.042e-19
1073.5069254175994,7.079e-19
1073.518978353711,7.124e-19
1073.5310312898227,7.076e-19
1073.5430842259343,7.056e-19
1073.5551371620459,7.1e-19
1073.5671900981574,7.108e-19
1073.579243034269,7.103e-19
1073.5912959703805,7.144e-19
1073.603348906492,7.179e-19
1073.6154018426037,7.164e-19
1073.6274547787154,7.126e-19
1073.639507714827,7.112e-19
1073.6515606509386,7.154e-19
1073.6636135870501,7.184e-19
1073.6756665231617,7.134e-19
1073.6877194592732,7.114e-19
1073.6997723953848,7.174e-19
1073.7118253314966,7.184e-19
1073.7238782676081,7.146e-19
1073.7359312037197,7.134e-19
1073.7479841398313,7.129e-19
1073.7600370759428,7.158e-19
1073.7720900120544,7.206e-19
1073.784142948166,7.215e-19
1073.7961958842777,7.228e-19
1073.8082488203893,7.22e-19
1073.8203017565008,7.18e-19
1073.8323546926124,7.2e-19
1073.844407628724,7.219e-19
1073.8564605648355,7.175e-19
1073.868513500947,7.147e-19
1073.8805664370586,7.13e-19
1073.8926193731704,7.121e-19
1073.904672309282,7.123e-19
1073.9167252453935,7.08e-19
1073.928778181505,7.046e-19
1073.9408311176167,7.053e-19
1073.9528840537282,7.053e-19
1073.9649369898398,7.042e-19
1073.9769899259516,6.996e-19
1073.9890428620631,6.967e-19
1074.0010957981747,6.997e-19
1074.0131487342862,6.95e-19
1074.0252016703978,6.879e-19
1074.0372546065094,6.899e-19
1074.049307542621,6.89e-19
1074.0613604787327,6.863e-19
1074.0734134148443,6.872e-19
1074.0854663509558,6.827e-19
1074.0975192870674,6.823e-19
1074.109572223179,6.9e-19
1074.1216251592905,6.913e-19
1074.133678095402,6.919e-19
1074.1457310315136,6.947e-19
1074.1577839676254,6.911e-19
1074.169836903737,6.891e-19
1074.1818898398485,6.928e-19
1074.19394277596,6.947e-19
1074.2059957120716,6.938e-19
1074.2180486481832,6.927e-19
1074.2301015842947,6.925e-19
1074.2421545204065,6.878e-19
1074.254207456518,6.829e-19
1074.2662603926296,6.905e-19
1074.2783133287412,6.959e-19
1074.2903662648528,6.897e-19
1074.3024192009643,6.913e-19
1074.3144721370759,6.965e-19
1074.3265250731874,6.925e-19
1074.3385780092992,6.899e-19
1074.3506309454108,6.9e-19
1074.3626838815223,6.925e-19
1074.374736817634,6.97e-19
1074.3867897537455,6.914e-19
1074.398842689857,6.856e-19
1074.4108956259686,6.926e-19
1074.4229485620804,6.98e-19
1074.435001498192,6.977e-19
1074.4470544343035,6.99e-19
1074.459107370415,7.014e-19
1074.4711603065266,7.049e-19
1074.4832132426382,7.053e-19
1074.4952661787497,7.047e-19
1074.5073191148615,7.106e-19
1074.519372050973,7.141e-19
1074.5314249870846,7.111e-19
1074.5434779231962,7.109e-19
1074.5555308593077,7.127e-19
1074.5675837954193,7.135e-19
1074.5796367315309,7.133e-19
1074.5916896676424,7.12e-19
1074.6037426037542,7.115e-19
1074.6157955398658,7.119e-19
1074.6278484759773,7.168e-19
1074.6399014120889,7.223e-19
1074.6519543482004,7.204e-19
1074.664007284312,7.211e-19
1074.6760602204236,7.226e-19
1074.6881131565353,7.157e-19
1074.700166092647,7.191e-19
1074.7122190287585,7.29e-19
1074.72427196487,7.238e-19
1074.7363249009816,7.222e-19
1074.7483778370931,7.261e-19
1074.7604307732047,7.176e-19
1074.7724837093165,7.157e-19
1074.784536645428,7.23e-19
1074.7965895815396,7.214e-19
1074.8086425176512,7.221e-19
1074.8206954537627,7.262e-19
1074.8327483898743,7.252e-19
1074.8448013259858,7.274e-19
1074.8568542620974,7.268e-19
1074.8689071982092,7.222e-19
1074.8809601343207,7.257e-19
1074.8930130704323,7.274e-19
1074.9050660065438,7.233e-19
1074.9171189426554,7.213e-19
1074.929171878767,7.155e-19
1074.9412248148785,7.115e-19
1074.9532777509903,7.147e-19
1074.9653306871019,7.118e-19
1074.9773836232134,7.038e-19
1074.989436559325,7.023e-19
1075.0014894954365,7.047e-19
1075.013542431548,7.052e-19
1075.0255953676597,7.039e-19
1075.0376483037712,7.041e-19
1075.049701239883,7.032e-19
1075.0617541759946,6.976e-19
1075.0738071121061,6.958e-19
1075.0858600482177,6.983e-19
1075.0979129843292,6.971e-19
1075.1099659204408,6.977e-19
1075.1220188565524,7.001e-19
1075.1340717926641,6.972e-19
1075.1461247287757,6.984e-19
1075.1581776648873,7.044e-19
1075.1702306009988,7.054e-19
1075.1822835371104,7.073e-19
1075.194336473222,7.105e-19
1075.2063894093335,7.092e-19
1075.2184423454453,7.108e-19
1075.2304952815568,7.149e-19
1075.2425482176684,7.138e-19
1075.25460115378,7.124e-19
1075.2666540898915,7.12e-19
1075.278707026003,7.118e-19
1075.2907599621146,7.147e-19
1075.3028128982262,7.138e-19
1075.314865834338,7.109e-19
1075.3269187704495,7.151e-19
1075.338971706561,7.171e-19
1075.3510246426727,7.153e-19
1075.3630775787842,7.201e-19
1075.3751305148958,7.206e-19
1075.3871834510073,7.144e-19
1075.3992363871191,7.149e-19
1075.4112893232307,7.161e-19
1075.4233422593422,7.15e-19
1075.4353951954538,7.171e-19
1075.4474481315654,7.13e-19
1075.459501067677,7.079e-19
1075.4715540037885,7.128e-19
1075.4836069399003,7.143e-19
1075.4956598760118,7.141e-19
1075.5077128121234,7.223e-19
1075.519765748235,7.259e-19
1075.5318186843465,7.256e-19
1075.543871620458,7.301e-19
1075.5559245565696,7.299e-19
1075.5679774926812,7.295e-19
1075.580030428793,7.351e-19
1075.5920833649045,7.347e-19
1075.604136301016,7.323e-19
1075.6161892371276,7.345e-19
1075.6282421732392,7.332e-19
1075.6402951093507,7.346e-19
1075.6523480454623,7.411e-19
1075.664400981574,7.408e-19
1075.6764539176856,7.383e-19
1075.6885068537972,7.415e-19
1075.7005597899088,7.45e-19
1075.7126127260203,7.472e-19
1075.7246656621319,7.486e-19
1075.7367185982434,7.498e-19
1075.748771534355,7.538e-19
1075.7608244704668,7.565e-19
1075.7728774065783,7.537e-19
1075.78493034269,7.515e-19
1075.7969832788015,7.534e-19
1075.809036214913,7.564e-19
1075.8210891510246,7.581e-19
1075.8331420871361,7.587e-19
1075.845195023248,7.614e-19
1075.8572479593595,7.669e-19
1075.869300895471,7.69e-19
1075.8813538315826,7.663e-19
1075.8934067676942,7.657e-19
1075.9054597038057,7.679e-19
1075.9175126399173,7.705e-19
1075.929565576029,7.741e-19
1075.9416185121406,7.734e-19
1075.9536714482522,7.698e-19
1075.9657243843637,7.733e-19
1075.9777773204753,7.766e-19
1075.9898302565869,7.721e-19
1076.0018831926984,7.729e-19
1076.01393612881,7.777e-19
1076.0259890649218,7.758e-19
1076.0380420010333,7.77e-19
1076.0500949371449,7.791e-19
1076.0621478732564,7.711e-19
1076.074200809368,7.679e-19
1076.0862537454796,7.743e-19
1076.098306681591,7.706e-19
1076.110359617703,7.608e-19
1076.1224125538145,7.6e-19
1076.134465489926,7.606e-19
1076.1465184260376,7.558e-19
1076.1585713621491,7.524e-19
1076.1706242982607,7.534e-19
1076.1826772343722,7.545e-19
1076.194730170484,7.516e-19
1076.2067831065956,7.47e-19
1076.2188360427072,7.479e-19
1076.2308889788187,7.505e-19
1076.2429419149303,7.458e-19
1076.2549948510418,7.408e-19
1076.2670477871534,7.43e-19
1076.279100723265,7.455e-19
1076.2911536593767,7.45e-19
1076.3032065954883,7.461e-19
1076.3152595315998,7.472e-19
1076.3273124677114,7.443e-19
1076.339365403823,7.399e-19
1076.3514183399345,7.419e-19
1076.363471276046,7.483e-19
1076.3755242121579,7.475e-19
1076.3875771482694,7.438e-19
1076.399630084381,7.473e-19
1076.4116830204925,7.46e-19
1076.423735956604,7.365e-19
1076.4357888927157,7.362e-19
1076.4478418288272,7.419e-19
1076.4598947649388,7.365e-19
1076.4719477010506,7.275e-19
1076.4840006371621,7.281e-19
1076.4960535732737,7.315e-19
1076.5081065093852,7.289e-19
1076.5201594454968,7.27e-19
1076.5322123816084,7.307e-19
1076.54426531772,7.336e-19
1076.5563182538317,7.357e-19
1076.5683711899433,7.389e-19
1076.5804241260548,7.361e-19
1076.5924770621664,7.309e-19
1076.604529998278,7.319e-19
1076.6165829343895,7.345e-19
1076.628635870501,7.362e-19
1076.6406888066128,7.37e-19
1076.6527417427244,7.35e-19
1076.664794678836,7.373e-19
1076.6768476149475,7.424e-19
1076.688900551059,7.409e-19
1076.7009534871706,7.42e-19
1076.7130064232822,7.484e-19
1076.7250593593938,7.495e-19
1076.7371122955055,7.506e-19
1076.749165231617,7.546e-19
1076.7612181677287,7.526e-19
1076.7732711038402,7.491e-19
1076.7853240399518,7.501e-19
1076.7973769760633,7.52e-19
1076.809429912175,7.555e-19
1076.8214828482867,7.608e-19
1076.8335357843982,7.634e-19
1076.8455887205098,7.65e-19
1076.8576416566214,7.691e-19
1076.869694592733,7.715e-19
1076.8817475288445,7.706e-19
1076.893800464956,7.727e-19
1076.9058534010678,7.77e-19
1076.9179063371794,7.764e-19
1076.929959273291,7.749e-19
1076.9420122094025,7.767e-19
1076.954065145514,7.799e-19
1076.9661180816256,7.83e-19
1076.9781710177372,7.798e-19
1076.9902239538487,7.749e-19
1077.0022768899605,7.815e-19
1077.014329826072,7.868e-19
1077.0263827621836,7.804e-19
1077.0384356982952,7.814e-19
1077.0504886344067,7.898e-19
1077.0625415705183,7.918e-19
1077.0745945066299,7.937e-19
1077.0866474427417,7.957e-19
1077.0987003788532,7.954e-19
1077.1107533149648,8.005e-19
1077.1228062510763,8.034e-19
1077.1348591871879,8e-19
1077.1469121232994,8.022e-19
1077.158965059411,8.069e-19
1077.1710179955226,8.068e-19
1077.1830709316343,8.064e-19
1077.195123867746,8.067e-19
1077.2071768038575,8.084e-19
1077.219229739969,8.139e-19
1077.2312826760806,8.197e-19
1077.2433356121921,8.249e-19
1077.2553885483037,8.29e-19
1077.2674414844155,8.296e-19
1077.279494420527,8.286e-19
1077.2915473566386,8.279e-19
1077.3036002927502,8.296e-19
1077.3156532288617,8.337e-19
1077.3277061649733,8.349e-19
1077.3397591010848,8.342e-19
1077.3518120371966,8.357e-19
1077.3638649733082,8.368e-19
1077.3759179094197,8.386e-19
1077.3879708455313,8.415e-19
1077.4000237816429,8.413e-19
1077.4120767177544,8.432e-19
1077.424129653866,8.485e-19
1077.4361825899775,8.471e-19
1077.4482355260893,8.418e-19
1077.4602884622009,8.417e-19
1077.4723413983124,8.437e-19
1077.484394334424,8.451e-19
1077.4964472705356,8.459e-19
1077.508500206647,8.462e-19
1077.5205531427587,8.46e-19
1077.5326060788705,8.419e-19
1077.544659014982,8.383e-19
1077.5567119510936,8.41e-19
1077.5687648872051,8.389e-19
1077.5808178233167,8.305e-19
1077.5928707594283,8.284e-19
1077.6049236955398,8.242e-19
1077.6169766316516,8.122e-19
1077.6290295677632,8.062e-19
1077.6410825038747,8.054e-19
1077.6531354399863,8.021e-19
1077.6651883760978,7.992e-19
1077.6772413122094,7.97e-19
1077.689294248321,7.964e-19
1077.7013471844325,7.956e-19
1077.7134001205443,7.906e-19
1077.7254530566559,7.903e-19
1077.7375059927674,7.935e-19
1077.749558928879,7.909e-19
1077.7616118649905,7.922e-19
1077.773664801102,7.965e-19
1077.7857177372136,7.931e-19
1077.7977706733254,7.943e-19
1077.809823609437,7.991e-19
1077.8218765455485,7.938e-19
1077.83392948166,7.906e-19
1077.8459824177717,7.947e-19
1077.8580353538832,7.954e-19
1077.8700882899948,7.952e-19
1077.8821412261063,7.986e-19
1077.8941941622181,8.037e-19
1077.9062470983297,8.068e-19
1077.9183000344412,8.038e-19
1077.9303529705528,8.026e-19
1077.9424059066644,8.061e-19
1077.954458842776,8.066e-19
1077.9665117788875,8.092e-19
1077.9785647149993,8.129e-19
1077.9906176511108,8.111e-19
1078.0026705872224,8.154e-19
1078.014723523334,8.222e-19
1078.0267764594455,8.184e-19
1078.038829395557,8.173e-19
1078.0508823316686,8.232e-19
1078.0629352677804,8.246e-19
1078.074988203892,8.247e-19
1078.0870411400035,8.254e-19
1078.099094076115,8.266e-19
1078.1111470122266,8.301e-19
1078.1231999483382,8.305e-19
1078.1352528844498,8.305e-19
1078.1473058205613,8.333e-19
1078.159358756673,8.323e-19
1078.1714116927847,8.325e-19
1078.1834646288962,8.352e-19
1078.1955175650078,8.348e-19
1078.2075705011193,8.391e-19
1078.219623437231,8.452e-19
1078.2316763733425,8.436e-19
1078.2437293094542,8.466e-19
1078.2557822455658,8.554e-19
1078.2678351816774,8.58e-19
1078.279888117789,8.58e-19
1078.2919410539005,8.587e-19
1078.303993990012,8.616e-19
1078.3160469261236,8.671e-19
1078.3280998622351,8.683e-19
1078.340152798347,8.71e-19
1078.3522057344585,8.772e-19
1078.36425867057,8.753e-19
1078.3763116066816,8.757e-19
1078.3883645427932,8.831e-19
1078.4004174789047,8.825e-19
1078.4124704150163,8.855e-19
1078.424523351128,8.967e-19
1078.4365762872396,8.955e-19
1078.4486292233512,8.901e-19
1078.4606821594627,8.91e-19
1078.4727350955743,8.887e-19
1078.4847880316859,8.931e-19
1078.4968409677974,9.053e-19
1078.5088939039092,9.054e-19
1078.5209468400208,8.997e-19
1078.5329997761323,9.028e-19
1078.545052712244,9.08e-19
1078.5571056483554,9.07e-19
1078.569158584467,9.008e-19
1078.5812115205786,8.995e-19
1078.5932644566901,9.049e-19
1078.605317392802,9.044e-19
1078.6173703289135,9.014e-19
1078.629423265025,9.035e-19
1078.6414762011366,9.016e-19
1078.6535291372481,8.988e-19
1078.6655820733597,8.995e-19
1078.6776350094713,8.94e-19
1078.689687945583,8.888e-19
1078.7017408816946,8.88e-19
1078.7137938178062,8.812e-19
1078.7258467539177,8.76e-19
1078.7378996900293,8.775e-19
1078.7499526261408,8.743e-19
1078.7620055622524,8.712e-19
1078.774058498364,8.754e-19
1078.7861114344757,8.765e-19
1078.7981643705873,8.703e-19
1078.8102173066989,8.664e-19
1078.8222702428104,8.723e-19
1078.834323178922,8.801e-19
1078.8463761150335,8.783e-19
1078.858429051145,8.752e-19
1078.8704819872569,8.785e-19
1078.8825349233684,8.805e-19
1078.89458785948,8.818e-19
1078.9066407955916,8.843e-19
1078.9186937317031,8.835e-19
1078.9307466678147,8.829e-19
1078.9427996039262,8.841e-19
1078.954852540038,8.837e-19
1078.9669054761496,8.851e-19
1078.9789584122611,8.868e-19
1078.9910113483727,8.845e-19
1079.0030642844843,8.834e-19
1079.0151172205958,8.859e-19
1079.0271701567074,8.877e-19
1079.039223092819,8.88e-19
1079.0512760289307,8.889e-19
1079.0633289650423,8.894e-19
1079.0753819011538,8.899e-19
1079.0874348372654,8.936e-19
1079.099487773377,8.953e-19
1079.1115407094885,8.917e-19
1079.1235936456,8.936e-19
1079.1356465817119,8.986e-19
1079.1476995178234,8.988e-19
1079.159752453935,9.037e-19
1079.1718053900465,9.092e-19
1079.183858326158,9.062e-19
1079.1959112622696,9.072e-19
1079.2079641983812,9.102e-19
1079.220017134493,9.091e-19
1079.2320700706045,9.149e-19
1079.244123006716,9.188e-19
1079.2561759428277,9.164e-19
1079.2682288789392,9.22e-19
1079.2802818150508,9.234e-19
1079.2923347511623,9.173e-19
1079.304387687274,9.22e-19
1079.3164406233857,9.236e-19
1079.3284935594972,9.155e-19
1079.3405464956088,9.142e-19
1079.3525994317204,9.11e-19
1079.364652367832,9.034e-19
1079.3767053039435,9.046e-19
1079.388758240055,9.064e-19
1079.4008111761668,9.048e-19
1079.4128641122784,9.042e-19
1079.42491704839,9.013e-19
1079.4369699845015,9.019e-19
1079.449022920613,9.059e-19
1079.4610758567246,9.063e-19
1079.4731287928362,9.097e-19
1079.4851817289477,9.149e-19
1079.4972346650595,9.15e-19
1079.509287601171,9.155e-19
1079.5213405372826,9.185e-19
1079.5333934733942,9.231e-19
1079.5454464095058,9.28e-19
1079.5574993456173,9.3e-19
1079.5695522817289,9.358e-19
1079.5816052178407,9.437e-19
1079.5936581539522,9.44e-19
1079.6057110900638,9.476e-19
1079.6177640261753,9.571e-19
1079.629816962287,9.564e-19
1079.6418698983985,9.544e-19
1079.65392283451,9.653e-19
1079.6659757706218,9.749e-19
1079.6780287067334,9.756e-19
1079.690081642845,9.802e-19
1079.7021345789565,9.888e-19
1079.714187515068,9.898e-19
1079.7262404511796,9.882e-19
1079.7382933872912,9.944e-19
1079.7503463234027,1.002e-18
1079.7623992595145,1.004e-18
1079.774452195626,1.008e-18
1079.7865051317376,1.015e-18
1079.7985580678492,1.017e-18
1079.8106110039607,1.019e-18
1079.8226639400723,1.027e-18
1079.8347168761838,1.032e-18
1079.8467698122956,1.029e-18
1079.8588227484072,1.033e-18
1079.8708756845188,1.042e-18
1079.8829286206303,1.041e-18
1079.8949815567419,1.036e-18
1079.9070344928534,1.037e-18
1079.919087428965,1.041e-18
1079.9311403650768,1.05e-18
1079.9431933011883,1.052e-18
1079.9552462373,1.045e-18
1079.9672991734114,1.048e-18
1079.979352109523,1.059e-18
1079.9914050456346,1.058e-18
1080.0034579817461,1.053e-18
1080.0155109178577,1.052e-18
1080.0275638539695,1.054e-18
1080.039616790081,1.058e-18
1080.0516697261926,1.052e-18
1080.0637226623041,1.039e-18
1080.0757755984157,1.033e-18
1080.0878285345273,1.034e-18
1080.0998814706388,1.034e-18
1080.1119344067506,1.03e-18
1080.1239873428622,1.023e-18
1080.1360402789737,1.021e-18
1080.1480932150853,1.023e-18
1080.1601461511968,1.02e-18
1080.1721990873084,1.019e-18
1080.18425202342,1.021e-18
1080.1963049595315,1.025e-18
1080.2083578956433,1.029e-18
1080.2204108317549,1.027e-18
1080.2324637678664,1.03e-18
1080.244516703978,1.038e-18
1080.2565696400895,1.035e-18
1080.268622576201,1.035e-18
1080.2806755123127,1.041e-18
1080.2927284484244,1.034e-18
1080.304781384536,1.037e-18
1080.3168343206476,1.053e-18
1080.3288872567591,1.051e-18
1080.3409401928707,1.048e-18
1080.3529931289822,1.057e-18
1080.3650460650938,1.055e-18
1080.3770990012056,1.056e-18
1080.3891519373171,1.066e-18
1080.4012048734287,1.067e-18
1080.4132578095403,1.07e-18
1080.4253107456518,1.077e-18
1080.4373636817634,1.076e-18
1080.449416617875,1.078e-18
1080.4614695539865,1.082e-18
1080.4735224900983,1.081e-18
1080.4855754262098,1.081e-18
1080.4976283623214,1.081e-18
1080.509681298433,1.082e-18
1080.5217342345445,1.087e-18
1080.533787170656,1.088e-18
1080.5458401067676,1.088e-18
1080.5578930428794,1.088e-18
1080.569945978991,1.085e-18
1080.5819989151025,1.084e-18
1080.594051851214,1.082e-18
1080.6061047873256,1.076e-18
1080.6181577234372,1.077e-18
1080.6302106595488,1.079e-18
1080.6422635956606,1.073e-18
1080.654316531772,1.069e-18
1080.6663694678837,1.068e-18
1080.6784224039952,1.065e-18
1080.6904753401068,1.059e-18
1080.7025282762183,1.056e-18
1080.71458121233,1.055e-18
1080.7266341484415,1.047e-18
1080.7386870845532,1.042e-18
1080.7507400206648,1.05e-18
1080.7627929567764,1.05e-18
1080.774845892888,1.039e-18
1080.7868988289995,1.04e-18
1080.798951765111,1.048e-18
1080.8110047012226,1.048e-18
1080.8230576373344,1.047e-18
1080.835110573446,1.048e-18
1080.8471635095575,1.049e-18
1080.859216445669,1.051e-18
1080.8712693817806,1.054e-18
1080.8833223178922,1.058e-18
1080.8953752540037,1.059e-18
1080.9074281901153,1.058e-18
1080.919481126227,1.059e-18
1080.9315340623386,1.061e-18
1080.9435869984502,1.062e-18
1080.9556399345618,1.061e-18
1080.9676928706733,1.058e-18
1080.9797458067849,1.058e-18
1080.9917987428964,1.06e-18
1081.0038516790082,1.06e-18
1081.0159046151198,1.062e-18
1081.0279575512313,1.061e-18
1081.040010487343,1.054e-18
1081.0520634234545,1.052e-18
1081.064116359566,1.054e-18
1081.0761692956776,1.051e-18
1081.0882222317894,1.046e-18
1081.100275167901,1.043e-18
1081.1123281040125,1.039e-18
1081.124381040124,1.031e-18
1081.1364339762356,1.021e-18
1081.1484869123472,1.011e-18
1081.1605398484587,1e-18
1081.1725927845703,9.869e-19
1081.184645720682,9.727e-19
1081.1966986567936,9.593e-19
1081.2087515929052,9.435e-19
1081.2208045290167,9.265e-19
1081.2328574651283,9.088e-19
1081.2449104012398,8.892e-19
1081.2569633373514,8.709e-19
1081.2690162734632,8.553e-19
1081.2810692095748,8.416e-19
1081.2931221456863,8.315e-19
1081.3051750817979,8.244e-19
1081.3172280179094,8.176e-19
1081.329280954021,8.1e-19
1081.3413338901325,8.025e-19
1081.3533868262443,7.968e-19
1081.365439762356,7.95e-19
1081.3774926984674,7.967e-19
1081.389545634579,7.946e-19
1081.4015985706906,7.894e-19
1081.4136515068021,7.92e-19
1081.4257044429137,7.947e-19
1081.4377573790252,7.869e-19
1081.449810315137,7.843e-19
1081.4618632512486,7.903e-19
1081.4739161873601,7.875e-19
1081.4859691234717,7.824e-19
1081.4980220595833,7.859e-19
1081.5100749956948,7.888e-19
1081.5221279318064,7.866e-19
1081.5341808679182,7.813e-19
1081.5462338040297,7.78e-19
1081.5582867401413,7.823e-19
1081.5703396762528,7.836e-19
1081.5823926123644,7.797e-19
1081.594445548476,7.835e-19
1081.6064984845875,7.847e-19
1081.618551420699,7.763e-19
1081.6306043568109,7.755e-19
1081.6426572929224,7.797e-19
1081.654710229034,7.773e-19
1081.6667631651455,7.762e-19
1081.678816101257,7.761e-19
1081.6908690373687,7.726e-19
1081.7029219734802,7.733e-19
1081.714974909592,7.759e-19
1081.7270278457036,7.738e-19
1081.7390807818151,7.74e-19
1081.7511337179267,7.789e-19
1081.7631866540382,7.827e-19
1081.7752395901498,7.849e-19
1081.7872925262614,7.859e-19
1081.7993454623731,7.843e-19
1081.8113983984847,7.846e-19
1081.8234513345963,7.883e-19
1081.8355042707078,7.892e-19
1081.8475572068194,7.9e-19
1081.859610142931,7.973e-19
1081.8716630790425,8.001e-19
1081.883716015154,7.939e-19
1081.8957689512658,7.938e-19
1081.9078218873774,7.982e-19
1081.919874823489,7.966e-19
1081.9319277596005,7.973e-19
1081.943980695712,8.023e-19
1081.9560336318236,8.033e-19
1081.9680865679352,8.041e-19
1081.980139504047,8.055e-19
1081.9921924401585,8.037e-19
1082.00424537627,8.036e-19
1082.0162983123817,8.052e-19
1082.0283512484932,8.054e-19
1082.0404041846048,8.062e-19
1082.0524571207163,8.065e-19
1082.064510056828,8.061e-19
1082.0765629929397,8.073e-19
1082.0886159290512,8.095e-19
1082.1006688651628,8.147e-19
1082.1127218012743,8.189e-19
1082.124774737386,8.148e-19
1082.1368276734975,8.122e-19
1082.148880609609,8.176e-19
1082.1609335457208,8.182e-19
1082.1729864818324,8.13e-19
1082.185039417944,8.134e-19
1082.1970923540555,8.173e-19
1082.209145290167,8.162e-19
1082.2211982262786,8.138e-19
1082.2332511623902,8.165e-19
1082.245304098502,8.204e-19
1082.2573570346135,8.233e-19
1082.269409970725,8.287e-19
1082.2814629068366,8.309e-19
1082.2935158429482,8.274e-19
1082.3055687790597,8.296e-19
1082.3176217151713,8.359e-19
1082.3296746512829,8.375e-19
1082.3417275873946,8.415e-19
1082.3537805235062,8.456e-19
1082.3658334596178,8.43e-19
1082.3778863957293,8.452e-19
1082.3899393318409,8.526e-19
1082.4019922679524,8.528e-19
1082.414045204064,8.535e-19
1082.4260981401758,8.609e-19
1082.4381510762873,8.636e-19
1082.450204012399,8.619e-19
1082.4622569485105,8.654e-19
1082.474309884622,8.697e-19
1082.4863628207336,8.69e-19
1082.4984157568451,8.705e-19
1082.510468692957,8.766e-19
1082.5225216290685,8.788e-19
1082.53457456518,8.774e-19
1082.5466275012916,8.798e-19
1082.5586804374032,8.852e-19
1082.5707333735147,8.898e-19
1082.5827863096263,8.919e-19
1082.5948392457378,8.921e-19
1082.6068921818496,8.944e-19
1082.6189451179612,8.982e-19
1082.6309980540727,9.019e-19
1082.6430509901843,9.075e-19
1082.6551039262959,9.086e-19
1082.6671568624074,9.076e-19
1082.679209798519,9.156e-19
1082.6912627346308,9.212e-19
1082.7033156707423,9.198e-19
1082.7153686068539,9.263e-19
1082.7274215429654,9.325e-19
1082.739474479077,9.314e-19
1082.7515274151885,9.357e-19
1082.7635803513,9.387e-19
1082.775633287412,9.354e-19
1082.7876862235235,9.391e-19
1082.799739159635,9.429e-19
1082.8117920957466,9.404e-19
1082.8238450318581,9.407e-19
1082.8358979679697,9.422e-19
1082.8479509040812,9.439e-19
1082.8600038401928,9.457e-19
1082.8720567763046,9.425e-19
1082.8841097124161,9.439e-19
1082.8961626485277,9.496e-19
1082.9082155846393,9.467e-19
1082.9202685207508,9.44e-19
1082.9323214568624,9.455e-19
1082.944374392974,9.426e-19
1082.9564273290857,9.448e-19
1082.9684802651973,9.509e-19
1082.9805332013088,9.473e-19
1082.9925861374204,9.445e-19
1083.004639073532,9.513e-19
1083.0166920096435,9.579e-19
1083.028744945755,9.579e-19
1083.0407978818666,9.573e-19
1083.0528508179784,9.664e-19
1083.06490375409,9.765e-19
1083.0769566902015,9.737e-19
1083.089009626313,9.745e-19
1083.1010625624247,9.855e-19
1083.1131154985362,9.874e-19
1083.1251684346478,9.882e-19
1083.1372213707596,9.994e-19
1083.1492743068711,1.007e-18
1083.1613272429827,1.012e-18
1083.1733801790942,1.021e-18
1083.1854331152058,1.026e-18
1083.1974860513174,1.031e-18
1083.209538987429,1.038e-18
1083.2215919235407,1.041e-18
1083.2336448596523,1.046e-18
1083.2456977957638,1.055e-18
1083.2577507318754,1.059e-18
1083.269803667987,1.06e-18
1083.2818566040985,1.067e-18
1083.29390954021,1.076e-18
1083.3059624763216,1.081e-18
1083.3180154124334,1.082e-18
1083.330068348545,1.085e-18
1083.3421212846565,1.095e-18
1083.354174220768,1.104e-18
1083.3662271568796,1.107e-18
1083.3782800929912,1.114e-18
1083.3903330291027,1.125e-18
1083.4023859652145,1.131e-18
1083.414438901326,1.138e-18
1083.4264918374377,1.148e-18
1083.4385447735492,1.154e-18
1083.4505977096608,1.161e-18
1083.4626506457723,1.169e-18
1083.474703581884,1.174e-18
1083.4867565179957,1.179e-18
1083.4988094541072,1.188e-18
1083.5108623902188,1.195e-18
1083.5229153263303,1.202e-18
1083.534968262442,1.207e-18
1083.5470211985535,1.209e-18
1083.559074134665,1.216e-18
1083.5711270707766,1.226e-18
1083.5831800068884,1.227e-18
1083.595232943,1.224e-18
1083.6072858791115,1.233e-18
1083.619338815223,1.242e-18
1083.6313917513346,1.238e-18
1083.6434446874462,1.233e-18
1083.6554976235577,1.24e-18
1083.6675505596695,1.247e-18
1083.679603495781,1.246e-18
1083.6916564318926,1.244e-18
1083.7037093680042,1.248e-18
1083.7157623041157,1.253e-18
1083.7278152402273,1.257e-18
1083.7398681763389,1.259e-18
1083.7519211124504,1.261e-18
1083.7639740485622,1.269e-18
1083.7760269846738,1.276e-18
1083.7880799207853,1.275e-18
1083.8001328568969,1.274e-18
1083.8121857930084,1.28e-18
1083.82423872912,1.286e-18
1083.8362916652316,1.287e-18
1083.8483446013433,1.289e-18
1083.860397537455,1.297e-18
1083.8724504735665,1.302e-18
1083.884503409678,1.307e-18
1083.8965563457896,1.313e-18
1083.9086092819011,1.316e-18
1083.9206622180127,1.322e-18
1083.9327151541243,1.331e-18
1083.944768090236,1.329e-18
1083.9568210263476,1.331e-18
1083.9688739624592,1.346e-18
1083.9809268985707,1.35e-18
1083.9929798346823,1.349e-18
1084.0050327707938,1.358e-18
1084.0170857069054,1.36e-18
1084.0291386430172,1.36e-18
1084.0411915791287,1.364e-18
1084.0532445152403,1.362e-18
1084.0652974513519,1.366e-18
1084.0773503874634,1.378e-18
1084.089403323575,1.377e-18
1084.1014562596865,1.375e-18
1084.1135091957983,1.382e-18
1084.1255621319099,1.38e-18
1084.1376150680214,1.379e-18
1084.149668004133,1.387e-18
1084.1617209402445,1.389e-18
1084.173773876356,1.391e-18
1084.1858268124677,1.4e-18
1084.1978797485795,1.401e-18
1084.209932684691,1.394e-18
1084.2219856208026,1.391e-18
1084.2340385569141,1.392e-18
1084.2460914930257,1.396e-18
1084.2581444291372,1.399e-18
1084.2701973652488,1.397e-18
1084.2822503013604,1.399e-18
1084.2943032374721,1.405e-18
1084.3063561735837,1.407e-18
1084.3184091096953,1.404e-18
1084.3304620458068,1.398e-18
1084.3425149819184,1.396e-18
1084.35456791803,1.396e-18
1084.3666208541415,1.39e-18
1084.3786737902533,1.389e-18
1084.3907267263648,1.396e-18
1084.4027796624764,1.395e-18
1084.414832598588,1.387e-18
1084.4268855346995,1.384e-18
1084.438938470811,1.382e-18
1084.4509914069226,1.379e-18
1084.4630443430342,1.377e-18
1084.475097279146,1.371e-18
1084.4871502152575,1.367e-18
1084.499203151369,1.365e-18
1084.5112560874807,1.362e-18
1084.5233090235922,1.358e-18
1084.5353619597038,1.354e-18
1084.5474148958153,1.349e-18
1084.5594678319271,1.346e-18
1084.5715207680387,1.343e-18
1084.5835737041502,1.341e-18
1084.5956266402618,1.34e-18
1084.6076795763734,1.332e-18
1084.619732512485,1.323e-18
1084.6317854485965,1.321e-18
1084.643838384708,1.316e-18
1084.6558913208198,1.313e-18
1084.6679442569314,1.314e-18
1084.679997193043,1.309e-18
1084.6920501291545,1.305e-18
1084.704103065266,1.303e-18
1084.7161560013776,1.3e-18
1084.7282089374892,1.302e-18
1084.740261873601,1.3e-18
1084.7523148097125,1.287e-18
1084.764367745824,1.285e-18
1084.7764206819356,1.293e-18
1084.7884736180472,1.293e-18
1084.8005265541588,1.289e-18
1084.8125794902703,1.286e-18
1084.824632426382,1.289e-18
1084.8366853624937,1.296e-18
1084.8487382986052,1.292e-18
1084.8607912347168,1.287e-18
1084.8728441708283,1.295e-18
1084.88489710694,1.297e-18
1084.8969500430514,1.287e-18
1084.9090029791632,1.285e-18
1084.9210559152748,1.289e-18
1084.9331088513864,1.291e-18
1084.945161787498,1.291e-18
1084.9572147236095,1.285e-18
1084.969267659721,1.281e-18
1084.9813205958326,1.283e-18
1084.9933735319441,1.285e-18
1085.005426468056,1.281e-18
1085.0174794041675,1.272e-18
1085.029532340279,1.266e-18
1085.0415852763906,1.263e-18
1085.0536382125022,1.257e-18
1085.0656911486137,1.254e-18
1085.0777440847253,1.252e-18
1085.089797020837,1.245e-18
1085.1018499569486,1.246e-18
1085.1139028930602,1.249e-18
1085.1259558291717,1.243e-18
1085.1380087652833,1.241e-18
1085.1500617013949,1.243e-18
1085.1621146375064,1.235e-18
1085.174167573618,1.23e-18
1085.1862205097298,1.231e-18
1085.1982734458413,1.23e-18
1085.2103263819529,1.227e-18
1085.2223793180644,1.222e-18
1085.234432254176,1.219e-18
1085.2464851902876,1.219e-18
1085.2585381263991,1.21e-18
1085.270591062511,1.202e-18
1085.2826439986225,1.202e-18
1085.294696934734,1.194e-18
1085.3067498708456,1.187e-18
1085.3188028069571,1.19e-18
1085.3308557430687,1.183e-18
1085.3429086791803,1.174e-18
1085.3549616152918,1.174e-18
1085.3670145514036,1.172e-18
1085.3790674875152,1.163e-18
1085.3911204236267,1.156e-18
1085.4031733597383,1.153e-18
1085.4152262958498,1.153e-18
1085.4272792319614,1.149e-18
1085.439332168073,1.142e-18
1085.4513851041847,1.14e-18
1085.4634380402963,1.135e-18
1085.4754909764079,1.129e-18
1085.4875439125194,1.132e-18
1085.499596848631,1.132e-18
1085.5116497847425,1.123e-18
1085.523702720854,1.12e-18
1085.5357556569659,1.121e-18
1085.5478085930774,1.113e-18
1085.559861529189,1.107e-18
1085.5719144653006,1.109e-18
1085.583967401412,1.11e-18
1085.5960203375237,1.105e-18
1085.6080732736352,1.098e-18
1085.620126209747,1.095e-18
1085.6321791458586,1.097e-18
1085.6442320819701,1.095e-18
1085.6562850180817,1.092e-18
1085.6683379541932,1.092e-18
1085.6803908903048,1.093e-18
1085.6924438264164,1.088e-18
1085.704496762528,1.078e-18
1085.7165496986397,1.075e-18
1085.7286026347513,1.078e-18
1085.7406555708628,1.071e-18
1085.7527085069744,1.061e-18
1085.764761443086,1.059e-18
1085.7768143791975,1.057e-18
1085.788867315309,1.051e-18
1085.8009202514208,1.047e-18
1085.8129731875324,1.04e-18
1085.825026123644,1.034e-18
1085.8370790597555,1.032e-18
1085.849131995867,1.027e-18
1085.8611849319786,1.02e-18
1085.8732378680902,1.016e-18
1085.8852908042018,1.013e-18
1085.8973437403135,1.012e-18
1085.909396676425,1.01e-18
1085.9214496125367,1.005e-18
1085.9335025486482,1.002e-18
1085.9455554847598,1e-18
1085.9576084208713,9.991e-19
1085.969661356983,1e-18
1085.9817142930947,9.966e-19
1085.9937672292062,9.922e-19
1086.0058201653178,9.946e-19
1086.0178731014294,9.929e-19
1086.029926037541,9.88e-19
1086.0419789736525,9.871e-19
1086.054031909764,9.803e-19
1086.0660848458756,9.743e-19
1086.0781377819874,9.792e-19
1086.090190718099,9.767e-19
1086.1022436542105,9.683e-19
1086.114296590322,9.716e-19
1086.1263495264336,9.721e-19
1086.1384024625452,9.627e-19
1086.1504553986567,9.585e-19
1086.1625083347685,9.57e-19
1086.17456127088,9.546e-19
1086.1866142069916,9.545e-19
1086.1986671431032,9.49e-19
1086.2107200792148,9.428e-19
1086.2227730153263,9.448e-19
1086.2348259514379,9.444e-19
1086.2468788875497,9.4e-19
1086.2589318236612,9.394e-19
1086.2709847597728,9.37e-19
1086.2830376958843,9.313e-19
1086.295090631996,9.262e-19
1086.3071435681074,9.232e-19
1086.319196504219,9.245e-19
1086.3312494403306,9.229e-19
1086.3433023764424,9.139e-19
1086.355355312554,9.105e-19
1086.3674082486655,9.141e-19
1086.379461184777,9.139e-19
1086.3915141208886,9.099e-19
1086.4035670570001,9.046e-19
1086.4156199931117,9.005e-19
1086.4276729292235,8.984e-19
1086.439725865335,8.941e-19
1086.4517788014466,8.906e-19
1086.4638317375582,8.892e-19
1086.4758846736697,8.859e-19
1086.4879376097813,8.864e-19
1086.4999905458928,8.855e-19
1086.5120434820046,8.76e-19
1086.5240964181162,8.732e-19
1086.5361493542277,8.769e-19
1086.5482022903393,8.728e-19
1086.5602552264509,8.689e-19
1086.5723081625624,8.689e-19
1086.584361098674,8.674e-19
1086.5964140347855,8.678e-19
1086.6084669708973,8.655e-19
1086.6205199070089,8.578e-19
1086.6325728431204,8.526e-19
1086.644625779232,8.503e-19
1086.6566787153436,8.503e-19
1086.6687316514551,8.487e-19
1086.6807845875667,8.428e-19
1086.6928375236785,8.423e-19
1086.70489045979,8.425e-19
1086.7169433959016,8.371e-19
1086.7289963320131,8.38e-19
1086.7410492681247,8.367e-19
1086.7531022042363,8.285e-19
1086.7651551403478,8.288e-19
1086.7772080764594,8.269e-19
1086.7892610125712,8.214e-19
1086.8013139486827,8.27e-19
1086.8133668847943,8.233e-19
1086.8254198209058,8.128e-19
1086.8374727570174,8.18e-19
1086.849525693129,8.173e-19
1086.8615786292405,8.11e-19
1086.8736315653523,8.197e-19
1086.8856845014639,8.204e-19
1086.8977374375754,8.106e-19
1086.909790373687,8.112e-19
1086.9218433097985,8.093e-19
1086.93389624591,8.053e-19
1086.9459491820216,8.09e-19
1086.9580021181334,8.077e-19
1086.970055054245,8.043e-19
1086.9821079903566,8.039e-19
1086.994160926468,8.006e-19
1087.0062138625797,8.011e-19
1087.0182667986912,8.003e-19
1087.0303197348028,7.945e-19
1087.0423726709143,7.98e-19
1087.0544256070261,7.997e-19
1087.0664785431377,7.915e-19
1087.0785314792492,7.926e-19
1087.0905844153608,7.947e-19
1087.1026373514724,7.852e-19
1087.114690287584,7.833e-19
1087.1267432236955,7.887e-19
1087.1387961598073,7.861e-19
1087.1508490959188,7.844e-19
1087.1629020320304,7.865e-19
1087.174954968142,7.813e-19
1087.1870079042535,7.757e-19
1087.199060840365,7.777e-19
1087.2111137764766,7.769e-19
1087.2231667125884,7.71e-19
1087.2352196487,7.71e-19
1087.2472725848115,7.723e-19
1087.259325520923,7.665e-19
1087.2713784570346,7.628e-19
1087.2834313931462,7.66e-19
1087.2954843292578,7.691e-19
1087.3075372653693,7.675e-19
1087.319590201481,7.62e-19
1087.3316431375927,7.591e-19
1087.3436960737042,7.591e-19
1087.3557490098158,7.561e-19
1087.3678019459273,7.549e-19
1087.379854882039,7.565e-19
1087.3919078181505,7.537e-19
1087.4039607542622,7.501e-19
1087.4160136903738,7.463e-19
1087.4280666264854,7.413e-19
1087.440119562597,7.441e-19
1087.4521724987085,7.473e-19
1087.46422543482,7.435e-19
1087.4762783709316,7.445e-19
1087.4883313070432,7.448e-19
1087.500384243155,7.372e-19
1087.5124371792665,7.343e-19
1087.524490115378,7.317e-19
1087.5365430514896,7.274e-19
1087.5485959876012,7.337e-19
1087.5606489237127,7.361e-19
1087.5727018598243,7.275e-19
1087.584754795936,7.282e-19
1087.5968077320476,7.343e-19
1087.6088606681592,7.333e-19
1087.6209136042708,7.307e-19
1087.6329665403823,7.275e-19
1087.6450194764939,7.281e-19
1087.6570724126054,7.322e-19
1087.6691253487172,7.275e-19
1087.6811782848288,7.238e-19
1087.6932312209403,7.273e-19
1087.705284157052,7.219e-19
1087.7173370931635,7.165e-19
1087.729390029275,7.187e-19
1087.7414429653866,7.143e-19
1087.7534959014981,7.126e-19
1087.76554883761,7.183e-19
1087.7776017737215,7.156e-19
1087.789654709833,7.135e-19
1087.8017076459446,7.14e-19
1087.8137605820561,7.051e-19
1087.8258135181677,7.045e-19
1087.8378664542793,7.109e-19
1087.849919390391,7.014e-19
1087.8619723265026,6.944e-19
1087.8740252626142,7.012e-19
1087.8860781987257,6.991e-19
1087.8981311348373,6.92e-19
1087.9101840709488,6.934e-19
1087.9222370070604,6.943e-19
1087.9342899431722,6.918e-19
1087.9463428792837,6.905e-19
1087.9583958153953,6.885e-19
1087.9704487515069,6.839e-19
1087.9825016876184,6.795e-19
1087.99455462373,6.822e-19
1088.0066075598415,6.884e-19
1088.018660495953,6.866e-19
1088.0307134320649,6.81e-19
1088.0427663681764,6.788e-19
1088.054819304288,6.782e-19
1088.0668722403996,6.785e-19
1088.0789251765111,6.758e-19
1088.0909781126227,6.705e-19
1088.1030310487342,6.728e-19
1088.115083984846,6.778e-19
1088.1271369209576,6.766e-19
1088.1391898570691,6.729e-19
1088.1512427931807,6.682e-19
1088.1632957292923,6.645e-19
1088.1753486654038,6.645e-19
1088.1874016015154,6.626e-19
1088.199454537627,6.607e-19
1088.2115074737387,6.613e-19
1088.2235604098503,6.585e-19
1088.2356133459618,6.583e-19
1088.2476662820734,6.638e-19
1088.259719218185,6.638e-19
1088.2717721542965,6.601e-19
1088.283825090408,6.597e-19
1088.2958780265199,6.585e-19
1088.3079309626314,6.582e-19
1088.319983898743,6.588e-19
1088.3320368348545,6.554e-19
1088.344089770966,6.543e-19
1088.3561427070777,6.568e-19
1088.3681956431892,6.52e-19
1088.380248579301,6.46e-19
1088.3923015154126,6.5e-19
1088.4043544515241,6.554e-19
1088.4164073876357,6.544e-19
1088.4284603237472,6.512e-19
1088.4405132598588,6.478e-19
1088.4525661959703,6.46e-19
1088.464619132082,6.442e-19
1088.4766720681937,6.385e-19
1088.4887250043053,6.373e-19
1088.5007779404168,6.401e-19
1088.5128308765284,6.342e-19
1088.52488381264,6.3e-19
1088.5369367487515,6.352e-19
1088.548989684863,6.319e-19
1088.5610426209748,6.257e-19
1088.5730955570864,6.299e-19
1088.585148493198,6.289e-19
1088.5972014293095,6.224e-19
1088.609254365421,6.247e-19
1088.6213073015326,6.268e-19
1088.6333602376442,6.25e-19
1088.645413173756,6.257e-19
1088.6574661098675,6.244e-19
1088.669519045979,6.228e-19
1088.6815719820906,6.245e-19
1088.6936249182022,6.239e-19
1088.7056778543138,6.219e-19
1088.7177307904253,6.199e-19
1088.7297837265369,6.163e-19
1088.7418366626487,6.148e-19
1088.7538895987602,6.162e-19
1088.7659425348718,6.179e-19
1088.7779954709833,6.164e-19
1088.790048407095,6.1e-19
1088.8021013432065,6.09e-19
1088.814154279318,6.119e-19
1088.8262072154298,6.057e-19
1088.8382601515414,6.028e-19
1088.850313087653,6.114e-19
1088.8623660237645,6.104e-19
1088.874418959876,5.99e-19
1088.8864718959876,5.951e-19
1088.8985248320992,5.98e-19
1088.9105777682107,6.002e-19
1088.9226307043225,5.977e-19
1088.934683640434,5.913e-19
1088.9467365765456,5.897e-19
1088.9587895126572,5.927e-19
1088.9708424487687,5.926e-19
1088.9828953848803,5.885e-19
1088.9949483209919,5.856e-19
1089.0070012571036,5.903e-19
1089.0190541932152,5.942e-19
1089.0311071293268,5.834e-19
1089.0431600654383,5.739e-19
1089.0552130015499,5.804e-19
1089.0672659376614,5.835e-19
1089.079318873773,5.786e-19
1089.0913718098848,5.786e-19
1089.1034247459963,5.776e-19
1089.115477682108,5.751e-19
1089.1275306182195,5.782e-19
1089.139583554331,5.774e-19
1089.1516364904426,5.719e-19
1089.1636894265541,5.706e-19
1089.1757423626657,5.685e-19
1089.1877952987775,5.657e-19
1089.199848234889,5.667e-19
1089.2119011710006,5.652e-19
1089.2239541071121,5.615e-19
1089.2360070432237,5.583e-19
1089.2480599793353,5.535e-19
1089.2601129154468,5.548e-19
1089.2721658515586,5.608e-19
1089.2842187876702,5.577e-19
1089.2962717237817,5.526e-19
1089.3083246598933,5.552e-19
1089.3203775960048,5.56e-19
1089.3324305321164,5.539e-19
1089.344483468228,5.539e-19
1089.3565364043397,5.52e-19
1089.3685893404513,5.511e-19
1089.3806422765629,5.534e-19
1089.3926952126744,5.513e-19
1089.404748148786,5.472e-19
1089.4168010848975,5.473e-19
1089.428854021009,5.473e-19
1089.4409069571207,5.464e-19
1089.4529598932324,5.479e-19
1089.465012829344,5.472e-19
1089.4770657654556,5.422e-19
1089.4891187015671,5.397e-19
1089.5011716376787,5.409e-19
1089.5132245737902,5.402e-19
1089.5252775099018,5.37e-19
1089.5373304460136,5.365e-19
1089.5493833821251,5.383e-19
1089.5614363182367,5.356e-19
1089.5734892543483,5.294e-19
1089.5855421904598,5.275e-19
1089.5975951265714,5.287e-19
1089.609648062683,5.287e-19
1089.6217009987945,5.279e-19
1089.6337539349063,5.239e-19
1089.6458068710178,5.196e-19
1089.6578598071294,5.227e-19
1089.669912743241,5.25e-19
1089.6819656793525,5.199e-19
1089.694018615464,5.195e-19
1089.7060715515756,5.234e-19
1089.7181244876874,5.214e-19
1089.730177423799,5.177e-19
1089.7422303599105,5.153e-19
1089.754283296022,5.145e-19
1089.7663362321337,5.167e-19
1089.7783891682452,5.148e-19
1089.7904421043568,5.108e-19
1089.8024950404683,5.13e-19
1089.8145479765801,5.144e-19
1089.8266009126917,5.129e-19
1089.8386538488032,5.109e-19
1089.8507067849148,5.051e-19
1089.8627597210264,5.039e-19
1089.874812657138,5.084e-19
1089.8868655932495,5.045e-19
1089.8989185293613,4.999e-19
1089.9109714654728,5.023e-19
1089.9230244015844,5.009e-19
1089.935077337696,4.993e-19
1089.9471302738075,5.026e-19
1089.959183209919,5.016e-19
1089.9712361460306,4.976e-19
1089.9832890821424,4.964e-19
1089.995342018254,4.978e-19
1090.0073949543655,5.001e-19
1090.019447890477,4.984e-19
1090.0315008265886,4.959e-19
1090.0435537627002,4.984e-19
1090.0556066988117,4.982e-19
1090.0676596349235,4.948e-19
1090.079712571035,4.947e-19
1090.0917655071466,4.949e-19
1090.1038184432582,4.945e-19
1090.1158713793698,4.946e-19
1090.1279243154813,4.958e-19
1090.1399772515929,4.991e-19
1090.1520301877044,4.966e-19
1090.1640831238162,4.893e-19
1090.1761360599278,4.912e-19
1090.1881889960393,4.965e-19
1090.200241932151,4.949e-19
1090.2122948682625,4.926e-19
1090.224347804374,4.91e-19
1090.2364007404856,4.903e-19
1090.2484536765974,4.918e-19
1090.260506612709,4.893e-19
1090.2725595488205,4.867e-19
1090.284612484932,4.885e-19
1090.2966654210436,4.865e-19
1090.3087183571552,4.834e-19
1090.3207712932667,4.822e-19
1090.3328242293783,4.778e-19
1090.34487716549,4.774e-19
1090.3569301016016,4.825e-19
1090.3689830377132,4.816e-19
1090.3810359738247,4.783e-19
1090.3930889099363,4.793e-19
1090.4051418460479,4.788e-19
1090.4171947821594,4.764e-19
1090.4292477182712,4.741e-19
1090.4413006543828,4.731e-19
1090.4533535904943,4.748e-19
1090.4654065266059,4.74e-19
1090.4774594627174,4.71e-19
1090.489512398829,4.714e-19
1090.5015653349406,4.695e-19
1090.513618271052,4.665e-19
1090.525671207164,4.701e-19
1090.5377241432755,4.697e-19
1090.549777079387,4.632e-19
1090.5618300154986,4.661e-19
1090.5738829516101,4.703e-19
1090.5859358877217,4.631e-19
1090.5979888238332,4.59e-19
1090.610041759945,4.632e-19
1090.6220946960566,4.632e-19
1090.6341476321682,4.598e-19
1090.6462005682797,4.58e-19
1090.6582535043913,4.571e-19
1090.6703064405028,4.587e-19
1090.6823593766144,4.587e-19
1090.6944123127262,4.55e-19
1090.7064652488377,4.562e-19
1090.7185181849493,4.607e-19
1090.7305711210608,4.587e-19
1090.7426240571724,4.546e-19
1090.754676993284,4.541e-19
1090.7667299293955,4.534e-19
1090.7787828655073,4.525e-19
1090.7908358016189,4.538e-19
1090.8028887377304,4.534e-19
1090.814941673842,4.49e-19
1090.8269946099535,4.464e-19
1090.839047546065,4.479e-19
1090.8511004821767,4.472e-19
1090.8631534182882,4.434e-19
1090.8752063544,4.43e-19
1090.8872592905116,4.449e-19
1090.8993122266231,4.436e-19
1090.9113651627347,4.417e-19
1090.9234180988462,4.411e-19
1090.9354710349578,4.386e-19
1090.9475239710694,4.357e-19
1090.9595769071811,4.356e-19
1090.9716298432927,4.341e-19
1090.9836827794043,4.321e-19
1090.9957357155158,4.343e-19
1091.0077886516274,4.339e-19
1091.019841587739,4.287e-19
1091.0318945238505,4.3e-19
1091.043947459962,4.359e-19
1091.0560003960738,4.352e-19
1091.0680533321854,4.307e-19
1091.080106268297,4.294e-19
1091.0921592044085,4.318e-19
1091.10421214052,4.33e-19
1091.1162650766316,4.309e-19
1091.1283180127432,4.327e-19
1091.140370948855,4.342e-19
1091.1524238849665,4.265e-19
1091.164476821078,4.246e-19
1091.1765297571897,4.314e-19
1091.1885826933012,4.271e-19
1091.2006356294128,4.22e-19
1091.2126885655243,4.268e-19
1091.224741501636,4.234e-19
1091.2367944377477,4.185e-19
1091.2488473738592,4.249e-19
1091.2609003099708,4.26e-19
1091.2729532460824,4.214e-19
1091.285006182194,4.199e-19
1091.2970591183055,4.153e-19
1091.309112054417,4.149e-19
1091.3211649905288,4.207e-19
1091.3332179266404,4.179e-19
1091.345270862752,4.118e-19
1091.3573237988635,4.113e-19
1091.369376734975,4.098e-19
1091.3814296710866,4.076e-19
1091.3934826071982,4.075e-19
1091.40553554331,4.084e-19
1091.4175884794215,4.109e-19
1091.429641415533,4.105e-19
1091.4416943516446,4.08e-19
1091.4537472877562,4.104e-19
1091.4658002238677,4.113e-19
1091.4778531599793,4.068e-19
1091.489906096091,4.052e-19
1091.5019590322026,4.052e-19
1091.5140119683142,4.032e-19
1091.5260649044258,4.033e-19
1091.5381178405373,4.022e-19
1091.5501707766489,3.981e-19
1091.5622237127604,3.998e-19
1091.574276648872,4.042e-19
1091.5863295849838,4.006e-19
1091.5983825210953,3.957e-19
1091.610435457207,3.992e-19
1091.6224883933185,4.026e-19
1091.63454132943,4e-19
1091.6465942655416,3.986e-19
1091.6586472016531,3.994e-19
1091.670700137765,3.982e-19
1091.6827530738765,3.985e-19
1091.694806009988,4.012e-19
1091.7068589460996,4.02e-19
1091.7189118822112,4.009e-19
1091.7309648183227,3.993e-19
1091.7430177544343,3.986e-19
1091.7550706905458,4.016e-19
1091.7671236266576,4.051e-19
1091.7791765627692,4.04e-19
1091.7912294988807,4.003e-19
1091.8032824349923,4.003e-19
1091.8153353711039,4.052e-19
1091.8273883072154,4.077e-19
1091.839441243327,4.052e-19
1091.8514941794388,4.056e-19
1091.8635471155503,4.083e-19
1091.8756000516619,4.058e-19
1091.8876529877734,4.033e-19
1091.899705923885,4.034e-19
1091.9117588599966,4.024e-19
1091.923811796108,4.039e-19
1091.9358647322197,4.063e-19
1091.9479176683315,4.04e-19
1091.959970604443,4.036e-19
1091.9720235405546,4.033e-19
1091.9840764766661,3.983e-19
1091.9961294127777,3.994e-19
1092.0081823488892,4.036e-19
1092.0202352850008,3.994e-19
1092.0322882211126,3.969e-19
1092.0443411572242,3.984e-19
1092.0563940933357,3.943e-19
1092.0684470294473,3.926e-19
1092.0804999655588,3.955e-19
1092.0925529016704,3.938e-19
1092.104605837782,3.942e-19
1092.1166587738937,3.98e-19
1092.1287117100053,3.961e-19
1092.1407646461168,3.948e-19
1092.1528175822284,3.985e-19
1092.16487051834,3.965e-19
1092.1769234544515,3.912e-19
1092.188976390563,3.932e-19
1092.2010293266749,3.974e-19
1092.2130822627864,3.957e-19
1092.225135198898,3.932e-19
1092.2371881350095,3.928e-19
1092.249241071121,3.906e-19
1092.2612940072327,3.893e-19
1092.2733469433442,3.911e-19
1092.2853998794558,3.909e-19
1092.2974528155676,3.896e-19
1092.3095057516791,3.89e-19
1092.3215586877907,3.876e-19
1092.3336116239022,3.907e-19
1092.3456645600138,3.939e-19
1092.3577174961254,3.888e-19
1092.369770432237,3.861e-19
1092.3818233683487,3.909e-19
1092.3938763044603,3.933e-19
1092.4059292405718,3.935e-19
1092.4179821766834,3.908e-19
1092.430035112795,3.837e-19
1092.4420880489065,3.843e-19
1092.454140985018,3.903e-19
1092.4661939211296,3.878e-19
1092.4782468572414,3.855e-19
1092.490299793353,3.91e-19
1092.5023527294645,3.925e-19
1092.514405665576,3.886e-19
1092.5264586016876,3.88e-19
1092.5385115377992,3.893e-19
1092.5505644739108,3.882e-19
1092.5626174100225,3.863e-19
1092.574670346134,3.861e-19
1092.5867232822457,3.867e-19
1092.5987762183572,3.859e-19
1092.6108291544688,3.825e-19
1092.6228820905803,3.81e-19
1092.634935026692,3.847e-19
1092.6469879628035,3.847e-19
1092.6590408989152,3.789e-19
1092.6710938350268,3.792e-19
1092.6831467711384,3.805e-19
1092.69519970725,3.747e-19
1092.7072526433615,3.767e-19
1092.719305579473,3.833e-19
1092.7313585155846,3.777e-19
1092.7434114516964,3.739e-19
1092.755464387808,3.81e-19
1092.7675173239195,3.819e-19
1092.779570260031,3.765e-19
1092.7916231961426,3.751e-19
1092.8036761322542,3.762e-19
1092.8157290683657,3.773e-19
1092.8277820044775,3.772e-19
1092.839834940589,3.774e-19
1092.8518878767006,3.787e-19
1092.8639408128122,3.744e-19
1092.8759937489237,3.693e-19
1092.8880466850353,3.725e-19
1092.9000996211469,3.751e-19
1092.9121525572584,3.737e-19
1092.9242054933702,3.748e-19
1092.9362584294818,3.746e-19
1092.9483113655933,3.737e-19
1092.9603643017049,3.765e-19
1092.9724172378164,3.747e-19
1092.984470173928,3.682e-19
1092.9965231100396,3.682e-19
1093.0085760461513,3.724e-19
1093.020628982263,3.704e-19
1093.0326819183745,3.654e-19
1093.044734854486,3.678e-19
1093.0567877905976,3.721e-19
1093.0688407267091,3.683e-19
1093.0808936628207,3.646e-19
1093.0929465989325,3.667e-19
1093.104999535044,3.656e-19
1093.1170524711556,3.634e-19
1093.1291054072672,3.665e-19
1093.1411583433787,3.682e-19
1093.1532112794903,3.666e-19
1093.1652642156018,3.659e-19
1093.1773171517134,3.653e-19
1093.1893700878252,3.657e-19
1093.2014230239367,3.672e-19
1093.2134759600483,3.674e-19
1093.2255288961599,3.657e-19
1093.2375818322714,3.637e-19
1093.249634768383,3.651e-19
1093.2616877044945,3.682e-19
1093.2737406406063,3.663e-19
1093.2857935767179,3.622e-19
1093.2978465128294,3.629e-19
1093.309899448941,3.65e-19
1093.3219523850526,3.644e-19
1093.334005321164,3.618e-19
1093.3460582572757,3.599e-19
1093.3581111933872,3.623e-19
1093.370164129499,3.65e-19
1093.3822170656106,3.639e-19
1093.3942700017221,3.644e-19
1093.4063229378337,3.672e-19
1093.4183758739453,3.677e-19
1093.4304288100568,3.662e-19
1093.4424817461684,3.647e-19
1093.4545346822802,3.665e-19
1093.4665876183917,3.699e-19
1093.4786405545033,3.675e-19
1093.4906934906148,3.674e-19
1093.5027464267264,3.753e-19
1093.514799362838,3.766e-19
1093.5268522989495,3.714e-19
1093.5389052350613,3.719e-19
1093.5509581711729,3.739e-19
1093.5630111072844,3.761e-19
1093.575064043396,3.815e-19
1093.5871169795075,3.814e-19
1093.599169915619,3.794e-19
1093.6112228517306,3.832e-19
1093.6232757878422,3.853e-19
1093.635328723954,3.86e-19
1093.6473816600655,3.901e-19
1093.659434596177,3.903e-19
1093.6714875322887,3.884e-19
1093.6835404684002,3.9e-19
1093.6955934045118,3.889e-19
1093.7076463406233,3.872e-19
1093.7196992767351,3.902e-19
1093.7317522128467,3.92e-19
1093.7438051489582,3.928e-19
1093.7558580850698,3.959e-19
1093.7679110211814,3.968e-19
1093.779963957293,3.958e-19
1093.7920168934045,3.971e-19
1093.8040698295163,3.982e-19
1093.8161227656278,3.976e-19
1093.8281757017394,3.972e-19
1093.840228637851,3.962e-19
1093.8522815739625,3.932e-19
1093.864334510074,3.908e-19
1093.8763874461856,3.926e-19
1093.8884403822972,3.943e-19
1093.900493318409,3.911e-19
1093.9125462545205,3.898e-19
1093.924599190632,3.929e-19
1093.9366521267436,3.916e-19
1093.9487050628552,3.882e-19
1093.9607579989668,3.907e-19
1093.9728109350783,3.911e-19
1093.98486387119,3.86e-19
1093.9969168073017,3.85e-19
1094.0089697434132,3.858e-19
1094.0210226795248,3.835e-19
1094.0330756156363,3.834e-19
1094.045128551748,3.844e-19
1094.0571814878595,3.836e-19
1094.069234423971,3.85e-19
1094.0812873600828,3.856e-19
1094.0933402961944,3.845e-19
1094.105393232306,3.867e-19
1094.1174461684175,3.884e-19
1094.129499104529,3.868e-19
1094.1415520406406,3.871e-19
1094.1536049767521,3.895e-19
1094.165657912864,3.911e-19
1094.1777108489755,3.895e-19
1094.189763785087,3.862e-19
1094.2018167211986,3.877e-19
1094.2138696573102,3.897e-19
1094.2259225934217,3.878e-19
1094.2379755295333,3.903e-19
1094.250028465645,3.916e-19
1094.2620814017566,3.851e-19
1094.2741343378682,3.854e-19
1094.2861872739797,3.914e-19
1094.2982402100913,3.898e-19
1094.3102931462029,3.871e-19
1094.3223460823144,3.875e-19
1094.334399018426,3.864e-19
1094.3464519545378,3.864e-19
1094.3585048906493,3.853e-19
1094.370557826761,3.821e-19
1094.3826107628724,3.822e-19
1094.394663698984,3.817e-19
1094.4067166350956,3.799e-19
1094.4187695712071,3.816e-19
1094.430822507319,3.834e-19
1094.4428754434305,3.84e-19
1094.454928379542,3.832e-19
1094.4669813156536,3.808e-19
1094.4790342517651,3.845e-19
1094.4910871878767,3.894e-19
1094.5031401239883,3.852e-19
1094.5151930601,3.83e-19
1094.5272459962116,3.865e-19
1094.5392989323232,3.838e-19
1094.5513518684347,3.801e-19
1094.5634048045463,3.821e-19
1094.5754577406578,3.835e-19
1094.5875106767694,3.867e-19
1094.599563612881,3.897e-19
1094.6116165489927,3.836e-19
1094.6236694851043,3.809e-19
1094.6357224212159,3.879e-19
1094.6477753573274,3.865e-19
1094.659828293439,3.808e-19
1094.6718812295505,3.86e-19
1094.683934165662,3.887e-19
1094.6959871017739,3.852e-19
1094.7080400378854,3.893e-19
1094.720092973997,3.895e-19
1094.7321459101086,3.808e-19
1094.7441988462201,3.831e-19
1094.7562517823317,3.899e-19
1094.7683047184432,3.845e-19
1094.7803576545548,3.781e-19
1094.7924105906666,3.794e-19
1094.8044635267781,3.826e-19
1094.8165164628897,3.851e-19
1094.8285693990013,3.84e-19
1094.8406223351128,3.805e-19
1094.8526752712244,3.803e-19
1094.864728207336,3.823e-19
1094.8767811434477,3.822e-19
1094.8888340795593,3.793e-19
1094.9008870156708,3.78e-19
1094.9129399517824,3.813e-19
1094.924992887894,3.82e-19
1094.9370458240055,3.784e-19
1094.949098760117,3.787e-19
1094.9611516962289,3.81e-19
1094.9732046323404,3.798e-19
1094.985257568452,3.793e-19
1094.9973105045635,3.8e-19
1095.009363440675,3.778e-19
1095.0214163767866,3.753e-19
1095.0334693128982,3.77e-19
1095.0455222490098,3.781e-19
1095.0575751851216,3.732e-19
1095.069628121233,3.713e-19
1095.0816810573447,3.767e-19
1095.0937339934562,3.78e-19
1095.1057869295678,3.75e-19
1095.1178398656793,3.743e-19
1095.129892801791,3.741e-19
1095.1419457379027,3.762e-19
1095.1539986740142,3.78e-19
1095.1660516101258,3.744e-19
1095.1781045462374,3.758e-19
1095.190157482349,3.819e-19
1095.2022104184605,3.795e-19
1095.214263354572,3.753e-19
1095.2263162906838,3.784e-19
1095.2383692267954,3.806e-19
1095.250422162907,3.771e-19
1095.2624750990185,3.742e-19
1095.27452803513,3.764e-19
1095.2865809712416,3.773e-19
1095.2986339073532,3.742e-19
1095.3106868434647,3.758e-19
1095.3227397795765,3.789e-19
1095.334792715688,3.781e-19
1095.3468456517996,3.809e-19
1095.3588985879112,3.814e-19
1095.3709515240228,3.762e-19
1095.3830044601343,3.772e-19
1095.3950573962459,3.772e-19
1095.4071103323577,3.721e-19
1095.4191632684692,3.743e-19
1095.4312162045808,3.752e-19
1095.4432691406923,3.706e-19
1095.455322076804,3.74e-19
1095.4673750129155,3.775e-19
1095.479427949027,3.723e-19
1095.4914808851386,3.692e-19
1095.5035338212504,3.725e-19
1095.515586757362,3.762e-19
1095.5276396934735,3.738e-19
1095.539692629585,3.709e-19
1095.5517455656966,3.769e-19
1095.5637985018082,3.804e-19
1095.5758514379197,3.758e-19
1095.5879043740315,3.751e-19
1095.599957310143,3.778e-19
1095.6120102462546,3.804e-19
1095.6240631823662,3.832e-19
1095.6361161184777,3.809e-19
1095.6481690545893,3.794e-19
1095.6602219907008,3.805e-19
1095.6722749268126,3.779e-19
1095.6843278629242,3.786e-19
1095.6963807990358,3.816e-19
1095.7084337351473,3.802e-19
1095.7204866712589,3.824e-19
1095.7325396073704,3.837e-19
1095.744592543482,3.797e-19
1095.7566454795935,3.809e-19
1095.7686984157053,3.816e-19
1095.780751351817,3.785e-19
1095.7928042879284,3.79e-19
1095.80485722404,3.785e-19
1095.8169101601516,3.786e-19
1095.8289630962631,3.815e-19
1095.8410160323747,3.79e-19
1095.8530689684865,3.789e-19
1095.865121904598,3.837e-19
1095.8771748407096,3.82e-19
1095.8892277768211,3.789e-19
1095.9012807129327,3.787e-19
1095.9133336490443,3.791e-19
1095.9253865851558,3.844e-19
1095.9374395212676,3.878e-19
1095.9494924573792,3.834e-19
1095.9615453934907,3.809e-19
1095.9735983296023,3.822e-19
1095.9856512657138,3.84e-19
1095.9977042018254,3.854e-19
1096.009757137937,3.859e-19
1096.0218100740485,3.857e-19
1096.0338630101603,3.832e-19
1096.0459159462719,3.819e-19
1096.0579688823834,3.846e-19
1096.070021818495,3.83e-19
1096.0820747546065,3.82e-19
1096.094127690718,3.867e-19
1096.1061806268297,3.837e-19
1096.1182335629414,3.776e-19
1096.130286499053,3.779e-19
1096.1423394351646,3.762e-19
1096.1543923712761,3.761e-19
1096.1664453073877,3.8e-19
1096.1784982434992,3.78e-19
1096.1905511796108,3.762e-19
1096.2026041157224,3.77e-19
1096.2146570518341,3.749e-19
1096.2267099879457,3.751e-19
1096.2387629240573,3.75e-19
1096.2508158601688,3.743e-19
1096.2628687962804,3.787e-19
1096.274921732392,3.789e-19
1096.2869746685035,3.753e-19
1096.2990276046153,3.779e-19
1096.3110805407268,3.799e-19
1096.3231334768384,3.782e-19
1096.33518641295,3.751e-19
1096.3472393490615,3.721e-19
1096.359292285173,3.749e-19
1096.3713452212846,3.761e-19
1096.3833981573962,3.733e-19
1096.395451093508,3.775e-19
1096.4075040296195,3.79e-19
1096.419556965731,3.727e-19
1096.4316099018426,3.739e-19
1096.4436628379542,3.761e-19
1096.4557157740658,3.725e-19
1096.4677687101773,3.734e-19
1096.479821646289,3.755e-19
1096.4918745824007,3.723e-19
1096.5039275185122,3.682e-19
1096.5159804546238,3.673e-19
1096.5280333907353,3.703e-19
1096.540086326847,3.686e-19
1096.5521392629585,3.631e-19
1096.5641921990702,3.672e-19
1096.5762451351818,3.72e-19
1096.5882980712934,3.658e-19
1096.600351007405,3.613e-19
1096.6124039435165,3.646e-19
1096.624456879628,3.678e-19
1096.6365098157396,3.673e-19
1096.6485627518514,3.651e-19
1096.660615687963,3.679e-19
1096.6726686240745,3.709e-19
1096.684721560186,3.663e-19
1096.6967744962976,3.65e-19
1096.7088274324092,3.703e-19
1096.7208803685207,3.697e-19
1096.7329333046323,3.658e-19
1096.744986240744,3.65e-19
1096.7570391768556,3.629e-19
1096.7690921129672,3.617e-19
1096.7811450490788,3.651e-19
1096.7931979851903,3.665e-19
1096.8052509213019,3.649e-19
1096.8173038574134,3.657e-19
1096.8293567935252,3.649e-19
1096.8414097296368,3.617e-19
1096.8534626657483,3.644e-19
1096.86551560186,3.655e-19
1096.8775685379715,3.592e-19
1096.889621474083,3.605e-19
1096.9016744101946,3.653e-19
1096.9137273463061,3.6e-19
1096.925780282418,3.567e-19
1096.9378332185295,3.587e-19
1096.949886154641,3.582e-19
1096.9619390907526,3.606e-19
1096.9739920268642,3.601e-19
1096.9860449629757,3.533e-19
1096.9980978990873,3.55e-19
1097.010150835199,3.611e-19
1097.0222037713106,3.622e-19
1097.0342567074222,3.64e-19
1097.0463096435337,3.624e-19
1097.0583625796453,3.568e-19
1097.0704155157568,3.58e-19
1097.0824684518684,3.62e-19
1097.09452138798,3.604e-19
1097.1065743240918,3.563e-19
1097.1186272602033,3.555e-19
1097.1306801963149,3.552e-19
1097.1427331324264,3.508e-19
1097.154786068538,3.506e-19
1097.1668390046495,3.558e-19
1097.178891940761,3.533e-19
1097.190944876873,3.51e-19
1097.2029978129844,3.556e-19
1097.215050749096,3.535e-19
1097.2271036852076,3.504e-19
1097.2391566213191,3.527e-19
1097.2512095574307,3.497e-19
1097.2632624935422,3.478e-19
1097.275315429654,3.495e-19
1097.2873683657656,3.464e-19
1097.2994213018771,3.472e-19
1097.3114742379887,3.487e-19
1097.3235271741003,3.46e-19
1097.3355801102118,3.517e-19
1097.3476330463234,3.539e-19
1097.3596859824352,3.447e-19
1097.3717389185467,3.458e-19
1097.3837918546583,3.493e-19
1097.3958447907698,3.418e-19
1097.4078977268814,3.424e-19
1097.419950662993,3.48e-19
1097.4320035991045,3.44e-19
1097.444056535216,3.417e-19
1097.4561094713279,3.425e-19
1097.4681624074394,3.401e-19
1097.480215343551,3.437e-19
1097.4922682796625,3.489e-19
1097.504321215774,3.449e-19
1097.5163741518857,3.4e-19
1097.5284270879972,3.41e-19
1097.540480024109,3.425e-19
1097.5525329602206,3.421e-19
1097.5645858963321,3.403e-19
1097.5766388324437,3.384e-19
1097.5886917685552,3.388e-19
1097.6007447046668,3.405e-19
1097.6127976407784,3.415e-19
1097.62485057689,3.405e-19
1097.6369035130017,3.372e-19
1097.6489564491133,3.375e-19
1097.6610093852248,3.398e-19
1097.6730623213364,3.349e-19
1097.685115257448,3.34e-19
1097.6971681935595,3.422e-19
1097.709221129671,3.396e-19
1097.7212740657828,3.315e-19
1097.7333270018944,3.364e-19
1097.745379938006,3.404e-19
1097.7574328741175,3.363e-19
1097.769485810229,3.357e-19
1097.7815387463406,3.354e-19
1097.7935916824522,3.345e-19
1097.8056446185637,3.358e-19
1097.8176975546755,3.343e-19
1097.829750490787,3.341e-19
1097.8418034268987,3.35e-19
1097.8538563630102,3.316e-19
1097.8659092991218,3.325e-19
1097.8779622352333,3.355e-19
1097.8900151713449,3.325e-19
1097.9020681074567,3.305e-19
1097.9141210435682,3.299e-19
1097.9261739796798,3.286e-19
1097.9382269157913,3.301e-19
1097.950279851903,3.287e-19
1097.9623327880145,3.269e-19
1097.974385724126,3.307e-19
1097.9864386602378,3.292e-19
1097.9984915963494,3.246e-19
1098.010544532461,3.273e-19
1098.0225974685725,3.279e-19
1098.034650404684,3.241e-19
1098.0467033407956,3.249e-19
1098.0587562769072,3.256e-19
1098.070809213019,3.233e-19
1098.0828621491305,3.243e-19
1098.094915085242,3.263e-19
1098.1069680213536,3.244e-19
1098.1190209574652,3.239e-19
1098.1310738935767,3.256e-19
1098.1431268296883,3.219e-19
1098.1551797657999,3.19e-19
1098.1672327019116,3.248e-19
1098.1792856380232,3.259e-19
1098.1913385741348,3.208e-19
1098.2033915102463,3.226e-19
1098.2154444463579,3.231e-19
1098.2274973824694,3.183e-19
1098.239550318581,3.198e-19
1098.2516032546928,3.209e-19
1098.2636561908043,3.173e-19
1098.275709126916,3.175e-19
1098.2877620630275,3.169e-19
1098.299814999139,3.153e-19
1098.3118679352506,3.169e-19
1098.3239208713621,3.149e-19
1098.3359738074737,3.146e-19
1098.3480267435855,3.208e-19
1098.360079679697,3.202e-19
1098.3721326158086,3.149e-19
1098.3841855519202,3.145e-19
1098.3962384880317,3.122e-19
1098.4082914241433,3.091e-19
1098.4203443602548,3.122e-19
1098.4323972963666,3.158e-19
1098.4444502324782,3.159e-19
1098.4565031685897,3.149e-19
1098.4685561047013,3.14e-19
1098.4806090408129,3.133e-19
1098.4926619769244,3.121e-19
1098.504714913036,3.099e-19
1098.5167678491475,3.084e-19
1098.5288207852593,3.078e-19
1098.5408737213709,3.071e-19
1098.5529266574824,3.065e-19
1098.564979593594,3.072e-19
1098.5770325297055,3.089e-19
1098.589085465817,3.075e-19
1098.6011384019287,3.04e-19
1098.6131913380405,3.058e-19
1098.625244274152,3.096e-19
1098.6372972102636,3.072e-19
1098.6493501463751,3.031e-19
1098.6614030824867,3.042e-19
1098.6734560185982,3.076e-19
1098.6855089547098,3.09e-19
1098.6975618908216,3.081e-19
1098.7096148269331,3.071e-19
1098.7216677630447,3.074e-19
1098.7337206991563,3.054e-19
1098.7457736352678,3.025e-19
1098.7578265713794,3.043e-19
1098.769879507491,3.058e-19
1098.7819324436025,3.037e-19
1098.7939853797143,3.05e-19
1098.8060383158258,3.053e-19
1098.8180912519374,2.996e-19
1098.830144188049,2.987e-19
1098.8421971241605,3.025e-19
1098.854250060272,3.007e-19
1098.8663029963836,2.974e-19
1098.8783559324954,2.976e-19
1098.890408868607,2.973e-19
1098.9024618047185,2.947e-19
1098.91451474083,2.915e-19
1098.9265676769417,2.931e-19
1098.9386206130532,2.977e-19
1098.9506735491648,2.96e-19
1098.9627264852766,2.922e-19
1098.9747794213881,2.94e-19
1098.9868323574997,2.946e-19
1098.9988852936112,2.92e-19
1099.0109382297228,2.919e-19
1099.0229911658344,2.925e-19
1099.035044101946,2.911e-19
1099.0470970380575,2.89e-19
1099.0591499741693,2.898e-19
1099.0712029102808,2.917e-19
1099.0832558463924,2.88e-19
1099.095308782504,2.855e-19
1099.1073617186155,2.903e-19
1099.119414654727,2.908e-19
1099.1314675908386,2.88e-19
1099.1435205269504,2.912e-19
1099.155573463062,2.9e-19
1099.1676263991735,2.85e-19
1099.179679335285,2.881e-19
1099.1917322713966,2.896e-19
1099.2037852075082,2.856e-19
1099.2158381436197,2.866e-19
1099.2278910797313,2.873e-19
1099.239944015843,2.845e-19
1099.2519969519547,2.856e-19
1099.2640498880662,2.874e-19
1099.2761028241778,2.864e-19
1099.2881557602893,2.855e-19
1099.300208696401,2.846e-19
1099.3122616325124,2.853e-19
1099.3243145686242,2.854e-19
1099.3363675047358,2.809e-19
1099.3484204408473,2.794e-19
1099.360473376959,2.826e-19
1099.3725263130705,2.806e-19
1099.384579249182,2.785e-19
1099.3966321852936,2.829e-19
1099.4086851214054,2.822e-19
1099.420738057517,2.757e-19
1099.4327909936285,2.768e-19
1099.44484392974,2.822e-19
1099.4568968658516,2.816e-19
1099.4689498019632,2.778e-19
1099.4810027380747,2.773e-19
1099.4930556741863,2.797e-19
1099.505108610298,2.803e-19
1099.5171615464096,2.783e-19
1099.5292144825212,2.767e-19
1099.5412674186327,2.751e-19
1099.5533203547443,2.736e-19
1099.5653732908559,2.749e-19
1099.5774262269674,2.738e-19
1099.5894791630792,2.686e-19
1099.6015320991908,2.678e-19
1099.6135850353023,2.712e-19
1099.6256379714139,2.731e-19
1099.6376909075254,2.729e-19
1099.649743843637,2.698e-19
1099.6617967797486,2.678e-19
1099.6738497158603,2.71e-19
1099.685902651972,2.717e-19
1099.6979555880835,2.675e-19
1099.710008524195,2.669e-19
1099.7220614603066,2.687e-19
1099.7341143964181,2.675e-19
1099.7461673325297,2.668e-19
1099.7582202686413,2.677e-19
1099.770273204753,2.675e-19
1099.7823261408646,2.689e-19
1099.7943790769762,2.714e-19
1099.8064320130877,2.677e-19
1099.8184849491993,2.608e-19
1099.8305378853108,2.604e-19
1099.8425908214224,2.648e-19
1099.8546437575342,2.688e-19
1099.8666966936457,2.704e-19
1099.8787496297573,2.66e-19
1099.8908025658689,2.612e-19
1099.9028555019804,2.635e-19
1099.914908438092,2.648e-19
1099.9269613742035,2.604e-19
1099.939014310315,2.58e-19
1099.9510672464269,2.584e-19
1099.9631201825384,2.587e-19
1099.97517311865,2.599e-19
1099.9872260547615,2.602e-19
1099.999278990873,2.582e-19
1100.0113319269847,2.547e-19
1100.0233848630962,2.532e-19
1100.035437799208,2.566e-19
1100.0474907353196,2.598e-19
1100.0595436714311,2.586e-19
1100.0715966075427,2.579e-19
1100.0836495436542,2.587e-19
1100.0957024797658,2.585e-19
1100.1077554158774,2.567e-19
1100.1198083519891,2.549e-19
1100.1318612881007,2.566e-19
1100.1439142242123,2.587e-19
1100.1559671603238,2.566e-19
1100.1680200964354,2.547e-19
1100.180073032547,2.54e-19
1100.1921259686585,2.532e-19
1100.20417890477,2.563e-19
1100.2162318408818,2.574e-19
1100.2282847769934,2.532e-19
1100.240337713105,2.54e-19
1100.2523906492165,2.549e-19
1100.264443585328,2.49e-19
1100.2764965214396,2.469e-19
1100.2885494575512,2.487e-19
1100.300602393663,2.478e-19
1100.3126553297745,2.484e-19
1100.324708265886,2.483e-19
1100.3367612019977,2.46e-19
1100.3488141381092,2.475e-19
1100.3608670742208,2.486e-19
1100.3729200103323,2.466e-19
1100.3849729464441,2.461e-19
1100.3970258825557,2.445e-19
1100.4090788186672,2.439e-19
1100.4211317547788,2.482e-19
1100.4331846908904,2.486e-19
1100.445237627002,2.449e-19
1100.4572905631135,2.453e-19
1100.469343499225,2.459e-19
1100.4813964353368,2.441e-19
1100.4934493714484,2.44e-19
1100.50550230756,2.434e-19
1100.5175552436715,2.446e-19
1100.529608179783,2.485e-19
1100.5416611158946,2.472e-19
1100.5537140520062,2.431e-19
1100.565766988118,2.433e-19
1100.5778199242295,2.419e-19
1100.589872860341,2.371e-19
1100.6019257964526,2.353e-19
1100.6139787325642,2.365e-19
1100.6260316686758,2.365e-19
1100.6380846047873,2.331e-19
1100.6501375408989,2.318e-19
1100.6621904770107,2.377e-19
1100.6742434131222,2.392e-19
1100.6862963492338,2.321e-19
1100.6983492853453,2.307e-19
1100.710402221457,2.336e-19
1100.7224551575684,2.311e-19
1100.73450809368,2.289e-19
1100.7465610297918,2.295e-19
1100.7586139659034,2.297e-19
1100.770666902015,2.298e-19
1100.7827198381265,2.284e-19
1100.794772774238,2.283e-19
1100.8068257103496,2.309e-19
1100.8188786464611,2.279e-19
1100.830931582573,2.233e-19
1100.8429845186845,2.27e-19
1100.855037454796,2.316e-19
1100.8670903909076,2.305e-19
1100.8791433270192,2.284e-19
1100.8911962631307,2.286e-19
1100.9032491992423,2.292e-19
1100.9153021353538,2.275e-19
1100.9273550714656,2.27e-19
1100.9394080075772,2.305e-19
1100.9514609436887,2.294e-19
1100.9635138798003,2.238e-19
1100.9755668159119,2.231e-19
1100.9876197520234,2.262e-19
1100.999672688135,2.267e-19
1101.0117256242468,2.23e-19
1101.0237785603583,2.189e-19
1101.0358314964699,2.206e-19
1101.0478844325814,2.224e-19
1101.059937368693,2.19e-19
1101.0719903048046,2.179e-19
1101.0840432409161,2.176e-19
1101.096096177028,2.151e-19
1101.1081491131395,2.167e-19
1101.120202049251,2.189e-19
1101.1322549853626,2.189e-19
1101.1443079214741,2.225e-19
1101.1563608575857,2.229e-19
1101.1684137936973,2.172e-19
1101.1804667298088,2.16e-19
1101.1925196659206,2.191e-19
1101.2045726020322,2.2e-19
1101.2166255381437,2.184e-19
1101.2286784742553,2.176e-19
1101.2407314103668,2.199e-19
1101.2527843464784,2.206e-19
1101.26483728259,2.178e-19
1101.2768902187017,2.165e-19
1101.2889431548133,2.15e-19
1101.3009960909249,2.142e-19
1101.3130490270364,2.162e-19
1101.325101963148,2.124e-19
1101.3371548992595,2.069e-19
1101.349207835371,2.107e-19
1101.3612607714826,2.146e-19
1101.3733137075944,2.116e-19
1101.385366643706,2.088e-19
1101.3974195798176,2.092e-19
1101.409472515929,2.122e-19
1101.4215254520407,2.124e-19
1101.4335783881522,2.077e-19
1101.4456313242638,2.072e-19
1101.4576842603756,2.082e-19
1101.4697371964871,2.048e-19
1101.4817901325987,2.059e-19
1101.4938430687102,2.104e-19
1101.5058960048218,2.083e-19
1101.5179489409334,2.044e-19
1101.530001877045,2.046e-19
1101.5420548131567,2.075e-19
1101.5541077492683,2.1e-19
1101.5661606853798,2.079e-19
1101.5782136214914,2.052e-19
1101.590266557603,2.072e-19
1101.6023194937145,2.1e-19
1101.614372429826,2.094e-19
1101.6264253659376,2.053e-19
1101.6384783020494,2.019e-19
1101.650531238161,2.059e-19
1101.6625841742725,2.094e-19
1101.674637110384,2.043e-19
1101.6866900464956,2.006e-19
1101.6987429826072,2.021e-19
1101.7107959187188,2.01e-19
1101.7228488548305,1.999e-19
1101.734901790942,2.022e-19
1101.7469547270537,2.02e-19
1101.7590076631652,1.982e-19
1101.7710605992768,1.955e-19
1101.7831135353883,1.955e-19
1101.7951664715,1.962e-19
1101.8072194076117,1.96e-19
1101.8192723437232,1.956e-19
1101.8313252798348,1.953e-19
1101.8433782159464,1.942e-19
1101.855431152058,1.928e-19
1101.8674840881695,1.929e-19
1101.879537024281,1.937e-19
1101.8915899603926,1.953e-19
1101.9036428965044,1.974e-19
1101.915695832616,1.954e-19
1101.9277487687275,1.917e-19
1101.939801704839,1.957e-19
1101.9518546409506,2.006e-19
1101.9639075770622,1.953e-19
1101.9759605131737,1.91e-19
1101.9880134492855,1.942e-19
1102.000066385397,1.927e-19
1102.0121193215086,1.883e-19
1102.0241722576202,1.898e-19
1102.0362251937318,1.912e-19
1102.0482781298433,1.893e-19
1102.0603310659549,1.89e-19
1102.0723840020664,1.894e-19
1102.0844369381782,1.903e-19
1102.0964898742898,1.92e-19
1102.1085428104013,1.904e-19
1102.120595746513,1.869e-19
1102.1326486826244,1.857e-19
1102.144701618736,1.854e-19
1102.1567545548476,1.844e-19
1102.1688074909594,1.83e-19
1102.180860427071,1.831e-19
1102.1929133631825,1.85e-19
1102.204966299294,1.842e-19
1102.2170192354056,1.811e-19
1102.2290721715171,1.823e-19
1102.2411251076287,1.856e-19
1102.2531780437405,1.841e-19
1102.265230979852,1.809e-19
1102.2772839159636,1.82e-19
1102.2893368520752,1.838e-19
1102.3013897881867,1.813e-19
1102.3134427242983,1.791e-19
1102.3254956604098,1.816e-19
1102.3375485965214,1.831e-19
1102.3496015326332,1.806e-19
1102.3616544687447,1.786e-19
1102.3737074048563,1.78e-19
1102.3857603409679,1.779e-19
1102.3978132770794,1.77e-19
1102.409866213191,1.74e-19
1102.4219191493025,1.752e-19
1102.4339720854143,1.788e-19
1102.4460250215259,1.747e-19
1102.4580779576374,1.718e-19
1102.470130893749,1.769e-19
1102.4821838298606,1.755e-19
1102.4942367659721,1.713e-19
1102.5062897020837,1.764e-19
1102.5183426381955,1.785e-19
1102.530395574307,1.732e-19
1102.5424485104186,1.719e-19
1102.5545014465301,1.75e-19
1102.5665543826417,1.785e-19
1102.5786073187533,1.76e-19
1102.5906602548648,1.677e-19
1102.6027131909764,1.698e-19
1102.6147661270882,1.786e-19
1102.6268190631997,1.774e-19
1102.6388719993113,1.739e-19
1102.6509249354228,1.736e-19
1102.6629778715344,1.724e-19
1102.675030807646,1.762e-19
1102.6870837437575,1.773e-19
1102.6991366798693,1.717e-19
1102.7111896159809,1.73e-19
1102.7232425520924,1.755e-19
1102.735295488204,1.713e-19
1102.7473484243155,1.697e-19
1102.759401360427,1.662e-19
1102.7714542965386,1.614e-19
1102.7835072326502,1.656e-19
1102.795560168762,1.669e-19
1102.8076131048736,1.626e-19
1102.819666040985,1.643e-19
1102.8317189770967,1.653e-19
1102.8437719132082,1.631e-19
1102.8558248493198,1.643e-19
1102.8678777854313,1.633e-19
1102.8799307215431,1.615e-19
1102.8919836576547,1.648e-19
1102.9040365937663,1.675e-19
1102.9160895298778,1.673e-19
1102.9281424659894,1.65e-19
1102.940195402101,1.606e-19
1102.9522483382125,1.591e-19
1102.964301274324,1.598e-19
1102.9763542104358,1.594e-19
1102.9884071465474,1.608e-19
1103.000460082659,1.626e-19
1103.0125130187705,1.613e-19
1103.024565954882,1.59e-19
1103.0366188909936,1.582e-19
1103.0486718271052,1.582e-19
1103.060724763217,1.572e-19
1103.0727776993285,1.568e-19
1103.08483063544,1.585e-19
1103.0968835715516,1.587e-19
1103.1089365076632,1.579e-19
1103.1209894437748,1.579e-19
1103.1330423798863,1.56e-19
1103.145095315998,1.555e-19
1103.1571482521097,1.566e-19
1103.1692011882212,1.55e-19
1103.1812541243328,1.557e-19
1103.1933070604443,1.574e-19
1103.205359996556,1.546e-19
1103.2174129326675,1.542e-19
1103.2294658687792,1.557e-19
1103.2415188048908,1.544e-19
1103.2535717410024,1.552e-19
1103.265624677114,1.555e-19
1103.2776776132255,1.519e-19
1103.289730549337,1.505e-19
1103.3017834854486,1.516e-19
1103.3138364215602,1.535e-19
1103.325889357672,1.527e-19
1103.3379422937835,1.48e-19
1103.349995229895,1.504e-19
1103.3620481660066,1.546e-19
1103.3741011021182,1.493e-19
1103.3861540382297,1.482e-19
1103.3982069743413,1.512e-19
1103.410259910453,1.465e-19
1103.4223128465646,1.466e-19
1103.4343657826762,1.504e-19
1103.4464187187878,1.466e-19
1103.4584716548993,1.458e-19
1103.4705245910109,1.46e-19
1103.4825775271224,1.43e-19
1103.494630463234,1.471e-19
1103.5066833993458,1.491e-19
1103.5187363354573,1.447e-19
1103.530789271569,1.48e-19
1103.5428422076805,1.509e-19
1103.554895143792,1.479e-19
1103.5669480799036,1.494e-19
1103.5790010160151,1.494e-19
1103.591053952127,1.462e-19
1103.6031068882385,1.469e-19
1103.61515982435,1.452e-19
1103.6272127604616,1.441e-19
1103.6392656965731,1.49e-19
1103.6513186326847,1.48e-19
1103.6633715687963,1.423e-19
1103.6754245049078,1.423e-19
1103.6874774410196,1.43e-19
1103.6995303771312,1.422e-19
1103.7115833132427,1.432e-19
1103.7236362493543,1.428e-19
1103.7356891854658,1.407e-19
1103.7477421215774,1.402e-19
1103.759795057689,1.402e-19
1103.7718479938007,1.389e-19
1103.7839009299123,1.375e-19
1103.7959538660239,1.397e-19
1103.8080068021354,1.42e-19
1103.820059738247,1.391e-19
1103.8321126743585,1.371e-19
1103.84416561047,1.396e-19
1103.8562185465819,1.392e-19
1103.8682714826934,1.377e-19
1103.880324418805,1.391e-19
1103.8923773549166,1.371e-19
1103.9044302910281,1.333e-19
1103.9164832271397,1.351e-19
1103.9285361632512,1.379e-19
1103.940589099363,1.38e-19
1103.9526420354746,1.375e-19
1103.9646949715861,1.343e-19
1103.9767479076977,1.327e-19
1103.9888008438093,1.359e-19
1104.0008537799208,1.339e-19
1104.0129067160324,1.284e-19
1104.024959652144,1.306e-19
1104.0370125882557,1.332e-19
1104.0490655243673,1.307e-19
1104.0611184604788,1.311e-19
1104.0731713965904,1.324e-19
1104.085224332702,1.29e-19
1104.0972772688135,1.256e-19
1104.109330204925,1.26e-19
1104.1213831410369,1.281e-19
1104.1334360771484,1.266e-19
1104.14548901326,1.22e-19
1104.1575419493715,1.21e-19
1104.169594885483,1.22e-19
1104.1816478215947,1.236e-19
1104.1937007577062,1.286e-19
1104.2057536938178,1.285e-19
1104.2178066299296,1.237e-19
1104.2298595660411,1.258e-19
1104.2419125021527,1.272e-19
1104.2539654382642,1.238e-19
1104.2660183743758,1.282e-19
1104.2780713104873,1.325e-19
1104.290124246599,1.269e-19
1104.3021771827107,1.249e-19
1104.3142301188223,1.285e-19
1104.3262830549338,1.29e-19
1104.3383359910454,1.285e-19
1104.350388927157,1.266e-19
1104.3624418632685,1.233e-19
1104.37449479938,1.243e-19
1104.3865477354916,1.273e-19
1104.3986006716034,1.274e-19
1104.410653607715,1.265e-19
1104.4227065438265,1.237e-19
1104.434759479938,1.196e-19
1104.4468124160496,1.195e-19
1104.4588653521612,1.213e-19
1104.4709182882727,1.186e-19
1104.4829712243845,1.167e-19
1104.495024160496,1.203e-19
1104.5070770966076,1.199e-19
1104.5191300327192,1.145e-19
1104.5311829688308,1.151e-19
1104.5432359049423,1.174e-19
1104.5552888410539,1.148e-19
1104.5673417771657,1.145e-19
1104.5793947132772,1.18e-19
1104.5914476493888,1.206e-19
1104.6035005855003,1.207e-19
1104.615553521612,1.171e-19
1104.6276064577235,1.16e-19
1104.639659393835,1.205e-19
1104.6517123299468,1.194e-19
1104.6637652660584,1.149e-19
1104.67581820217,1.179e-19
1104.6878711382815,1.197e-19
1104.699924074393,1.16e-19
1104.7119770105046,1.161e-19
1104.7240299466162,1.158e-19
1104.7360828827277,1.099e-19
1104.7481358188395,1.093e-19
1104.760188754951,1.156e-19
1104.7722416910626,1.155e-19
1104.7842946271742,1.087e-19
1104.7963475632857,1.079e-19
1104.8084004993973,1.112e-19
1104.8204534355089,1.099e-19
1104.8325063716206,1.091e-19
1104.8445593077322,1.116e-19
1104.8566122438438,1.125e-19
1104.8686651799553,1.13e-19
1104.8807181160669,1.117e-19
1104.8927710521784,1.074e-19
1104.90482398829,1.084e-19
1104.9168769244015,1.105e-19
1104.9289298605133,1.06e-19
1104.940982796625,1.053e-19
1104.9530357327365,1.088e-19
1104.965088668848,1.079e-19
1104.9771416049596,1.093e-19
1104.9891945410711,1.117e-19
1105.0012474771827,1.081e-19
1105.0133004132945,1.091e-19
1105.025353349406,1.128e-19
1105.0374062855176,1.084e-19
1105.0494592216291,1.062e-19
1105.0615121577407,1.088e-19
1105.0735650938523,1.072e-19
1105.0856180299638,1.068e-19
1105.0976709660754,1.075e-19
1105.1097239021872,1.035e-19
1105.1217768382987,1.026e-19
1105.1338297744103,1.063e-19
1105.1458827105218,1.079e-19
1105.1579356466334,1.076e-19
1105.169988582745,1.037e-19
1105.1820415188565,9.884e-20
1105.1940944549683,9.963e-20
1105.2061473910799,1.002e-19
1105.2182003271914,9.778e-20
1105.230253263303,9.984e-20
1105.2423061994145,1.041e-19
1105.254359135526,1.037e-19
1105.2664120716377,1.004e-19
1105.2784650077494,9.902e-20
1105.290517943861,1.011e-19
1105.3025708799726,1.025e-19
1105.3146238160841,1.018e-19
1105.3266767521957,1.031e-19
1105.3387296883072,1.034e-19
1105.3507826244188,9.989e-20
1105.3628355605304,1.003e-19
1105.3748884966421,1.022e-19
1105.3869414327537,9.799e-20
1105.3989943688653,9.636e-20
1105.4110473049768,1.014e-19
1105.4231002410884,1.022e-19
1105.4351531772,9.798e-20
1105.4472061133115,9.709e-20
1105.4592590494233,9.876e-20
1105.4713119855348,9.882e-20
1105.4833649216464,9.69e-20
1105.495417857758,9.48e-20
1105.5074707938695,9.45e-20
1105.519523729981,9.516e-20
1105.5315766660926,9.517e-20
1105.5436296022044,9.467e-20
1105.555682538316,9.328e-20
1105.5677354744275,9.238e-20
1105.579788410539,9.331e-20
1105.5918413466507,9.354e-20
1105.6038942827622,9.425e-20
1105.6159472188738,9.664e-20
1105.6280001549853,9.557e-20
1105.6400530910971,9.426e-20
1105.6521060272087,9.788e-20
1105.6641589633202,9.811e-20
1105.6762118994318,9.427e-20
1105.6882648355434,9.419e-20
1105.700317771655,9.431e-20
1105.7123707077665,9.482e-20
1105.7244236438783,9.793e-20
1105.7364765799898,9.557e-20
1105.7485295161014,9.241e-20
1105.760582452213,9.454e-20
1105.7726353883245,9.143e-20
1105.784688324436,8.771e-20
1105.7967412605476,9.239e-20
1105.8087941966592,9.295e-20
1105.820847132771,8.845e-20
1105.8329000688825,8.915e-20
1105.844953004994,8.894e-20
1105.8570059411056,8.525e-20
1105.8690588772172,8.537e-20
1105.8811118133287,8.794e-20
1105.8931647494403,8.751e-20
1105.905217685552,8.505e-20
1105.9172706216636,8.61e-20
1105.9293235577752,8.849e-20
1105.9413764938868,8.663e-20
1105.9534294299983,8.619e-20
1105.9654823661099,8.741e-20
1105.9775353022214,8.498e-20
1105.9895882383332,8.682e-20
1106.0016411744448,8.961e-20
1106.0136941105563,8.413e-20
1106.025747046668,8.381e-20
1106.0377999827795,8.857e-20
1106.049852918891,8.547e-20
1106.0619058550026,8.503e-20
1106.0739587911141,8.792e-20
1106.086011727226,8.537e-20
1106.0980646633375,8.808e-20
1106.110117599449,9.121e-20
1106.1221705355606,8.535e-20
1106.1342234716722,8.544e-20
1106.1462764077837,8.841e-20
1106.1583293438953,8.331e-20
1106.170382280007,8.263e-20
1106.1824352161186,8.559e-20
1106.1944881522302,8.285e-20
1106.2065410883417,8.087e-20
1106.2185940244533,7.917e-20
1106.2306469605649,7.665e-20
1106.2426998966764,7.869e-20
1106.2547528327882,7.841e-20
1106.2668057688998,7.524e-20
1106.2788587050113,7.821e-20
1106.2909116411229,8.058e-20
1106.3029645772344,7.806e-20
1106.315017513346,7.825e-20
1106.3270704494576,7.777e-20
1106.339123385569,7.425e-20
1106.351176321681,7.524e-20
1106.3632292577925,7.672e-20
1106.375282193904,7.427e-20
1106.3873351300156,7.609e-20
1106.3993880661271,7.881e-20
1106.4114410022387,7.443e-20
1106.4234939383502,7.234e-20
1106.435546874462,7.451e-20
1106.4475998105736,7.189e-20
1106.4596527466852,7.114e-20
1106.4717056827967,7.545e-20
1106.4837586189083,7.501e-20
1106.4958115550198,7.278e-20
1106.5078644911314,7.277e-20
1106.519917427243,7.147e-20
1106.5319703633547,7.501e-20
1106.5440232994663,8.157e-20
1106.5560762355778,7.97e-20
1106.5681291716894,7.6e-20
1106.580182107801,7.64e-20
1106.5922350439125,7.281e-20
1106.604287980024,6.887e-20
1106.6163409161359,7.155e-20
1106.6283938522474,7.381e-20
1106.640446788359,7.236e-20
1106.6524997244705,7.11e-20
1106.664552660582,7.035e-20
1106.6766055966937,7.188e-20
1106.6886585328052,7.627e-20
1106.700711468917,7.647e-20
1106.7127644050286,7.242e-20
1106.7248173411401,7.34e-20
1106.7368702772517,7.727e-20
1106.7489232133632,7.707e-20
1106.7609761494748,7.74e-20
1106.7730290855864,7.77e-20
1106.785082021698,7.278e-20
1106.7971349578097,7.137e-20
1106.8091878939213,7.43e-20
1106.8212408300328,7.03e-20
1106.8332937661444,6.744e-20
1106.845346702256,7.301e-20
1106.8573996383675,7.288e-20
1106.869452574479,6.763e-20
1106.8815055105908,6.986e-20
1106.8935584467024,7.223e-20
1106.905611382814,6.818e-20
1106.9176643189255,6.539e-20
1106.929717255037,6.426e-20
1106.9417701911486,6.201e-20
1106.9538231272602,6.241e-20
1106.965876063372,6.533e-20
1106.9779289994835,6.714e-20
1106.989981935595,6.713e-20
1107.0020348717067,6.596e-20
1107.0140878078182,6.581e-20
1107.0261407439298,6.746e-20
1107.0381936800413,6.803e-20
1107.050246616153,6.658e-20
1107.0622995522647,6.443e-20
1107.0743524883762,6.264e-20
1107.0864054244878,6.351e-20
1107.0984583605994,6.63e-20
1107.110511296711,6.631e-20
1107.1225642328225,6.39e-20
1107.134617168934,6.402e-20
1107.1466701050458,6.692e-20
1107.1587230411574,6.857e-20
1107.170775977269,6.753e-20
1107.1828289133805,6.55e-20
1107.194881849492,6.371e-20
1107.2069347856036,6.231e-20
1107.2189877217152,6.116e-20
1107.2310406578267,6.1e-20
1107.2430935939385,6.284e-20
1107.25514653005,6.339e-20
1107.2671994661616,6.115e-20
1107.2792524022732,6.191e-20
1107.2913053383847,6.359e-20
1107.3033582744963,6.123e-20
1107.3154112106079,6.33e-20
1107.3274641467196,6.771e-20
1107.3395170828312,6.238e-20
1107.3515700189428,5.872e-20
1107.3636229550543,6.38e-20
1107.3756758911659,6.2e-20
1107.3877288272774,5.638e-20
1107.399781763389,5.81e-20
1107.4118346995008,5.916e-20
1107.4238876356123,5.821e-20
1107.435940571724,6.066e-20
1107.4479935078355,6.297e-20
1107.460046443947,6.363e-20
1107.4720993800586,6.199e-20
1107.4841523161701,5.912e-20
1107.4962052522817,5.905e-20
1107.5082581883935,5.753e-20
1107.520311124505,5.507e-20
1107.5323640606166,5.694e-20
1107.5444169967282,5.7e-20
1107.5564699328397,5.604e-20
1107.5685228689513,5.877e-20
1107.5805758050628,5.848e-20
1107.5926287411746,5.789e-20
1107.6046816772862,5.953e-20
1107.6167346133977,5.544e-20
1107.6287875495093,5.354e-20
1107.6408404856209,5.897e-20
1107.6528934217324,5.986e-20
1107.664946357844,5.787e-20
1107.6769992939558,5.731e-20
1107.6890522300673,5.5e-20
1107.7011051661789,5.668e-20
1107.7131581022904,5.914e-20
1107.725211038402,5.483e-20
1107.7372639745136,5.396e-20
1107.749316910625,5.786e-20
1107.7613698467367,5.683e-20
1107.7734227828485,5.583e-20
1107.78547571896,5.802e-20
1107.7975286550716,5.857e-20
1107.8095815911831,5.949e-20
1107.8216345272947,5.969e-20
1107.8336874634062,5.646e-20
1107.8457403995178,5.549e-20
1107.8577933356296,5.648e-20
1107.8698462717412,5.484e-20
1107.8818992078527,5.503e-20
1107.8939521439643,5.616e-20
1107.9060050800758,5.23e-20
1107.9180580161874,5.032e-20
1107.930110952299,5.226e-20
1107.9421638884105,4.949e-20
1107.9542168245223,4.749e-20
1107.9662697606338,5.003e-20
1107.9783226967454,4.775e-20
1107.990375632857,4.604e-20
1108.0024285689685,5.024e-20
1108.01448150508,5.03e-20
1108.0265344411916,4.907e-20
1108.0385873773034,5.082e-20
1108.050640313415,4.802e-20
1108.0626932495265,4.639e-20
1108.074746185638,5.06e-20
1108.0867991217497,5.207e-20
1108.0988520578612,5.128e-20
1108.1109049939728,4.976e-20
1108.1229579300846,4.605e-20
1108.1350108661961,4.669e-20
1108.1470638023077,5.005e-20
1108.1591167384192,4.912e-20
1108.1711696745308,4.727e-20
1108.1832226106424,4.723e-20
1108.195275546754,4.76e-20
1108.2073284828655,4.701e-20
1108.2193814189773,4.581e-20
1108.2314343550888,4.71e-20
1108.2434872912004,4.744e-20
1108.255540227312,4.554e-20
1108.2675931634235,4.736e-20
1108.279646099535,4.825e-20
1108.2916990356466,4.588e-20
1108.3037519717584,4.621e-20
1108.31580490787,4.53e-20
1108.3278578439815,4.521e-20
1108.339910780093,4.923e-20
1108.3519637162046,4.568e-20
1108.3640166523162,3.986e-20
1108.3760695884278,4.355e-20
1108.3881225245395,4.558e-20
1108.400175460651,4.314e-20
1108.4122283967627,4.353e-20
1108.4242813328742,4.47e-20
1108.4363342689858,4.815e-20
1108.4483872050973,5.156e-20
1108.460440141209,5.054e-20
1108.4724930773205,5.083e-20
1108.4845460134322,4.946e-20
1108.4965989495438,4.504e-20
1108.5086518856554,4.633e-20
1108.520704821767,4.68e-20
1108.5327577578785,4.295e-20
1108.54481069399,4.429e-20
1108.5568636301016,4.621e-20
1108.5689165662134,4.449e-20
1108.580969502325,4.301e-20
1108.5930224384365,4.055e-20
1108.605075374548,4.117e-20
1108.6171283106596,4.407e-20
1108.6291812467712,4.097e-20
1108.6412341828827,3.768e-20
1108.6532871189943,3.862e-20
1108.665340055106,3.932e-20
1108.6773929912176,4.041e-20
1108.6894459273292,4.005e-20
1108.7014988634407,3.888e-20
1108.7135517995523,4.023e-20
1108.7256047356639,3.783e-20
1108.7376576717754,3.449e-20
1108.7497106078872,3.851e-20
1108.7617635439988,4.145e-20
1108.7738164801103,3.884e-20
1108.7858694162219,3.685e-20
1108.7979223523334,3.626e-20
1108.809975288445,3.75e-20
1108.8220282245566,4.051e-20
1108.8340811606681,4.263e-20
1108.84613409678,4.27e-20
1108.8581870328915,4.091e-20
1108.870239969003,4.273e-20
1108.8822929051146,4.555e-20
1108.8943458412261,3.918e-20
1108.9063987773377,3.509e-20
1108.9184517134493,4.095e-20
1108.930504649561,3.98e-20
1108.9425575856726,3.461e-20
1108.9546105217842,3.769e-20
1108.9666634578957,3.937e-20
1108.9787163940073,3.872e-20
1108.9907693301188,4.101e-20
1109.0028222662304,3.956e-20
1109.0148752023422,3.67e-20
1109.0269281384537,3.581e-20
1109.0389810745653,3.39e-20
1109.0510340106769,3.687e-20
1109.0630869467884,4.229e-20
1109.0751398829,3.988e-20
1109.0871928190115,3.612e-20
1109.0992457551233,3.766e-20
1109.1112986912349,3.912e-20
1109.1233516273464,3.916e-20
1109.135404563458,4.075e-20
1109.1474574995696,4.312e-20
1109.159510435681,4.263e-20
1109.1715633717927,4.09e-20
1109.1836163079042,4.311e-20
1109.195669244016,4.315e-20
1109.2077221801276,3.673e-20
1109.2197751162391,3.527e-20
1109.2318280523507,3.962e-20
1109.2438809884623,3.992e-20
1109.2559339245738,3.899e-20
1109.2679868606854,3.775e-20
1109.2800397967972,3.284e-20
1109.2920927329087,3.227e-20
1109.3041456690203,3.67e-20
1109.3161986051318,3.598e-20
1109.3282515412434,3.256e-20
1109.340304477355,3.286e-20
1109.3523574134665,3.348e-20
1109.364410349578,3.28e-20
1109.3764632856899,3.271e-20
1109.3885162218014,3.133e-20
1109.400569157913,2.958e-20
1109.4126220940245,3.234e-20
1109.424675030136,3.652e-20
1109.4367279662476,3.528e-20
1109.4487809023592,3.225e-20
1109.460833838471,3.265e-20
1109.4728867745825,3.465e-20
1109.484939710694,3.72e-20
1109.4969926468057,3.723e-20
1109.5090455829172,3.302e-20
1109.5210985190288,3.332e-20
1109.5331514551403,3.856e-20
1109.545204391252,3.742e-20
1109.5572573273637,3.249e-20
1109.5693102634752,3.236e-20
1109.5813631995868,3.432e-20
1109.5934161356984,3.527e-20
1109.60546907181,3.395e-20
1109.6175220079215,3.063e-20
1109.629574944033,3.055e-20
1109.6416278801448,3.219e-20
1109.6536808162564,3.088e-20
1109.665733752368,3.068e-20
1109.6777866884795,3.243e-20
1109.689839624591,3.159e-20
1109.7018925607026,2.91e-20
1109.7139454968142,2.866e-20
1109.725998432926,3.12e-20
1109.7380513690375,3.125e-20
1109.750104305149,2.629e-20
1109.7621572412606,2.648e-20
1109.7742101773722,3.177e-20
1109.7862631134838,2.981e-20
1109.7983160495953,2.608e-20
1109.810368985707,2.766e-20
1109.8224219218187,2.686e-20
1109.8344748579302,2.566e-20
1109.8465277940418,2.743e-20
1109.8585807301533,2.69e-20
1109.870633666265,2.868e-20
1109.8826866023765,3.215e-20
1109.894739538488,2.892e-20
1109.9067924745998,2.743e-20
1109.9188454107114,3.061e-20
1109.930898346823,2.903e-20
1109.9429512829345,2.825e-20
1109.955004219046,3.038e-20
1109.9670571551576,2.793e-20
1109.9791100912691,2.713e-20
1109.991163027381,2.881e-20
1110.0032159634925,2.566e-20
1110.015268899604,2.538e-20
1110.0273218357156,2.979e-20
1110.0393747718272,2.974e-20
1110.0514277079387,2.997e-20
1110.0634806440503,3.256e-20
1110.0755335801618,2.784e-20
1110.0875865162736,2.145e-20
1110.0996394523852,2.505e-20
1110.1116923884967,3.046e-20
1110.1237453246083,2.837e-20
1110.1357982607199,2.629e-20
1110.1478511968314,2.85e-20
1110.159904132943,2.989e-20
1110.1719570690548,3.217e-20
1110.1840100051663,3.517e-20
1110.196062941278,3.19e-20
1110.2081158773894,2.883e-20
1110.220168813501,3.328e-20
1110.2322217496126,3.423e-20
1110.2442746857241,2.837e-20
1110.2563276218357,2.674e-20
1110.2683805579475,2.919e-20
1110.280433494059,2.939e-20
1110.2924864301706,2.746e-20
1110.3045393662821,2.532e-20
1110.3165923023937,2.533e-20
1110.3286452385053,2.683e-20
1110.3406981746168,2.578e-20
1110.3527511107286,2.259e-20
1110.3648040468402,2.067e-20
1110.3768569829517,2.186e-20
1110.3889099190633,2.543e-20
1110.4009628551748,2.721e-20
1110.4130157912864,2.433e-20
1110.425068727398,1.963e-20
1110.4371216635097,1.897e-20
1110.4491745996213,2.271e-20
1110.4612275357329,2.3e-20
1110.4732804718444,1.928e-20
1110.485333407956,1.913e-20
1110.4973863440675,2.099e-20
1110.509439280179,2.208e-20
1110.5214922162909,2.566e-20
1110.5335451524024,2.811e-20
1110.545598088514,2.671e-20
1110.5576510246256,2.497e-20
1110.5697039607371,2.286e-20
1110.5817568968487,2.228e-20
1110.5938098329602,2.367e-20
1110.6058627690718,2.207e-20
1110.6179157051836,2.133e-20
1110.6299686412951,2.373e-20
1110.6420215774067,2.316e-20
1110.6540745135183,2.299e-20
1110.6661274496298,2.515e-20
1110.6781803857414,2.424e-20
1110.690233321853,2.396e-20
1110.7022862579647,2.502e-20
1110.7143391940763,2.231e-20
1110.7263921301878,2.047e-20
1110.7384450662994,2.199e-20
1110.750498002411,2.304e-20
1110.7625509385225,2.318e-20
1110.774603874634,2.195e-20
1110.7866568107456,2.2e-20
1110.7987097468574,2.473e-20
1110.810762682969,2.426e-20
1110.8228156190805,2.263e-20
1110.834868555192,2.341e-20
1110.8469214913036,2.167e-20
1110.8589744274152,2.132e-20
1110.8710273635268,2.57e-20
1110.8830802996386,2.576e-20
1110.89513323575,2.287e-20
1110.9071861718617,2.34e-20
1110.9192391079732,2.355e-20
1110.9312920440848,2.406e-20
1110.9433449801963,2.483e-20
1110.955397916308,1.994e-20
1110.9674508524195,1.69e-20
1110.9795037885312,2.18e-20
1110.9915567246428,2.252e-20
1111.0036096607544,1.74e-20
1111.015662596866,1.894e-20
1111.0277155329775,2.303e-20
1111.039768469089,1.925e-20
1111.0518214052006,1.579e-20
1111.0638743413124,2.059e-20
1111.075927277424,2.485e-20
1111.0879802135355,2.243e-20
1111.100033149647,1.798e-20
1111.1120860857586,1.566e-20
1111.1241390218702,1.698e-20
1111.1361919579817,1.917e-20
1111.1482448940935,1.798e-20
1111.160297830205,1.86e-20
1111.1723507663166,2.352e-20
1111.1844037024282,2.247e-20
1111.1964566385398,1.667e-20
1111.2085095746513,1.848e-20
1111.2205625107629,2.278e-20
1111.2326154468747,2.1e-20
1111.2446683829862,2.036e-20
1111.2567213190978,2.234e-20
1111.2687742552093,2.138e-20
1111.280827191321,2.142e-20
1111.2928801274325,2.328e-20
1111.304933063544,2.307e-20
1111.3169859996556,2.38e-20
1111.3290389357674,2.417e-20
1111.341091871879,2.072e-20
1111.3531448079905,1.887e-20
1111.365197744102,1.964e-20
1111.3772506802136,1.934e-20
1111.3893036163252,1.951e-20
1111.4013565524367,1.938e-20
1111.4134094885485,1.764e-20
1111.42546242466,1.673e-20
1111.4375153607716,1.675e-20
1111.4495682968832,1.752e-20
1111.4616212329947,1.736e-20
1111.4736741691063,1.429e-20
1111.4857271052178,1.36e-20
1111.4977800413294,1.626e-20
1111.5098329774412,1.654e-20
1111.5218859135528,1.598e-20
1111.5339388496643,1.595e-20
1111.5459917857759,1.492e-20
1111.5580447218874,1.575e-20
1111.570097657999,1.761e-20
1111.5821505941105,1.815e-20
1111.5942035302223,1.854e-20
1111.606256466334,1.752e-20
1111.6183094024454,1.709e-20
1111.630362338557,1.885e-20
1111.6424152746686,1.808e-20
1111.6544682107801,1.639e-20
1111.6665211468917,1.692e-20
1111.6785740830032,1.814e-20
1111.690627019115,2.066e-20
1111.7026799552266,1.94e-20
1111.7147328913381,1.368e-20
1111.7267858274497,1.446e-20
1111.7388387635613,1.759e-20
1111.7508916996728,1.535e-20
1111.7629446357844,1.601e-20
1111.7749975718962,1.823e-20
1111.7870505080077,1.599e-20
1111.7991034441193,1.592e-20
1111.8111563802308,1.815e-20
1111.8232093163424,1.709e-20
1111.835262252454,1.409e-20
1111.8473151885655,1.297e-20
1111.8593681246773,1.653e-20
1111.8714210607889,1.922e-20
1111.8834739969004,1.508e-20
1111.895526933012,1.17e-20
1111.9075798691235,1.377e-20
1111.919632805235,1.732e-20
1111.9316857413467,2.04e-20
1111.9437386774582,2.009e-20
1111.95579161357,1.876e-20
1111.9678445496816,2.058e-20
1111.9798974857931,1.955e-20
1111.9919504219047,1.619e-20
1112.0040033580162,1.691e-20
1112.0160562941278,1.793e-20
1112.0281092302394,1.709e-20
1112.0401621663511,1.521e-20
1112.0522151024627,1.196e-20
1112.0642680385743,1.217e-20
1112.0763209746858,1.389e-20
1112.0883739107974,1.193e-20
1112.100426846909,1.16e-20
1112.1124797830205,1.391e-20
1112.1245327191323,1.425e-20
1112.1365856552438,1.268e-20
1112.1486385913554,1.066e-20
1112.160691527467,1.179e-20
1112.1727444635785,1.421e-20
1112.18479739969,1.215e-20
1112.1968503358016,1.15e-20
1112.2089032719132,1.358e-20
1112.220956208025,1.216e-20
1112.2330091441365,1.304e-20
1112.245062080248,1.581e-20
1112.2571150163596,1.279e-20
1112.2691679524712,1.173e-20
1112.2812208885828,1.48e-20
1112.2932738246943,1.346e-20
1112.305326760806,1.137e-20
1112.3173796969177,1.25e-20
1112.3294326330292,1.37e-20
1112.3414855691408,1.437e-20
1112.3535385052523,1.368e-20
1112.365591441364,1.314e-20
1112.3776443774755,1.4e-20
1112.389697313587,1.283e-20
1112.4017502496988,1.178e-20
1112.4138031858104,1.278e-20
1112.425856121922,1.211e-20
1112.4379090580335,1.129e-20
1112.449961994145,1.108e-20
1112.4620149302566,1.086e-20
1112.4740678663682,1.424e-20
1112.48612080248,1.573e-20
1112.4981737385915,1.035e-20
1112.510226674703,8.623e-21
1112.5222796108146,1.22e-20
1112.5343325469262,1.23e-20
1112.5463854830377,1.169e-20
1112.5584384191493,1.264e-20
1112.570491355261,1.288e-20
1112.5825442913726,1.568e-20
1112.5945972274842,1.685e-20
1112.6066501635958,1.367e-20
1112.6187030997073,1.771e-20
1112.6307560358189,2.435e-20
1112.6428089719304,1.874e-20
1112.654861908042,1.189e-20
1112.6669148441538,1.398e-20
1112.6789677802653,1.554e-20
1112.691020716377,1.619e-20
1112.7030736524885,1.74e-20
1112.7151265886,1.394e-20
1112.7271795247116,1.241e-20
1112.7392324608231,1.596e-20
1112.751285396935,1.637e-20
1112.7633383330465,1.384e-20
1112.775391269158,1.145e-20
1112.7874442052696,1.036e-20
1112.7994971413812,1.186e-20
1112.8115500774927,1.077e-20
1112.8236030136043,8.276e-21
1112.835655949716,1.057e-20
1112.8477088858276,1.168e-20
1112.8597618219392,8.873e-21
1112.8718147580507,7.002e-21
1112.8838676941623,6.784e-21
1112.8959206302738,1.059e-20
1112.9079735663854,1.35e-20
1112.920026502497,7.994e-21
1112.9320794386088,6.163e-21
1112.9441323747203,1.257e-20
1112.9561853108319,1.338e-20
1112.9682382469434,1.144e-20
1112.980291183055,1.366e-20
1112.9923441191665,1.29e-20
1113.004397055278,1.154e-20
1113.01644999139,1.401e-20
1113.0285029275014,1.258e-20
1113.040555863613,8.377e-21
1113.0526087997246,1.015e-20
1113.0646617358361,1.42e-20
1113.0767146719477,1.337e-20
1113.0887676080592,1.099e-20
1113.1008205441708,1.099e-20
1113.1128734802826,1.088e-20
1113.1249264163941,1.029e-20
1113.1369793525057,8.978e-21
1113.1490322886173,5.376e-21
1113.1610852247288,5.631e-21
1113.1731381608404,1.151e-20
1113.185191096952,1.391e-20
1113.1972440330637,1.243e-20
1113.2092969691753,1.169e-20
1113.2213499052868,9.958e-21
1113.2334028413984,8.196e-21
1113.24545577751,7.579e-21
1113.2575087136215,7.445e-21
1113.269561649733,9.841e-21
1113.2816145858449,1.169e-20
1113.2936675219564,1.005e-20
1113.305720458068,9.273e-21
1113.3177733941795,1.048e-20
1113.329826330291,1.164e-20
1113.3418792664027,1.187e-20
1113.3539322025142,1.194e-20
1113.3659851386258,1.343e-20
1113.3780380747376,1.17e-20
1113.3900910108491,8.325e-21
1113.4021439469607,1.189e-20
1113.4141968830722,1.294e-20
1113.4262498191838,6.78e-21
1113.4383027552954,7.506e-21
1113.450355691407,1.014e-20
1113.4624086275187,7.921e-21
1113.4744615636303,1.047e-20
1113.4865144997418,1.038e-20
1113.4985674358534,5.501e-21
1113.510620371965,9.587e-21
1113.5226733080765,1.158e-20
1113.534726244188,5.038e-21
1113.5467791802998,6.828e-21
1113.5588321164114,1.214e-20
1113.570885052523,9.93e-21
1113.5829379886345,8.212e-21
1113.594990924746,8.922e-21
1113.6070438608576,9.059e-21
1113.6190967969692,9.248e-21
1113.6311497330807,8.966e-21
1113.6432026691925,1.014e-20
1113.655255605304,1.067e-20
1113.6673085414157,9.696e-21
1113.6793614775272,1.25e-20
1113.6914144136388,1.337e-20
1113.7034673497503,1.115e-20
1113.7155202858619,1.445e-20
1113.7275732219737,1.396e-20
1113.7396261580852,7.837e-21
1113.7516790941968,1.056e-20
1113.7637320303083,1.207e-20
1113.77578496642,5.36e-21
1113.7878379025315,6.24e-21
1113.799890838643,9.119e-21
1113.8119437747546,5.058e-21
1113.8239967108664,5.897e-21
1113.836049646978,8.543e-21
1113.8481025830895,5.76e-21
1113.860155519201,5.933e-21
1113.8722084553126,6.941e-21
1113.8842613914242,3.928e-21
1113.8963143275357,3.574e-21
1113.9083672636475,5.364e-21
1113.920420199759,5.505e-21
1113.9324731358706,5.268e-21
1113.9445260719822,3.816e-21
1113.9565790080937,3.739e-21
1113.9686319442053,7.103e-21
1113.9806848803169,7.853e-21
1113.9927378164286,5.723e-21
1114.0047907525402,5.756e-21
1114.0168436886518,6.373e-21
1114.0288966247633,6.97e-21
1114.0409495608749,9.583e-21
1114.0530024969864,1.061e-20
1114.065055433098,8.24e-21
1114.0771083692098,8.381e-21
1114.0891613053213,1.23e-20
1114.101214241433,1.267e-20
1114.1132671775445,9.716e-21
1114.125320113656,1.099e-20
1114.1373730497676,1.253e-20
1114.1494259858791,8.631e-21
1114.1614789219907,6.828e-21
1114.1735318581025,8.522e-21
1114.185584794214,7.038e-21
1114.1976377303256,6.244e-21
1114.2096906664372,7.921e-21
1114.2217436025487,6.11e-21
1114.2337965386603,4.433e-21
1114.2458494747718,6.32e-21
1114.2579024108836,6.143e-21
1114.2699553469952,4.848e-21
1114.2820082831067,6.84e-21
1114.2940612192183,9.333e-21
1114.3061141553299,9.644e-21
1114.3181670914414,8.76e-21
1114.330220027553,8.829e-21
1114.3422729636645,1.013e-20
1114.3543258997763,9.039e-21
1114.3663788358879,7.377e-21
1114.3784317719994,1.048e-20
1114.390484708111,1.273e-20
1114.4025376442225,9.749e-21
1114.414590580334,8.845e-21
1114.4266435164457,9.571e-21
1114.4386964525575,6.473e-21
1114.450749388669,6.32e-21
1114.4628023247806,1.179e-20
1114.4748552608921,1.245e-20
1114.4869081970037,6.151e-21
1114.4989611331152,2.694e-21
1114.5110140692268,5.598e-21
1114.5230670053384,7.466e-21
1114.5351199414501,4.667e-21
1114.5471728775617,4.13e-21
1114.5592258136733,6.917e-21
1114.5712787497848,6.151e-21
1114.5833316858964,4.259e-21
1114.595384622008,5.09e-21
1114.6074375581195,5.598e-21
1114.6194904942313,6.675e-21
1114.6315434303428,6.002e-21
1114.6435963664544,1.113e-21
1114.655649302566,3.134e-21
1114.6677022386775,1.12e-20
1114.679755174789,1.015e-20
1114.6918081109006,6.018e-21
1114.7038610470122,8.615e-21
1114.715913983124,9.059e-21
1114.7279669192355,6.24e-21
1114.740019855347,6.849e-21
1114.7520727914587,8.288e-21
1114.7641257275702,9.567e-21
1114.7761786636818,1.183e-20
1114.7882315997933,1.173e-20
1114.8002845359051,8.881e-21
1114.8123374720167,6.231e-21
1114.8243904081282,5.38e-21
1114.8364433442398,6.098e-21
1114.8484962803514,6.881e-21
1114.860549216463,6.381e-21
1114.8726021525745,5.272e-21
1114.8846550886863,6.328e-21
1114.8967080247978,7.175e-21
1114.9087609609094,3.525e-21
1114.920813897021,2.577e-21
1114.9328668331325,7.675e-21
1114.944919769244,9.567e-21
1114.9569727053556,8.522e-21
1114.9690256414674,7.587e-21
1114.981078577579,4.521e-21
1114.9931315136905,6.227e-21
1115.005184449802,1.088e-20
1115.0172373859136,9.031e-21
1115.0292903220252,9.41e-21
1115.0413432581367,1.279e-20
1115.0533961942483,8.236e-21
1115.06544913036,4.925e-21
1115.0775020664717,8.587e-21
1115.0895550025832,1.014e-20
1115.1016079386948,9.757e-21
1115.1136608748063,8.208e-21
1115.125713810918,6.316e-21
1115.1377667470294,8.805e-21
1115.1498196831412,1.058e-20
1115.1618726192528,9.66e-21
1115.1739255553643,9.486e-21
1115.185978491476,6.861e-21
1115.1980314275875,5.542e-21
1115.210084363699,7.877e-21
1115.2221372998106,5.675e-21
1115.2341902359221,8.551e-22
1115.246243172034,0.0
1115.2582961081455,1.96e-21
1115.270349044257,6.55e-21
1115.2824019803686,4.114e-21
1115.2944549164802,0.0
1115.3065078525917,1.867e-21
1115.3185607887033,7.28e-21
1115.330613724815,5.393e-21
1115.3426666609266,6.292e-21
1115.3547195970382,8.264e-21
1115.3667725331497,5.187e-21
1115.3788254692613,4.239e-21
1115.3908784053729,7.506e-21
1115.4029313414844,9.349e-21
1115.414984277596,8.002e-21
1115.4270372137078,5.711e-21
1115.4390901498193,5.13e-21
1115.4511430859309,6.461e-21
1115.4631960220424,7.958e-21
1115.475248958154,6.03e-21
1115.4873018942656,1.988e-21
1115.4993548303771,2.585e-21
1115.511407766489,3.38e-21
1115.5234607026005,4.558e-22
1115.535513638712,1.924e-21
1115.5475665748236,3.723e-21
1115.5596195109351,2.299e-22
1115.5716724470467,0.0
1115.5837253831583,0.0
1115.59577831927,1.089e-21
1115.6078312553816,4.844e-21
1115.6198841914932,2.049e-21
1115.6319371276047,0.0
1115.6439900637163,4.287e-21
1115.6560429998278,5.211e-21
1115.6680959359394,1.416e-21
1115.6801488720512,4.356e-21
1115.6922018081627,6.627e-21
1115.7042547442743,5.691e-21
1115.7163076803859,5.852e-21
1115.7283606164974,5.937e-21
1115.740413552609,7.639e-21
1115.7524664887205,6.752e-21
1115.764519424832,2.852e-21
1115.7765723609439,4.711e-21
1115.7886252970554,7.579e-21
1115.800678233167,8.196e-21
1115.8127311692785,9.579e-21
1115.82478410539,6.058e-21
1115.8368370415017,3.517e-21
1115.8488899776132,6.094e-21
1115.860942913725,3.513e-21
1115.8729958498366,2.561e-21
1115.8850487859481,6.248e-21
1115.8971017220597,3.368e-21
1115.9091546581712,2.267e-21
1115.9212075942828,5.138e-21
1115.9332605303944,1.533e-21
1115.945313466506,6.978e-22
1115.9573664026177,5.59e-21
1115.9694193387293,5.372e-21
1115.9814722748408,2.392e-21
1115.9935252109524,1.428e-21
1116.005578147064,1.956e-21
1116.0176310831755,2.509e-21
1116.029684019287,2.517e-21
1116.0417369553988,5.384e-21
1116.0537898915104,7.248e-21
1116.065842827622,6.006e-21
1116.0778957637335,8.151e-21
1116.089948699845,7.905e-21
1116.1020016359566,5.844e-21
1116.1140545720682,1.073e-20
1116.1261075081798,8.821e-21
1116.1381604442915,8.631e-22
1116.150213380403,4.965e-21
1116.1622663165147,7.324e-21
1116.1743192526262,9.559e-22
1116.1863721887378,2.557e-21
1116.1984251248493,5.07e-21
1116.210478060961,4.154e-22
1116.2225309970727,0.0
1116.2345839331842,3.053e-21
1116.2466368692958,3.477e-21
1116.2586898054074,7.986e-22
1116.270742741519,5.808e-22
1116.2827956776305,3.267e-21
1116.294848613742,1.678e-21
1116.3069015498538,9.882e-22
1116.3189544859654,4.005e-21
1116.331007422077,1.008e-21
1116.3430603581885,7.623e-22
1116.3551132943,5.142e-21
1116.3671662304116,0.0
1116.3792191665232,0.0
1116.391272102635,6.631e-21
1116.4033250387465,2.408e-21
1116.415377974858,0.0
1116.4274309109696,9.252e-21
1116.4394838470812,6.546e-21
1116.4515367831928,1.508e-21
1116.4635897193043,8.986e-21
1116.4756426554159,9.454e-21
1116.4876955915277,4.049e-21
1116.4997485276392,7.437e-21
1116.5118014637508,9.914e-21
1116.5238543998623,6.038e-21
1116.535907335974,4.174e-21
1116.5479602720854,5.501e-21
1116.560013208197,5.921e-21
1116.5720661443088,5.07e-21
1116.5841190804204,4.477e-21
1116.596172016532,3.545e-21
1116.6082249526435,2.799e-21
1116.620277888755,2.218e-21
1116.6323308248666,0.0
1116.6443837609781,4.961e-22
1116.6564366970897,4.929e-21
1116.6684896332015,5.53e-21
1116.680542569313,6.381e-21
1116.6925955054246,1.024e-20
1116.7046484415362,8.26e-21
1116.7167013776477,4.481e-21
1116.7287543137593,5.655e-21
1116.7408072498708,6.865e-21
1116.7528601859826,8.393e-21
1116.7649131220942,1.026e-20
1116.7769660582057,9.204e-21
1116.7890189943173,8.833e-21
1116.8010719304289,8.639e-21
1116.8131248665404,6.486e-21
1116.825177802652,6.344e-21
1116.8372307387635,6.199e-21
1116.8492836748753,3.674e-21
1116.8613366109869,3.182e-21
1116.8733895470984,5.453e-21
1116.88544248321,7.183e-21
1116.8974954193216,5.578e-21
1116.9095483554331,2.497e-21
1116.9216012915447,2.819e-21
1116.9336542276565,3.678e-21
1116.945707163768,9.035e-22
1116.9577600998796,0.0
1116.9698130359911,0.0
1116.9818659721027,0.0
1116.9939189082143,0.0
1117.0059718443258,0.0
1117.0180247804376,2.743e-22
1117.0300777165492,1.166e-21
1117.0421306526607,0.0
1117.0541835887723,3.033e-21
1117.0662365248838,7.357e-21
1117.0782894609954,3.19e-21
1117.090342397107,0.0
1117.1023953332187,1.888e-21
1117.1144482693303,6.405e-21
1117.1265012054419,8.244e-21
1117.1385541415534,6.522e-21
1117.150607077665,7.264e-21
1117.1626600137765,8.159e-21
1117.174712949888,3.969e-21
1117.1867658859996,4.247e-21
1117.1988188221114,7.55e-21
1117.210871758223,4.848e-21
1117.2229246943346,4.804e-21
1117.234977630446,5.933e-21
1117.2470305665577,2.743e-22
1117.2590835026692,0.0
1117.2711364387808,1.75e-21
1117.2831893748926,1.125e-21
1117.2952423110041,1.129e-21
1117.3072952471157,1.42e-21
1117.3193481832272,5.243e-23
1117.3314011193388,2.541e-22
1117.3434540554504,1.008e-22
1117.355506991562,4.396e-22
1117.3675599276735,1.25e-22
1117.3796128637853,0.0
1117.3916657998968,0.0
1117.4037187360084,2.061e-21
1117.41577167212,1.363e-21
1117.4278246082315,8.712e-22
1117.439877544343,3.598e-21
1117.4519304804546,4.896e-21
1117.4639834165664,6.8e-21
1117.476036352678,6.603e-21
1117.4880892887895,4.638e-21
1117.500142224901,6.187e-21
1117.5121951610126,4.977e-21
1117.5242480971242,2.283e-21
1117.5363010332358,6.449e-21
1117.5483539693473,9.547e-21
1117.560406905459,6.893e-21
1117.5724598415707,4.828e-21
1117.5845127776822,3.352e-21
1117.5965657137938,9.559e-22
1117.6086186499053,0.0
1117.620671586017,1.924e-21
1117.6327245221285,4.461e-21
1117.6447774582402,0.0
1117.6568303943518,0.0
1117.6688833304634,2.081e-21
1117.680936266575,4.558e-21
1117.6929892026865,0.0
1117.705042138798,0.0
1117.7170950749096,8.793e-22
1117.7291480110214,0.0
1117.741200947133,4.679e-22
1117.7532538832445,2.94e-21
1117.765306819356,2.045e-21
1117.7773597554676,5.687e-22
1117.7894126915792,1.512e-21
1117.8014656276907,4.646e-21
1117.8135185638025,4.586e-21
1117.825571499914,2.327e-21
1117.8376244360256,4.4e-21
1117.8496773721372,3.941e-21
1117.8617303082488,0.0
1117.8737832443603,3.388e-21
1117.8858361804719,6.538e-21
1117.8978891165834,2.509e-21
1117.9099420526952,1.279e-21
1117.9219949888068,1.884e-21
1117.9340479249183,1.698e-21
1117.94610086103,5.223e-21
1117.9581537971414,5.433e-21
1117.970206733253,2.783e-22
1117.9822596693646,0.0
1117.9943126054764,0.0
1118.006365541588,0.0
1118.0184184776995,2.057e-22
1118.030471413811,0.0
1118.0425243499226,0.0
1118.0545772860341,1.158e-21
1118.0666302221457,3.348e-22
1118.0786831582573,0.0
1118.090736094369,0.0
1118.1027890304806,7.3e-22
1118.1148419665922,3.517e-21
1118.1268949027037,5.961e-21
1118.1389478388153,4.316e-21
1118.1510007749268,1.44e-21
1118.1630537110384,2.597e-21
1118.1751066471502,5.739e-21
1118.1871595832617,6.909e-21
1118.1992125193733,8.627e-21
1118.2112654554849,1.068e-20
1118.2233183915964,7.248e-21
1118.235371327708,3.537e-21
1118.2474242638195,5.832e-21
1118.259477199931,5.953e-21
1118.2715301360429,3.198e-21
1118.2835830721544,3.227e-21
1118.295636008266,9.519e-22
1118.3076889443776,0.0
1118.3197418804891,2.944e-22
1118.3317948166007,7.502e-22
1118.3438477527122,1.65e-21
1118.355900688824,3.098e-21
1118.3679536249356,0.0
1118.3800065610471,0.0
1118.3920594971587,1.976e-21
1118.4041124332703,5.969e-22
1118.4161653693818,1.069e-21
1118.4282183054934,4.493e-21
1118.440271241605,2.097e-22
1118.4523241777167,0.0
1118.4643771138283,2.089e-21
1118.4764300499398,2.948e-21
1118.4884829860514,1.145e-21
1118.500535922163,1.859e-21
1118.5125888582745,5.042e-21
1118.5246417943863,8.627e-21
1118.5366947304979,6.889e-21
1118.5487476666094,3.989e-21
1118.560800602721,5.276e-21
1118.5728535388325,3.315e-21
1118.584906474944,6.937e-22
1118.5969594110556,4.32e-21
1118.6090123471672,6.736e-21
1118.621065283279,4.751e-21
1118.6331182193906,1.67e-21
1118.645171155502,0.0
1118.6572240916137,1.738e-21
1118.6692770277252,3.384e-21
1118.6813299638368,8.147e-22
1118.6933828999483,5.969e-22
1118.7054358360601,1.698e-21
1118.7174887721717,1.686e-21
1118.7295417082833,1.767e-21
1118.7415946443948,0.0
1118.7536475805064,0.0
1118.765700516618,1.488e-21
1118.7777534527295,3.182e-21
1118.789806388841,0.0
1118.8018593249528,2.142e-21
1118.8139122610644,5.142e-21
1118.825965197176,2.299e-21
1118.8380181332875,1.335e-21
1118.850071069399,3.715e-21
1118.8621240055106,4.554e-21
1118.8741769416222,4.671e-21
1118.886229877734,5.147e-21
1118.8982828138455,4.255e-21
1118.910335749957,3.981e-21
1118.9223886860686,4.687e-21
1118.9344416221802,7.542e-22
1118.9464945582918,0.0
1118.9585474944033,0.0
1118.9706004305149,3.041e-21
1118.9826533666267,2.376e-21
1118.9947063027382,2.158e-21
1119.0067592388498,8.43e-22
1119.0188121749613,1.613e-22
1119.030865111073,3.336e-21
1119.0429180471845,2.404e-21
1119.054970983296,0.0
1119.0670239194078,2.541e-21
1119.0790768555194,2.037e-21
1119.091129791631,0.0
1119.1031827277425,1.242e-21
1119.115235663854,1.75e-21
1119.1272885999656,2.581e-22
1119.1393415360772,4.312e-21
1119.1513944721887,6.719e-21
1119.1634474083005,3.493e-21
1119.175500344412,2.868e-21
1119.1875532805236,4.828e-21
1119.1996062166352,4.562e-21
1119.2116591527467,5.013e-21
1119.2237120888583,6.808e-21
1119.23576502497,4.578e-21
1119.2478179610816,1.347e-21
1119.2598708971932,3.707e-21
1119.2719238333048,6.546e-21
1119.2839767694163,5.776e-21
1119.2960297055279,5.215e-21
1119.3080826416394,3.594e-21
1119.320135577751,1.722e-21
1119.3321885138628,3.336e-21
1119.3442414499743,3.485e-21
1119.356294386086,1.908e-21
1119.3683473221975,2.654e-21
1119.380400258309,1.561e-21
1119.3924531944206,3.832e-22
1119.4045061305321,2.247e-21
1119.416559066644,0.0
1119.4286120027555,0.0
1119.440664938867,0.0
1119.4527178749786,2.557e-21
1119.4647708110901,2.743e-21
1119.4768237472017,3.904e-21
1119.4888766833133,6.719e-21
1119.5009296194248,5.877e-21
1119.5129825555366,1.924e-21
1119.5250354916482,1.904e-21
1119.5370884277597,3.275e-21
1119.5491413638713,5.122e-22
1119.5611942999828,1.198e-21
1119.5732472360944,3.735e-21
1119.585300172206,0.0
1119.5973531083177,0.0
1119.6094060444293,1.307e-21
1119.6214589805409,1.823e-21
1119.6335119166524,1.508e-21
1119.645564852764,3.255e-21
1119.6576177888755,0.0
1119.669670724987,0.0
1119.6817236610987,0.0
1119.6937765972104,0.0
1119.705829533322,0.0
1119.7178824694336,2.775e-21
1119.7299354055451,0.0
1119.7419883416567,0.0
1119.7540412777682,1.287e-21
1119.7660942138798,3.537e-21
1119.7781471499916,4.118e-21
1119.7902000861031,8.067e-22
1119.8022530222147,0.0
1119.8143059583263,0.0
1119.8263588944378,1.404e-21
1119.8384118305494,1.27e-21
1119.850464766661,2.674e-21
1119.8625177027725,4.977e-21
1119.8745706388843,5.788e-21
1119.8866235749958,4.481e-21
1119.8986765111074,1.234e-21
1119.910729447219,3.481e-21
1119.9227823833305,7.208e-21
1119.934835319442,3.275e-21
1119.9468882555539,2.843e-21
1119.9589411916654,7.764e-21
1119.970994127777,4.243e-21
1119.9830470638885,0.0
1119.9951,2.182e-21