wavenumber[1/cm],cross section[cm^2]
850.0033,1.378e-20
850.013344114102,1.585e-20
850.0233882282041,1.695e-20
850.0334323423061,1.716e-20
850.0434764564081,1.538e-20
850.0535205705102,1.208e-20
850.0635646846123,1.116e-20
850.0736087987143,1.35e-20
850.0836529128163,1.489e-20
850.0936970269184,1.372e-20
850.1037411410205,1.298e-20
850.1137852551225,1.352e-20
850.1238293692246,1.436e-20
850.1338734833266,1.711e-20
850.1439175974286,2.069e-20
850.1539617115307,1.906e-20
850.1640058256328,1.34e-20
850.1740499397348,1.372e-20
850.1840940538368,2.042e-20
850.194138167939,2.199e-20
850.204182282041,1.672e-20
850.214226396143,1.493e-20
850.224270510245,1.822e-20
850.2343146243471,1.872e-20
850.2443587384491,1.589e-20
850.2544028525512,1.458e-20
850.2644469666533,1.433e-20
850.2744910807553,1.419e-20
850.2845351948573,1.6e-20
850.2945793089594,1.752e-20
850.3046234230615,1.57e-20
850.3146675371635,1.459e-20
850.3247116512655,1.743e-20
850.3347557653676,1.969e-20
850.3447998794696,1.856e-20
850.3548439935716,1.696e-20
850.3648881076738,1.584e-20
850.3749322217758,1.448e-20
850.3849763358778,1.49e-20
850.3950204499798,1.717e-20
850.405064564082,1.797e-20
850.415108678184,1.65e-20
850.425152792286,1.413e-20
850.4351969063881,1.178e-20
850.4452410204901,1.264e-20
850.4552851345921,1.784e-20
850.4653292486943,2.059e-20
850.4753733627963,1.705e-20
850.4854174768983,1.433e-20
850.4954615910003,1.667e-20
850.5055057051025,1.804e-20
850.5155498192045,1.603e-20
850.5255939333065,1.559e-20
850.5356380474086,1.726e-20
850.5456821615106,1.805e-20
850.5557262756126,1.93e-20
850.5657703897147,2.153e-20
850.5758145038168,2.073e-20
850.5858586179188,1.677e-20
850.5959027320208,1.499e-20
850.605946846123,1.715e-20
850.615990960225,1.918e-20
850.626035074327,1.738e-20
850.6360791884291,1.315e-20
850.6461233025311,1.203e-20
850.6561674166331,1.622e-20
850.6662115307352,1.986e-20
850.6762556448373,1.815e-20
850.6862997589393,1.542e-20
850.6963438730413,1.569e-20
850.7063879871434,1.592e-20
850.7164321012455,1.518e-20
850.7264762153475,1.658e-20
850.7365203294495,1.768e-20
850.7465644435516,1.476e-20
850.7566085576536,1.281e-20
850.7666526717557,1.632e-20
850.7766967858578,1.949e-20
850.7867408999598,1.746e-20
850.7967850140618,1.454e-20
850.8068291281639,1.438e-20
850.816873242266,1.523e-20
850.826917356368,1.616e-20
850.83696147047,1.745e-20
850.8470055845721,1.772e-20
850.8570496986741,1.692e-20
850.8670938127761,1.677e-20
850.8771379268783,1.741e-20
850.8871820409803,1.799e-20
850.8972261550823,1.754e-20
850.9072702691843,1.481e-20
850.9173143832865,1.215e-20
850.9273584973885,1.47e-20
850.9374026114905,2.039e-20
850.9474467255926,2.11e-20
850.9574908396946,1.702e-20
850.9675349537966,1.606e-20
850.9775790678988,1.887e-20
850.9876231820008,1.945e-20
850.9976672961028,1.74e-20
851.0077114102048,1.613e-20
851.017755524307,1.537e-20
851.027799638409,1.503e-20
851.037843752511,1.738e-20
851.0478878666131,2.05e-20
851.0579319807151,1.969e-20
851.0679760948171,1.597e-20
851.0780202089193,1.429e-20
851.0880643230213,1.602e-20
851.0981084371233,1.87e-20
851.1081525512253,1.948e-20
851.1181966653274,1.748e-20
851.1282407794295,1.59e-20
851.1382848935315,1.8e-20
851.1483290076336,2.057e-20
851.1583731217356,1.935e-20
851.1684172358376,1.721e-20
851.1784613499397,1.75e-20
851.1885054640418,1.757e-20
851.1985495781438,1.712e-20
851.2085936922458,2.002e-20
851.2186378063479,2.277e-20
851.22868192045,1.868e-20
851.238726034552,1.339e-20
851.2487701486541,1.644e-20
851.2588142627561,2.234e-20
851.2688583768581,2.055e-20
851.2789024909601,1.494e-20
851.2889466050623,1.459e-20
851.2989907191643,1.732e-20
851.3090348332663,1.75e-20
851.3190789473684,1.669e-20
851.3291230614705,1.667e-20
851.3391671755725,1.499e-20
851.3492112896745,1.255e-20
851.3592554037766,1.373e-20
851.3692995178786,1.805e-20
851.3793436319806,2.062e-20
851.3893877460828,1.936e-20
851.3994318601848,1.675e-20
851.4094759742868,1.623e-20
851.4195200883889,1.806e-20
851.429564202491,1.836e-20
851.439608316593,1.546e-20
851.449652430695,1.41e-20
851.4596965447971,1.734e-20
851.4697406588991,2.053e-20
851.4797847730011,2.03e-20
851.4898288871033,1.962e-20
851.4998730012053,1.893e-20
851.5099171153073,1.588e-20
851.5199612294093,1.462e-20
851.5300053435114,1.929e-20
851.5400494576135,2.276e-20
851.5500935717155,1.882e-20
851.5601376858176,1.505e-20
851.5701817999196,1.85e-20
851.5802259140216,2.256e-20
851.5902700281238,2.043e-20
851.6003141422258,1.616e-20
851.6103582563278,1.502e-20
851.6204023704298,1.686e-20
851.630446484532,1.987e-20
851.640490598634,2.102e-20
851.650534712736,1.791e-20
851.6605788268381,1.46e-20
851.6706229409401,1.621e-20
851.6806670550421,1.935e-20
851.6907111691442,1.883e-20
851.7007552832463,1.694e-20
851.7107993973483,1.652e-20
851.7208435114503,1.585e-20
851.7308876255524,1.55e-20
851.7409317396545,1.795e-20
851.7509758537565,2.068e-20
851.7610199678586,2.026e-20
851.7710640819606,1.823e-20
851.7811081960626,1.685e-20
851.7911523101646,1.669e-20
851.8011964242668,1.832e-20
851.8112405383688,1.934e-20
851.8212846524708,1.67e-20
851.8313287665729,1.495e-20
851.841372880675,1.93e-20
851.851416994777,2.385e-20
851.861461108879,2.185e-20
851.8715052229811,1.783e-20
851.8815493370831,1.702e-20
851.8915934511851,1.754e-20
851.9016375652873,1.87e-20
851.9116816793893,2.067e-20
851.9217257934913,1.905e-20
851.9317699075934,1.436e-20
851.9418140216954,1.453e-20
851.9518581357975,1.946e-20
851.9619022498995,2.076e-20
851.9719463640016,1.835e-20
851.9819904781036,1.789e-20
851.9920345922056,1.856e-20
852.0020787063078,1.871e-20
852.0121228204098,2.064e-20
852.0221669345118,2.165e-20
852.0322110486138,1.783e-20
852.042255162716,1.501e-20
852.052299276818,1.832e-20
852.06234339092,2.097e-20
852.0723875050221,1.822e-20
852.0824316191241,1.646e-20
852.0924757332261,1.866e-20
852.1025198473283,1.943e-20
852.1125639614303,1.828e-20
852.1226080755323,1.988e-20
852.1326521896343,2.21e-20
852.1426963037364,1.953e-20
852.1527404178385,1.556e-20
852.1627845319405,1.759e-20
852.1728286460426,2.298e-20
852.1828727601446,2.273e-20
852.1929168742466,1.731e-20
852.2029609883487,1.552e-20
852.2130051024508,1.836e-20
852.2230492165528,1.959e-20
852.2330933306548,1.971e-20
852.2431374447569,2.181e-20
852.253181558859,2.101e-20
852.263225672961,1.602e-20
852.2732697870631,1.627e-20
852.2833139011651,2.215e-20
852.2933580152671,2.13e-20
852.3034021293691,1.407e-20
852.3134462434713,1.384e-20
852.3234903575733,2.036e-20
852.3335344716753,2.184e-20
852.3435785857774,1.78e-20
852.3536226998795,1.554e-20
852.3636668139815,1.657e-20
852.3737109280835,2.007e-20
852.3837550421856,2.397e-20
852.3937991562876,2.239e-20
852.4038432703896,1.676e-20
852.4138873844918,1.648e-20
852.4239314985938,2.033e-20
852.4339756126958,1.923e-20
852.4440197267979,1.617e-20
852.4540638409,1.806e-20
852.464107955002,1.967e-20
852.474152069104,1.713e-20
852.4841961832061,1.742e-20
852.4942402973081,2.197e-20
852.5042844114101,2.37e-20
852.5143285255123,2.176e-20
852.5243726396143,1.991e-20
852.5344167537163,1.918e-20
852.5444608678183,2.142e-20
852.5545049819204,2.53e-20
852.5645490960225,2.308e-20
852.5745932101245,1.606e-20
852.5846373242266,1.631e-20
852.5946814383286,2.338e-20
852.6047255524306,2.476e-20
852.6147696665328,2.018e-20
852.6248137806348,1.832e-20
852.6348578947368,1.889e-20
852.6449020088388,1.935e-20
852.6549461229409,2.246e-20
852.664990237043,2.532e-20
852.675034351145,2.195e-20
852.6850784652471,1.703e-20
852.6951225793491,1.777e-20
852.7051666934511,2.065e-20
852.7152108075531,2.078e-20
852.7252549216553,2.029e-20
852.7352990357573,2.012e-20
852.7453431498593,1.815e-20
852.7553872639614,1.603e-20
852.7654313780635,1.684e-20
852.7754754921655,1.946e-20
852.7855196062676,2.071e-20
852.7955637203696,1.923e-20
852.8056078344716,1.702e-20
852.8156519485736,1.776e-20
852.8256960626758,2.081e-20
852.8357401767778,2.153e-20
852.8457842908798,2.051e-20
852.8558284049819,2.221e-20
852.865872519084,2.468e-20
852.875916633186,2.389e-20
852.885960747288,2.278e-20
852.8960048613901,2.346e-20
852.9060489754921,2.204e-20
852.9160930895941,1.932e-20
852.9261372036963,2.045e-20
852.9361813177983,2.22e-20
852.9462254319003,1.906e-20
852.9562695460024,1.651e-20
852.9663136601044,2.074e-20
852.9763577742065,2.552e-20
852.9864018883085,2.351e-20
852.9964460024106,1.865e-20
853.0064901165126,1.723e-20
853.0165342306146,1.862e-20
853.0265783447168,2.017e-20
853.0366224588188,2.12e-20
853.0466665729208,2.078e-20
853.0567106870228,1.878e-20
853.066754801125,1.797e-20
853.076798915227,1.981e-20
853.086843029329,2.131e-20
853.0968871434311,1.998e-20
853.1069312575331,1.814e-20
853.1169753716351,1.874e-20
853.1270194857373,2.08e-20
853.1370635998393,2.2e-20
853.1471077139413,2.193e-20
853.1571518280433,2.077e-20
853.1671959421454,1.913e-20
853.1772400562475,1.921e-20
853.1872841703495,2.178e-20
853.1973282844516,2.386e-20
853.2073723985536,2.277e-20
853.2174165126556,1.985e-20
853.2274606267576,1.851e-20
853.2375047408598,2.118e-20
853.2475488549618,2.647e-20
853.2575929690638,2.852e-20
853.2676370831659,2.451e-20
853.277681197268,2.054e-20
853.28772531137,2.235e-20
853.2977694254721,2.575e-20
853.3078135395741,2.477e-20
853.3178576536761,2.112e-20
853.3279017677781,1.912e-20
853.3379458818803,2.01e-20
853.3479899959823,2.332e-20
853.3580341100843,2.521e-20
853.3680782241864,2.219e-20
853.3781223382884,1.837e-20
853.3881664523905,2.017e-20
853.3982105664926,2.398e-20
853.4082546805946,2.283e-20
853.4182987946966,1.999e-20
853.4283429087986,2.136e-20
853.4383870229008,2.367e-20
853.4484311370028,2.244e-20
853.4584752511048,2.055e-20
853.4685193652069,2.091e-20
853.478563479309,2.141e-20
853.488607593411,2.064e-20
853.498651707513,2.036e-20
853.5086958216151,2.17e-20
853.5187399357171,2.32e-20
853.5287840498191,2.265e-20
853.5388281639213,2.087e-20
853.5488722780233,2.143e-20
853.5589163921253,2.445e-20
853.5689605062274,2.62e-20
853.5790046203294,2.614e-20
853.5890487344315,2.6e-20
853.5990928485335,2.419e-20
853.6091369626356,2.139e-20
853.6191810767376,2.324e-20
853.6292251908396,2.795e-20
853.6392693049418,2.647e-20
853.6493134190438,2.043e-20
853.6593575331458,2.027e-20
853.6694016472478,2.496e-20
853.6794457613499,2.479e-20
853.689489875452,2.01e-20
853.699533989554,1.88e-20
853.7095781036561,2.234e-20
853.7196222177581,2.614e-20
853.7296663318601,2.619e-20
853.7397104459623,2.222e-20
853.7497545600643,1.955e-20
853.7597986741663,2.244e-20
853.7698427882683,2.563e-20
853.7798869023704,2.376e-20
853.7899310164725,2.223e-20
853.7999751305745,2.521e-20
853.8100192446766,2.646e-20
853.8200633587786,2.357e-20
853.8301074728806,2.313e-20
853.8401515869826,2.58e-20
853.8501957010848,2.58e-20
853.8602398151868,2.376e-20
853.8702839292888,2.288e-20
853.8803280433909,2.16e-20
853.890372157493,2.07e-20
853.900416271595,2.335e-20
853.9104603856971,2.563e-20
853.9205044997991,2.355e-20
853.9305486139011,2.262e-20
853.9405927280031,2.594e-20
853.9506368421053,2.678e-20
853.9606809562073,2.329e-20
853.9707250703093,2.232e-20
853.9807691844114,2.498e-20
853.9908132985134,2.576e-20
854.0008574126155,2.415e-20
854.0109015267175,2.295e-20
854.0209456408196,2.174e-20
854.0309897549216,2.084e-20
854.0410338690236,2.269e-20
854.0510779831258,2.577e-20
854.0611220972278,2.598e-20
854.0711662113298,2.338e-20
854.0812103254319,2.136e-20
854.0912544395339,2.18e-20
854.101298553636,2.385e-20
854.111342667738,2.489e-20
854.1213867818401,2.329e-20
854.1314308959421,2.12e-20
854.1414750100441,2.147e-20
854.1515191241463,2.314e-20
854.1615632382483,2.388e-20
854.1716073523503,2.375e-20
854.1816514664523,2.359e-20
854.1916955805544,2.323e-20
854.2017396946565,2.289e-20
854.2117838087585,2.332e-20
854.2218279228606,2.477e-20
854.2318720369626,2.625e-20
854.2419161510646,2.551e-20
854.2519602651668,2.248e-20
854.2620043792688,2.176e-20
854.2720484933708,2.542e-20
854.2820926074728,2.746e-20
854.2921367215749,2.391e-20
854.302180835677,2.109e-20
854.312224949779,2.438e-20
854.3222690638811,2.875e-20
854.3323131779831,2.843e-20
854.3423572920851,2.578e-20
854.3524014061871,2.552e-20
854.3624455202893,2.791e-20
854.3724896343913,2.927e-20
854.3825337484933,2.637e-20
854.3925778625954,2.172e-20
854.4026219766974,2.154e-20
854.4126660907995,2.582e-20
854.4227102049016,2.827e-20
854.4327543190036,2.739e-20
854.4427984331056,2.637e-20
854.4528425472076,2.476e-20
854.4628866613098,2.224e-20
854.4729307754118,2.276e-20
854.4829748895138,2.576e-20
854.4930190036159,2.545e-20
854.5030631177179,2.265e-20
854.51310723182,2.243e-20
854.523151345922,2.373e-20
854.5331954600241,2.431e-20
854.5432395741261,2.571e-20
854.5532836882281,2.588e-20
854.5633278023303,2.254e-20
854.5733719164323,2.221e-20
854.5834160305343,2.843e-20
854.5934601446364,3.155e-20
854.6035042587384,2.604e-20
854.6135483728405,2.041e-20
854.6235924869425,2.059e-20
854.6336366010446,2.338e-20
854.6436807151466,2.653e-20
854.6537248292486,2.8e-20
854.6637689433508,2.445e-20
854.6738130574528,2.084e-20
854.6838571715548,2.476e-20
854.6939012856568,3.008e-20
854.7039453997589,2.708e-20
854.713989513861,2.115e-20
854.724033627963,2.173e-20
854.7340777420651,2.602e-20
854.7441218561671,2.769e-20
854.7541659702691,2.668e-20
854.7642100843713,2.402e-20
854.7742541984733,2.107e-20
854.7842983125753,2.185e-20
854.7943424266773,2.621e-20
854.8043865407794,2.85e-20
854.8144306548814,2.722e-20
854.8244747689835,2.565e-20
854.8345188830856,2.468e-20
854.8445629971876,2.421e-20
854.8546071112896,2.564e-20
854.8646512253916,2.77e-20
854.8746953394938,2.723e-20
854.8847394535958,2.51e-20
854.8947835676978,2.458e-20
854.9048276817999,2.637e-20
854.914871795902,2.874e-20
854.924915910004,2.922e-20
854.9349600241061,2.684e-20
854.9450041382081,2.463e-20
854.9550482523101,2.557e-20
854.9650923664121,2.715e-20
854.9751364805143,2.573e-20
854.9851805946163,2.273e-20
854.9952247087183,2.161e-20
855.0052688228204,2.35e-20
855.0153129369224,2.717e-20
855.0253570510245,2.906e-20
855.0354011651265,2.665e-20
855.0454452792286,2.37e-20
855.0554893933306,2.514e-20
855.0655335074326,2.858e-20
855.0755776215348,2.931e-20
855.0856217356368,2.818e-20
855.0956658497388,2.725e-20
855.1057099638409,2.612e-20
855.1157540779429,2.629e-20
855.125798192045,2.884e-20
855.135842306147,2.959e-20
855.1458864202491,2.651e-20
855.1559305343511,2.498e-20
855.1659746484531,2.734e-20
855.1760187625553,2.858e-20
855.1860628766573,2.76e-20
855.1961069907593,2.867e-20
855.2061511048613,3.031e-20
855.2161952189634,2.779e-20
855.2262393330655,2.45e-20
855.2362834471675,2.645e-20
855.2463275612696,2.997e-20
855.2563716753716,2.831e-20
855.2664157894736,2.49e-20
855.2764599035758,2.731e-20
855.2865040176778,3.324e-20
855.2965481317798,3.377e-20
855.3065922458818,2.813e-20
855.3166363599839,2.465e-20
855.326680474086,2.761e-20
855.336724588188,3.185e-20
855.3467687022901,3.162e-20
855.3568128163921,2.78e-20
855.3668569304941,2.488e-20
855.3769010445963,2.584e-20
855.3869451586983,2.982e-20
855.3969892728003,3.195e-20
855.4070333869023,2.865e-20
855.4170775010044,2.442e-20
855.4271216151064,2.642e-20
855.4371657292085,3.177e-20
855.4472098433106,3.142e-20
855.4572539574126,2.625e-20
855.4672980715146,2.492e-20
855.4773421856166,2.803e-20
855.4873862997188,2.949e-20
855.4974304138208,2.954e-20
855.5074745279228,3.089e-20
855.5175186420249,2.997e-20
855.5275627561269,2.554e-20
855.537606870229,2.445e-20
855.5476509843311,2.847e-20
855.5576950984331,3.026e-20
855.5677392125351,2.789e-20
855.5777833266371,2.669e-20
855.5878274407393,2.745e-20
855.5978715548413,2.796e-20
855.6079156689433,2.966e-20
855.6179597830454,3.151e-20
855.6280038971474,2.922e-20
855.6380480112495,2.558e-20
855.6480921253515,2.679e-20
855.6581362394536,3.04e-20
855.6681803535556,3.082e-20
855.6782244676576,2.922e-20
855.6882685817598,2.833e-20
855.6983126958618,2.866e-20
855.7083568099638,3.172e-20
855.7184009240659,3.556e-20
855.7284450381679,3.335e-20
855.73848915227,2.591e-20
855.748533266372,2.297e-20
855.7585773804741,2.679e-20
855.7686214945761,3.012e-20
855.7786656086781,2.984e-20
855.7887097227803,2.807e-20
855.7987538368823,2.564e-20
855.8087979509843,2.468e-20
855.8188420650863,2.782e-20
855.8288861791884,3.094e-20
855.8389302932904,2.851e-20
855.8489744073925,2.42e-20
855.8590185214946,2.52e-20
855.8690626355966,3.041e-20
855.8791067496986,3.3e-20
855.8891508638008,3.034e-20
855.8991949779028,2.661e-20
855.9092390920048,2.689e-20
855.9192832061068,3.029e-20
855.9293273202089,3.197e-20
855.9393714343109,3.118e-20
855.949415548413,3.035e-20
855.9594596625151,2.889e-20
855.9695037766171,2.705e-20
855.9795478907191,2.879e-20
855.9895920048211,3.272e-20
855.9996361189233,3.185e-20
856.0096802330253,2.746e-20
856.0197243471273,2.782e-20
856.0297684612294,3.258e-20
856.0398125753314,3.417e-20
856.0498566894335,3.133e-20
856.0599008035356,2.893e-20
856.0699449176376,2.97e-20
856.0799890317396,3.264e-20
856.0900331458416,3.426e-20
856.1000772599438,3.184e-20
856.1101213740458,2.844e-20
856.1201654881478,2.909e-20
856.1302096022499,3.253e-20
856.1402537163519,3.425e-20
856.150297830454,3.352e-20
856.160341944556,3.13e-20
856.1703860586581,2.841e-20
856.1804301727601,2.777e-20
856.1904742868621,3.046e-20
856.2005184009643,3.242e-20
856.2105625150663,3.135e-20
856.2206066291683,3.01e-20
856.2306507432704,3.054e-20
856.2406948573724,3.197e-20
856.2507389714744,3.414e-20
856.2607830855765,3.512e-20
856.2708271996786,3.23e-20
856.2808713137806,2.85e-20
856.2909154278826,2.89e-20
856.3009595419848,3.233e-20
856.3110036560868,3.361e-20
856.3210477701888,3.156e-20
856.3310918842908,2.929e-20
856.3411359983929,3.001e-20
856.351180112495,3.357e-20
856.361224226597,3.571e-20
856.3712683406991,3.345e-20
856.3813124548011,3.012e-20
856.3913565689031,3.016e-20
856.4014006830052,3.265e-20
856.4114447971073,3.387e-20
856.4214889112093,3.218e-20
856.4315330253113,2.911e-20
856.4415771394134,2.854e-20
856.4516212535154,3.205e-20
856.4616653676175,3.493e-20
856.4717094817196,3.292e-20
856.4817535958216,2.939e-20
856.4917977099236,2.913e-20
856.5018418240256,3.119e-20
856.5118859381278,3.287e-20
856.5219300522298,3.344e-20
856.5319741663318,3.246e-20
856.5420182804339,3.076e-20
856.5520623945359,3.043e-20
856.562106508638,3.107e-20
856.5721506227401,3.132e-20
856.5821947368421,3.221e-20
856.5922388509441,3.353e-20
856.6022829650461,3.315e-20
856.6123270791483,3.297e-20
856.6223711932503,3.601e-20
856.6324153073523,3.897e-20
856.6424594214544,3.763e-20
856.6525035355564,3.411e-20
856.6625476496584,3.199e-20
856.6725917637605,3.233e-20
856.6826358778626,3.53e-20
856.6926799919646,3.778e-20
856.7027241060666,3.504e-20
856.7127682201688,3.043e-20
856.7228123342708,3.189e-20
856.7328564483728,3.728e-20
856.7429005624749,3.754e-20
856.7529446765769,3.248e-20
856.762988790679,2.967e-20
856.773032904781,3.189e-20
856.7830770188831,3.543e-20
856.7931211329851,3.619e-20
856.8031652470871,3.336e-20
856.8132093611893,3.029e-20
856.8232534752913,3.074e-20
856.8332975893933,3.338e-20
856.8433417034953,3.427e-20
856.8533858175974,3.328e-20
856.8634299316994,3.288e-20
856.8734740458015,3.368e-20
856.8835181599036,3.476e-20
856.8935622740056,3.527e-20
856.9036063881076,3.472e-20
856.9136505022097,3.389e-20
856.9236946163118,3.41e-20
856.9337387304138,3.473e-20
856.9437828445158,3.477e-20
856.9538269586179,3.516e-20
856.9638710727199,3.63e-20
856.973915186822,3.598e-20
856.9839593009241,3.373e-20
856.9940034150261,3.356e-20
857.0040475291281,3.743e-20
857.0140916432301,3.981e-20
857.0241357573323,3.586e-20
857.0341798714343,3.141e-20
857.0442239855363,3.415e-20
857.0542680996384,3.921e-20
857.0643122137404,3.725e-20
857.0743563278425,3.122e-20
857.0844004419446,2.972e-20
857.0944445560466,3.273e-20
857.1044886701486,3.62e-20
857.1145327842506,3.893e-20
857.1245768983528,3.823e-20
857.1346210124548,3.345e-20
857.1446651265568,3.184e-20
857.1547092406589,3.597e-20
857.1647533547609,3.704e-20
857.174797468863,3.26e-20
857.184841582965,3.176e-20
857.1948856970671,3.614e-20
857.2049298111691,3.815e-20
857.2149739252711,3.7e-20
857.2250180393733,3.618e-20
857.2350621534753,3.442e-20
857.2451062675773,3.252e-20
857.2551503816794,3.438e-20
857.2651944957814,3.758e-20
857.2752386098834,3.783e-20
857.2852827239855,3.661e-20
857.2953268380876,3.486e-20
857.3053709521896,3.252e-20
857.3154150662916,3.413e-20
857.3254591803938,3.958e-20
857.3355032944958,3.991e-20
857.3455474085978,3.444e-20
857.3555915226998,3.228e-20
857.3656356368019,3.438e-20
857.3756797509039,3.617e-20
857.385723865006,3.922e-20
857.3957679791081,4.203e-20
857.4058120932101,3.863e-20
857.4158562073121,3.465e-20
857.4259003214142,3.888e-20
857.4359444355163,4.328e-20
857.4459885496183,3.854e-20
857.4560326637203,3.366e-20
857.4660767778224,3.701e-20
857.4761208919244,4.06e-20
857.4861650060265,3.801e-20
857.4962091201286,3.484e-20
857.5062532342306,3.52e-20
857.5162973483326,3.643e-20
857.5263414624346,3.669e-20
857.5363855765368,3.683e-20
857.5464296906388,3.769e-20
857.5564738047408,3.884e-20
857.5665179188429,3.862e-20
857.5765620329449,3.757e-20
857.586606147047,3.835e-20
857.5966502611491,3.962e-20
857.6066943752511,3.828e-20
857.6167384893531,3.683e-20
857.6267826034551,3.791e-20
857.6368267175573,3.876e-20
857.6468708316593,3.946e-20
857.6569149457613,4.233e-20
857.6669590598634,4.249e-20
857.6770031739654,3.709e-20
857.6870472880674,3.511e-20
857.6970914021695,4.023e-20
857.7071355162716,4.236e-20
857.7171796303736,3.775e-20
857.7272237444756,3.45e-20
857.7372678585778,3.562e-20
857.7473119726798,3.8e-20
857.7573560867818,4.036e-20
857.7674002008839,3.965e-20
857.7774443149859,3.487e-20
857.787488429088,3.421e-20
857.79753254319,4.046e-20
857.8075766572921,4.274e-20
857.8176207713941,3.771e-20
857.8276648854961,3.575e-20
857.8377089995982,3.885e-20
857.8477531137003,3.946e-20
857.8577972278023,3.84e-20
857.8678413419044,3.914e-20
857.8778854560064,3.735e-20
857.8879295701084,3.325e-20
857.8979736842105,3.498e-20
857.9080177983126,4.164e-20
857.9180619124146,4.4e-20
857.9281060265166,4.087e-20
857.9381501406187,3.796e-20
857.9481942547208,3.77e-20
857.9582383688228,3.97e-20
857.9682824829248,4.232e-20
857.9783265970269,4.233e-20
857.9883707111289,3.913e-20
857.998414825231,3.609e-20
858.0084589393331,3.623e-20
858.0185030534351,4.043e-20
858.0285471675371,4.543e-20
858.0385912816392,4.424e-20
858.0486353957413,3.71e-20
858.0586795098433,3.407e-20
858.0687236239453,3.865e-20
858.0787677380474,4.264e-20
858.0888118521494,4.186e-20
858.0988559662514,3.975e-20
858.1089000803536,3.798e-20
858.1189441944556,3.793e-20
858.1289883085576,4.173e-20
858.1390324226596,4.428e-20
858.1490765367618,4.034e-20
858.1591206508638,3.703e-20
858.1691647649658,4.095e-20
858.1792088790679,4.445e-20
858.1892529931699,4.14e-20
858.199297107272,3.809e-20
858.2093412213741,3.854e-20
858.2193853354761,3.936e-20
858.2294294495781,4.053e-20
858.2394735636801,4.306e-20
858.2495176777823,4.316e-20
858.2595617918843,4.094e-20
858.2696059059863,4.149e-20
858.2796500200884,4.347e-20
858.2896941341904,4.275e-20
858.2997382482924,4.216e-20
858.3097823623945,4.341e-20
858.3198264764966,4.162e-20
858.3298705905986,3.771e-20
858.3399147047006,3.875e-20
858.3499588188027,4.275e-20
858.3600029329048,4.205e-20
858.3700470470068,3.905e-20
858.3800911611089,4.076e-20
858.3901352752109,4.494e-20
858.4001793893129,4.568e-20
858.410223503415,4.361e-20
858.4202676175171,4.156e-20
858.4303117316191,4.003e-20
858.4403558457211,4.067e-20
858.4503999598232,4.469e-20
858.4604440739253,4.787e-20
858.4704881880273,4.606e-20
858.4805323021293,4.27e-20
858.4905764162314,4.312e-20
858.5006205303334,4.512e-20
858.5106646444355,4.335e-20
858.5207087585376,3.907e-20
858.5307528726396,3.774e-20
858.5407969867416,4.006e-20
858.5508411008437,4.232e-20
858.5608852149458,4.283e-20
858.5709293290478,4.282e-20
858.5809734431498,4.325e-20
858.5910175572519,4.441e-20
858.6010616713539,4.614e-20
858.611105785456,4.699e-20
858.6211498995581,4.552e-20
858.6311940136601,4.264e-20
858.6412381277621,4.058e-20
858.6512822418641,4.087e-20
858.6613263559663,4.369e-20
858.6713704700683,4.692e-20
858.6814145841703,4.727e-20
858.6914586982724,4.496e-20
858.7015028123744,4.402e-20
858.7115469264764,4.564e-20
858.7215910405786,4.658e-20
858.7316351546806,4.558e-20
858.7416792687826,4.448e-20
858.7517233828846,4.344e-20
858.7617674969867,4.24e-20
858.7718116110888,4.352e-20
858.7818557251908,4.544e-20
858.7918998392929,4.304e-20
858.8019439533949,3.833e-20
858.8119880674969,3.948e-20
858.822032181599,4.583e-20
858.8320762957011,4.83e-20
858.8421204098031,4.556e-20
858.8521645239051,4.41e-20
858.8622086380072,4.541e-20
858.8722527521093,4.662e-20
858.8822968662113,4.728e-20
858.8923409803134,4.656e-20
858.9023850944154,4.337e-20
858.9124292085174,4.212e-20
858.9224733226195,4.61e-20
858.9325174367216,4.938e-20
858.9425615508236,4.701e-20
858.9526056649256,4.351e-20
858.9626497790277,4.252e-20
858.9726938931298,4.211e-20
858.9827380072318,4.342e-20
858.9927821213338,4.802e-20
859.0028262354359,5.004e-20
859.0128703495379,4.585e-20
859.02291446364,4.215e-20
859.0329585777421,4.352e-20
859.0430026918441,4.543e-20
859.0530468059461,4.512e-20
859.0630909200482,4.497e-20
859.0731350341503,4.524e-20
859.0831791482523,4.536e-20
859.0932232623543,4.73e-20
859.1032673764564,4.978e-20
859.1133114905584,4.844e-20
859.1233556046604,4.508e-20
859.1333997187626,4.622e-20
859.1434438328646,5.142e-20
859.1534879469666,5.274e-20
859.1635320610686,4.72e-20
859.1735761751708,4.216e-20
859.1836202892728,4.449e-20
859.1936644033748,4.976e-20
859.2037085174769,4.95e-20
859.2137526315789,4.503e-20
859.2237967456809,4.371e-20
859.2338408597831,4.568e-20
859.2438849738851,4.614e-20
859.2539290879871,4.531e-20
859.2639732020891,4.567e-20
859.2740173161912,4.634e-20
859.2840614302933,4.682e-20
859.2941055443953,4.841e-20
859.3041496584974,4.989e-20
859.3141937725994,4.928e-20
859.3242378867014,4.743e-20
859.3342820008035,4.557e-20
859.3443261149056,4.473e-20
859.3543702290076,4.701e-20
859.3644143431096,5.087e-20
859.3744584572117,5.121e-20
859.3845025713138,4.865e-20
859.3945466854158,4.876e-20
859.4045907995179,5.161e-20
859.4146349136199,5.323e-20
859.4246790277219,5.328e-20
859.434723141824,5.186e-20
859.4447672559261,4.774e-20
859.4548113700281,4.457e-20
859.4648554841301,4.704e-20
859.4748995982322,5.098e-20
859.4849437123343,4.966e-20
859.4949878264363,4.562e-20
859.5050319405383,4.555e-20
859.5150760546404,4.929e-20
859.5251201687424,5.124e-20
859.5351642828444,4.871e-20
859.5452083969466,4.536e-20
859.5552525110486,4.65e-20
859.5652966251506,5.112e-20
859.5753407392527,5.299e-20
859.5853848533548,5.083e-20
859.5954289674568,4.911e-20
859.6054730815588,4.894e-20
859.6155171956609,4.828e-20
859.6255613097629,4.848e-20
859.635605423865,5.068e-20
859.6456495379671,5.143e-20
859.6556936520691,4.945e-20
859.6657377661711,4.855e-20
859.6757818802732,5.014e-20
859.6858259943753,5.149e-20
859.6958701084773,5.122e-20
859.7059142225793,4.95e-20
859.7159583366814,4.701e-20
859.7260024507834,4.669e-20
859.7360465648854,5.022e-20
859.7460906789876,5.348e-20
859.7561347930896,5.282e-20
859.7661789071916,5.093e-20
859.7762230212936,5.093e-20
859.7862671353957,5.14e-20
859.7963112494978,5.081e-20
859.8063553635998,4.984e-20
859.8163994777019,4.886e-20
859.8264435918039,4.854e-20
859.8364877059059,5.031e-20
859.8465318200081,5.258e-20
859.8565759341101,5.188e-20
859.8666200482121,4.919e-20
859.8766641623141,4.887e-20
859.8867082764162,5.143e-20
859.8967523905183,5.315e-20
859.9067965046203,5.247e-20
859.9168406187224,5.134e-20
859.9268847328244,5.13e-20
859.9369288469264,5.211e-20
859.9469729610285,5.311e-20
859.9570170751306,5.367e-20
859.9670611892326,5.363e-20
859.9771053033346,5.337e-20
859.9871494174367,5.261e-20
859.9971935315388,5.102e-20
860.0072376456408,5.025e-20
860.0172817597429,5.157e-20
860.0273258738449,5.261e-20
860.0373699879469,5.148e-20
860.047414102049,5.089e-20
860.0574582161511,5.271e-20
860.0675023302531,5.379e-20
860.0775464443551,5.233e-20
860.0875905584572,5.12e-20
860.0976346725593,5.21e-20
860.1076787866613,5.369e-20
860.1177229007633,5.5e-20
860.1277670148654,5.495e-20
860.1378111289674,5.256e-20
860.1478552430694,5.071e-20
860.1578993571716,5.285e-20
860.1679434712736,5.623e-20
860.1779875853756,5.624e-20
860.1880316994777,5.381e-20
860.1980758135797,5.25e-20
860.2081199276818,5.338e-20
860.2181640417838,5.515e-20
860.2282081558859,5.499e-20
860.2382522699879,5.21e-20
860.2482963840899,5.125e-20
860.2583404981921,5.536e-20
860.2683846122941,5.857e-20
860.2784287263961,5.682e-20
860.2884728404981,5.557e-20
860.2985169546002,5.735e-20
860.3085610687023,5.664e-20
860.3186051828043,5.34e-20
860.3286492969064,5.374e-20
860.3386934110084,5.639e-20
860.3487375251104,5.596e-20
860.3587816392126,5.419e-20
860.3688257533146,5.439e-20
860.3788698674166,5.506e-20
860.3889139815186,5.558e-20
860.3989580956207,5.614e-20
860.4090022097228,5.42e-20
860.4190463238248,5.169e-20
860.4290904379269,5.488e-20
860.4391345520289,6.058e-20
860.4491786661309,5.98e-20
860.459222780233,5.531e-20
860.4692668943351,5.563e-20
860.4793110084371,5.796e-20
860.4893551225391,5.576e-20
860.4993992366412,5.252e-20
860.5094433507433,5.331e-20
860.5194874648453,5.559e-20
860.5295315789474,5.669e-20
860.5395756930494,5.768e-20
860.5496198071514,5.739e-20
860.5596639212534,5.442e-20
860.5697080353556,5.309e-20
860.5797521494576,5.708e-20
860.5897962635596,6.136e-20
860.5998403776617,5.955e-20
860.6098844917638,5.478e-20
860.6199286058658,5.419e-20
860.6299727199678,5.701e-20
860.6400168340699,5.758e-20
860.6500609481719,5.592e-20
860.6601050622739,5.519e-20
860.6701491763761,5.418e-20
860.6801932904781,5.226e-20
860.6902374045801,5.388e-20
860.7002815186822,5.928e-20
860.7103256327842,6.149e-20
860.7203697468863,5.889e-20
860.7304138609883,5.75e-20
860.7404579750904,5.907e-20
860.7505020891924,6.055e-20
860.7605462032944,6.167e-20
860.7705903173966,6.186e-20
860.7806344314986,5.827e-20
860.7906785456006,5.405e-20
860.8007226597026,5.584e-20
860.8107667738047,6.132e-20
860.8208108879068,6.304e-20
860.8308550020088,6.084e-20
860.8408991161109,5.909e-20
860.8509432302129,5.902e-20
860.8609873443149,6.073e-20
860.8710314584171,6.331e-20
860.8810755725191,6.274e-20
860.8911196866211,5.874e-20
860.9011638007231,5.766e-20
860.9112079148252,6.11e-20
860.9212520289273,6.222e-20
860.9312961430293,5.856e-20
860.9413402571314,5.636e-20
860.9513843712334,5.902e-20
860.9614284853354,6.25e-20
860.9714725994374,6.307e-20
860.9815167135396,6.146e-20
860.9915608276416,5.983e-20
861.0016049417436,5.931e-20
861.0116490558457,6.011e-20
861.0216931699478,6.191e-20
861.0317372840498,6.402e-20
861.0417813981519,6.484e-20
861.0518255122539,6.281e-20
861.0618696263559,5.987e-20
861.071913740458,6.044e-20
861.0819578545601,6.419e-20
861.0920019686621,6.518e-20
861.1020460827641,6.146e-20
861.1120901968662,5.89e-20
861.1221343109682,6.155e-20
861.1321784250703,6.52e-20
861.1422225391723,6.49e-20
861.1522666532744,6.215e-20
861.1623107673764,6.053e-20
861.1723548814784,6.09e-20
861.1823989955806,6.27e-20
861.1924431096826,6.438e-20
861.2024872237846,6.324e-20
861.2125313378867,6.011e-20
861.2225754519887,6.001e-20
861.2326195660908,6.344e-20
861.2426636801928,6.445e-20
861.2527077942949,6.163e-20
861.2627519083969,6.073e-20
861.2727960224989,6.343e-20
861.2828401366011,6.488e-20
861.2928842507031,6.369e-20
861.3029283648051,6.342e-20
861.3129724789071,6.45e-20
861.3230165930092,6.424e-20
861.3330607071113,6.273e-20
861.3431048212133,6.221e-20
861.3531489353154,6.308e-20
861.3631930494174,6.409e-20
861.3732371635194,6.407e-20
861.3832812776216,6.3e-20
861.3933253917236,6.271e-20
861.4033695058256,6.447e-20
861.4134136199276,6.637e-20
861.4234577340297,6.626e-20
861.4335018481318,6.56e-20
861.4435459622338,6.702e-20
861.4535900763359,6.994e-20
861.4636341904379,7.156e-20
861.4736783045399,7.013e-20
861.483722418642,6.664e-20
861.4937665327441,6.418e-20
861.5038106468461,6.478e-20
861.5138547609481,6.686e-20
861.5238988750502,6.76e-20
861.5339429891523,6.679e-20
861.5439871032543,6.623e-20
861.5540312173564,6.657e-20
861.5640753314584,6.67e-20
861.5741194455604,6.555e-20
861.5841635596624,6.423e-20
861.5942076737646,6.513e-20
861.6042517878666,6.778e-20
861.6142959019686,6.815e-20
861.6243400160707,6.523e-20
861.6343841301727,6.365e-20
861.6444282442748,6.594e-20
861.6544723583768,6.871e-20
861.6645164724789,6.95e-20
861.6745605865809,6.973e-20
861.6846047006829,6.914e-20
861.6946488147851,6.63e-20
861.7046929288871,6.414e-20
861.7147370429891,6.55e-20
861.7247811570912,6.707e-20
861.7348252711932,6.624e-20
861.7448693852953,6.642e-20
861.7549134993973,6.862e-20
861.7649576134994,6.875e-20
861.7750017276014,6.744e-20
861.7850458417034,6.904e-20
861.7950899558056,7.073e-20
861.8051340699076,6.787e-20
861.8151781840096,6.548e-20
861.8252222981116,6.918e-20
861.8352664122137,7.289e-20
861.8453105263158,7.009e-20
861.8553546404178,6.569e-20
861.8653987545199,6.608e-20
861.8754428686219,6.908e-20
861.8854869827239,7.05e-20
861.8955310968261,6.991e-20
861.9055752109281,6.836e-20
861.9156193250301,6.76e-20
861.9256634391321,6.928e-20
861.9357075532342,7.142e-20
861.9457516673363,7.084e-20
861.9557957814383,6.911e-20
861.9658398955404,6.984e-20
861.9758840096424,7.252e-20
861.9859281237444,7.431e-20
861.9959722378464,7.426e-20
862.0060163519486,7.288e-20
862.0160604660506,7.109e-20
862.0261045801526,7.022e-20
862.0361486942547,7.065e-20
862.0461928083567,7.134e-20
862.0562369224588,7.15e-20
862.0662810365609,7.108e-20
862.0763251506629,7.039e-20
862.0863692647649,7.036e-20
862.0964133788669,7.182e-20
862.1064574929691,7.402e-20
862.1165016070711,7.482e-20
862.1265457211731,7.251e-20
862.1365898352752,6.88e-20
862.1466339493772,6.862e-20
862.1566780634793,7.255e-20
862.1667221775813,7.351e-20
862.1767662916834,6.85e-20
862.1868104057854,6.593e-20
862.1968545198874,7.145e-20
862.2068986339896,7.736e-20
862.2169427480916,7.59e-20
862.2269868621936,7.061e-20
862.2370309762957,6.775e-20
862.2470750903977,6.858e-20
862.2571192044998,7.172e-20
862.2671633186018,7.385e-20
862.2772074327039,7.19e-20
862.2872515468059,6.91e-20
862.2972956609079,7.047e-20
862.3073397750101,7.326e-20
862.3173838891121,7.29e-20
862.3274280032141,7.209e-20
862.3374721173162,7.341e-20
862.3475162314182,7.365e-20
862.3575603455203,7.235e-20
862.3676044596223,7.305e-20
862.3776485737244,7.429e-20
862.3876926878264,7.251e-20
862.3977368019284,7.042e-20
862.4077809160306,7.179e-20
862.4178250301326,7.454e-20
862.4278691442346,7.56e-20
862.4379132583366,7.468e-20
862.4479573724387,7.242e-20
862.4580014865408,7.087e-20
862.4680456006428,7.212e-20
862.4780897147449,7.379e-20
862.4881338288469,7.263e-20
862.4981779429489,7.102e-20
862.5082220570511,7.217e-20
862.5182661711531,7.465e-20
862.5283102852551,7.679e-20
862.5383543993571,7.869e-20
862.5483985134592,7.884e-20
862.5584426275612,7.685e-20
862.5684867416633,7.616e-20
862.5785308557654,7.775e-20
862.5885749698674,7.802e-20
862.5986190839694,7.632e-20
862.6086631980714,7.576e-20
862.6187073121736,7.656e-20
862.6287514262756,7.677e-20
862.6387955403776,7.677e-20
862.6488396544797,7.708e-20
862.6588837685817,7.653e-20
862.6689278826838,7.601e-20
862.6789719967859,7.778e-20
862.6890161108879,8.022e-20
862.6990602249899,7.957e-20
862.7091043390919,7.66e-20
862.7191484531941,7.594e-20
862.7291925672961,7.912e-20
862.7392366813981,8.264e-20
862.7492807955002,8.28e-20
862.7593249096022,7.964e-20
862.7693690237043,7.602e-20
862.7794131378063,7.49e-20
862.7894572519084,7.685e-20
862.7995013660104,7.876e-20
862.8095454801124,7.739e-20
862.8195895942146,7.492e-20
862.8296337083166,7.601e-20
862.8396778224186,7.927e-20
862.8497219365207,7.942e-20
862.8597660506227,7.679e-20
862.8698101647248,7.539e-20
862.8798542788268,7.513e-20
862.8898983929289,7.533e-20
862.8999425070309,7.827e-20
862.9099866211329,8.164e-20
862.9200307352351,7.923e-20
862.9300748493371,7.398e-20
862.9401189634391,7.5e-20
862.9501630775411,8.075e-20
862.9602071916432,8.184e-20
862.9702513057453,7.817e-20
862.9802954198473,7.721e-20
862.9903395339494,8.007e-20
863.0003836480514,8.241e-20
863.0104277621534,8.265e-20
863.0204718762556,8.163e-20
863.0305159903576,8.022e-20
863.0405601044596,7.978e-20
863.0506042185616,8.045e-20
863.0606483326637,8.103e-20
863.0706924467657,8.18e-20
863.0807365608678,8.257e-20
863.0907806749699,8.098e-20
863.1008247890719,7.815e-20
863.1108689031739,7.881e-20
863.1209130172759,8.198e-20
863.1309571313781,8.203e-20
863.1410012454801,7.998e-20
863.1510453595821,8.125e-20
863.1610894736842,8.493e-20
863.1711335877862,8.647e-20
863.1811777018883,8.518e-20
863.1912218159904,8.197e-20
863.2012659300924,7.84e-20
863.2113100441944,7.934e-20
863.2213541582964,8.575e-20
863.2313982723986,8.92e-20
863.2414423865006,8.454e-20
863.2514865006026,7.912e-20
863.2615306147047,7.997e-20
863.2715747288067,8.313e-20
863.2816188429088,8.252e-20
863.2916629570108,7.917e-20
863.3017070711129,7.735e-20
863.3117511852149,7.9e-20
863.3217952993169,8.279e-20
863.3318394134191,8.536e-20
863.3418835275211,8.508e-20
863.3519276416231,8.395e-20
863.3619717557252,8.377e-20
863.3720158698272,8.403e-20
863.3820599839293,8.442e-20
863.3921040980313,8.464e-20
863.4021482121334,8.317e-20
863.4121923262354,8.132e-20
863.4222364403374,8.29e-20
863.4322805544396,8.67e-20
863.4423246685416,8.759e-20
863.4523687826436,8.61e-20
863.4624128967456,8.62e-20
863.4724570108477,8.632e-20
863.4825011249497,8.404e-20
863.4925452390518,8.321e-20
863.5025893531539,8.6e-20
863.5126334672559,8.709e-20
863.5226775813579,8.445e-20
863.53272169546,8.415e-20
863.5427658095621,8.852e-20
863.5528099236641,9.144e-20
863.5628540377661,8.889e-20
863.5728981518682,8.438e-20
863.5829422659702,8.3e-20
863.5929863800723,8.57e-20
863.6030304941744,8.886e-20
863.6130746082764,8.795e-20
863.6231187223784,8.393e-20
863.6331628364804,8.304e-20
863.6432069505826,8.725e-20
863.6532510646846,9.05e-20
863.6632951787866,8.843e-20
863.6733392928887,8.518e-20
863.6833834069907,8.638e-20
863.6934275210928,9.075e-20
863.7034716351949,9.267e-20
863.7135157492969,9.013e-20
863.7235598633989,8.697e-20
863.7336039775009,8.676e-20
863.7436480916031,8.811e-20
863.7536922057051,8.87e-20
863.7637363198071,8.954e-20
863.7737804339092,9.071e-20
863.7838245480112,8.919e-20
863.7938686621133,8.585e-20
863.8039127762153,8.605e-20
863.8139568903174,8.99e-20
863.8240010044194,9.2e-20
863.8340451185214,9.101e-20
863.8440892326236,8.908e-20
863.8541333467256,8.628e-20
863.8641774608276,8.445e-20
863.8742215749297,8.69e-20
863.8842656890317,8.977e-20
863.8943098031338,8.754e-20
863.9043539172358,8.53e-20
863.9143980313379,8.886e-20
863.9244421454399,9.192e-20
863.9344862595419,8.901e-20
863.944530373644,8.643e-20
863.9545744877461,8.809e-20
863.9646186018481,8.939e-20
863.9746627159502,8.968e-20
863.9847068300522,9.158e-20
863.9947509441542,9.166e-20
864.0047950582563,8.859e-20
864.0148391723584,8.886e-20
864.0248832864604,9.32e-20
864.0349274005624,9.448e-20
864.0449715146646,9.222e-20
864.0550156287666,9.074e-20
864.0650597428686,8.86e-20
864.0751038569706,8.578e-20
864.0851479710727,8.803e-20
864.0951920851747,9.347e-20
864.1052361992768,9.324e-20
864.1152803133789,8.882e-20
864.1253244274809,8.905e-20
864.1353685415829,9.335e-20
864.145412655685,9.509e-20
864.1554567697871,9.402e-20
864.1655008838891,9.34e-20
864.1755449979911,9.374e-20
864.1855891120932,9.441e-20
864.1956332261952,9.456e-20
864.2056773402973,9.37e-20
864.2157214543994,9.385e-20
864.2257655685014,9.573e-20
864.2358096826034,9.61e-20
864.2458537967054,9.462e-20
864.2558979108076,9.5e-20
864.2659420249096,9.643e-20
864.2759861390116,9.534e-20
864.2860302531137,9.403e-20
864.2960743672157,9.581e-20
864.3061184813178,9.763e-20
864.3161625954199,9.666e-20
864.3262067095219,9.556e-20
864.3362508236239,9.62e-20
864.3462949377259,9.693e-20
864.3563390518281,9.668e-20
864.3663831659301,9.546e-20
864.3764272800321,9.369e-20
864.3864713941342,9.382e-20
864.3965155082362,9.712e-20
864.4065596223382,9.982e-20
864.4166037364403,9.836e-20
864.4266478505424,9.501e-20
864.4366919646444,9.406e-20
864.4467360787464,9.606e-20
864.4567801928486,9.833e-20
864.4668243069506,9.832e-20
864.4768684210526,9.599e-20
864.4869125351547,9.384e-20
864.4969566492567,9.398e-20
864.5070007633587,9.612e-20
864.5170448774608,9.849e-20
864.5270889915629,9.893e-20
864.5371331056649,9.641e-20
864.5471772197669,9.349e-20
864.557221333869,9.419e-20
864.5672654479711,9.828e-20
864.5773095620731,1.01e-19
864.5873536761751,9.958e-20
864.5973977902772,9.66e-20
864.6074419043792,9.715e-20
864.6174860184813,1.013e-19
864.6275301325834,1.026e-19
864.6375742466854,9.839e-20
864.6476183607874,9.507e-20
864.6576624748895,9.737e-20
864.6677065889916,1.001e-19
864.6777507030936,9.902e-20
864.6877948171956,9.857e-20
864.6978389312977,1.011e-19
864.7078830453997,1.028e-19
864.7179271595018,1.022e-19
864.7279712736039,1.021e-19
864.7380153877059,1.024e-19
864.7480595018079,1.02e-19
864.7581036159099,1.014e-19
864.7681477300121,1.004e-19
864.7781918441141,9.952e-20
864.7882359582161,1.009e-19
864.7982800723182,1.024e-19
864.8083241864202,1.001e-19
864.8183683005223,9.798e-20
864.8284124146244,1.01e-19
864.8384565287264,1.047e-19
864.8485006428284,1.039e-19
864.8585447569304,1.015e-19
864.8685888710326,1.011e-19
864.8786329851346,1.014e-19
864.8886770992366,1.023e-19
864.8987212133387,1.038e-19
864.9087653274407,1.029e-19
864.9188094415427,1.011e-19
864.9288535556448,1.029e-19
864.9388976697469,1.053e-19
864.9489417838489,1.03e-19
864.9589858979509,1.003e-19
864.969030012053,1.022e-19
864.9790741261551,1.052e-19
864.9891182402571,1.061e-19
864.9991623543592,1.065e-19
865.0092064684612,1.057e-19
865.0192505825632,1.031e-19
865.0292946966653,1.033e-19
865.0393388107674,1.069e-19
865.0493829248694,1.076e-19
865.0594270389714,1.043e-19
865.0694711530736,1.036e-19
865.0795152671756,1.062e-19
865.0895593812776,1.07e-19
865.0996034953796,1.051e-19
865.1096476094817,1.036e-19
865.1196917235837,1.025e-19
865.1297358376858,1.015e-19
865.1397799517879,1.023e-19
865.1498240658899,1.05e-19
865.1598681799919,1.063e-19
865.169912294094,1.045e-19
865.1799564081961,1.019e-19
865.1900005222981,1.016e-19
865.2000446364001,1.041e-19
865.2100887505022,1.073e-19
865.2201328646042,1.083e-19
865.2301769787063,1.064e-19
865.2402210928084,1.045e-19
865.2502652069104,1.059e-19
865.2603093210124,1.091e-19
865.2703534351144,1.102e-19
865.2803975492166,1.09e-19
865.2904416633186,1.086e-19
865.3004857774206,1.094e-19
865.3105298915227,1.093e-19
865.3205740056247,1.087e-19
865.3306181197268,1.089e-19
865.3406622338289,1.094e-19
865.3507063479309,1.1e-19
865.3607504620329,1.114e-19
865.3707945761349,1.122e-19
865.380838690237,1.112e-19
865.3908828043391,1.102e-19
865.4009269184411,1.103e-19
865.4109710325432,1.101e-19
865.4210151466452,1.098e-19
865.4310592607472,1.105e-19
865.4411033748493,1.099e-19
865.4511474889514,1.075e-19
865.4611916030534,1.076e-19
865.4712357171554,1.118e-19
865.4812798312576,1.145e-19
865.4913239453596,1.123e-19
865.5013680594616,1.095e-19
865.5114121735637,1.104e-19
865.5214562876657,1.13e-19
865.5315004017677,1.141e-19
865.5415445158698,1.13e-19
865.5515886299719,1.108e-19
865.5616327440739,1.093e-19
865.5716768581759,1.105e-19
865.581720972278,1.141e-19
865.5917650863801,1.17e-19
865.6018092004821,1.16e-19
865.6118533145841,1.123e-19
865.6218974286862,1.112e-19
865.6319415427882,1.144e-19
865.6419856568903,1.179e-19
865.6520297709924,1.167e-19
865.6620738850944,1.119e-19
865.6721179991964,1.094e-19
865.6821621132985,1.124e-19
865.6922062274006,1.168e-19
865.7022503415026,1.164e-19
865.7122944556046,1.119e-19
865.7223385697067,1.1e-19
865.7323826838087,1.136e-19
865.7424267979108,1.173e-19
865.7524709120129,1.17e-19
865.7625150261149,1.145e-19
865.7725591402169,1.13e-19
865.7826032543189,1.133e-19
865.7926473684211,1.143e-19
865.8026914825231,1.149e-19
865.8127355966251,1.151e-19
865.8227797107272,1.161e-19
865.8328238248292,1.172e-19
865.8428679389312,1.155e-19
865.8529120530334,1.127e-19
865.8629561671354,1.129e-19
865.8730002812374,1.155e-19
865.8830443953394,1.162e-19
865.8930885094416,1.151e-19
865.9031326235436,1.155e-19
865.9131767376456,1.171e-19
865.9232208517477,1.168e-19
865.9332649658497,1.137e-19
865.9433090799517,1.108e-19
865.9533531940538,1.122e-19
865.9633973081559,1.177e-19
865.9734414222579,1.213e-19
865.9834855363599,1.191e-19
865.993529650462,1.158e-19
866.0035737645641,1.17e-19
866.0136178786661,1.2e-19
866.0236619927682,1.205e-19
866.0337061068702,1.19e-19
866.0437502209722,1.174e-19
866.0537943350743,1.163e-19
866.0638384491764,1.173e-19
866.0738825632784,1.203e-19
866.0839266773804,1.208e-19
866.0939707914825,1.177e-19
866.1040149055846,1.161e-19
866.1140590196866,1.185e-19
866.1241031337886,1.205e-19
866.1341472478907,1.19e-19
866.1441913619927,1.165e-19
866.1542354760948,1.156e-19
866.1642795901969,1.161e-19
866.1743237042989,1.172e-19
866.1843678184009,1.179e-19
866.194411932503,1.173e-19
866.2044560466051,1.165e-19
866.2145001607071,1.167e-19
866.2245442748091,1.176e-19
866.2345883889112,1.188e-19
866.2446325030132,1.201e-19
866.2546766171153,1.198e-19
866.2647207312174,1.18e-19
866.2747648453194,1.182e-19
866.2848089594214,1.213e-19
866.2948530735234,1.226e-19
866.3048971876256,1.193e-19
866.3149413017276,1.165e-19
866.3249854158296,1.193e-19
866.3350295299317,1.253e-19
866.3450736440337,1.279e-19
866.3551177581357,1.248e-19
866.3651618722379,1.213e-19
866.3752059863399,1.229e-19
866.3852501004419,1.274e-19
866.3952942145439,1.28e-19
866.405338328646,1.247e-19
866.4153824427481,1.232e-19
866.4254265568501,1.242e-19
866.4354706709522,1.25e-19
866.4455147850542,1.265e-19
866.4555588991562,1.282e-19
866.4656030132583,1.258e-19
866.4756471273604,1.222e-19
866.4856912414624,1.248e-19
866.4957353555644,1.301e-19
866.5057794696665,1.293e-19
866.5158235837686,1.25e-19
866.5258676978706,1.246e-19
866.5359118119727,1.265e-19
866.5459559260747,1.27e-19
866.5560000401767,1.273e-19
866.5660441542788,1.264e-19
866.5760882683809,1.233e-19
866.5861323824829,1.232e-19
866.5961764965849,1.272e-19
866.606220610687,1.288e-19
866.6162647247891,1.277e-19
866.6263088388911,1.297e-19
866.6363529529931,1.316e-19
866.6463970670952,1.285e-19
866.6564411811972,1.274e-19
866.6664852952993,1.32e-19
866.6765294094014,1.331e-19
866.6865735235034,1.279e-19
866.6966176376054,1.261e-19
866.7066617517075,1.295e-19
866.7167058658096,1.302e-19
866.7267499799116,1.273e-19
866.7367940940136,1.269e-19
866.7468382081157,1.292e-19
866.7568823222177,1.306e-19
866.7669264363197,1.304e-19
866.7769705504219,1.291e-19
866.7870146645239,1.278e-19
866.7970587786259,1.286e-19
866.8071028927279,1.31e-19
866.81714700683,1.317e-19
866.8271911209321,1.304e-19
866.8372352350341,1.29e-19
866.8472793491362,1.283e-19
866.8573234632382,1.289e-19
866.8673675773402,1.305e-19
866.8774116914424,1.312e-19
866.8874558055444,1.299e-19
866.8974999196464,1.282e-19
866.9075440337484,1.274e-19
866.9175881478506,1.283e-19
866.9276322619526,1.31e-19
866.9376763760546,1.327e-19
866.9477204901567,1.306e-19
866.9577646042587,1.278e-19
866.9678087183607,1.29e-19
866.9778528324628,1.331e-19
866.9878969465649,1.352e-19
866.9979410606669,1.341e-19
867.0079851747689,1.321e-19
867.018029288871,1.323e-19
867.0280734029731,1.352e-19
867.0381175170751,1.373e-19
867.0481616311772,1.359e-19
867.0582057452792,1.341e-19
867.0682498593812,1.351e-19
867.0782939734833,1.362e-19
867.0883380875854,1.342e-19
867.0983822016874,1.319e-19
867.1084263157894,1.321e-19
867.1184704298915,1.333e-19
867.1285145439936,1.344e-19
867.1385586580956,1.361e-19
867.1486027721977,1.375e-19
867.1586468862997,1.366e-19
867.1686910004017,1.345e-19
867.1787351145038,1.336e-19
867.1887792286059,1.344e-19
867.1988233427079,1.361e-19
867.2088674568099,1.367e-19
867.218911570912,1.35e-19
867.2289556850141,1.33e-19
867.2389997991161,1.343e-19
867.2490439132181,1.381e-19
867.2590880273202,1.393e-19
867.2691321414222,1.357e-19
867.2791762555242,1.318e-19
867.2892203696264,1.32e-19
867.2992644837284,1.357e-19
867.3093085978304,1.387e-19
867.3193527119325,1.382e-19
867.3293968260346,1.341e-19
867.3394409401366,1.307e-19
867.3494850542386,1.326e-19
867.3595291683407,1.378e-19
867.3695732824427,1.401e-19
867.3796173965447,1.385e-19
867.3896615106469,1.377e-19
867.3997056247489,1.384e-19
867.4097497388509,1.388e-19
867.4197938529529,1.394e-19
867.429837967055,1.408e-19
867.4398820811571,1.412e-19
867.4499261952591,1.405e-19
867.4599703093612,1.402e-19
867.4700144234632,1.39e-19
867.4800585375652,1.365e-19
867.4901026516674,1.356e-19
867.5001467657694,1.376e-19
867.5101908798714,1.401e-19
867.5202349939734,1.416e-19
867.5302791080755,1.411e-19
867.5403232221776,1.375e-19
867.5503673362796,1.347e-19
867.5604114503817,1.375e-19
867.5704555644837,1.422e-19
867.5804996785857,1.429e-19
867.5905437926878,1.414e-19
867.6005879067899,1.411e-19
867.6106320208919,1.41e-19
867.6206761349939,1.408e-19
867.630720249096,1.418e-19
867.6407643631981,1.423e-19
867.6508084773001,1.417e-19
867.6608525914022,1.43e-19
867.6708967055042,1.453e-19
867.6809408196062,1.449e-19
867.6909849337083,1.437e-19
867.7010290478104,1.441e-19
867.7110731619124,1.437e-19
867.7211172760144,1.429e-19
867.7311613901165,1.449e-19
867.7412055042186,1.461e-19
867.7512496183206,1.429e-19
867.7612937324226,1.41e-19
867.7713378465247,1.442e-19
867.7813819606267,1.46e-19
867.7914260747287,1.44e-19
867.8014701888309,1.434e-19
867.8115143029329,1.45e-19
867.8215584170349,1.454e-19
867.831602531137,1.458e-19
867.841646645239,1.477e-19
867.8516907593411,1.471e-19
867.8617348734431,1.435e-19
867.8717789875452,1.426e-19
867.8818231016472,1.453e-19
867.8918672157492,1.472e-19
867.9019113298514,1.467e-19
867.9119554439534,1.463e-19
867.9219995580554,1.468e-19
867.9320436721574,1.474e-19
867.9420877862595,1.472e-19
867.9521319003616,1.462e-19
867.9621760144636,1.449e-19
867.9722201285657,1.446e-19
867.9822642426677,1.456e-19
867.9923083567697,1.478e-19
868.0023524708719,1.503e-19
868.0123965849739,1.51e-19
868.0224406990759,1.496e-19
868.0324848131779,1.488e-19
868.04252892728,1.51e-19
868.0525730413821,1.546e-19
868.0626171554841,1.554e-19
868.0726612695862,1.521e-19
868.0827053836882,1.497e-19
868.0927494977902,1.526e-19
868.1027936118924,1.562e-19
868.1128377259944,1.54e-19
868.1228818400964,1.494e-19
868.1329259541984,1.5e-19
868.1429700683005,1.542e-19
868.1530141824026,1.559e-19
868.1630582965046,1.55e-19
868.1731024106067,1.536e-19
868.1831465247087,1.523e-19
868.1931906388107,1.527e-19
868.2032347529127,1.547e-19
868.2132788670149,1.556e-19
868.2233229811169,1.553e-19
868.2333670952189,1.557e-19
868.243411209321,1.541e-19
868.253455323423,1.504e-19
868.2634994375251,1.518e-19
868.2735435516272,1.585e-19
868.2835876657292,1.596e-19
868.2936317798312,1.536e-19
868.3036758939332,1.517e-19
868.3137200080354,1.561e-19
868.3237641221374,1.577e-19
868.3338082362394,1.55e-19
868.3438523503415,1.538e-19
868.3538964644436,1.542e-19
868.3639405785456,1.543e-19
868.3739846926476,1.565e-19
868.3840288067497,1.594e-19
868.3940729208517,1.58e-19
868.4041170349537,1.547e-19
868.4141611490559,1.559e-19
868.4242052631579,1.602e-19
868.4342493772599,1.614e-19
868.444293491362,1.594e-19
868.454337605464,1.583e-19
868.4643817195661,1.584e-19
868.4744258336681,1.585e-19
868.4844699477702,1.591e-19
868.4945140618722,1.6e-19
868.5045581759742,1.59e-19
868.5146022900764,1.568e-19
868.5246464041784,1.575e-19
868.5346905182804,1.605e-19
868.5447346323824,1.613e-19
868.5547787464845,1.601e-19
868.5648228605866,1.608e-19
868.5748669746886,1.629e-19
868.5849110887907,1.629e-19
868.5949552028927,1.613e-19
868.6049993169947,1.609e-19
868.6150434310969,1.613e-19
868.6250875451989,1.614e-19
868.6351316593009,1.619e-19
868.6451757734029,1.629e-19
868.655219887505,1.634e-19
868.665264001607,1.641e-19
868.6753081157091,1.656e-19
868.6853522298112,1.663e-19
868.6953963439132,1.664e-19
868.7054404580152,1.668e-19
868.7154845721172,1.659e-19
868.7255286862194,1.625e-19
868.7355728003214,1.613e-19
868.7456169144234,1.654e-19
868.7556610285255,1.692e-19
868.7657051426276,1.673e-19
868.7757492567296,1.639e-19
868.7857933708317,1.656e-19
868.7958374849337,1.699e-19
868.8058815990357,1.705e-19
868.8159257131377,1.679e-19
868.8259698272399,1.668e-19
868.8360139413419,1.669e-19
868.8460580554439,1.663e-19
868.856102169546,1.654e-19
868.866146283648,1.649e-19
868.8761903977501,1.639e-19
868.8862345118521,1.634e-19
868.8962786259542,1.647e-19
868.9063227400562,1.656e-19
868.9163668541582,1.651e-19
868.9264109682604,1.654e-19
868.9364550823624,1.665e-19
868.9464991964644,1.658e-19
868.9565433105665,1.651e-19
868.9665874246685,1.667e-19
868.9766315387706,1.676e-19
868.9866756528726,1.655e-19
868.9967197669747,1.647e-19
869.0067638810767,1.674e-19
869.0168079951787,1.697e-19
869.0268521092809,1.696e-19
869.0368962233829,1.692e-19
869.0469403374849,1.69e-19
869.0569844515869,1.685e-19
869.067028565689,1.695e-19
869.0770726797911,1.725e-19
869.0871167938931,1.745e-19
869.0971609079952,1.736e-19
869.1072050220972,1.717e-19
869.1172491361992,1.719e-19
869.1272932503014,1.746e-19
869.1373373644034,1.757e-19
869.1473814785054,1.725e-19
869.1574255926074,1.697e-19
869.1674697067095,1.712e-19
869.1775138208116,1.734e-19
869.1875579349136,1.722e-19
869.1976020490157,1.709e-19
869.2076461631177,1.722e-19
869.2176902772197,1.734e-19
869.2277343913217,1.728e-19
869.2377785054239,1.722e-19
869.2478226195259,1.712e-19
869.2578667336279,1.688e-19
869.26791084773,1.674e-19
869.277954961832,1.687e-19
869.2879990759341,1.705e-19
869.2980431900362,1.707e-19
869.3080873041382,1.701e-19
869.3181314182402,1.699e-19
869.3281755323422,1.71e-19
869.3382196464444,1.737e-19
869.3482637605464,1.76e-19
869.3583078746484,1.758e-19
869.3683519887505,1.746e-19
869.3783961028525,1.749e-19
869.3884402169546,1.766e-19
869.3984843310566,1.774e-19
869.4085284451587,1.765e-19
869.4185725592607,1.755e-19
869.4286166733627,1.759e-19
869.4386607874649,1.771e-19
869.4487049015669,1.79e-19
869.4587490156689,1.812e-19
869.468793129771,1.802e-19
869.478837243873,1.744e-19
869.4888813579751,1.705e-19
869.4989254720771,1.743e-19
869.5089695861792,1.784e-19
869.5190137002812,1.753e-19
869.5290578143832,1.725e-19
869.5391019284854,1.783e-19
869.5491460425874,1.841e-19
869.5591901566894,1.804e-19
869.5692342707914,1.746e-19
869.5792783848935,1.756e-19
869.5893224989956,1.791e-19
869.5993666130976,1.794e-19
869.6094107271997,1.79e-19
869.6194548413017,1.797e-19
869.6294989554037,1.794e-19
869.6395430695059,1.787e-19
869.6495871836079,1.793e-19
869.6596312977099,1.791e-19
869.6696754118119,1.766e-19
869.679719525914,1.753e-19
869.689763640016,1.768e-19
869.6998077541181,1.775e-19
869.7098518682202,1.766e-19
869.7198959823222,1.782e-19
869.7299400964242,1.814e-19
869.7399842105262,1.812e-19
869.7500283246284,1.794e-19
869.7600724387304,1.817e-19
869.7701165528324,1.85e-19
869.7801606669345,1.833e-19
869.7902047810366,1.797e-19
869.8002488951386,1.807e-19
869.8102930092407,1.843e-19
869.8203371233427,1.85e-19
869.8303812374447,1.833e-19
869.8404253515467,1.815e-19
869.8504694656489,1.805e-19
869.8605135797509,1.819e-19
869.8705576938529,1.859e-19
869.880601807955,1.88e-19
869.890645922057,1.854e-19
869.9006900361591,1.819e-19
869.9107341502611,1.816e-19
869.9207782643632,1.839e-19
869.9308223784652,1.853e-19
869.9408664925672,1.842e-19
869.9509106066694,1.82e-19
869.9609547207714,1.816e-19
869.9709988348734,1.831e-19
869.9810429489755,1.838e-19
869.9910870630775,1.832e-19
870.0011311771796,1.834e-19
870.0111752912816,1.843e-19
870.0212194053837,1.853e-19
870.0312635194857,1.869e-19
870.0413076335877,1.885e-19
870.0513517476899,1.877e-19
870.0613958617919,1.863e-19
870.0714399758939,1.876e-19
870.0814840899959,1.905e-19
870.091528204098,1.915e-19
870.1015723182,1.904e-19
870.1116164323021,1.892e-19
870.1216605464042,1.89e-19
870.1317046605062,1.896e-19
870.1417487746082,1.899e-19
870.1517928887104,1.896e-19
870.1618370028124,1.895e-19
870.1718811169144,1.899e-19
870.1819252310164,1.908e-19
870.1919693451185,1.93e-19
870.2020134592206,1.947e-19
870.2120575733226,1.924e-19
870.2221016874247,1.881e-19
870.2321458015267,1.881e-19
870.2421899156287,1.914e-19
870.2522340297307,1.929e-19
870.2622781438329,1.921e-19
870.2723222579349,1.905e-19
870.2823663720369,1.88e-19
870.292410486139,1.874e-19
870.302454600241,1.917e-19
870.3124987143431,1.952e-19
870.3225428284452,1.923e-19
870.3325869425472,1.884e-19
870.3426310566492,1.894e-19
870.3526751707512,1.924e-19
870.3627192848534,1.934e-19
870.3727633989554,1.929e-19
870.3828075130574,1.92e-19
870.3928516271595,1.924e-19
870.4028957412615,1.954e-19
870.4129398553636,1.978e-19
870.4229839694656,1.972e-19
870.4330280835677,1.959e-19
870.4430721976697,1.945e-19
870.4531163117717,1.921e-19
870.4631604258739,1.927e-19
870.4732045399759,1.976e-19
870.4832486540779,1.987e-19
870.49329276818,1.945e-19
870.503336882282,1.947e-19
870.5133809963841,1.998e-19
870.5234251104861,2.005e-19
870.5334692245882,1.968e-19
870.5435133386902,1.963e-19
870.5535574527922,1.98e-19
870.5636015668944,1.978e-19
870.5736456809964,1.971e-19
870.5836897950984,1.967e-19
870.5937339092004,1.956e-19
870.6037780233025,1.953e-19
870.6138221374046,1.964e-19
870.6238662515066,1.969e-19
870.6339103656087,1.98e-19
870.6439544797107,2.002e-19
870.6539985938127,1.989e-19
870.6640427079149,1.952e-19
870.6740868220169,1.963e-19
870.6841309361189,2.011e-19
870.6941750502209,2.017e-19
870.704219164323,1.993e-19
870.714263278425,1.994e-19
870.7243073925271,2.004e-19
870.7343515066292,2.009e-19
870.7443956207312,2.031e-19
870.7544397348332,2.045e-19
870.7644838489352,2.014e-19
870.7745279630374,1.995e-19
870.7845720771394,2.04e-19
870.7946161912414,2.093e-19
870.8046603053435,2.09e-19
870.8147044194455,2.059e-19
870.8247485335476,2.053e-19
870.8347926476497,2.075e-19
870.8448367617517,2.086e-19
870.8548808758537,2.055e-19
870.8649249899557,2.018e-19
870.8749691040579,2.028e-19
870.8850132181599,2.07e-19
870.8950573322619,2.087e-19
870.905101446364,2.068e-19
870.915145560466,2.048e-19
870.9251896745681,2.046e-19
870.9352337886701,2.061e-19
870.9452779027722,2.078e-19
870.9553220168742,2.071e-19
870.9653661309762,2.039e-19
870.9754102450784,2.017e-19
870.9854543591804,2.021e-19
870.9954984732824,2.041e-19
871.0055425873845,2.072e-19
871.0155867014865,2.086e-19
871.0256308155886,2.065e-19
871.0356749296906,2.05e-19
871.0457190437927,2.066e-19
871.0557631578947,2.069e-19
871.0658072719967,2.055e-19
871.0758513860989,2.076e-19
871.0858955002009,2.107e-19
871.0959396143029,2.089e-19
871.1059837284049,2.083e-19
871.116027842507,2.133e-19
871.126071956609,2.145e-19
871.1361160707111,2.085e-19
871.1461601848132,2.07e-19
871.1562042989152,2.126e-19
871.1662484130172,2.14e-19
871.1762925271194,2.099e-19
871.1863366412214,2.091e-19
871.1963807553234,2.109e-19
871.2064248694254,2.106e-19
871.2164689835275,2.115e-19
871.2265130976295,2.146e-19
871.2365572117316,2.137e-19
871.2466013258337,2.098e-19
871.2566454399357,2.108e-19
871.2666895540377,2.159e-19
871.2767336681397,2.17e-19
871.2867777822419,2.138e-19
871.2968218963439,2.121e-19
871.3068660104459,2.132e-19
871.316910124548,2.143e-19
871.32695423865,2.145e-19
871.3369983527521,2.149e-19
871.3470424668542,2.147e-19
871.3570865809562,2.131e-19
871.3671306950582,2.124e-19
871.3771748091602,2.152e-19
871.3872189232624,2.188e-19
871.3972630373644,2.199e-19
871.4073071514664,2.19e-19
871.4173512655685,2.18e-19
871.4273953796705,2.168e-19
871.4374394937726,2.174e-19
871.4474836078747,2.204e-19
871.4575277219767,2.21e-19
871.4675718360787,2.176e-19
871.4776159501807,2.165e-19
871.4876600642829,2.2e-19
871.4977041783849,2.211e-19
871.5077482924869,2.183e-19
871.517792406589,2.178e-19
871.527836520691,2.203e-19
871.537880634793,2.21e-19
871.5479247488951,2.204e-19
871.5579688629972,2.204e-19
871.5680129770992,2.193e-19
871.5780570912012,2.173e-19
871.5881012053034,2.178e-19
871.5981453194054,2.198e-19
871.6081894335074,2.197e-19
871.6182335476095,2.194e-19
871.6282776617115,2.21e-19
871.6383217758136,2.218e-19
871.6483658899156,2.206e-19
871.6584100040177,2.205e-19
871.6684541181197,2.22e-19
871.6784982322217,2.218e-19
871.6885423463239,2.203e-19
871.6985864604259,2.205e-19
871.7086305745279,2.227e-19
871.7186746886299,2.243e-19
871.728718802732,2.234e-19
871.738762916834,2.22e-19
871.7488070309361,2.235e-19
871.7588511450382,2.265e-19
871.7688952591402,2.267e-19
871.7789393732422,2.24e-19
871.7889834873444,2.234e-19
871.7990276014464,2.267e-19
871.8090717155484,2.306e-19
871.8191158296504,2.312e-19
871.8291599437525,2.273e-19
871.8392040578545,2.227e-19
871.8492481719566,2.234e-19
871.8592922860587,2.287e-19
871.8693364001607,2.301e-19
871.8793805142627,2.255e-19
871.8894246283647,2.229e-19
871.8994687424669,2.268e-19
871.9095128565689,2.309e-19
871.9195569706709,2.305e-19
871.929601084773,2.285e-19
871.939645198875,2.281e-19
871.9496893129771,2.287e-19
871.9597334270792,2.292e-19
871.9697775411812,2.289e-19
871.9798216552832,2.279e-19
871.9898657693852,2.277e-19
871.9999098834874,2.285e-19
872.0099539975894,2.287e-19
872.0199981116914,2.285e-19
872.0300422257935,2.295e-19
872.0400863398955,2.305e-19
872.0501304539976,2.293e-19
872.0601745680996,2.283e-19
872.0702186822017,2.298e-19
872.0802627963037,2.316e-19
872.0903069104057,2.315e-19
872.1003510245079,2.304e-19
872.1103951386099,2.295e-19
872.1204392527119,2.299e-19
872.130483366814,2.324e-19
872.140527480916,2.345e-19
872.150571595018,2.322e-19
872.1606157091201,2.295e-19
872.1706598232222,2.325e-19
872.1807039373242,2.379e-19
872.1907480514262,2.38e-19
872.2007921655284,2.347e-19
872.2108362796304,2.335e-19
872.2208803937324,2.337e-19
872.2309245078344,2.341e-19
872.2409686219365,2.37e-19
872.2510127360385,2.396e-19
872.2610568501406,2.362e-19
872.2711009642427,2.313e-19
872.2811450783447,2.328e-19
872.2911891924467,2.369e-19
872.3012333065489,2.362e-19
872.3112774206509,2.335e-19
872.3213215347529,2.342e-19
872.3313656488549,2.357e-19
872.341409762957,2.356e-19
872.351453877059,2.368e-19
872.3614979911611,2.382e-19
872.3715421052632,2.364e-19
872.3815862193652,2.344e-19
872.3916303334672,2.362e-19
872.4016744475693,2.393e-19
872.4117185616714,2.398e-19
872.4217626757734,2.383e-19
872.4318067898754,2.367e-19
872.4418509039775,2.371e-19
872.4518950180795,2.401e-19
872.4619391321816,2.429e-19
872.4719832462837,2.423e-19
872.4820273603857,2.411e-19
872.4920714744877,2.416e-19
872.5021155885897,2.423e-19
872.5121597026919,2.424e-19
872.5222038167939,2.432e-19
872.5322479308959,2.432e-19
872.542292044998,2.413e-19
872.5523361591,2.406e-19
872.562380273202,2.415e-19
872.5724243873042,2.409e-19
872.5824685014062,2.401e-19
872.5925126155082,2.421e-19
872.6025567296102,2.446e-19
872.6126008437124,2.444e-19
872.6226449578144,2.43e-19
872.6326890719164,2.415e-19
872.6427331860185,2.402e-19
872.6527773001205,2.414e-19
872.6628214142225,2.444e-19
872.6728655283246,2.446e-19
872.6829096424267,2.431e-19
872.6929537565287,2.437e-19
872.7029978706307,2.442e-19
872.7130419847329,2.422e-19
872.7230860988349,2.421e-19
872.7331302129369,2.446e-19
872.743174327039,2.443e-19
872.753218441141,2.426e-19
872.763262555243,2.454e-19
872.7733066693451,2.491e-19
872.7833507834472,2.479e-19
872.7933948975492,2.462e-19
872.8034390116512,2.485e-19
872.8134831257534,2.505e-19
872.8235272398554,2.499e-19
872.8335713539574,2.504e-19
872.8436154680594,2.508e-19
872.8536595821615,2.49e-19
872.8637036962635,2.484e-19
872.8737478103656,2.513e-19
872.8837919244677,2.529e-19
872.8938360385697,2.503e-19
872.9038801526717,2.467e-19
872.9139242667738,2.459e-19
872.9239683808759,2.486e-19
872.9340124949779,2.522e-19
872.9440566090799,2.531e-19
872.954100723182,2.516e-19
872.964144837284,2.517e-19
872.974188951386,2.54e-19
872.9842330654882,2.547e-19
872.9942771795902,2.531e-19
873.0043212936922,2.514e-19
873.0143654077942,2.509e-19
873.0244095218964,2.524e-19
873.0344536359984,2.55e-19
873.0444977501004,2.554e-19
873.0545418642025,2.529e-19
873.0645859783045,2.518e-19
873.0746300924066,2.529e-19
873.0846742065087,2.528e-19
873.0947183206107,2.521e-19
873.1047624347127,2.537e-19
873.1148065488147,2.559e-19
873.1248506629169,2.552e-19
873.1348947770189,2.537e-19
873.1449388911209,2.547e-19
873.154983005223,2.571e-19
873.165027119325,2.579e-19
873.175071233427,2.563e-19
873.1851153475291,2.55e-19
873.1951594616312,2.569e-19
873.2052035757332,2.597e-19
873.2152476898352,2.58e-19
873.2252918039374,2.536e-19
873.2353359180394,2.54e-19
873.2453800321414,2.587e-19
873.2554241462435,2.605e-19
873.2654682603455,2.588e-19
873.2755123744475,2.578e-19
873.2855564885496,2.572e-19
873.2956006026517,2.565e-19
873.3056447167537,2.582e-19
873.3156888308557,2.601e-19
873.3257329449578,2.575e-19
873.3357770590599,2.541e-19
873.3458211731619,2.554e-19
873.3558652872639,2.572e-19
873.365909401366,2.555e-19
873.375953515468,2.55e-19
873.38599762957,2.578e-19
873.3960417436722,2.584e-19
873.4060858577742,2.567e-19
873.4161299718762,2.583e-19
873.4261740859783,2.611e-19
873.4362182000804,2.602e-19
873.4462623141824,2.58e-19
873.4563064282844,2.59e-19
873.4663505423865,2.613e-19
873.4763946564885,2.629e-19
873.4864387705906,2.64e-19
873.4964828846927,2.634e-19
873.5065269987947,2.615e-19
873.5165711128967,2.62e-19
873.5266152269987,2.635e-19
873.5366593411009,2.62e-19
873.5467034552029,2.602e-19
873.5567475693049,2.624e-19
873.566791683407,2.648e-19
873.576835797509,2.639e-19
873.586879911611,2.63e-19
873.5969240257132,2.641e-19
873.6069681398152,2.647e-19
873.6170122539172,2.646e-19
873.6270563680192,2.649e-19
873.6371004821214,2.637e-19
873.6471445962234,2.609e-19
873.6571887103254,2.604e-19
873.6672328244275,2.62e-19
873.6772769385295,2.63e-19
873.6873210526315,2.64e-19
873.6973651667336,2.658e-19
873.7074092808357,2.648e-19
873.7174533949377,2.613e-19
873.7274975090397,2.607e-19
873.7375416231419,2.639e-19
873.7475857372439,2.657e-19
873.7576298513459,2.636e-19
873.767673965448,2.607e-19
873.77771807955,2.613e-19
873.787762193652,2.658e-19
873.7978063077541,2.701e-19
873.8078504218562,2.703e-19
873.8178945359582,2.676e-19
873.8279386500602,2.663e-19
873.8379827641623,2.674e-19
873.8480268782644,2.697e-19
873.8580709923664,2.71e-19
873.8681151064684,2.699e-19
873.8781592205705,2.676e-19
873.8882033346725,2.685e-19
873.8982474487746,2.72e-19
873.9082915628767,2.729e-19
873.9183356769787,2.713e-19
873.9283797910807,2.713e-19
873.9384239051828,2.728e-19
873.9484680192849,2.741e-19
873.9585121333869,2.757e-19
873.9685562474889,2.759e-19
873.978600361591,2.729e-19
873.988644475693,2.713e-19
873.998688589795,2.745e-19
874.0087327038972,2.77e-19
874.0187768179992,2.748e-19
874.0288209321012,2.732e-19
874.0388650462032,2.754e-19
874.0489091603054,2.773e-19
874.0589532744074,2.779e-19
874.0689973885094,2.795e-19
874.0790415026115,2.801e-19
874.0890856167135,2.779e-19
874.0991297308155,2.766e-19
874.1091738449177,2.788e-19
874.1192179590197,2.814e-19
874.1292620731217,2.812e-19
874.1393061872237,2.791e-19
874.1493503013259,2.777e-19
874.1593944154279,2.786e-19
874.1694385295299,2.814e-19
874.179482643632,2.837e-19
874.189526757734,2.838e-19
874.199570871836,2.823e-19
874.2096149859381,2.814e-19
874.2196591000402,2.825e-19
874.2297032141422,2.85e-19
874.2397473282442,2.85e-19
874.2497914423463,2.818e-19
874.2598355564484,2.804e-19
874.2698796705504,2.836e-19
874.2799237846525,2.872e-19
874.2899678987545,2.865e-19
874.3000120128565,2.834e-19
874.3100561269586,2.829e-19
874.3201002410607,2.856e-19
874.3301443551627,2.881e-19
874.3401884692647,2.876e-19
874.3502325833668,2.857e-19
874.3602766974689,2.846e-19
874.3703208115709,2.842e-19
874.3803649256729,2.836e-19
874.390409039775,2.832e-19
874.400453153877,2.824e-19
874.410497267979,2.811e-19
874.4205413820812,2.816e-19
874.4305854961832,2.842e-19
874.4406296102852,2.848e-19
874.4506737243873,2.829e-19
874.4607178384894,2.828e-19
874.4707619525914,2.847e-19
874.4808060666934,2.858e-19
874.4908501807955,2.872e-19
874.5008942948975,2.899e-19
874.5109384089996,2.898e-19
874.5209825231017,2.877e-19
874.5310266372037,2.89e-19
874.5410707513057,2.916e-19
874.5511148654077,2.908e-19
874.5611589795099,2.901e-19
874.5712030936119,2.925e-19
874.5812472077139,2.932e-19
874.591291321816,2.918e-19
874.601335435918,2.933e-19
874.61137955002,2.951e-19
874.6214236641222,2.919e-19
874.6314677782242,2.887e-19
874.6415118923262,2.912e-19
874.6515560064282,2.94e-19
874.6616001205304,2.917e-19
874.6716442346324,2.892e-19
874.6816883487344,2.907e-19
874.6917324628365,2.931e-19
874.7017765769385,2.934e-19
874.7118206910405,2.923e-19
874.7218648051426,2.915e-19
874.7319089192447,2.919e-19
874.7419530333467,2.932e-19
874.7519971474487,2.936e-19
874.7620412615508,2.931e-19
874.7720853756529,2.931e-19
874.7821294897549,2.926e-19
874.792173603857,2.912e-19
874.802217717959,2.915e-19
874.812261832061,2.938e-19
874.822305946163,2.944e-19
874.8323500602652,2.927e-19
874.8423941743672,2.924e-19
874.8524382884692,2.944e-19
874.8624824025713,2.957e-19
874.8725265166734,2.959e-19
874.8825706307754,2.955e-19
874.8926147448774,2.935e-19
874.9026588589795,2.922e-19
874.9127029730815,2.954e-19
874.9227470871836,3.001e-19
874.9327912012857,2.997e-19
874.9428353153877,2.949e-19
874.9528794294897,2.93e-19
874.9629235435918,2.961e-19
874.9729676576939,2.996e-19
874.9830117717959,2.994e-19
874.9930558858979,2.96e-19
875.0031,2.929e-19
875.013144114102,2.944e-19
875.023188228204,2.985e-19
875.0332323423062,2.993e-19
875.0432764564082,2.965e-19
875.0533205705102,2.961e-19
875.0633646846122,2.983e-19
875.0734087987144,2.992e-19
875.0834529128164,2.993e-19
875.0934970269184,3.004e-19
875.1035411410205,2.988e-19
875.1135852551225,2.954e-19
875.1236293692245,2.97e-19
875.1336734833267,3.016e-19
875.1437175974287,3.007e-19
875.1537617115307,2.967e-19
875.1638058256327,2.977e-19
875.1738499397349,3.013e-19
875.1838940538369,3.016e-19
875.1939381679389,3.016e-19
875.203982282041,3.038e-19
875.214026396143,3.038e-19
875.224070510245,3.02e-19
875.2341146243471,3.036e-19
875.2441587384492,3.067e-19
875.2542028525512,3.065e-19
875.2642469666532,3.044e-19
875.2742910807553,3.038e-19
875.2843351948574,3.049e-19
875.2943793089594,3.068e-19
875.3044234230615,3.076e-19
875.3144675371635,3.055e-19
875.3245116512655,3.035e-19
875.3345557653676,3.066e-19
875.3445998794697,3.118e-19
875.3546439935717,3.115e-19
875.3646881076737,3.058e-19
875.3747322217758,3.03e-19
875.3847763358779,3.07e-19
875.3948204499799,3.118e-19
875.4048645640819,3.106e-19
875.414908678184,3.058e-19
875.424952792286,3.05e-19
875.434996906388,3.082e-19
875.4450410204902,3.095e-19
875.4550851345922,3.085e-19
875.4651292486942,3.09e-19
875.4751733627963,3.099e-19
875.4852174768984,3.084e-19
875.4952615910004,3.077e-19
875.5053057051024,3.109e-19
875.5153498192045,3.144e-19
875.5253939333065,3.14e-19
875.5354380474085,3.114e-19
875.5454821615107,3.108e-19
875.5555262756127,3.137e-19
875.5655703897147,3.174e-19
875.5756145038167,3.186e-19
875.5856586179189,3.176e-19
875.5957027320209,3.168e-19
875.6057468461229,3.166e-19
875.615790960225,3.184e-19
875.625835074327,3.215e-19
875.635879188429,3.211e-19
875.6459233025312,3.166e-19
875.6559674166332,3.17e-19
875.6660115307352,3.235e-19
875.6760556448372,3.249e-19
875.6860997589393,3.19e-19
875.6961438730414,3.166e-19
875.7061879871434,3.199e-19
875.7162321012455,3.217e-19
875.7262762153475,3.217e-19
875.7363203294495,3.222e-19
875.7463644435517,3.213e-19
875.7564085576537,3.208e-19
875.7664526717557,3.24e-19
875.7764967858577,3.253e-19
875.7865408999598,3.224e-19
875.7965850140619,3.244e-19
875.8066291281639,3.298e-19
875.816673242266,3.273e-19
875.826717356368,3.224e-19
875.83676147047,3.28e-19
875.846805584572,3.347e-19
875.8568496986742,3.292e-19
875.8668938127762,3.224e-19
875.8769379268782,3.267e-19
875.8869820409803,3.327e-19
875.8970261550824,3.315e-19
875.9070702691844,3.295e-19
875.9171143832865,3.304e-19
875.9271584973885,3.298e-19
875.9372026114905,3.284e-19
875.9472467255925,3.294e-19
875.9572908396947,3.313e-19
875.9673349537967,3.318e-19
875.9773790678987,3.318e-19
875.9874231820008,3.325e-19
875.9974672961029,3.336e-19
876.0075114102049,3.33e-19
876.0175555243069,3.304e-19
876.027599638409,3.301e-19
876.037643752511,3.341e-19
876.047687866613,3.363e-19
876.0577319807152,3.333e-19
876.0677760948172,3.315e-19
876.0778202089192,3.339e-19
876.0878643230213,3.345e-19
876.0979084371234,3.326e-19
876.1079525512254,3.335e-19
876.1179966653274,3.359e-19
876.1280407794295,3.352e-19
876.1380848935315,3.343e-19
876.1481290076335,3.366e-19
876.1581731217357,3.384e-19
876.1682172358377,3.368e-19
876.1782613499397,3.356e-19
876.1883054640417,3.376e-19
876.1983495781438,3.403e-19
876.2083936922459,3.413e-19
876.2184378063479,3.414e-19
876.22848192045,3.408e-19
876.238526034552,3.39e-19
876.248570148654,3.37e-19
876.2586142627562,3.384e-19
876.2686583768582,3.422e-19
876.2787024909602,3.426e-19
876.2887466050622,3.393e-19
876.2987907191643,3.386e-19
876.3088348332664,3.418e-19
876.3188789473684,3.427e-19
876.3289230614705,3.409e-19
876.3389671755725,3.413e-19
876.3490112896745,3.437e-19
876.3590554037766,3.446e-19
876.3690995178787,3.442e-19
876.3791436319807,3.436e-19
876.3891877460827,3.418e-19
876.3992318601848,3.406e-19
876.4092759742869,3.42e-19
876.4193200883889,3.436e-19
876.429364202491,3.428e-19
876.439408316593,3.415e-19
876.449452430695,3.419e-19
876.459496544797,3.433e-19
876.4695406588992,3.443e-19
876.4795847730012,3.452e-19
876.4896288871032,3.463e-19
876.4996730012053,3.467e-19
876.5097171153074,3.459e-19
876.5197612294094,3.454e-19
876.5298053435114,3.465e-19
876.5398494576135,3.473e-19
876.5498935717155,3.463e-19
876.5599376858175,3.469e-19
876.5699817999197,3.499e-19
876.5800259140217,3.513e-19
876.5900700281237,3.515e-19
876.6001141422258,3.537e-19
876.6101582563278,3.55e-19
876.6202023704299,3.519e-19
876.6302464845319,3.505e-19
876.640290598634,3.545e-19
876.650334712736,3.576e-19
876.660378826838,3.566e-19
876.6704229409402,3.561e-19
876.6804670550422,3.568e-19
876.6905111691442,3.557e-19
876.7005552832462,3.544e-19
876.7105993973483,3.548e-19
876.7206435114504,3.548e-19
876.7306876255524,3.55e-19
876.7407317396545,3.569e-19
876.7507758537565,3.573e-19
876.7608199678585,3.553e-19
876.7708640819607,3.552e-19
876.7809081960627,3.579e-19
876.7909523101647,3.598e-19
876.8009964242667,3.608e-19
876.8110405383688,3.619e-19
876.8210846524709,3.614e-19
876.8311287665729,3.6e-19
876.841172880675,3.615e-19
876.851216994777,3.652e-19
876.861261108879,3.674e-19
876.8713052229812,3.674e-19
876.8813493370832,3.668e-19
876.8913934511852,3.677e-19
876.9014375652872,3.71e-19
876.9114816793893,3.74e-19
876.9215257934914,3.736e-19
876.9315699075934,3.714e-19
876.9416140216955,3.708e-19
876.9516581357975,3.718e-19
876.9617022498995,3.736e-19
876.9717463640015,3.75e-19
876.9817904781037,3.733e-19
876.9918345922057,3.701e-19
877.0018787063077,3.706e-19
877.0119228204098,3.739e-19
877.0219669345119,3.751e-19
877.0320110486139,3.742e-19
877.042055162716,3.733e-19
877.052099276818,3.723e-19
877.06214339092,3.727e-19
877.072187505022,3.743e-19
877.0822316191242,3.728e-19
877.0922757332262,3.695e-19
877.1023198473282,3.717e-19
877.1123639614303,3.761e-19
877.1224080755323,3.743e-19
877.1324521896344,3.708e-19
877.1424963037364,3.724e-19
877.1525404178385,3.729e-19
877.1625845319405,3.687e-19
877.1726286460425,3.682e-19
877.1826727601447,3.727e-19
877.1927168742467,3.735e-19
877.2027609883487,3.712e-19
877.2128051024508,3.712e-19
877.2228492165528,3.701e-19
877.2328933306549,3.66e-19
877.2429374447569,3.656e-19
877.252981558859,3.689e-19
877.263025672961,3.681e-19
877.273069787063,3.637e-19
877.2831139011652,3.632e-19
877.2931580152672,3.669e-19
877.3032021293692,3.69e-19
877.3132462434712,3.667e-19
877.3232903575733,3.634e-19
877.3333344716754,3.641e-19
877.3433785857774,3.675e-19
877.3534226998795,3.676e-19
877.3634668139815,3.65e-19
877.3735109280835,3.659e-19
877.3835550421857,3.696e-19
877.3935991562877,3.696e-19
877.4036432703897,3.664e-19
877.4136873844917,3.648e-19
877.4237314985938,3.644e-19
877.4337756126959,3.64e-19
877.4438197267979,3.65e-19
877.4538638409,3.669e-19
877.463907955002,3.674e-19
877.473952069104,3.667e-19
877.483996183206,3.657e-19
877.4940402973082,3.645e-19
877.5040844114102,3.644e-19
877.5141285255122,3.653e-19
877.5241726396143,3.654e-19
877.5342167537164,3.646e-19
877.5442608678184,3.65e-19
877.5543049819205,3.667e-19
877.5643490960225,3.675e-19
877.5743932101245,3.663e-19
877.5844373242265,3.638e-19
877.5944814383287,3.631e-19
877.6045255524307,3.659e-19
877.6145696665327,3.682e-19
877.6246137806348,3.665e-19
877.6346578947368,3.651e-19
877.6447020088389,3.678e-19
877.6547461229409,3.708e-19
877.664790237043,3.708e-19
877.674834351145,3.696e-19
877.684878465247,3.681e-19
877.6949225793492,3.675e-19
877.7049666934512,3.707e-19
877.7150108075532,3.747e-19
877.7250549216553,3.736e-19
877.7350990357573,3.707e-19
877.7451431498594,3.722e-19
877.7551872639614,3.749e-19
877.7652313780635,3.73e-19
877.7752754921655,3.693e-19
877.7853196062675,3.684e-19
877.7953637203697,3.698e-19
877.8054078344717,3.721e-19
877.8154519485737,3.733e-19
877.8254960626757,3.72e-19
877.8355401767778,3.713e-19
877.8455842908799,3.735e-19
877.8556284049819,3.756e-19
877.865672519084,3.756e-19
877.875716633186,3.759e-19
877.885760747288,3.769e-19
877.8958048613902,3.768e-19
877.9058489754922,3.777e-19
877.9158930895942,3.81e-19
877.9259372036962,3.833e-19
877.9359813177983,3.832e-19
877.9460254319004,3.826e-19
877.9560695460024,3.812e-19
877.9661136601045,3.803e-19
877.9761577742065,3.833e-19
877.9862018883085,3.869e-19
877.9962460024105,3.851e-19
878.0062901165127,3.809e-19
878.0163342306147,3.806e-19
878.0263783447167,3.832e-19
878.0364224588188,3.843e-19
878.0464665729208,3.83e-19
878.0565106870229,3.798e-19
878.066554801125,3.775e-19
878.076598915227,3.795e-19
878.086643029329,3.825e-19
878.096687143431,3.804e-19
878.1067312575332,3.758e-19
878.1167753716352,3.754e-19
878.1268194857372,3.782e-19
878.1368635998393,3.796e-19
878.1469077139413,3.787e-19
878.1569518280434,3.771e-19
878.1669959421454,3.761e-19
878.1770400562475,3.766e-19
878.1870841703495,3.777e-19
878.1971282844515,3.773e-19
878.2071723985537,3.764e-19
878.2172165126557,3.761e-19
878.2272606267577,3.749e-19
878.2373047408598,3.729e-19
878.2473488549618,3.723e-19
878.2573929690639,3.735e-19
878.2674370831659,3.743e-19
878.277481197268,3.746e-19
878.28752531137,3.756e-19
878.297569425472,3.777e-19
878.3076135395742,3.799e-19
878.3176576536762,3.789e-19
878.3277017677782,3.745e-19
878.3377458818802,3.719e-19
878.3477899959823,3.743e-19
878.3578341100844,3.767e-19
878.3678782241864,3.754e-19
878.3779223382885,3.74e-19
878.3879664523905,3.747e-19
878.3980105664925,3.745e-19
878.4080546805947,3.731e-19
878.4180987946967,3.727e-19
878.4281429087987,3.728e-19
878.4381870229007,3.721e-19
878.4482311370028,3.72e-19
878.4582752511049,3.726e-19
878.4683193652069,3.722e-19
878.478363479309,3.706e-19
878.488407593411,3.698e-19
878.498451707513,3.711e-19
878.508495821615,3.739e-19
878.5185399357172,3.757e-19
878.5285840498192,3.747e-19
878.5386281639212,3.725e-19
878.5486722780233,3.718e-19
878.5587163921253,3.724e-19
878.5687605062274,3.736e-19
878.5788046203295,3.755e-19
878.5888487344315,3.763e-19
878.5988928485335,3.744e-19
878.6089369626355,3.72e-19
878.6189810767377,3.722e-19
878.6290251908397,3.745e-19
878.6390693049417,3.758e-19
878.6491134190438,3.747e-19
878.6591575331458,3.734e-19
878.6692016472479,3.742e-19
878.6792457613499,3.765e-19
878.689289875452,3.761e-19
878.699333989554,3.725e-19
878.709378103656,3.7e-19
878.7194222177582,3.708e-19
878.7294663318602,3.725e-19
878.7395104459622,3.719e-19
878.7495545600643,3.699e-19
878.7595986741663,3.695e-19
878.7696427882684,3.729e-19
878.7796869023704,3.765e-19
878.7897310164725,3.749e-19
878.7997751305745,3.696e-19
878.8098192446765,3.67e-19
878.8198633587787,3.691e-19
878.8299074728807,3.722e-19
878.8399515869827,3.734e-19
878.8499957010847,3.719e-19
878.8600398151868,3.689e-19
878.8700839292889,3.674e-19
878.8801280433909,3.685e-19
878.890172157493,3.694e-19
878.900216271595,3.686e-19
878.910260385697,3.677e-19
878.9203044997992,3.663e-19
878.9303486139012,3.644e-19
878.9403927280032,3.655e-19
878.9504368421052,3.693e-19
878.9604809562073,3.702e-19
878.9705250703093,3.684e-19
878.9805691844114,3.686e-19
878.9906132985135,3.7e-19
879.0006574126155,3.696e-19
879.0107015267175,3.687e-19
879.0207456408195,3.682e-19
879.0307897549217,3.664e-19
879.0408338690237,3.659e-19
879.0508779831257,3.685e-19
879.0609220972278,3.694e-19
879.0709662113298,3.659e-19
879.0810103254319,3.634e-19
879.091054439534,3.644e-19
879.101098553636,3.65e-19
879.111142667738,3.633e-19
879.12118678184,3.629e-19
879.1312308959422,3.654e-19
879.1412750100442,3.684e-19
879.1513191241462,3.689e-19
879.1613632382483,3.668e-19
879.1714073523503,3.652e-19
879.1814514664524,3.662e-19
879.1914955805544,3.67e-19
879.2015396946565,3.657e-19
879.2115838087585,3.648e-19
879.2216279228605,3.654e-19
879.2316720369627,3.647e-19
879.2417161510647,3.637e-19
879.2517602651667,3.651e-19
879.2618043792688,3.666e-19
879.2718484933708,3.655e-19
879.2818926074729,3.646e-19
879.2919367215749,3.656e-19
879.301980835677,3.655e-19
879.312024949779,3.647e-19
879.322069063881,3.661e-19
879.3321131779832,3.686e-19
879.3421572920852,3.68e-19
879.3522014061872,3.652e-19
879.3622455202892,3.647e-19
879.3722896343913,3.675e-19
879.3823337484934,3.702e-19
879.3923778625954,3.7e-19
879.4024219766975,3.685e-19
879.4124660907995,3.691e-19
879.4225102049015,3.713e-19
879.4325543190037,3.711e-19
879.4425984331057,3.679e-19
879.4526425472077,3.657e-19
879.4626866613097,3.664e-19
879.4727307754118,3.679e-19
879.4827748895138,3.68e-19
879.4928190036159,3.671e-19
879.502863117718,3.666e-19
879.51290723182,3.667e-19
879.522951345922,3.661e-19
879.532995460024,3.647e-19
879.5430395741262,3.641e-19
879.5530836882282,3.65e-19
879.5631278023302,3.666e-19
879.5731719164323,3.685e-19
879.5832160305343,3.703e-19
879.5932601446364,3.702e-19
879.6033042587385,3.682e-19
879.6133483728405,3.669e-19
879.6233924869425,3.671e-19
879.6334366010445,3.671e-19
879.6434807151467,3.671e-19
879.6535248292487,3.681e-19
879.6635689433507,3.686e-19
879.6736130574528,3.665e-19
879.6836571715548,3.635e-19
879.6937012856569,3.636e-19
879.7037453997589,3.673e-19
879.713789513861,3.695e-19
879.723833627963,3.665e-19
879.733877742065,3.62e-19
879.7439218561672,3.626e-19
879.7539659702692,3.669e-19
879.7640100843712,3.679e-19
879.7740541984733,3.656e-19
879.7840983125753,3.662e-19
879.7941424266774,3.691e-19
879.8041865407794,3.688e-19
879.8142306548815,3.65e-19
879.8242747689835,3.622e-19
879.8343188830855,3.623e-19
879.8443629971877,3.638e-19
879.8544071112897,3.647e-19
879.8644512253917,3.635e-19
879.8744953394937,3.61e-19
879.8845394535958,3.609e-19
879.8945835676979,3.638e-19
879.9046276817999,3.656e-19
879.914671795902,3.651e-19
879.924715910004,3.643e-19
879.934760024106,3.636e-19
879.9448041382082,3.629e-19
879.9548482523102,3.641e-19
879.9648923664122,3.666e-19
879.9749364805142,3.659e-19
879.9849805946163,3.625e-19
879.9950247087183,3.615e-19
880.0050688228204,3.633e-19
880.0151129369225,3.647e-19
880.0251570510245,3.657e-19
880.0352011651265,3.669e-19
880.0452452792285,3.657e-19
880.0552893933307,3.63e-19
880.0653335074327,3.631e-19
880.0753776215347,3.658e-19
880.0854217356368,3.661e-19
880.0954658497388,3.646e-19
880.1055099638409,3.655e-19
880.115554077943,3.687e-19
880.125598192045,3.714e-19
880.135642306147,3.718e-19
880.145686420249,3.698e-19
880.1557305343512,3.67e-19
880.1657746484532,3.673e-19
880.1758187625552,3.702e-19
880.1858628766573,3.71e-19
880.1959069907593,3.695e-19
880.2059511048614,3.691e-19
880.2159952189635,3.699e-19
880.2260393330655,3.706e-19
880.2360834471675,3.718e-19
880.2461275612695,3.727e-19
880.2561716753717,3.709e-19
880.2662157894737,3.687e-19
880.2762599035757,3.705e-19
880.2863040176778,3.743e-19
880.2963481317798,3.755e-19
880.3063922458819,3.752e-19
880.3164363599839,3.749e-19
880.326480474086,3.733e-19
880.336524588188,3.722e-19
880.34656870229,3.755e-19
880.3566128163922,3.803e-19
880.3666569304942,3.801e-19
880.3767010445962,3.762e-19
880.3867451586983,3.752e-19
880.3967892728003,3.782e-19
880.4068333869023,3.8e-19
880.4168775010044,3.786e-19
880.4269216151065,3.777e-19
880.4369657292085,3.789e-19
880.4470098433105,3.787e-19
880.4570539574127,3.76e-19
880.4670980715147,3.746e-19
880.4771421856167,3.763e-19
880.4871862997187,3.779e-19
880.4972304138208,3.773e-19
880.5072745279228,3.767e-19
880.5173186420249,3.77e-19
880.527362756127,3.774e-19
880.537406870229,3.771e-19
880.547450984331,3.764e-19
880.5574950984332,3.762e-19
880.5675392125352,3.766e-19
880.5775833266372,3.768e-19
880.5876274407392,3.765e-19
880.5976715548413,3.77e-19
880.6077156689433,3.768e-19
880.6177597830454,3.737e-19
880.6278038971475,3.709e-19
880.6378480112495,3.724e-19
880.6478921253515,3.746e-19
880.6579362394535,3.743e-19
880.6679803535557,3.757e-19
880.6780244676577,3.791e-19
880.6880685817597,3.779e-19
880.6981126958618,3.739e-19
880.7081568099638,3.752e-19
880.7182009240659,3.799e-19
880.728245038168,3.817e-19
880.73828915227,3.816e-19
880.748333266372,3.815e-19
880.758377380474,3.803e-19
880.7684214945762,3.815e-19
880.7784656086782,3.852e-19
880.7885097227802,3.836e-19
880.7985538368823,3.78e-19
880.8085979509843,3.792e-19
880.8186420650864,3.847e-19
880.8286861791884,3.834e-19
880.8387302932905,3.788e-19
880.8487744073925,3.793e-19
880.8588185214945,3.8e-19
880.8688626355967,3.781e-19
880.8789067496987,3.799e-19
880.8889508638007,3.832e-19
880.8989949779028,3.809e-19
880.9090390920048,3.785e-19
880.9190832061068,3.821e-19
880.9291273202089,3.844e-19
880.939171434311,3.824e-19
880.949215548413,3.835e-19
880.959259662515,3.869e-19
880.9693037766172,3.856e-19
880.9793478907192,3.84e-19
880.9893920048212,3.882e-19
880.9994361189232,3.923e-19
881.0094802330253,3.923e-19
881.0195243471273,3.926e-19
881.0295684612294,3.933e-19
881.0396125753315,3.923e-19
881.0496566894335,3.937e-19
881.0597008035355,3.97e-19
881.0697449176376,3.957e-19
881.0797890317397,3.928e-19
881.0898331458417,3.966e-19
881.0998772599437,4.03e-19
881.1099213740458,4.031e-19
881.1199654881478,3.998e-19
881.1300096022499,3.997e-19
881.140053716352,4.021e-19
881.150097830454,4.036e-19
881.160141944556,4.04e-19
881.1701860586581,4.043e-19
881.1802301727602,4.062e-19
881.1902742868622,4.102e-19
881.2003184009642,4.126e-19
881.2103625150663,4.117e-19
881.2204066291683,4.106e-19
881.2304507432704,4.117e-19
881.2404948573725,4.127e-19
881.2505389714745,4.133e-19
881.2605830855765,4.148e-19
881.2706271996785,4.157e-19
881.2806713137807,4.149e-19
881.2907154278827,4.15e-19
881.3007595419847,4.165e-19
881.3108036560868,4.16e-19
881.3208477701888,4.13e-19
881.3308918842908,4.118e-19
881.340935998393,4.132e-19
881.350980112495,4.139e-19
881.361024226597,4.138e-19
881.371068340699,4.159e-19
881.3811124548012,4.183e-19
881.3911565689032,4.169e-19
881.4012006830052,4.143e-19
881.4112447971073,4.162e-19
881.4212889112093,4.196e-19
881.4313330253113,4.182e-19
881.4413771394134,4.149e-19
881.4514212535155,4.162e-19
881.4614653676175,4.197e-19
881.4715094817195,4.192e-19
881.4815535958217,4.155e-19
881.4915977099237,4.134e-19
881.5016418240257,4.138e-19
881.5116859381278,4.154e-19
881.5217300522298,4.175e-19
881.5317741663318,4.176e-19
881.5418182804339,4.15e-19
881.551862394536,4.13e-19
881.561906508638,4.133e-19
881.57195062274,4.128e-19
881.5819947368421,4.109e-19
881.5920388509442,4.113e-19
881.6020829650462,4.144e-19
881.6121270791482,4.155e-19
881.6221711932503,4.14e-19
881.6322153073523,4.139e-19
881.6422594214544,4.147e-19
881.6523035355565,4.129e-19
881.6623476496585,4.106e-19
881.6723917637605,4.118e-19
881.6824358778626,4.136e-19
881.6924799919647,4.125e-19
881.7025241060667,4.123e-19
881.7125682201687,4.151e-19
881.7226123342708,4.156e-19
881.7326564483728,4.129e-19
881.7427005624749,4.128e-19
881.752744676577,4.155e-19
881.762788790679,4.156e-19
881.772832904781,4.142e-19
881.782877018883,4.16e-19
881.7929211329852,4.193e-19
881.8029652470872,4.201e-19
881.8130093611892,4.19e-19
881.8230534752913,4.178e-19
881.8330975893933,4.175e-19
881.8431417034953,4.188e-19
881.8531858175975,4.193e-19
881.8632299316995,4.168e-19
881.8732740458015,4.156e-19
881.8833181599035,4.188e-19
881.8933622740057,4.203e-19
881.9034063881077,4.171e-19
881.9134505022097,4.159e-19
881.9234946163118,4.197e-19
881.9335387304138,4.227e-19
881.9435828445158,4.229e-19
881.9536269586179,4.238e-19
881.96367107272,4.246e-19
881.973715186822,4.239e-19
881.983759300924,4.25e-19
881.9938034150262,4.277e-19
882.0038475291282,4.285e-19
882.0138916432302,4.289e-19
882.0239357573323,4.315e-19
882.0339798714343,4.322e-19
882.0440239855363,4.294e-19
882.0540680996384,4.301e-19
882.0641122137405,4.352e-19
882.0741563278425,4.37e-19
882.0842004419445,4.354e-19
882.0942445560466,4.379e-19
882.1042886701487,4.433e-19
882.1143327842507,4.445e-19
882.1243768983527,4.429e-19
882.1344210124548,4.438e-19
882.1444651265568,4.459e-19
882.1545092406589,4.464e-19
882.164553354761,4.477e-19
882.174597468863,4.504e-19
882.184641582965,4.509e-19
882.1946856970671,4.498e-19
882.2047298111692,4.518e-19
882.2147739252712,4.555e-19
882.2248180393732,4.556e-19
882.2348621534753,4.538e-19
882.2449062675773,4.559e-19
882.2549503816794,4.602e-19
882.2649944957815,4.611e-19
882.2750386098835,4.605e-19
882.2850827239855,4.621e-19
882.2951268380875,4.627e-19
882.3051709521897,4.6e-19
882.3152150662917,4.595e-19
882.3252591803937,4.637e-19
882.3353032944958,4.666e-19
882.3453474085978,4.653e-19
882.3553915226998,4.645e-19
882.365435636802,4.665e-19
882.375479750904,4.68e-19
882.385523865006,4.685e-19
882.395567979108,4.698e-19
882.4056120932102,4.706e-19
882.4156562073122,4.696e-19
882.4257003214142,4.696e-19
882.4357444355163,4.717e-19
882.4457885496183,4.732e-19
882.4558326637203,4.73e-19
882.4658767778224,4.739e-19
882.4759208919245,4.759e-19
882.4859650060265,4.76e-19
882.4960091201285,4.742e-19
882.5060532342306,4.738e-19
882.5160973483327,4.751e-19
882.5261414624347,4.762e-19
882.5361855765368,4.769e-19
882.5462296906388,4.77e-19
882.5562738047408,4.751e-19
882.5663179188429,4.723e-19
882.576362032945,4.718e-19
882.586406147047,4.733e-19
882.596450261149,4.733e-19
882.6064943752511,4.721e-19
882.6165384893532,4.722e-19
882.6265826034552,4.724e-19
882.6366267175572,4.714e-19
882.6466708316593,4.71e-19
882.6567149457613,4.715e-19
882.6667590598634,4.709e-19
882.6768031739655,4.696e-19
882.6868472880675,4.701e-19
882.6968914021695,4.713e-19
882.7069355162716,4.712e-19
882.7169796303737,4.703e-19
882.7270237444757,4.688e-19
882.7370678585777,4.672e-19
882.7471119726798,4.684e-19
882.7571560867818,4.72e-19
882.7672002008838,4.723e-19
882.777244314986,4.689e-19
882.787288429088,4.676e-19
882.79733254319,4.693e-19
882.807376657292,4.699e-19
882.8174207713942,4.697e-19
882.8274648854962,4.713e-19
882.8375089995982,4.728e-19
882.8475531137003,4.727e-19
882.8575972278023,4.722e-19
882.8676413419043,4.706e-19
882.8776854560065,4.67e-19
882.8877295701085,4.653e-19
882.8977736842105,4.679e-19
882.9078177983125,4.708e-19
882.9178619124147,4.702e-19
882.9279060265167,4.679e-19
882.9379501406187,4.663e-19
882.9479942547208,4.662e-19
882.9580383688228,4.679e-19
882.9680824829248,4.698e-19
882.9781265970269,4.693e-19
882.988170711129,4.671e-19
882.998214825231,4.663e-19
883.008258939333,4.681e-19
883.0183030534351,4.718e-19
883.0283471675372,4.745e-19
883.0383912816392,4.735e-19
883.0484353957413,4.714e-19
883.0584795098433,4.723e-19
883.0685236239453,4.748e-19
883.0785677380474,4.752e-19
883.0886118521495,4.755e-19
883.0986559662515,4.776e-19
883.1087000803535,4.786e-19
883.1187441944556,4.795e-19
883.1287883085577,4.845e-19
883.1388324226597,4.885e-19
883.1488765367617,4.855e-19
883.1589206508638,4.831e-19
883.1689647649658,4.904e-19
883.1790088790679,4.99e-19
883.18905299317,4.992e-19
883.199097107272,4.974e-19
883.209141221374,5.003e-19
883.2191853354761,5.025e-19
883.2292294495782,5.026e-19
883.2392735636802,5.058e-19
883.2493176777822,5.095e-19
883.2593617918843,5.072e-19
883.2694059059863,5.036e-19
883.2794500200883,5.068e-19
883.2894941341905,5.12e-19
883.2995382482925,5.113e-19
883.3095823623945,5.08e-19
883.3196264764965,5.086e-19
883.3296705905987,5.108e-19
883.3397147047007,5.107e-19
883.3497588188027,5.099e-19
883.3598029329048,5.113e-19
883.3698470470068,5.126e-19
883.3798911611088,5.113e-19
883.389935275211,5.091e-19
883.399979389313,5.092e-19
883.410023503415,5.106e-19
883.420067617517,5.101e-19
883.4301117316191,5.071e-19
883.4401558457212,5.048e-19
883.4501999598232,5.06e-19
883.4602440739253,5.092e-19
883.4702881880273,5.101e-19
883.4803323021293,5.079e-19
883.4903764162314,5.068e-19
883.5004205303335,5.084e-19
883.5104646444355,5.081e-19
883.5205087585375,5.04e-19
883.5305528726396,5.009e-19
883.5405969867417,5.016e-19
883.5506411008437,5.028e-19
883.5606852149458,5.02e-19
883.5707293290478,4.997e-19
883.5807734431498,4.968e-19
883.5908175572519,4.955e-19
883.600861671354,4.983e-19
883.610905785456,5.014e-19
883.620949899558,4.983e-19
883.6309940136601,4.923e-19
883.6410381277622,4.925e-19
883.6510822418642,4.978e-19
883.6611263559662,4.99e-19
883.6711704700683,4.937e-19
883.6812145841703,4.884e-19
883.6912586982723,4.883e-19
883.7013028123745,4.908e-19
883.7113469264765,4.904e-19
883.7213910405785,4.869e-19
883.7314351546806,4.861e-19
883.7414792687827,4.891e-19
883.7515233828847,4.897e-19
883.7615674969867,4.862e-19
883.7716116110888,4.85e-19
883.7816557251908,4.866e-19
883.7916998392928,4.852e-19
883.801743953395,4.819e-19
883.811788067497,4.828e-19
883.821832181599,4.862e-19
883.831876295701,4.855e-19
883.8419204098032,4.819e-19
883.8519645239052,4.802e-19
883.8620086380072,4.803e-19
883.8720527521093,4.795e-19
883.8820968662113,4.778e-19
883.8921409803133,4.77e-19
883.9021850944155,4.776e-19
883.9122292085175,4.77e-19
883.9222733226195,4.736e-19
883.9323174367215,4.708e-19
883.9423615508236,4.707e-19
883.9524056649257,4.698e-19
883.9624497790277,4.665e-19
883.9724938931298,4.65e-19
883.9825380072318,4.668e-19
883.9925821213338,4.673e-19
884.0026262354359,4.65e-19
884.012670349538,4.628e-19
884.02271446364,4.613e-19
884.032758577742,4.604e-19
884.0428026918441,4.603e-19
884.0528468059462,4.6e-19
884.0628909200482,4.586e-19
884.0729350341503,4.577e-19
884.0829791482523,4.576e-19
884.0930232623543,4.566e-19
884.1030673764564,4.568e-19
884.1131114905585,4.578e-19
884.1231556046605,4.55e-19
884.1331997187625,4.509e-19
884.1432438328646,4.537e-19
884.1532879469667,4.594e-19
884.1633320610687,4.572e-19
884.1733761751707,4.513e-19
884.1834202892728,4.524e-19
884.1934644033748,4.572e-19
884.2035085174768,4.563e-19
884.213552631579,4.515e-19
884.223596745681,4.483e-19
884.233640859783,4.467e-19
884.2436849738851,4.463e-19
884.2537290879872,4.476e-19
884.2637732020892,4.481e-19
884.2738173161912,4.461e-19
884.2838614302933,4.433e-19
884.2939055443953,4.414e-19
884.3039496584973,4.407e-19
884.3139937725995,4.403e-19
884.3240378867015,4.375e-19
884.3340820008035,4.332e-19
884.3441261149055,4.323e-19
884.3541702290077,4.345e-19
884.3642143431097,4.336e-19
884.3742584572117,4.291e-19
884.3843025713138,4.263e-19
884.3943466854158,4.265e-19
884.4043907995178,4.266e-19
884.41443491362,4.258e-19
884.424479027722,4.244e-19
884.434523141824,4.232e-19
884.444567255926,4.231e-19
884.4546113700281,4.22e-19
884.4646554841302,4.182e-19
884.4746995982322,4.16e-19
884.4847437123343,4.179e-19
884.4947878264363,4.178e-19
884.5048319405383,4.141e-19
884.5148760546404,4.142e-19
884.5249201687425,4.175e-19
884.5349642828445,4.158e-19
884.5450083969465,4.105e-19
884.5550525110486,4.098e-19
884.5650966251507,4.114e-19
884.5751407392527,4.086e-19
884.5851848533548,4.042e-19
884.5952289674568,4.035e-19
884.6052730815588,4.042e-19
884.6153171956609,4.029e-19
884.625361309763,4.009e-19
884.635405423865,3.998e-19
884.645449537967,3.983e-19
884.6554936520691,3.954e-19
884.6655377661712,3.928e-19
884.6755818802732,3.938e-19
884.6856259943752,3.969e-19
884.6956701084773,3.964e-19
884.7057142225793,3.917e-19
884.7157583366813,3.889e-19
884.7258024507835,3.904e-19
884.7358465648855,3.916e-19
884.7458906789875,3.899e-19
884.7559347930896,3.866e-19
884.7659789071917,3.829e-19
884.7760230212937,3.806e-19
884.7860671353957,3.816e-19
884.7961112494978,3.828e-19
884.8061553635998,3.809e-19
884.8161994777018,3.794e-19
884.826243591804,3.818e-19
884.836287705906,3.843e-19
884.846331820008,3.834e-19
884.85637593411,3.814e-19
884.8664200482121,3.796e-19
884.8764641623142,3.767e-19
884.8865082764162,3.748e-19
884.8965523905183,3.769e-19
884.9065965046203,3.794e-19
884.9166406187223,3.776e-19
884.9266847328245,3.733e-19
884.9367288469265,3.719e-19
884.9467729610285,3.729e-19
884.9568170751306,3.722e-19
884.9668611892326,3.7e-19
884.9769053033347,3.694e-19
884.9869494174367,3.705e-19
884.9969935315388,3.707e-19
885.0070376456408,3.698e-19
885.0170817597428,3.683e-19
885.0271258738449,3.653e-19
885.037169987947,3.628e-19
885.047214102049,3.632e-19
885.057258216151,3.634e-19
885.0673023302531,3.604e-19
885.0773464443552,3.585e-19
885.0873905584572,3.605e-19
885.0974346725593,3.613e-19
885.1074787866613,3.593e-19
885.1175229007633,3.594e-19
885.1275670148655,3.605e-19
885.1376111289675,3.579e-19
885.1476552430695,3.559e-19
885.1576993571715,3.597e-19
885.1677434712736,3.624e-19
885.1777875853757,3.587e-19
885.1878316994777,3.549e-19
885.1978758135798,3.556e-19
885.2079199276818,3.567e-19
885.2179640417838,3.571e-19
885.2280081558858,3.589e-19
885.238052269988,3.592e-19
885.24809638409,3.556e-19
885.258140498192,3.542e-19
885.2681846122941,3.574e-19
885.2782287263962,3.584e-19
885.2882728404982,3.539e-19
885.2983169546003,3.501e-19
885.3083610687023,3.512e-19
885.3184051828043,3.53e-19
885.3284492969063,3.528e-19
885.3384934110085,3.527e-19
885.3485375251105,3.536e-19
885.3585816392125,3.532e-19
885.3686257533146,3.523e-19
885.3786698674166,3.529e-19
885.3887139815187,3.529e-19
885.3987580956207,3.501e-19
885.4088022097228,3.474e-19
885.4188463238248,3.484e-19
885.4288904379268,3.51e-19
885.438934552029,3.522e-19
885.448978666131,3.52e-19
885.459022780233,3.51e-19
885.4690668943351,3.502e-19
885.4791110084371,3.51e-19
885.4891551225392,3.524e-19
885.4991992366412,3.525e-19
885.5092433507433,3.528e-19
885.5192874648453,3.54e-19
885.5293315789473,3.527e-19
885.5393756930495,3.501e-19
885.5494198071515,3.519e-19
885.5594639212535,3.555e-19
885.5695080353555,3.556e-19
885.5795521494576,3.555e-19
885.5895962635597,3.585e-19
885.5996403776617,3.587e-19
885.6096844917638,3.548e-19
885.6197286058658,3.547e-19
885.6297727199678,3.578e-19
885.63981683407,3.566e-19
885.649860948172,3.534e-19
885.659905062274,3.537e-19
885.669949176376,3.539e-19
885.6799932904781,3.515e-19
885.6900374045802,3.519e-19
885.7000815186822,3.542e-19
885.7101256327843,3.523e-19
885.7201697468863,3.492e-19
885.7302138609883,3.507e-19
885.7402579750903,3.53e-19
885.7503020891925,3.52e-19
885.7603462032945,3.51e-19
885.7703903173965,3.518e-19
885.7804344314986,3.511e-19
885.7904785456006,3.499e-19
885.8005226597027,3.515e-19
885.8105667738048,3.542e-19
885.8206108879068,3.543e-19
885.8306550020088,3.523e-19
885.8406991161108,3.514e-19
885.850743230213,3.529e-19
885.860787344315,3.556e-19
885.870831458417,3.573e-19
885.8808755725191,3.573e-19
885.8909196866211,3.566e-19
885.9009638007232,3.56e-19
885.9110079148252,3.566e-19
885.9210520289273,3.591e-19
885.9310961430293,3.603e-19
885.9411402571313,3.584e-19
885.9511843712335,3.578e-19
885.9612284853355,3.604e-19
885.9712725994375,3.609e-19
885.9813167135396,3.585e-19
885.9913608276416,3.588e-19
886.0014049417437,3.609e-19
886.0114490558457,3.595e-19
886.0214931699478,3.578e-19
886.0315372840498,3.61e-19
886.0415813981518,3.637e-19
886.051625512254,3.615e-19
886.061669626356,3.592e-19
886.071713740458,3.603e-19
886.08175785456,3.618e-19
886.0918019686621,3.63e-19
886.1018460827642,3.647e-19
886.1118901968662,3.648e-19
886.1219343109683,3.636e-19
886.1319784250703,3.641e-19
886.1420225391723,3.66e-19
886.1520666532745,3.669e-19
886.1621107673765,3.674e-19
886.1721548814785,3.688e-19
886.1821989955805,3.706e-19
886.1922431096826,3.732e-19
886.2022872237847,3.758e-19
886.2123313378867,3.757e-19
886.2223754519888,3.749e-19
886.2324195660908,3.775e-19
886.2424636801928,3.804e-19
886.2525077942948,3.793e-19
886.262551908397,3.78e-19
886.272596022499,3.809e-19
886.282640136601,3.845e-19
886.2926842507031,3.859e-19
886.3027283648051,3.861e-19
886.3127724789072,3.866e-19
886.3228165930093,3.877e-19
886.3328607071113,3.905e-19
886.3429048212133,3.931e-19
886.3529489353153,3.93e-19
886.3629930494175,3.915e-19
886.3730371635195,3.915e-19
886.3830812776215,3.928e-19
886.3931253917236,3.945e-19
886.4031695058256,3.959e-19
886.4132136199277,3.958e-19
886.4232577340297,3.95e-19
886.4333018481318,3.966e-19
886.4433459622338,3.996e-19
886.4533900763358,4.009e-19
886.463434190438,4.007e-19
886.47347830454,4.006e-19
886.483522418642,4.003e-19
886.4935665327441,4.005e-19
886.5036106468461,4.025e-19
886.5136547609482,4.044e-19
886.5236988750502,4.044e-19
886.5337429891523,4.035e-19
886.5437871032543,4.039e-19
886.5538312173563,4.063e-19
886.5638753314585,4.101e-19
886.5739194455605,4.117e-19
886.5839635596625,4.09e-19
886.5940076737645,4.06e-19
886.6040517878666,4.068e-19
886.6140959019687,4.084e-19
886.6241400160707,4.083e-19
886.6341841301728,4.083e-19
886.6442282442748,4.084e-19
886.6542723583768,4.067e-19
886.664316472479,4.063e-19
886.674360586581,4.094e-19
886.684404700683,4.102e-19
886.694448814785,4.065e-19
886.7044929288871,4.049e-19
886.7145370429891,4.07e-19
886.7245811570912,4.07e-19
886.7346252711933,4.053e-19
886.7446693852953,4.066e-19
886.7547134993973,4.086e-19
886.7647576134993,4.059e-19
886.7748017276015,4.023e-19
886.7848458417035,4.031e-19
886.7948899558055,4.052e-19
886.8049340699076,4.043e-19
886.8149781840096,4.027e-19
886.8250222981117,4.04e-19
886.8350664122138,4.062e-19
886.8451105263158,4.068e-19
886.8551546404178,4.068e-19
886.8651987545198,4.075e-19
886.875242868622,4.077e-19
886.885286982724,4.082e-19
886.895331096826,4.107e-19
886.9053752109281,4.12e-19
886.9154193250301,4.09e-19
886.9254634391322,4.068e-19
886.9355075532342,4.103e-19
886.9455516673363,4.136e-19
886.9555957814383,4.114e-19
886.9656398955403,4.091e-19
886.9756840096425,4.113e-19
886.9857281237445,4.129e-19
886.9957722378465,4.113e-19
887.0058163519486,4.111e-19
887.0158604660506,4.125e-19
887.0259045801527,4.122e-19
887.0359486942547,4.112e-19
887.0459928083568,4.117e-19
887.0560369224588,4.116e-19
887.0660810365608,4.105e-19
887.076125150663,4.11e-19
887.086169264765,4.126e-19
887.096213378867,4.133e-19
887.106257492969,4.144e-19
887.1163016070711,4.162e-19
887.1263457211732,4.164e-19
887.1363898352752,4.155e-19
887.1464339493773,4.153e-19
887.1564780634793,4.156e-19
887.1665221775813,4.166e-19
887.1765662916835,4.182e-19
887.1866104057855,4.183e-19
887.1966545198875,4.167e-19
887.2066986339895,4.174e-19
887.2167427480916,4.2e-19
887.2267868621936,4.207e-19
887.2368309762957,4.209e-19
887.2468750903978,4.246e-19
887.2569192044998,4.289e-19
887.2669633186018,4.298e-19
887.2770074327038,4.298e-19
887.287051546806,4.311e-19
887.297095660908,4.33e-19
887.30713977501,4.358e-19
887.3171838891121,4.394e-19
887.3272280032141,4.404e-19
887.3372721173162,4.4e-19
887.3473162314183,4.425e-19
887.3573603455203,4.466e-19
887.3674044596223,4.485e-19
887.3774485737243,4.492e-19
887.3874926878265,4.511e-19
887.3975368019285,4.536e-19
887.4075809160305,4.569e-19
887.4176250301326,4.608e-19
887.4276691442346,4.623e-19
887.4377132583367,4.618e-19
887.4477573724387,4.637e-19
887.4578014865408,4.68e-19
887.4678456006428,4.698e-19
887.4778897147448,4.686e-19
887.487933828847,4.685e-19
887.497977942949,4.697e-19
887.508022057051,4.707e-19
887.5180661711531,4.72e-19
887.5281102852551,4.739e-19
887.5381543993572,4.762e-19
887.5481985134592,4.789e-19
887.5582426275613,4.796e-19
887.5682867416633,4.765e-19
887.5783308557653,4.745e-19
887.5883749698675,4.777e-19
887.5984190839695,4.807e-19
887.6084631980715,4.779e-19
887.6185073121735,4.754e-19
887.6285514262756,4.794e-19
887.6385955403777,4.845e-19
887.6486396544797,4.831e-19
887.6586837685818,4.791e-19
887.6687278826838,4.788e-19
887.6787719967858,4.803e-19
887.688816110888,4.799e-19
887.69886022499,4.788e-19
887.708904339092,4.787e-19
887.718948453194,4.789e-19
887.7289925672961,4.798e-19
887.7390366813981,4.818e-19
887.7490807955002,4.813e-19
887.7591249096023,4.777e-19
887.7691690237043,4.767e-19
887.7792131378063,4.8e-19
887.7892572519083,4.815e-19
887.7993013660105,4.797e-19
887.8093454801125,4.797e-19
887.8193895942145,4.814e-19
887.8294337083166,4.797e-19
887.8394778224186,4.769e-19
887.8495219365207,4.779e-19
887.8595660506228,4.801e-19
887.8696101647248,4.789e-19
887.8796542788268,4.768e-19
887.8896983929288,4.774e-19
887.899742507031,4.806e-19
887.909786621133,4.846e-19
887.919830735235,4.859e-19
887.9298748493371,4.831e-19
887.9399189634391,4.818e-19
887.9499630775412,4.851e-19
887.9600071916432,4.869e-19
887.9700513057453,4.842e-19
887.9800954198473,4.834e-19
887.9901395339493,4.858e-19
888.0001836480515,4.859e-19
888.0102277621535,4.846e-19
888.0202718762555,4.86e-19
888.0303159903576,4.866e-19
888.0403601044596,4.844e-19
888.0504042185617,4.85e-19
888.0604483326637,4.883e-19
888.0704924467658,4.882e-19
888.0805365608678,4.864e-19
888.0905806749698,4.878e-19
888.100624789072,4.891e-19
888.110668903174,4.88e-19
888.120713017276,4.886e-19
888.130757131378,4.911e-19
888.1408012454801,4.906e-19
888.1508453595821,4.89e-19
888.1608894736842,4.905e-19
888.1709335877863,4.923e-19
888.1809777018883,4.921e-19
888.1910218159903,4.927e-19
888.2010659300925,4.947e-19
888.2111100441945,4.956e-19
888.2211541582965,4.97e-19
888.2311982723985,5.001e-19
888.2412423865006,5.027e-19
888.2512865006026,5.043e-19
888.2613306147047,5.066e-19
888.2713747288068,5.088e-19
888.2814188429088,5.102e-19
888.2914629570108,5.124e-19
888.3015070711128,5.153e-19
888.311551185215,5.178e-19
888.321595299317,5.217e-19
888.331639413419,5.26e-19
888.3416835275211,5.268e-19
888.3517276416231,5.262e-19
888.3617717557252,5.302e-19
888.3718158698273,5.373e-19
888.3818599839293,5.411e-19
888.3919040980313,5.418e-19
888.4019482121333,5.441e-19
888.4119923262355,5.484e-19
888.4220364403375,5.53e-19
888.4320805544395,5.58e-19
888.4421246685416,5.631e-19
888.4521687826436,5.671e-19
888.4622128967457,5.703e-19
888.4722570108477,5.748e-19
888.4823011249498,5.819e-19
888.4923452390518,5.891e-19
888.5023893531538,5.932e-19
888.512433467256,5.955e-19
888.522477581358,6.003e-19
888.53252169546,6.066e-19
888.5425658095621,6.1e-19
888.5526099236641,6.111e-19
888.5626540377662,6.141e-19
888.5726981518682,6.174e-19
888.5827422659703,6.178e-19
888.5927863800723,6.178e-19
888.6028304941743,6.198e-19
888.6128746082765,6.21e-19
888.6229187223785,6.203e-19
888.6329628364805,6.2e-19
888.6430069505825,6.206e-19
888.6530510646846,6.211e-19
888.6630951787866,6.222e-19
888.6731392928887,6.227e-19
888.6831834069908,6.197e-19
888.6932275210928,6.156e-19
888.7032716351948,6.152e-19
888.713315749297,6.16e-19
888.723359863399,6.136e-19
888.733403977501,6.106e-19
888.743448091603,6.105e-19
888.7534922057051,6.101e-19
888.7635363198071,6.068e-19
888.7735804339092,6.041e-19
888.7836245480113,6.038e-19
888.7936686621133,6.03e-19
888.8037127762153,6.005e-19
888.8137568903173,5.982e-19
888.8238010044195,5.964e-19
888.8338451185215,5.94e-19
888.8438892326235,5.922e-19
888.8539333467256,5.92e-19
888.8639774608276,5.914e-19
888.8740215749297,5.891e-19
888.8840656890318,5.867e-19
888.8941098031338,5.852e-19
888.9041539172358,5.841e-19
888.9141980313378,5.832e-19
888.92424214544,5.822e-19
888.934286259542,5.803e-19
888.944330373644,5.78e-19
888.9543744877461,5.764e-19
888.9644186018481,5.746e-19
888.9744627159502,5.717e-19
888.9845068300522,5.692e-19
888.9945509441543,5.681e-19
889.0045950582563,5.666e-19
889.0146391723583,5.639e-19
889.0246832864605,5.615e-19
889.0347274005625,5.607e-19
889.0447715146645,5.597e-19
889.0548156287666,5.556e-19
889.0648597428686,5.495e-19
889.0749038569706,5.467e-19
889.0849479710727,5.486e-19
889.0949920851748,5.489e-19
889.1050361992768,5.436e-19
889.1150803133788,5.38e-19
889.125124427481,5.367e-19
889.135168541583,5.359e-19
889.145212655685,5.326e-19
889.155256769787,5.295e-19
889.1653008838891,5.271e-19
889.1753449979911,5.243e-19
889.1853891120932,5.227e-19
889.1954332261953,5.229e-19
889.2054773402973,5.21e-19
889.2155214543993,5.171e-19
889.2255655685015,5.155e-19
889.2356096826035,5.159e-19
889.2456537967055,5.146e-19
889.2556979108075,5.133e-19
889.2657420249096,5.126e-19
889.2757861390116,5.093e-19
889.2858302531137,5.052e-19
889.2958743672158,5.062e-19
889.3059184813178,5.091e-19
889.3159625954198,5.069e-19
889.3260067095218,5.023e-19
889.336050823624,5.013e-19
889.346094937726,5.017e-19
889.356139051828,4.999e-19
889.3661831659301,4.964e-19
889.3762272800321,4.921e-19
889.3862713941342,4.882e-19
889.3963155082363,4.865e-19
889.4063596223383,4.854e-19
889.4164037364403,4.818e-19
889.4264478505424,4.767e-19
889.4364919646445,4.731e-19
889.4465360787465,4.709e-19
889.4565801928485,4.694e-19
889.4666243069506,4.69e-19
889.4766684210526,4.676e-19
889.4867125351547,4.642e-19
889.4967566492568,4.614e-19
889.5068007633588,4.6e-19
889.5168448774608,4.578e-19
889.5268889915628,4.559e-19
889.536933105665,4.55e-19
889.546977219767,4.519e-19
889.557021333869,4.473e-19
889.5670654479711,4.465e-19
889.5771095620731,4.484e-19
889.5871536761751,4.466e-19
889.5971977902773,4.422e-19
889.6072419043793,4.398e-19
889.6172860184813,4.379e-19
889.6273301325833,4.35e-19
889.6373742466855,4.347e-19
889.6474183607875,4.36e-19
889.6574624748895,4.338e-19
889.6675065889916,4.294e-19
889.6775507030936,4.28e-19
889.6875948171956,4.28e-19
889.6976389312977,4.257e-19
889.7076830453998,4.222e-19
889.7177271595018,4.196e-19
889.7277712736038,4.175e-19
889.737815387706,4.163e-19
889.747859501808,4.158e-19
889.75790361591,4.148e-19
889.7679477300121,4.132e-19
889.7779918441141,4.119e-19
889.7880359582161,4.102e-19
889.7980800723182,4.086e-19
889.8081241864203,4.081e-19
889.8181683005223,4.074e-19
889.8282124146243,4.052e-19
889.8382565287264,4.041e-19
889.8483006428285,4.048e-19
889.8583447569305,4.034e-19
889.8683888710325,3.999e-19
889.8784329851346,3.985e-19
889.8884770992366,3.989e-19
889.8985212133387,3.97e-19
889.9085653274408,3.942e-19
889.9186094415428,3.945e-19
889.9286535556448,3.963e-19
889.938697669747,3.962e-19
889.948741783849,3.952e-19
889.958785897951,3.958e-19
889.968830012053,3.974e-19
889.9788741261551,3.982e-19
889.9889182402571,3.981e-19
889.9989623543592,3.979e-19
890.0090064684613,3.981e-19
890.0190505825633,3.984e-19
890.0290946966653,3.979e-19
890.0391388107673,3.985e-19
890.0491829248695,4.012e-19
890.0592270389715,4.015e-19
890.0692711530735,3.966e-19
890.0793152671756,3.927e-19
890.0893593812776,3.945e-19
890.0994034953796,3.961e-19
890.1094476094818,3.935e-19
890.1194917235838,3.921e-19
890.1295358376858,3.941e-19
890.1395799517878,3.939e-19
890.14962406589,3.926e-19
890.159668179992,3.957e-19
890.169712294094,3.989e-19
890.1797564081961,3.963e-19
890.1898005222981,3.943e-19
890.1998446364001,3.978e-19
890.2098887505022,4.002e-19
890.2199328646043,3.981e-19
890.2299769787063,3.975e-19
890.2400210928083,3.985e-19
890.2500652069104,3.961e-19
890.2601093210125,3.937e-19
890.2701534351145,3.962e-19
890.2801975492166,3.98e-19
890.2902416633186,3.96e-19
890.3002857774206,3.957e-19
890.3103298915227,3.973e-19
890.3203740056248,3.963e-19
890.3304181197268,3.954e-19
890.3404622338288,3.981e-19
890.350506347931,3.994e-19
890.360550462033,3.977e-19
890.370594576135,3.994e-19
890.380638690237,4.04e-19
890.3906828043391,4.045e-19
890.4007269184411,4.026e-19
890.4107710325432,4.04e-19
890.4208151466453,4.062e-19
890.4308592607473,4.057e-19
890.4409033748493,4.046e-19
890.4509474889514,4.049e-19
890.4609916030535,4.056e-19
890.4710357171555,4.067e-19
890.4810798312575,4.076e-19
890.4911239453596,4.064e-19
890.5011680594616,4.046e-19
890.5112121735636,4.055e-19
890.5212562876658,4.077e-19
890.5313004017678,4.081e-19
890.5413445158698,4.071e-19
890.5513886299718,4.061e-19
890.561432744074,4.053e-19
890.571476858176,4.06e-19
890.581520972278,4.088e-19
890.5915650863801,4.121e-19
890.6016092004821,4.142e-19
890.6116533145841,4.145e-19
890.6216974286863,4.134e-19
890.6317415427883,4.131e-19
890.6417856568903,4.158e-19
890.6518297709923,4.194e-19
890.6618738850945,4.194e-19
890.6719179991965,4.166e-19
890.6819621132985,4.159e-19
890.6920062274006,4.19e-19
890.7020503415026,4.231e-19
890.7120944556046,4.252e-19
890.7221385697067,4.247e-19
890.7321826838088,4.239e-19
890.7422267979108,4.258e-19
890.7522709120128,4.3e-19
890.762315026115,4.323e-19
890.772359140217,4.313e-19
890.782403254319,4.307e-19
890.7924473684211,4.328e-19
890.8024914825231,4.353e-19
890.8125355966251,4.351e-19
890.8225797107272,4.338e-19
890.8326238248293,4.338e-19
890.8426679389313,4.35e-19
890.8527120530333,4.364e-19
890.8627561671354,4.373e-19
890.8728002812375,4.371e-19
890.8828443953395,4.37e-19
890.8928885094415,4.393e-19
890.9029326235436,4.423e-19
890.9129767376456,4.429e-19
890.9230208517477,4.433e-19
890.9330649658498,4.459e-19
890.9431090799518,4.478e-19
890.9531531940538,4.473e-19
890.9631973081559,4.481e-19
890.973241422258,4.502e-19
890.98328553636,4.505e-19
890.993329650462,4.516e-19
891.0033737645641,4.555e-19
891.0134178786661,4.569e-19
891.0234619927681,4.552e-19
891.0335061068703,4.578e-19
891.0435502209723,4.628e-19
891.0535943350743,4.618e-19
891.0636384491763,4.586e-19
891.0736825632785,4.617e-19
891.0837266773805,4.662e-19
891.0937707914825,4.659e-19
891.1038149055846,4.656e-19
891.1138590196866,4.68e-19
891.1239031337886,4.691e-19
891.1339472478908,4.691e-19
891.1439913619928,4.702e-19
891.1540354760948,4.697e-19
891.1640795901968,4.693e-19
891.174123704299,4.735e-19
891.184167818401,4.777e-19
891.194211932503,4.756e-19
891.2042560466051,4.728e-19
891.2143001607071,4.752e-19
891.2243442748091,4.779e-19
891.2343883889112,4.775e-19
891.2444325030133,4.771e-19
891.2544766171153,4.777e-19
891.2645207312173,4.774e-19
891.2745648453194,4.77e-19
891.2846089594215,4.773e-19
891.2946530735235,4.781e-19
891.3046971876256,4.807e-19
891.3147413017276,4.828e-19
891.3247854158296,4.81e-19
891.3348295299317,4.793e-19
891.3448736440338,4.826e-19
891.3549177581358,4.85e-19
891.3649618722378,4.829e-19
891.3750059863399,4.829e-19
891.385050100442,4.872e-19
891.395094214544,4.884e-19
891.405138328646,4.852e-19
891.4151824427481,4.836e-19
891.4252265568501,4.846e-19
891.4352706709521,4.864e-19
891.4453147850543,4.89e-19
891.4553588991563,4.892e-19
891.4654030132583,4.855e-19
891.4754471273604,4.839e-19
891.4854912414625,4.879e-19
891.4955353555645,4.911e-19
891.5055794696665,4.885e-19
891.5156235837686,4.838e-19
891.5256676978706,4.816e-19
891.5357118119726,4.828e-19
891.5457559260748,4.848e-19
891.5558000401768,4.833e-19
891.5658441542788,4.793e-19
891.5758882683808,4.789e-19
891.585932382483,4.823e-19
891.595976496585,4.832e-19
891.606020610687,4.814e-19
891.6160647247891,4.816e-19
891.6261088388911,4.829e-19
891.6361529529931,4.822e-19
891.6461970670953,4.816e-19
891.6562411811973,4.823e-19
891.6662852952993,4.822e-19
891.6763294094013,4.816e-19
891.6863735235034,4.82e-19
891.6964176376055,4.815e-19
891.7064617517075,4.807e-19
891.7165058658096,4.823e-19
891.7265499799116,4.838e-19
891.7365940940136,4.812e-19
891.7466382081157,4.781e-19
891.7566823222178,4.791e-19
891.7667264363198,4.806e-19
891.7767705504218,4.784e-19
891.786814664524,4.754e-19
891.796858778626,4.754e-19
891.806902892728,4.764e-19
891.8169470068301,4.755e-19
891.8269911209321,4.735e-19
891.8370352350341,4.717e-19
891.8470793491362,4.697e-19
891.8571234632383,4.683e-19
891.8671675773403,4.697e-19
891.8772116914423,4.711e-19
891.8872558055444,4.676e-19
891.8972999196465,4.612e-19
891.9073440337485,4.587e-19
891.9173881478505,4.601e-19
891.9274322619526,4.596e-19
891.9374763760546,4.565e-19
891.9475204901566,4.542e-19
891.9575646042588,4.525e-19
891.9676087183608,4.502e-19
891.9776528324628,4.49e-19
891.9876969465649,4.495e-19
891.997741060667,4.493e-19
892.007785174769,4.473e-19
892.017829288871,4.446e-19
892.0278734029731,4.43e-19
892.0379175170751,4.439e-19
892.0479616311771,4.458e-19
892.0580057452793,4.452e-19
892.0680498593813,4.421e-19
892.0780939734833,4.406e-19
892.0881380875853,4.412e-19
892.0981822016875,4.407e-19
892.1082263157895,4.386e-19
892.1182704298915,4.366e-19
892.1283145439936,4.355e-19
892.1383586580956,4.356e-19
892.1484027721976,4.354e-19
892.1584468862998,4.32e-19
892.1684910004018,4.277e-19
892.1785351145038,4.275e-19
892.1885792286058,4.292e-19
892.198623342708,4.282e-19
892.20866745681,4.258e-19
892.218711570912,4.249e-19
892.2287556850141,4.238e-19
892.2387997991161,4.223e-19
892.2488439132181,4.217e-19
892.2588880273202,4.201e-19
892.2689321414223,4.163e-19
892.2789762555243,4.137e-19
892.2890203696263,4.135e-19
892.2990644837284,4.122e-19
892.3091085978305,4.103e-19
892.3191527119325,4.104e-19
892.3291968260346,4.108e-19
892.3392409401366,4.094e-19
892.3492850542386,4.089e-19
892.3593291683407,4.105e-19
892.3693732824428,4.104e-19
892.3794173965448,4.07e-19
892.3894615106468,4.026e-19
892.3995056247489,4.005e-19
892.409549738851,4.016e-19
892.419593852953,4.033e-19
892.429637967055,4.021e-19
892.4396820811571,3.987e-19
892.4497261952591,3.971e-19
892.4597703093611,3.978e-19
892.4698144234633,3.984e-19
892.4798585375653,3.973e-19
892.4899026516673,3.943e-19
892.4999467657694,3.916e-19
892.5099908798715,3.915e-19
892.5200349939735,3.926e-19
892.5300791080755,3.908e-19
892.5401232221776,3.87e-19
892.5501673362796,3.855e-19
892.5602114503816,3.866e-19
892.5702555644838,3.872e-19
892.5802996785858,3.866e-19
892.5903437926878,3.846e-19
892.6003879067898,3.816e-19
892.610432020892,3.799e-19
892.620476134994,3.798e-19
892.630520249096,3.79e-19
892.6405643631981,3.778e-19
892.6506084773001,3.782e-19
892.6606525914021,3.788e-19
892.6706967055043,3.792e-19
892.6807408196063,3.811e-19
892.6907849337083,3.82e-19
892.7008290478103,3.784e-19
892.7108731619124,3.746e-19
892.7209172760145,3.758e-19
892.7309613901165,3.772e-19
892.7410055042186,3.753e-19
892.7510496183206,3.746e-19
892.7610937324226,3.761e-19
892.7711378465247,3.756e-19
892.7811819606268,3.744e-19
892.7912260747288,3.762e-19
892.8012701888308,3.762e-19
892.8113143029329,3.714e-19
892.821358417035,3.688e-19
892.831402531137,3.725e-19
892.8414466452391,3.754e-19
892.8514907593411,3.72e-19
892.8615348734431,3.664e-19
892.8715789875451,3.64e-19
892.8816231016473,3.653e-19
892.8916672157493,3.67e-19
892.9017113298513,3.657e-19
892.9117554439534,3.62e-19
892.9217995580555,3.604e-19
892.9318436721575,3.626e-19
892.9418877862595,3.645e-19
892.9519319003616,3.637e-19
892.9619760144636,3.63e-19
892.9720201285656,3.628e-19
892.9820642426678,3.605e-19
892.9921083567698,3.578e-19
893.0021524708718,3.59e-19
893.0121965849739,3.624e-19
893.022240699076,3.624e-19
893.032284813178,3.604e-19
893.04232892728,3.618e-19
893.0523730413821,3.644e-19
893.0624171554841,3.624e-19
893.0724612695861,3.585e-19
893.0825053836883,3.585e-19
893.0925494977903,3.606e-19
893.1025936118923,3.609e-19
893.1126377259943,3.61e-19
893.1226818400964,3.618e-19
893.1327259541985,3.607e-19
893.1427700683005,3.586e-19
893.1528141824026,3.594e-19
893.1628582965046,3.614e-19
893.1729024106066,3.611e-19
893.1829465247088,3.6e-19
893.1929906388108,3.609e-19
893.2030347529128,3.616e-19
893.2130788670148,3.609e-19
893.223122981117,3.595e-19
893.233167095219,3.574e-19
893.243211209321,3.547e-19
893.2532553234231,3.543e-19
893.2632994375251,3.566e-19
893.2733435516271,3.576e-19
893.2833876657292,3.554e-19
893.2934317798313,3.526e-19
893.3034758939333,3.518e-19
893.3135200080353,3.524e-19
893.3235641221374,3.531e-19
893.3336082362395,3.524e-19
893.3436523503415,3.506e-19
893.3536964644436,3.505e-19
893.3637405785456,3.526e-19
893.3737846926476,3.537e-19
893.3838288067496,3.527e-19
893.3938729208518,3.524e-19
893.4039170349538,3.538e-19
893.4139611490558,3.538e-19
893.4240052631579,3.52e-19
893.43404937726,3.516e-19
893.444093491362,3.531e-19
893.454137605464,3.535e-19
893.4641817195661,3.526e-19
893.4742258336681,3.535e-19
893.4842699477701,3.558e-19
893.4943140618723,3.553e-19
893.5043581759743,3.515e-19
893.5144022900763,3.501e-19
893.5244464041784,3.53e-19
893.5344905182804,3.549e-19
893.5445346323825,3.529e-19
893.5545787464845,3.506e-19
893.5646228605866,3.499e-19
893.5746669746886,3.486e-19
893.5847110887906,3.478e-19
893.5947552028928,3.505e-19
893.6047993169948,3.524e-19
893.6148434310968,3.485e-19
893.6248875451988,3.437e-19
893.634931659301,3.449e-19
893.644975773403,3.479e-19
893.655019887505,3.47e-19
893.6650640016071,3.459e-19
893.6751081157091,3.478e-19
893.6851522298111,3.475e-19
893.6951963439133,3.441e-19
893.7052404580153,3.441e-19
893.7152845721173,3.477e-19
893.7253286862194,3.484e-19
893.7353728003214,3.461e-19
893.7454169144235,3.452e-19
893.7554610285255,3.461e-19
893.7655051426276,3.476e-19
893.7755492567296,3.496e-19
893.7855933708316,3.495e-19
893.7956374849336,3.474e-19
893.8056815990358,3.47e-19
893.8157257131378,3.48e-19
893.8257698272398,3.462e-19
893.8358139413419,3.442e-19
893.845858055444,3.466e-19
893.855902169546,3.492e-19
893.8659462836481,3.476e-19
893.8759903977501,3.453e-19
893.8860345118521,3.447e-19
893.8960786259543,3.436e-19
893.9061227400563,3.427e-19
893.9161668541583,3.431e-19
893.9262109682603,3.418e-19
893.9362550823624,3.398e-19
893.9462991964645,3.423e-19
893.9563433105665,3.455e-19
893.9663874246686,3.429e-19
893.9764315387706,3.388e-19
893.9864756528726,3.4e-19
893.9965197669746,3.426e-19
894.0065638810768,3.41e-19
894.0166079951788,3.383e-19
894.0266521092808,3.382e-19
894.0366962233829,3.39e-19
894.046740337485,3.391e-19
894.056784451587,3.39e-19
894.0668285656891,3.389e-19
894.0768726797911,3.398e-19
894.0869167938931,3.416e-19
894.0969609079951,3.422e-19
894.1070050220973,3.415e-19
894.1170491361993,3.417e-19
894.1270932503013,3.426e-19
894.1371373644034,3.419e-19
894.1471814785054,3.403e-19
894.1572255926075,3.402e-19
894.1672697067095,3.418e-19
894.1773138208116,3.435e-19
894.1873579349136,3.434e-19
894.1974020490156,3.407e-19
894.2074461631178,3.384e-19
894.2174902772198,3.388e-19
894.2275343913218,3.397e-19
894.2375785054239,3.387e-19
894.2476226195259,3.368e-19
894.257666733628,3.354e-19
894.26771084773,3.347e-19
894.2777549618321,3.356e-19
894.2877990759341,3.365e-19
894.2978431900361,3.355e-19
894.3078873041383,3.358e-19
894.3179314182403,3.389e-19
894.3279755323423,3.389e-19
894.3380196464443,3.335e-19
894.3480637605464,3.315e-19
894.3581078746485,3.355e-19
894.3681519887505,3.369e-19
894.3781961028526,3.337e-19
894.3882402169546,3.333e-19
894.3982843310566,3.357e-19
894.4083284451588,3.348e-19
894.4183725592608,3.33e-19
894.4284166733628,3.351e-19
894.4384607874648,3.369e-19
894.4485049015669,3.352e-19
894.458549015669,3.339e-19
894.468593129771,3.352e-19
894.4786372438731,3.367e-19
894.4886813579751,3.376e-19
894.4987254720771,3.38e-19
894.5087695861791,3.371e-19
894.5188137002813,3.361e-19
894.5288578143833,3.369e-19
894.5389019284853,3.369e-19
894.5489460425874,3.353e-19
894.5589901566894,3.349e-19
894.5690342707915,3.359e-19
894.5790783848936,3.347e-19
894.5891224989956,3.324e-19
894.5991666130976,3.331e-19
894.6092107271996,3.346e-19
894.6192548413018,3.329e-19
894.6292989554038,3.304e-19
894.6393430695058,3.313e-19
894.6493871836079,3.337e-19
894.65943129771,3.341e-19
894.669475411812,3.329e-19
894.679519525914,3.323e-19
894.6895636400161,3.32e-19
894.6996077541181,3.309e-19
894.7096518682201,3.294e-19
894.7196959823223,3.292e-19
894.7297400964243,3.307e-19
894.7397842105263,3.316e-19
894.7498283246284,3.299e-19
894.7598724387304,3.28e-19
894.7699165528325,3.29e-19
894.7799606669345,3.313e-19
894.7900047810366,3.313e-19
894.8000488951386,3.305e-19
894.8100930092406,3.313e-19
894.8201371233428,3.319e-19
894.8301812374448,3.305e-19
894.8402253515468,3.296e-19
894.8502694656488,3.307e-19
894.8603135797509,3.309e-19
894.870357693853,3.302e-19
894.880401807955,3.317e-19
894.8904459220571,3.343e-19
894.9004900361591,3.331e-19
894.9105341502611,3.287e-19
894.9205782643633,3.269e-19
894.9306223784653,3.293e-19
894.9406664925673,3.314e-19
894.9507106066693,3.305e-19
894.9607547207714,3.286e-19
894.9707988348734,3.276e-19
894.9808429489755,3.268e-19
894.9908870630776,3.254e-19
895.0009311771796,3.238e-19
895.0109752912816,3.233e-19
895.0210194053836,3.242e-19
895.0310635194858,3.26e-19
895.0411076335878,3.269e-19
895.0511517476898,3.255e-19
895.0611958617919,3.236e-19
895.071239975894,3.237e-19
895.081284089996,3.248e-19
895.0913282040981,3.256e-19
895.1013723182001,3.268e-19
895.1114164323021,3.274e-19
895.1214605464041,3.254e-19
895.1315046605063,3.228e-19
895.1415487746083,3.236e-19
895.1515928887103,3.265e-19
895.1616370028124,3.274e-19
895.1716811169144,3.264e-19
895.1817252310165,3.255e-19
895.1917693451185,3.255e-19
895.2018134592206,3.266e-19
895.2118575733226,3.27e-19
895.2219016874246,3.25e-19
895.2319458015268,3.235e-19
895.2419899156288,3.256e-19
895.2520340297308,3.265e-19
895.2620781438329,3.228e-19
895.2721222579349,3.205e-19
895.282166372037,3.232e-19
895.292210486139,3.252e-19
895.3022546002411,3.238e-19
895.3122987143431,3.23e-19
895.3223428284451,3.228e-19
895.3323869425473,3.213e-19
895.3424310566493,3.212e-19
895.3524751707513,3.231e-19
895.3625192848533,3.229e-19
895.3725633989554,3.213e-19
895.3826075130575,3.225e-19
895.3926516271595,3.238e-19
895.4026957412616,3.219e-19
895.4127398553636,3.203e-19
895.4227839694656,3.208e-19
895.4328280835678,3.202e-19
895.4428721976698,3.191e-19
895.4529163117718,3.206e-19
895.4629604258738,3.218e-19
895.4730045399759,3.212e-19
895.483048654078,3.222e-19
895.49309276818,3.238e-19
895.5031368822821,3.216e-19
895.5131809963841,3.182e-19
895.5232251104861,3.183e-19
895.5332692245881,3.2e-19
895.5433133386903,3.199e-19
895.5533574527923,3.198e-19
895.5634015668943,3.2e-19
895.5734456809964,3.191e-19
895.5834897950984,3.18e-19
895.5935339092005,3.176e-19
895.6035780233026,3.168e-19
895.6136221374046,3.169e-19
895.6236662515066,3.191e-19
895.6337103656086,3.206e-19
895.6437544797108,3.195e-19
895.6537985938128,3.18e-19
895.6638427079148,3.176e-19
895.6738868220169,3.173e-19
895.6839309361189,3.169e-19
895.693975050221,3.165e-19
895.704019164323,3.154e-19
895.7140632784251,3.144e-19
895.7241073925271,3.151e-19
895.7341515066291,3.164e-19
895.7441956207313,3.161e-19
895.7542397348333,3.147e-19
895.7642838489353,3.138e-19
895.7743279630374,3.137e-19
895.7843720771394,3.139e-19
895.7944161912415,3.151e-19
895.8044603053435,3.174e-19
895.8145044194456,3.191e-19
895.8245485335476,3.182e-19
895.8345926476496,3.163e-19
895.8446367617518,3.167e-19
895.8546808758538,3.182e-19
895.8647249899558,3.167e-19
895.8747691040578,3.143e-19
895.8848132181599,3.158e-19
895.894857332262,3.191e-19
895.904901446364,3.184e-19
895.9149455604661,3.148e-19
895.9249896745681,3.139e-19
895.9350337886701,3.155e-19
895.9450779027723,3.162e-19
895.9551220168743,3.158e-19
895.9651661309763,3.16e-19
895.9752102450783,3.164e-19
895.9852543591804,3.159e-19
895.9952984732824,3.147e-19
896.0053425873845,3.14e-19
896.0153867014866,3.141e-19
896.0254308155886,3.141e-19
896.0354749296906,3.131e-19
896.0455190437926,3.125e-19
896.0555631578948,3.134e-19
896.0656072719968,3.135e-19
896.0756513860988,3.108e-19
896.0856955002009,3.074e-19
896.0957396143029,3.07e-19
896.105783728405,3.092e-19
896.1158278425071,3.11e-19
896.1258719566091,3.111e-19
896.1359160707111,3.102e-19
896.1459601848131,3.09e-19
896.1560042989153,3.081e-19
896.1660484130173,3.09e-19
896.1760925271193,3.105e-19
896.1861366412214,3.099e-19
896.1961807553234,3.077e-19
896.2062248694255,3.069e-19
896.2162689835275,3.085e-19
896.2263130976296,3.105e-19
896.2363572117316,3.111e-19
896.2464013258336,3.101e-19
896.2564454399358,3.087e-19
896.2664895540378,3.086e-19
896.2765336681398,3.092e-19
896.2865777822419,3.074e-19
896.2966218963439,3.041e-19
896.306666010446,3.041e-19
896.316710124548,3.066e-19
896.3267542386501,3.064e-19
896.3367983527521,3.036e-19
896.3468424668541,3.029e-19
896.3568865809563,3.051e-19
896.3669306950583,3.073e-19
896.3769748091603,3.079e-19
896.3870189232623,3.062e-19
896.3970630373644,3.035e-19
896.4071071514664,3.032e-19
896.4171512655685,3.048e-19
896.4271953796706,3.041e-19
896.4372394937726,3.023e-19
896.4472836078746,3.026e-19
896.4573277219768,3.027e-19
896.4673718360788,3.003e-19
896.4774159501808,2.996e-19
896.4874600642828,3.016e-19
896.4975041783849,3.021e-19
896.507548292487,3.016e-19
896.517592406589,3.03e-19
896.5276365206911,3.037e-19
896.5376806347931,3.021e-19
896.5477247488951,3.021e-19
896.5577688629971,3.037e-19
896.5678129770993,3.036e-19
896.5778570912013,3.03e-19
896.5879012053033,3.041e-19
896.5979453194054,3.042e-19
896.6079894335074,3.023e-19
896.6180335476095,3.014e-19
896.6280776617116,3.016e-19
896.6381217758136,3.014e-19
896.6481658899156,3.012e-19
896.6582100040176,3.004e-19
896.6682541181198,2.985e-19
896.6782982322218,2.988e-19
896.6883423463238,3.007e-19
896.6983864604259,2.995e-19
896.7084305745279,2.967e-19
896.71847468863,2.974e-19
896.728518802732,2.987e-19
896.7385629168341,2.972e-19
896.7486070309361,2.972e-19
896.7586511450381,2.994e-19
896.7686952591403,2.979e-19
896.7787393732423,2.945e-19
896.7887834873443,2.959e-19
896.7988276014464,2.99e-19
896.8088717155484,2.976e-19
896.8189158296505,2.955e-19
896.8289599437525,2.966e-19
896.8390040578546,2.967e-19
896.8490481719566,2.947e-19
896.8590922860586,2.948e-19
896.8691364001608,2.967e-19
896.8791805142628,2.967e-19
896.8892246283648,2.951e-19
896.8992687424668,2.946e-19
896.9093128565689,2.955e-19
896.919356970671,2.971e-19
896.929401084773,2.981e-19
896.9394451988751,2.977e-19
896.9494893129771,2.971e-19
896.9595334270791,2.967e-19
896.9695775411813,2.957e-19
896.9796216552833,2.951e-19
896.9896657693853,2.959e-19
896.9997098834873,2.955e-19
897.0097539975894,2.931e-19
897.0197981116914,2.931e-19
897.0298422257935,2.954e-19
897.0398863398956,2.942e-19
897.0499304539976,2.898e-19
897.0599745680996,2.891e-19
897.0700186822016,2.923e-19
897.0800627963038,2.935e-19
897.0901069104058,2.921e-19
897.1001510245078,2.919e-19
897.1101951386099,2.925e-19
897.1202392527119,2.915e-19
897.130283366814,2.903e-19
897.1403274809161,2.911e-19
897.1503715950181,2.924e-19
897.1604157091201,2.921e-19
897.1704598232221,2.907e-19
897.1805039373243,2.9e-19
897.1905480514263,2.903e-19
897.2005921655283,2.914e-19
897.2106362796304,2.924e-19
897.2206803937324,2.914e-19
897.2307245078345,2.9e-19
897.2407686219365,2.912e-19
897.2508127360386,2.934e-19
897.2608568501406,2.916e-19
897.2709009642426,2.88e-19
897.2809450783448,2.892e-19
897.2909891924468,2.928e-19
897.3010333065488,2.913e-19
897.3110774206509,2.869e-19
897.3211215347529,2.868e-19
897.331165648855,2.896e-19
897.341209762957,2.894e-19
897.3512538770591,2.874e-19
897.3612979911611,2.873e-19
897.3713421052631,2.875e-19
897.3813862193653,2.86e-19
897.3914303334673,2.845e-19
897.4014744475693,2.845e-19
897.4115185616713,2.844e-19
897.4215626757734,2.838e-19
897.4316067898754,2.846e-19
897.4416509039775,2.866e-19
897.4516950180796,2.869e-19
897.4617391321816,2.849e-19
897.4717832462836,2.834e-19
897.4818273603858,2.836e-19
897.4918714744878,2.842e-19
897.5019155885898,2.851e-19
897.5119597026918,2.872e-19
897.5220038167939,2.877e-19
897.5320479308959,2.842e-19
897.542092044998,2.802e-19
897.5521361591001,2.812e-19
897.5621802732021,2.85e-19
897.5722243873041,2.862e-19
897.5822685014061,2.85e-19
897.5923126155083,2.853e-19
897.6023567296103,2.877e-19
897.6124008437123,2.888e-19
897.6224449578144,2.875e-19
897.6324890719164,2.861e-19
897.6425331860185,2.859e-19
897.6525773001206,2.852e-19
897.6626214142226,2.832e-19
897.6726655283246,2.826e-19
897.6827096424266,2.833e-19
897.6927537565288,2.823e-19
897.7027978706308,2.807e-19
897.7128419847328,2.818e-19
897.7228860988349,2.83e-19
897.7329302129369,2.805e-19
897.742974327039,2.786e-19
897.753018441141,2.802e-19
897.7630625552431,2.815e-19
897.7731066693451,2.804e-19
897.7831507834471,2.799e-19
897.7931948975493,2.797e-19
897.8032390116513,2.782e-19
897.8132831257533,2.784e-19
897.8233272398554,2.812e-19
897.8333713539574,2.824e-19
897.8434154680594,2.814e-19
897.8534595821615,2.811e-19
897.8635036962636,2.804e-19
897.8735478103656,2.786e-19
897.8835919244676,2.789e-19
897.8936360385698,2.806e-19
897.9036801526718,2.798e-19
897.9137242667738,2.79e-19
897.9237683808758,2.808e-19
897.9338124949779,2.81e-19
897.94385660908,2.783e-19
897.953900723182,2.78e-19
897.9639448372841,2.803e-19
897.9739889513861,2.806e-19
897.9840330654881,2.801e-19
897.9940771795902,2.82e-19
898.0041212936923,2.835e-19
898.0141654077943,2.819e-19
898.0242095218963,2.797e-19
898.0342536359984,2.794e-19
898.0442977501004,2.794e-19
898.0543418642025,2.781e-19
898.0643859783046,2.767e-19
898.0744300924066,2.767e-19
898.0844742065086,2.776e-19
898.0945183206106,2.772e-19
898.1045624347128,2.759e-19
898.1146065488148,2.759e-19
898.1246506629168,2.758e-19
898.1346947770189,2.737e-19
898.1447388911209,2.73e-19
898.154783005223,2.757e-19
898.1648271193251,2.773e-19
898.1748712334271,2.75e-19
898.1849153475291,2.733e-19
898.1949594616312,2.744e-19
898.2050035757333,2.757e-19
898.2150476898353,2.77e-19
898.2250918039373,2.785e-19
898.2351359180394,2.771e-19
898.2451800321414,2.74e-19
898.2552241462434,2.749e-19
898.2652682603456,2.788e-19
898.2753123744476,2.787e-19
898.2853564885496,2.748e-19
898.2954006026516,2.735e-19
898.3054447167538,2.761e-19
898.3154888308558,2.785e-19
898.3255329449578,2.778e-19
898.3355770590599,2.757e-19
898.3456211731619,2.753e-19
898.355665287264,2.766e-19
898.3657094013661,2.765e-19
898.3757535154681,2.746e-19
898.3857976295701,2.729e-19
898.3958417436721,2.714e-19
898.4058858577743,2.708e-19
898.4159299718763,2.724e-19
898.4259740859783,2.745e-19
898.4360182000804,2.74e-19
898.4460623141824,2.722e-19
898.4561064282844,2.713e-19
898.4661505423865,2.706e-19
898.4761946564886,2.707e-19
898.4862387705906,2.729e-19
898.4962828846926,2.735e-19
898.5063269987947,2.709e-19
898.5163711128968,2.7e-19
898.5264152269988,2.722e-19
898.5364593411009,2.724e-19
898.5465034552029,2.706e-19
898.5565475693049,2.704e-19
898.566591683407,2.698e-19
898.5766357975091,2.681e-19
898.5866799116111,2.695e-19
898.5967240257131,2.726e-19
898.6067681398152,2.713e-19
898.6168122539173,2.685e-19
898.6268563680193,2.697e-19
898.6369004821213,2.716e-19
898.6469445962234,2.712e-19
898.6569887103254,2.716e-19
898.6670328244275,2.734e-19
898.6770769385296,2.731e-19
898.6871210526316,2.718e-19
898.6971651667336,2.719e-19
898.7072092808357,2.714e-19
898.7172533949378,2.699e-19
898.7272975090398,2.698e-19
898.7373416231418,2.704e-19
898.7473857372439,2.7e-19
898.7574298513459,2.696e-19
898.767473965448,2.699e-19
898.7775180795501,2.696e-19
898.7875621936521,2.69e-19
898.7976063077541,2.699e-19
898.8076504218561,2.713e-19
898.8176945359583,2.708e-19
898.8277386500603,2.68e-19
898.8377827641623,2.66e-19
898.8478268782644,2.668e-19
898.8578709923664,2.682e-19
898.8679151064684,2.679e-19
898.8779592205706,2.679e-19
898.8880033346726,2.693e-19
898.8980474487746,2.687e-19
898.9080915628766,2.66e-19
898.9181356769787,2.653e-19
898.9281797910808,2.662e-19
898.9382239051828,2.665e-19
898.9482680192849,2.683e-19
898.9583121333869,2.716e-19
898.9683562474889,2.709e-19
898.978400361591,2.663e-19
898.9884444756931,2.643e-19
898.9984885897951,2.657e-19
899.0085327038971,2.667e-19
899.0185768179992,2.676e-19
899.0286209321013,2.687e-19
899.0386650462033,2.677e-19
899.0487091603054,2.658e-19
899.0587532744074,2.659e-19
899.0687973885094,2.666e-19
899.0788415026115,2.67e-19
899.0888856167136,2.685e-19
899.0989297308156,2.692e-19
899.1089738449176,2.676e-19
899.1190179590197,2.674e-19
899.1290620731218,2.693e-19
899.1391061872238,2.694e-19
899.1491503013258,2.681e-19
899.1591944154279,2.683e-19
899.1692385295299,2.684e-19
899.179282643632,2.676e-19
899.1893267577341,2.689e-19
899.1993708718361,2.706e-19
899.2094149859381,2.687e-19
899.2194591000402,2.672e-19
899.2295032141423,2.696e-19
899.2395473282443,2.712e-19
899.2495914423463,2.694e-19
899.2596355564484,2.682e-19
899.2696796705504,2.692e-19
899.2797237846524,2.71e-19
899.2897678987546,2.729e-19
899.2998120128566,2.724e-19
899.3098561269586,2.691e-19
899.3199002410606,2.685e-19
899.3299443551628,2.722e-19
899.3399884692648,2.731e-19
899.3500325833668,2.701e-19
899.3600766974689,2.689e-19
899.3701208115709,2.7e-19
899.380164925673,2.704e-19
899.3902090397751,2.712e-19
899.4002531538771,2.719e-19
899.4102972679791,2.697e-19
899.4203413820811,2.674e-19
899.4303854961832,2.687e-19
899.4404296102853,2.691e-19
899.4504737243873,2.655e-19
899.4605178384894,2.636e-19
899.4705619525914,2.658e-19
899.4806060666934,2.676e-19
899.4906501807955,2.674e-19
899.5006942948976,2.675e-19
899.5107384089996,2.679e-19
899.5207825231016,2.679e-19
899.5308266372037,2.677e-19
899.5408707513058,2.669e-19
899.5509148654078,2.659e-19
899.5609589795099,2.665e-19
899.5710030936119,2.677e-19
899.5810472077139,2.67e-19
899.591091321816,2.652e-19
899.6011354359181,2.647e-19
899.6111795500201,2.65e-19
899.6212236641221,2.654e-19
899.6312677782242,2.662e-19
899.6413118923263,2.675e-19
899.6513560064283,2.694e-19
899.6614001205303,2.701e-19
899.6714442346324,2.679e-19
899.6814883487344,2.653e-19
899.6915324628364,2.658e-19
899.7015765769386,2.667e-19
899.7116206910406,2.653e-19
899.7216648051426,2.65e-19
899.7317089192447,2.671e-19
899.7417530333468,2.673e-19
899.7517971474488,2.654e-19
899.7618412615508,2.658e-19
899.7718853756529,2.669e-19
899.7819294897549,2.654e-19
899.791973603857,2.638e-19
899.8020177179591,2.646e-19
899.8120618320611,2.657e-19
899.8221059461631,2.657e-19
899.8321500602651,2.648e-19
899.8421941743673,2.624e-19
899.8522382884693,2.61e-19
899.8622824025713,2.633e-19
899.8723265166734,2.658e-19
899.8823706307754,2.644e-19
899.8924147448774,2.623e-19
899.9024588589796,2.629e-19
899.9125029730816,2.635e-19
899.9225470871836,2.623e-19
899.9325912012856,2.614e-19
899.9426353153877,2.618e-19
899.9526794294898,2.635e-19
899.9627235435918,2.657e-19
899.9727676576939,2.649e-19
899.9828117717959,2.611e-19
899.9928558858979,2.601e-19
900.0029,2.627e-19
900.0129441141021,2.638e-19
900.0229882282041,2.634e-19
900.0330323423061,2.653e-19
900.0430764564082,2.673e-19
900.0531205705103,2.654e-19
900.0631646846123,2.629e-19
900.0732087987144,2.636e-19
900.0832529128164,2.651e-19
900.0932970269184,2.644e-19
900.1033411410205,2.626e-19
900.1133852551226,2.619e-19
900.1234293692246,2.628e-19
900.1334734833266,2.636e-19
900.1435175974287,2.622e-19
900.1535617115308,2.604e-19
900.1636058256328,2.608e-19
900.1736499397348,2.616e-19
900.1836940538369,2.602e-19
900.1937381679389,2.593e-19
900.203782282041,2.613e-19
900.2138263961431,2.628e-19
900.2238705102451,2.615e-19
900.2339146243471,2.607e-19
900.2439587384492,2.623e-19
900.2540028525513,2.638e-19
900.2640469666533,2.637e-19
900.2740910807553,2.637e-19
900.2841351948574,2.646e-19
900.2941793089594,2.652e-19
900.3042234230614,2.652e-19
900.3142675371636,2.655e-19
900.3243116512656,2.658e-19
900.3343557653676,2.641e-19
900.3443998794696,2.619e-19
900.3544439935717,2.628e-19
900.3644881076738,2.659e-19
900.3745322217758,2.66e-19
900.3845763358779,2.632e-19
900.3946204499799,2.626e-19
900.4046645640819,2.645e-19
900.4147086781841,2.652e-19
900.4247527922861,2.646e-19
900.4347969063881,2.65e-19
900.4448410204901,2.663e-19
900.4548851345922,2.668e-19
900.4649292486943,2.647e-19
900.4749733627963,2.613e-19
900.4850174768984,2.607e-19
900.4950615910004,2.637e-19
900.5051057051024,2.642e-19
900.5151498192045,2.607e-19
900.5251939333066,2.6e-19
900.5352380474086,2.625e-19
900.5452821615106,2.616e-19
900.5553262756127,2.588e-19
900.5653703897148,2.615e-19
900.5754145038168,2.66e-19
900.5854586179189,2.643e-19
900.5955027320209,2.605e-19
900.6055468461229,2.609e-19
900.615590960225,2.627e-19
900.6256350743271,2.633e-19
900.6356791884291,2.648e-19
900.6457233025311,2.657e-19
900.6557674166332,2.641e-19
900.6658115307353,2.643e-19
900.6758556448373,2.673e-19
900.6858997589393,2.675e-19
900.6959438730414,2.645e-19
900.7059879871434,2.642e-19
900.7160321012454,2.663e-19
900.7260762153476,2.665e-19
900.7361203294496,2.656e-19
900.7461644435516,2.661e-19
900.7562085576537,2.664e-19
900.7662526717558,2.66e-19
900.7762967858578,2.665e-19
900.7863408999598,2.668e-19
900.7963850140619,2.65e-19
900.8064291281639,2.632e-19
900.8164732422659,2.638e-19
900.8265173563681,2.652e-19
900.8365614704701,2.653e-19
900.8466055845721,2.644e-19
900.8566496986741,2.644e-19
900.8666938127762,2.656e-19
900.8767379268783,2.667e-19
900.8867820409803,2.674e-19
900.8968261550824,2.679e-19
900.9068702691844,2.672e-19
900.9169143832864,2.649e-19
900.9269584973886,2.636e-19
900.9370026114906,2.655e-19
900.9470467255926,2.682e-19
900.9570908396946,2.676e-19
900.9671349537967,2.656e-19
900.9771790678988,2.666e-19
900.9872231820008,2.695e-19
900.9972672961029,2.694e-19
901.0073114102049,2.666e-19
901.0173555243069,2.656e-19
901.027399638409,2.677e-19
901.0374437525111,2.698e-19
901.0474878666131,2.71e-19
901.0575319807151,2.725e-19
901.0675760948172,2.734e-19
901.0776202089193,2.717e-19
901.0876643230213,2.693e-19
901.0977084371234,2.691e-19
901.1077525512254,2.699e-19
901.1177966653274,2.698e-19
901.1278407794294,2.702e-19
901.1378848935316,2.712e-19
901.1479290076336,2.712e-19
901.1579731217356,2.703e-19
901.1680172358377,2.698e-19
901.1780613499398,2.689e-19
901.1881054640418,2.677e-19
901.1981495781438,2.689e-19
901.2081936922459,2.718e-19
901.2182378063479,2.724e-19
901.22828192045,2.715e-19
901.2383260345521,2.722e-19
901.2483701486541,2.73e-19
901.2584142627561,2.714e-19
901.2684583768582,2.701e-19
901.2785024909602,2.708e-19
901.2885466050623,2.712e-19
901.2985907191643,2.718e-19
901.3086348332664,2.745e-19
901.3186789473684,2.76e-19
901.3287230614704,2.74e-19
901.3387671755726,2.73e-19
901.3488112896746,2.759e-19
901.3588554037766,2.779e-19
901.3688995178786,2.764e-19
901.3789436319807,2.756e-19
901.3889877460828,2.775e-19
901.3990318601848,2.786e-19
901.4090759742869,2.77e-19
901.4191200883889,2.748e-19
901.4291642024909,2.747e-19
901.4392083165931,2.766e-19
901.4492524306951,2.779e-19
901.4592965447971,2.769e-19
901.4693406588991,2.761e-19
901.4793847730012,2.772e-19
901.4894288871033,2.774e-19
901.4994730012053,2.753e-19
901.5095171153074,2.749e-19
901.5195612294094,2.774e-19
901.5296053435114,2.783e-19
901.5396494576135,2.765e-19
901.5496935717156,2.755e-19
901.5597376858176,2.753e-19
901.5697817999196,2.733e-19
901.5798259140217,2.721e-19
901.5898700281238,2.741e-19
901.5999141422258,2.764e-19
901.6099582563279,2.772e-19
901.6200023704299,2.785e-19
901.6300464845319,2.801e-19
901.640090598634,2.8e-19
901.6501347127361,2.794e-19
901.6601788268381,2.802e-19
901.6702229409401,2.808e-19
901.6802670550422,2.807e-19
901.6903111691443,2.822e-19
901.7003552832463,2.843e-19
901.7103993973483,2.835e-19
901.7204435114504,2.809e-19
901.7304876255524,2.808e-19
901.7405317396544,2.831e-19
901.7505758537566,2.837e-19
901.7606199678586,2.821e-19
901.7706640819606,2.819e-19
901.7807081960627,2.843e-19
901.7907523101647,2.853e-19
901.8007964242668,2.834e-19
901.8108405383688,2.825e-19
901.8208846524709,2.848e-19
901.8309287665729,2.866e-19
901.8409728806749,2.855e-19
901.8510169947771,2.84e-19
901.8610611088791,2.842e-19
901.8711052229811,2.843e-19
901.8811493370831,2.837e-19
901.8911934511852,2.831e-19
901.9012375652873,2.825e-19
901.9112816793893,2.825e-19
901.9213257934914,2.841e-19
901.9313699075934,2.858e-19
901.9414140216954,2.863e-19
901.9514581357976,2.871e-19
901.9615022498996,2.889e-19
901.9715463640016,2.898e-19
901.9815904781036,2.892e-19
901.9916345922057,2.883e-19
902.0016787063078,2.88e-19
902.0117228204098,2.894e-19
902.0217669345119,2.919e-19
902.0318110486139,2.924e-19
902.0418551627159,2.907e-19
902.051899276818,2.912e-19
902.0619433909201,2.935e-19
902.0719875050221,2.93e-19
902.0820316191241,2.911e-19
902.0920757332262,2.925e-19
902.1021198473283,2.943e-19
902.1121639614303,2.929e-19
902.1222080755324,2.92e-19
902.1322521896344,2.936e-19
902.1422963037364,2.936e-19
902.1523404178384,2.916e-19
902.1623845319406,2.919e-19
902.1724286460426,2.937e-19
902.1824727601446,2.939e-19
902.1925168742467,2.935e-19
902.2025609883488,2.934e-19
902.2126051024508,2.926e-19
902.2226492165528,2.92e-19
902.2326933306549,2.93e-19
902.2427374447569,2.934e-19
902.2527815588589,2.926e-19
902.2628256729611,2.933e-19
902.2728697870631,2.956e-19
902.2829139011651,2.969e-19
902.2929580152672,2.968e-19
902.3030021293692,2.961e-19
902.3130462434713,2.949e-19
902.3230903575733,2.95e-19
902.3331344716754,2.967e-19
902.3431785857774,2.972e-19
902.3532226998794,2.969e-19
902.3632668139816,2.986e-19
902.3733109280836,3.005e-19
902.3833550421856,2.994e-19
902.3933991562876,2.984e-19
902.4034432703897,3.011e-19
902.4134873844918,3.042e-19
902.4235314985938,3.048e-19
902.4335756126959,3.047e-19
902.4436197267979,3.052e-19
902.4536638408999,3.057e-19
902.4637079550021,3.063e-19
902.4737520691041,3.062e-19
902.4837961832061,3.043e-19
902.4938402973082,3.03e-19
902.5038844114102,3.051e-19
902.5139285255123,3.075e-19
902.5239726396143,3.07e-19
902.5340167537164,3.055e-19
902.5440608678184,3.059e-19
902.5541049819204,3.071e-19
902.5641490960226,3.072e-19
902.5741932101246,3.065e-19
902.5842373242266,3.065e-19
902.5942814383286,3.079e-19
902.6043255524307,3.099e-19
902.6143696665328,3.105e-19
902.6244137806348,3.096e-19
902.6344578947369,3.085e-19
902.6445020088389,3.077e-19
902.6545461229409,3.077e-19
902.6645902370431,3.088e-19
902.6746343511451,3.104e-19
902.6846784652471,3.111e-19
902.6947225793491,3.116e-19
902.7047666934512,3.122e-19
902.7148108075532,3.123e-19
902.7248549216553,3.133e-19
902.7348990357574,3.161e-19
902.7449431498594,3.173e-19
902.7549872639614,3.152e-19
902.7650313780634,3.153e-19
902.7750754921656,3.191e-19
902.7851196062676,3.196e-19
902.7951637203696,3.155e-19
902.8052078344717,3.143e-19
902.8152519485737,3.185e-19
902.8252960626758,3.208e-19
902.8353401767779,3.186e-19
902.8453842908799,3.169e-19
902.8554284049819,3.17e-19
902.8654725190839,3.166e-19
902.8755166331861,3.162e-19
902.8855607472881,3.175e-19
902.8956048613901,3.191e-19
902.9056489754922,3.19e-19
902.9156930895942,3.185e-19
902.9257372036963,3.194e-19
902.9357813177983,3.207e-19
902.9458254319004,3.207e-19
902.9558695460024,3.195e-19
902.9659136601044,3.188e-19
902.9759577742066,3.198e-19
902.9860018883086,3.208e-19
902.9960460024106,3.207e-19
903.0060901165127,3.215e-19
903.0161342306147,3.239e-19
903.0261783447168,3.254e-19
903.0362224588188,3.245e-19
903.0462665729209,3.243e-19
903.0563106870229,3.265e-19
903.0663548011249,3.286e-19
903.0763989152271,3.289e-19
903.0864430293291,3.281e-19
903.0964871434311,3.272e-19
903.1065312575331,3.272e-19
903.1165753716352,3.29e-19
903.1266194857373,3.317e-19
903.1366635998393,3.326e-19
903.1467077139414,3.313e-19
903.1567518280434,3.304e-19
903.1667959421454,3.307e-19
903.1768400562476,3.311e-19
903.1868841703496,3.312e-19
903.1969282844516,3.31e-19
903.2069723985536,3.306e-19
903.2170165126557,3.31e-19
903.2270606267577,3.33e-19
903.2371047408598,3.344e-19
903.2471488549619,3.337e-19
903.2571929690639,3.325e-19
903.2672370831659,3.329e-19
903.2772811972679,3.339e-19
903.2873253113701,3.343e-19
903.2973694254721,3.35e-19
903.3074135395741,3.364e-19
903.3174576536762,3.373e-19
903.3275017677782,3.374e-19
903.3375458818803,3.377e-19
903.3475899959824,3.377e-19
903.3576341100844,3.376e-19
903.3676782241864,3.39e-19
903.3777223382884,3.414e-19
903.3877664523906,3.424e-19
903.3978105664926,3.419e-19
903.4078546805946,3.425e-19
903.4178987946967,3.443e-19
903.4279429087987,3.452e-19
903.4379870229008,3.457e-19
903.4480311370028,3.472e-19
903.4580752511049,3.485e-19
903.4681193652069,3.482e-19
903.4781634793089,3.48e-19
903.4882075934111,3.485e-19
903.4982517075131,3.487e-19
903.5082958216151,3.488e-19
903.5183399357172,3.503e-19
903.5283840498192,3.522e-19
903.5384281639213,3.523e-19
903.5484722780233,3.512e-19
903.5585163921254,3.513e-19
903.5685605062274,3.53e-19
903.5786046203294,3.546e-19
903.5886487344316,3.548e-19
903.5986928485336,3.533e-19
903.6087369626356,3.526e-19
903.6187810767376,3.545e-19
903.6288251908397,3.57e-19
903.6388693049417,3.575e-19
903.6489134190438,3.568e-19
903.6589575331459,3.564e-19
903.6690016472479,3.564e-19
903.6790457613499,3.566e-19
903.689089875452,3.575e-19
903.6991339895541,3.588e-19
903.7091781036561,3.597e-19
903.7192222177581,3.596e-19
903.7292663318602,3.588e-19
903.7393104459622,3.593e-19
903.7493545600643,3.628e-19
903.7593986741664,3.658e-19
903.7694427882684,3.642e-19
903.7794869023704,3.619e-19
903.7895310164724,3.645e-19
903.7995751305746,3.685e-19
903.8096192446766,3.68e-19
903.8196633587786,3.653e-19
903.8297074728807,3.659e-19
903.8397515869827,3.68e-19
903.8497957010848,3.683e-19
903.8598398151869,3.679e-19
903.8698839292889,3.68e-19
903.8799280433909,3.682e-19
903.8899721574929,3.688e-19
903.9000162715951,3.704e-19
903.9100603856971,3.712e-19
903.9201044997991,3.696e-19
903.9301486139012,3.679e-19
903.9401927280032,3.688e-19
903.9502368421053,3.708e-19
903.9602809562073,3.709e-19
903.9703250703094,3.699e-19
903.9803691844114,3.709e-19
903.9904132985134,3.731e-19
904.0004574126156,3.737e-19
904.0105015267176,3.731e-19
904.0205456408196,3.742e-19
904.0305897549217,3.754e-19
904.0406338690237,3.748e-19
904.0506779831258,3.748e-19
904.0607220972278,3.767e-19
904.0707662113299,3.778e-19
904.0808103254319,3.779e-19
904.0908544395339,3.798e-19
904.1008985536361,3.815e-19
904.1109426677381,3.81e-19
904.1209867818401,3.818e-19
904.1310308959421,3.848e-19
904.1410750100442,3.852e-19
904.1511191241462,3.832e-19
904.1611632382483,3.837e-19
904.1712073523504,3.849e-19
904.1812514664524,3.836e-19
904.1912955805544,3.842e-19
904.2013396946566,3.878e-19
904.2113838087586,3.883e-19
904.2214279228606,3.853e-19
904.2314720369626,3.856e-19
904.2415161510647,3.887e-19
904.2515602651667,3.893e-19
904.2616043792688,3.89e-19
904.2716484933709,3.902e-19
904.2816926074729,3.899e-19
904.2917367215749,3.878e-19
904.3017808356769,3.886e-19
904.3118249497791,3.921e-19
904.3218690638811,3.944e-19
904.3319131779831,3.948e-19
904.3419572920852,3.947e-19
904.3520014061872,3.936e-19
904.3620455202893,3.928e-19
904.3720896343914,3.947e-19
904.3821337484934,3.98e-19
904.3921778625954,3.998e-19
904.4022219766974,4.004e-19
904.4122660907996,4.014e-19
904.4223102049016,4.031e-19
904.4323543190036,4.053e-19
904.4423984331057,4.068e-19
904.4524425472077,4.069e-19
904.4624866613098,4.073e-19
904.4725307754118,4.093e-19
904.4825748895139,4.113e-19
904.4926190036159,4.121e-19
904.5026631177179,4.121e-19
904.5127072318201,4.108e-19
904.5227513459221,4.099e-19
904.5327954600241,4.129e-19
904.5428395741262,4.171e-19
904.5528836882282,4.166e-19
904.5629278023303,4.138e-19
904.5729719164323,4.149e-19
904.5830160305344,4.176e-19
904.5930601446364,4.173e-19
904.6031042587384,4.167e-19
904.6131483728406,4.187e-19
904.6231924869426,4.197e-19
904.6332366010446,4.185e-19
904.6432807151466,4.188e-19
904.6533248292487,4.202e-19
904.6633689433507,4.206e-19
904.6734130574528,4.217e-19
904.6834571715549,4.233e-19
904.6935012856569,4.22e-19
904.7035453997589,4.2e-19
904.713589513861,4.219e-19
904.7236336279631,4.242e-19
904.7336777420651,4.229e-19
904.7437218561671,4.228e-19
904.7537659702692,4.26e-19
904.7638100843712,4.274e-19
904.7738541984733,4.267e-19
904.7838983125754,4.279e-19
904.7939424266774,4.29e-19
904.8039865407794,4.281e-19
904.8140306548814,4.305e-19
904.8240747689836,4.357e-19
904.8341188830856,4.351e-19
904.8441629971876,4.302e-19
904.8542071112897,4.31e-19
904.8642512253917,4.361e-19
904.8742953394938,4.364e-19
904.8843394535959,4.338e-19
904.8943835676979,4.342e-19
904.9044276817999,4.35e-19
904.9144717959019,4.33e-19
904.9245159100041,4.322e-19
904.9345600241061,4.345e-19
904.9446041382081,4.365e-19
904.9546482523102,4.377e-19
904.9646923664122,4.398e-19
904.9747364805143,4.407e-19
904.9847805946163,4.392e-19
904.9948247087184,4.382e-19
905.0048688228204,4.392e-19
905.0149129369224,4.395e-19
905.0249570510246,4.391e-19
905.0350011651266,4.401e-19
905.0450452792286,4.419e-19
905.0550893933307,4.422e-19
905.0651335074327,4.419e-19
905.0751776215347,4.437e-19
905.0852217356368,4.469e-19
905.0952658497389,4.492e-19
905.1053099638409,4.506e-19
905.1153540779429,4.527e-19
905.125398192045,4.543e-19
905.1354423061471,4.531e-19
905.1454864202491,4.512e-19
905.1555305343511,4.528e-19
905.1655746484532,4.563e-19
905.1756187625552,4.568e-19
905.1856628766573,4.55e-19
905.1957069907594,4.554e-19
905.2057511048614,4.574e-19
905.2157952189634,4.572e-19
905.2258393330656,4.556e-19
905.2358834471676,4.563e-19
905.2459275612696,4.583e-19
905.2559716753716,4.581e-19
905.2660157894737,4.56e-19
905.2760599035757,4.561e-19
905.2861040176778,4.59e-19
905.2961481317799,4.614e-19
905.3061922458819,4.617e-19
905.3162363599839,4.613e-19
905.3262804740859,4.615e-19
905.3363245881881,4.615e-19
905.3463687022901,4.615e-19
905.3564128163921,4.627e-19
905.3664569304942,4.65e-19
905.3765010445962,4.669e-19
905.3865451586983,4.677e-19
905.3965892728004,4.681e-19
905.4066333869024,4.688e-19
905.4166775010044,4.698e-19
905.4267216151064,4.703e-19
905.4367657292086,4.709e-19
905.4468098433106,4.731e-19
905.4568539574126,4.764e-19
905.4668980715147,4.775e-19
905.4769421856167,4.761e-19
905.4869862997188,4.769e-19
905.4970304138208,4.801e-19
905.5070745279229,4.808e-19
905.5171186420249,4.792e-19
905.5271627561269,4.811e-19
905.537206870229,4.856e-19
905.5472509843311,4.855e-19
905.5572950984331,4.81e-19
905.5673392125352,4.802e-19
905.5773833266372,4.847e-19
905.5874274407392,4.884e-19
905.5974715548413,4.878e-19
905.6075156689434,4.86e-19
905.6175597830454,4.856e-19
905.6276038971474,4.859e-19
905.6376480112496,4.855e-19
905.6476921253516,4.849e-19
905.6577362394536,4.862e-19
905.6677803535556,4.892e-19
905.6778244676577,4.911e-19
905.6878685817597,4.911e-19
905.6979126958618,4.914e-19
905.7079568099639,4.919e-19
905.7180009240659,4.907e-19
905.7280450381679,4.902e-19
905.73808915227,4.931e-19
905.7481332663721,4.964e-19
905.7581773804741,4.969e-19
905.7682214945761,4.976e-19
905.7782656086782,5.003e-19
905.7883097227802,5.012e-19
905.7983538368823,5e-19
905.8083979509844,5.01e-19
905.8184420650864,5.037e-19
905.8284861791884,5.051e-19
905.8385302932904,5.065e-19
905.8485744073926,5.08e-19
905.8586185214946,5.067e-19
905.8686626355966,5.047e-19
905.8787067496987,5.07e-19
905.8887508638007,5.107e-19
905.8987949779028,5.108e-19
905.9088390920049,5.1e-19
905.9188832061069,5.121e-19
905.9289273202089,5.144e-19
905.9389714343109,5.152e-19
905.9490155484131,5.165e-19
905.9590596625151,5.169e-19
905.9691037766171,5.151e-19
905.9791478907192,5.147e-19
905.9891920048212,5.172e-19
905.9992361189232,5.182e-19
906.0092802330253,5.171e-19
906.0193243471274,5.18e-19
906.0293684612294,5.204e-19
906.0394125753314,5.213e-19
906.0494566894336,5.216e-19
906.0595008035356,5.228e-19
906.0695449176376,5.238e-19
906.0795890317397,5.245e-19
906.0896331458417,5.26e-19
906.0996772599437,5.278e-19
906.1097213740458,5.297e-19
906.1197654881479,5.323e-19
906.1298096022499,5.335e-19
906.1398537163519,5.325e-19
906.149897830454,5.329e-19
906.1599419445561,5.358e-19
906.1699860586581,5.37e-19
906.1800301727601,5.355e-19
906.1900742868622,5.353e-19
906.2001184009642,5.373e-19
906.2101625150663,5.394e-19
906.2202066291684,5.408e-19
906.2302507432704,5.418e-19
906.2402948573724,5.43e-19
906.2503389714745,5.449e-19
906.2603830855766,5.459e-19
906.2704271996786,5.448e-19
906.2804713137806,5.44e-19
906.2905154278827,5.454e-19
906.3005595419847,5.465e-19
906.3106036560868,5.464e-19
906.3206477701889,5.477e-19
906.3306918842909,5.495e-19
906.3407359983929,5.488e-19
906.3507801124949,5.474e-19
906.3608242265971,5.483e-19
906.3708683406991,5.499e-19
906.3809124548011,5.506e-19
906.3909565689032,5.524e-19
906.4010006830052,5.54e-19
906.4110447971073,5.528e-19
906.4210889112094,5.515e-19
906.4311330253114,5.542e-19
906.4411771394134,5.584e-19
906.4512212535154,5.594e-19
906.4612653676176,5.59e-19
906.4713094817196,5.611e-19
906.4813535958216,5.647e-19
906.4913977099237,5.667e-19
906.5014418240257,5.668e-19
906.5114859381277,5.672e-19
906.5215300522298,5.678e-19
906.5315741663319,5.683e-19
906.5416182804339,5.703e-19
906.5516623945359,5.735e-19
906.561706508638,5.751e-19
906.5717506227401,5.749e-19
906.5817947368421,5.761e-19
906.5918388509442,5.782e-19
906.6018829650462,5.781e-19
906.6119270791482,5.781e-19
906.6219711932503,5.806e-19
906.6320153073524,5.822e-19
906.6420594214544,5.806e-19
906.6521035355564,5.793e-19
906.6621476496586,5.801e-19
906.6721917637606,5.817e-19
906.6822358778626,5.846e-19
906.6922799919646,5.874e-19
906.7023241060667,5.869e-19
906.7123682201687,5.858e-19
906.7224123342708,5.883e-19
906.7324564483729,5.904e-19
906.7425005624749,5.879e-19
906.7525446765769,5.868e-19
906.762588790679,5.906e-19
906.7726329047811,5.93e-19
906.7826770188831,5.927e-19
906.7927211329851,5.95e-19
906.8027652470872,5.988e-19
906.8128093611892,5.994e-19
906.8228534752913,5.986e-19
906.8328975893934,5.993e-19
906.8429417034954,6.005e-19
906.8529858175974,6.026e-19
906.8630299316994,6.058e-19
906.8730740458016,6.066e-19
906.8831181599036,6.052e-19
906.8931622740056,6.067e-19
906.9032063881077,6.107e-19
906.9132505022097,6.128e-19
906.9232946163118,6.131e-19
906.9333387304139,6.138e-19
906.9433828445159,6.135e-19
906.9534269586179,6.133e-19
906.96347107272,6.151e-19
906.973515186822,6.172e-19
906.9835593009241,6.183e-19
906.9936034150261,6.2e-19
907.0036475291282,6.214e-19
907.0136916432302,6.213e-19
907.0237357573322,6.217e-19
907.0337798714344,6.228e-19
907.0438239855364,6.224e-19
907.0538680996384,6.23e-19
907.0639122137404,6.265e-19
907.0739563278426,6.283e-19
907.0840004419446,6.26e-19
907.0940445560466,6.257e-19
907.1040886701487,6.292e-19
907.1141327842507,6.314e-19
907.1241768983527,6.322e-19
907.1342210124549,6.354e-19
907.1442651265569,6.376e-19
907.1543092406589,6.354e-19
907.1643533547609,6.344e-19
907.174397468863,6.387e-19
907.1844415829651,6.43e-19
907.1944856970671,6.436e-19
907.2045298111692,6.447e-19
907.2145739252712,6.489e-19
907.2246180393732,6.521e-19
907.2346621534753,6.507e-19
907.2447062675774,6.484e-19
907.2547503816794,6.502e-19
907.2647944957814,6.542e-19
907.2748386098835,6.556e-19
907.2848827239856,6.55e-19
907.2949268380876,6.56e-19
907.3049709521897,6.577e-19
907.3150150662917,6.576e-19
907.3250591803937,6.58e-19
907.3351032944958,6.597e-19
907.3451474085979,6.595e-19
907.3551915226999,6.579e-19
907.3652356368019,6.593e-19
907.375279750904,6.623e-19
907.3853238650061,6.628e-19
907.3953679791081,6.626e-19
907.4054120932101,6.646e-19
907.4154562073122,6.664e-19
907.4255003214142,6.667e-19
907.4355444355162,6.676e-19
907.4455885496184,6.687e-19
907.4556326637204,6.689e-19
907.4656767778224,6.701e-19
907.4757208919245,6.735e-19
907.4857650060266,6.756e-19
907.4958091201286,6.756e-19
907.5058532342306,6.764e-19
907.5158973483327,6.786e-19
907.5259414624347,6.806e-19
907.5359855765367,6.83e-19
907.5460296906389,6.856e-19
907.5560738047409,6.867e-19
907.5661179188429,6.878e-19
907.5761620329449,6.904e-19
907.586206147047,6.917e-19
907.5962502611491,6.903e-19
907.6062943752511,6.91e-19
907.6163384893532,6.95e-19
907.6263826034552,6.962e-19
907.6364267175572,6.935e-19
907.6464708316594,6.934e-19
907.6565149457614,6.968e-19
907.6665590598634,6.985e-19
907.6766031739654,6.987e-19
907.6866472880675,7.011e-19
907.6966914021696,7.035e-19
907.7067355162716,7.03e-19
907.7167796303737,7.024e-19
907.7268237444757,7.04e-19
907.7368678585777,7.053e-19
907.7469119726798,7.06e-19
907.7569560867819,7.078e-19
907.7670002008839,7.097e-19
907.7770443149859,7.111e-19
907.787088429088,7.136e-19
907.7971325431901,7.159e-19
907.8071766572921,7.154e-19
907.8172207713942,7.153e-19
907.8272648854962,7.183e-19
907.8373089995982,7.201e-19
907.8473531137003,7.194e-19
907.8573972278024,7.21e-19
907.8674413419044,7.247e-19
907.8774854560064,7.259e-19
907.8875295701085,7.263e-19
907.8975736842106,7.29e-19
907.9076177983126,7.31e-19
907.9176619124146,7.307e-19
907.9277060265167,7.319e-19
907.9377501406187,7.35e-19
907.9477942547207,7.375e-19
907.9578383688229,7.394e-19
907.9678824829249,7.406e-19
907.9779265970269,7.396e-19
907.987970711129,7.387e-19
907.998014825231,7.407e-19
908.0080589393331,7.427e-19
908.0181030534351,7.428e-19
908.0281471675372,7.439e-19
908.0381912816392,7.457e-19
908.0482353957412,7.448e-19
908.0582795098434,7.446e-19
908.0683236239454,7.489e-19
908.0783677380474,7.523e-19
908.0884118521494,7.508e-19
908.0984559662515,7.498e-19
908.1085000803536,7.533e-19
908.1185441944556,7.568e-19
908.1285883085577,7.574e-19
908.1386324226597,7.579e-19
908.1486765367617,7.6e-19
908.1587206508639,7.628e-19
908.1687647649659,7.666e-19
908.1788088790679,7.708e-19
908.1888529931699,7.726e-19
908.198897107272,7.724e-19
908.2089412213741,7.733e-19
908.2189853354761,7.753e-19
908.2290294495782,7.755e-19
908.2390735636802,7.742e-19
908.2491176777822,7.752e-19
908.2591617918843,7.792e-19
908.2692059059864,7.824e-19
908.2792500200884,7.828e-19
908.2892941341904,7.823e-19
908.2993382482925,7.835e-19
908.3093823623946,7.858e-19
908.3194264764966,7.873e-19
908.3294705905987,7.874e-19
908.3395147047007,7.881e-19
908.3495588188027,7.905e-19
908.3596029329047,7.926e-19
908.3696470470069,7.924e-19
908.3796911611089,7.931e-19
908.3897352752109,7.966e-19
908.399779389313,7.987e-19
908.409823503415,7.975e-19
908.4198676175171,7.976e-19
908.4299117316191,7.995e-19
908.4399558457212,7.977e-19
908.4499999598232,7.947e-19
908.4600440739252,7.982e-19
908.4700881880274,8.05e-19
908.4801323021294,8.062e-19
908.4901764162314,8.05e-19
908.5002205303335,8.078e-19
908.5102646444356,8.113e-19
908.5203087585376,8.114e-19
908.5303528726396,8.124e-19
908.5403969867417,8.169e-19
908.5504411008437,8.21e-19
908.5604852149457,8.232e-19
908.5705293290479,8.253e-19
908.5805734431499,8.262e-19
908.5906175572519,8.263e-19
908.6006616713539,8.277e-19
908.610705785456,8.292e-19
908.6207498995581,8.299e-19
908.6307940136601,8.331e-19
908.6408381277622,8.379e-19
908.6508822418642,8.381e-19
908.6609263559662,8.344e-19
908.6709704700684,8.351e-19
908.6810145841704,8.404e-19
908.6910586982724,8.422e-19
908.7011028123744,8.395e-19
908.7111469264765,8.401e-19
908.7211910405786,8.457e-19
908.7312351546806,8.495e-19
908.7412792687827,8.481e-19
908.7513233828847,8.465e-19
908.7613674969867,8.49e-19
908.7714116110888,8.528e-19
908.7814557251909,8.54e-19
908.7914998392929,8.541e-19
908.8015439533949,8.559e-19
908.811588067497,8.584e-19
908.821632181599,8.592e-19
908.8316762957011,8.602e-19
908.8417204098032,8.637e-19
908.8517645239052,8.673e-19
908.8618086380072,8.68e-19
908.8718527521092,8.678e-19
908.8818968662114,8.694e-19
908.8919409803134,8.726e-19
908.9019850944154,8.763e-19
908.9120292085175,8.798e-19
908.9220733226196,8.806e-19
908.9321174367216,8.785e-19
908.9421615508236,8.784e-19
908.9522056649257,8.828e-19
908.9622497790277,8.867e-19
908.9722938931297,8.88e-19
908.9823380072319,8.907e-19
908.9923821213339,8.94e-19
909.0024262354359,8.925e-19
909.012470349538,8.899e-19
909.02251446364,8.918e-19
909.0325585777421,8.933e-19
909.0426026918441,8.901e-19
909.0526468059462,8.894e-19
909.0626909200482,8.948e-19
909.0727350341502,8.984e-19
909.0827791482524,8.972e-19
909.0928232623544,8.972e-19
909.1028673764564,8.994e-19
909.1129114905584,9.009e-19
909.1229556046605,9.037e-19
909.1329997187626,9.073e-19
909.1430438328646,9.069e-19
909.1530879469667,9.054e-19
909.1631320610687,9.091e-19
909.1731761751707,9.137e-19
909.1832202892729,9.131e-19
909.1932644033749,9.123e-19
909.2033085174769,9.166e-19
909.2133526315789,9.201e-19
909.223396745681,9.19e-19
909.2334408597831,9.181e-19
909.2434849738851,9.207e-19
909.2535290879872,9.246e-19
909.2635732020892,9.276e-19
909.2736173161912,9.284e-19
909.2836614302933,9.281e-19
909.2937055443954,9.306e-19
909.3037496584974,9.358e-19
909.3137937725994,9.383e-19
909.3238378867015,9.373e-19
909.3338820008036,9.377e-19
909.3439261149056,9.398e-19
909.3539702290077,9.4e-19
909.3640143431097,9.396e-19
909.3740584572117,9.416e-19
909.3841025713137,9.433e-19
909.3941466854159,9.42e-19
909.4041907995179,9.412e-19
909.4142349136199,9.44e-19
909.424279027722,9.478e-19
909.434323141824,9.491e-19
909.4443672559261,9.484e-19
909.4544113700281,9.487e-19
909.4644554841302,9.503e-19
909.4744995982322,9.519e-19
909.4845437123342,9.537e-19
909.4945878264364,9.564e-19
909.5046319405384,9.594e-19
909.5146760546404,9.619e-19
909.5247201687425,9.639e-19
909.5347642828445,9.656e-19
909.5448083969466,9.67e-19
909.5548525110486,9.682e-19
909.5648966251507,9.692e-19
909.5749407392527,9.713e-19
909.5849848533547,9.755e-19
909.5950289674569,9.791e-19
909.6050730815589,9.791e-19
909.6151171956609,9.784e-19
909.6251613097629,9.803e-19
909.635205423865,9.814e-19
909.6452495379671,9.802e-19
909.6552936520691,9.815e-19
909.6653377661712,9.856e-19
909.6753818802732,9.866e-19
909.6854259943752,9.86e-19
909.6954701084774,9.893e-19
909.7055142225794,9.935e-19
909.7155583366814,9.936e-19
909.7256024507834,9.936e-19
909.7356465648855,9.967e-19
909.7456906789876,9.981e-19
909.7557347930896,9.966e-19
909.7657789071917,9.979e-19
909.7758230212937,1.002e-18
909.7858671353957,1.004e-18
909.7959112494977,1.002e-18
909.8059553635999,1.001e-18
909.8159994777019,1.002e-18
909.8260435918039,1.004e-18
909.836087705906,1.006e-18
909.846131820008,1.007e-18
909.8561759341101,1.01e-18
909.8662200482122,1.014e-18
909.8762641623142,1.017e-18
909.8863082764162,1.018e-18
909.8963523905182,1.019e-18
909.9063965046204,1.022e-18
909.9164406187224,1.024e-18
909.9264847328244,1.026e-18
909.9365288469265,1.029e-18
909.9465729610286,1.033e-18
909.9566170751306,1.035e-18
909.9666611892326,1.038e-18
909.9767053033347,1.04e-18
909.9867494174367,1.041e-18
909.9967935315387,1.042e-18
910.0068376456409,1.045e-18
910.0168817597429,1.047e-18
910.0269258738449,1.047e-18
910.036969987947,1.046e-18
910.047014102049,1.049e-18
910.0570582161511,1.053e-18
910.0671023302531,1.056e-18
910.0771464443552,1.057e-18
910.0871905584572,1.057e-18
910.0972346725592,1.058e-18
910.1072787866614,1.059e-18
910.1173229007634,1.06e-18
910.1273670148654,1.061e-18
910.1374111289674,1.063e-18
910.1474552430695,1.064e-18
910.1574993571716,1.066e-18
910.1675434712736,1.069e-18
910.1775875853757,1.071e-18
910.1876316994777,1.071e-18
910.1976758135797,1.071e-18
910.2077199276819,1.071e-18
910.2177640417839,1.073e-18
910.2278081558859,1.077e-18
910.2378522699879,1.08e-18
910.24789638409,1.08e-18
910.257940498192,1.081e-18
910.2679846122941,1.084e-18
910.2780287263962,1.086e-18
910.2880728404982,1.09e-18
910.2981169546002,1.095e-18
910.3081610687022,1.097e-18
910.3182051828044,1.095e-18
910.3282492969064,1.096e-18
910.3382934110084,1.1e-18
910.3483375251105,1.103e-18
910.3583816392126,1.103e-18
910.3684257533146,1.103e-18
910.3784698674167,1.103e-18
910.3885139815187,1.104e-18
910.3985580956207,1.106e-18
910.4086022097227,1.107e-18
910.4186463238249,1.107e-18
910.4286904379269,1.107e-18
910.4387345520289,1.108e-18
910.448778666131,1.109e-18
910.458822780233,1.112e-18
910.4688668943351,1.114e-18
910.4789110084371,1.115e-18
910.4889551225392,1.117e-18
910.4989992366412,1.121e-18
910.5090433507432,1.121e-18
910.5190874648454,1.119e-18
910.5291315789474,1.12e-18
910.5391756930494,1.124e-18
910.5492198071515,1.126e-18
910.5592639212535,1.127e-18
910.5693080353556,1.131e-18
910.5793521494576,1.133e-18
910.5893962635597,1.135e-18
910.5994403776617,1.138e-18
910.6094844917637,1.141e-18
910.6195286058659,1.142e-18
910.6295727199679,1.142e-18
910.6396168340699,1.143e-18
910.6496609481719,1.144e-18
910.659705062274,1.145e-18
910.6697491763761,1.147e-18
910.6797932904781,1.148e-18
910.6898374045802,1.15e-18
910.6998815186822,1.153e-18
910.7099256327842,1.153e-18
910.7199697468864,1.154e-18
910.7300138609884,1.158e-18
910.7400579750904,1.16e-18
910.7501020891924,1.157e-18
910.7601462032945,1.156e-18
910.7701903173966,1.159e-18
910.7802344314986,1.159e-18
910.7902785456007,1.157e-18
910.8003226597027,1.161e-18
910.8103667738047,1.165e-18
910.8204108879067,1.165e-18
910.8304550020089,1.165e-18
910.8404991161109,1.169e-18
910.8505432302129,1.17e-18
910.860587344315,1.167e-18
910.870631458417,1.168e-18
910.8806755725191,1.172e-18
910.8907196866212,1.174e-18
910.9007638007232,1.175e-18
910.9108079148252,1.176e-18
910.9208520289272,1.18e-18
910.9308961430294,1.184e-18
910.9409402571314,1.186e-18
910.9509843712334,1.187e-18
910.9610284853355,1.19e-18
910.9710725994375,1.192e-18
910.9811167135396,1.192e-18
910.9911608276416,1.194e-18
911.0012049417437,1.197e-18
911.0112490558457,1.195e-18
911.0212931699477,1.192e-18
911.0313372840499,1.197e-18
911.0413813981519,1.202e-18
911.0514255122539,1.198e-18
911.061469626356,1.197e-18
911.071513740458,1.202e-18
911.0815578545601,1.205e-18
911.0916019686621,1.203e-18
911.1016460827642,1.205e-18
911.1116901968662,1.205e-18
911.1217343109682,1.203e-18
911.1317784250704,1.207e-18
911.1418225391724,1.214e-18
911.1518666532744,1.213e-18
911.1619107673764,1.209e-18
911.1719548814785,1.212e-18
911.1819989955806,1.217e-18
911.1920431096826,1.214e-18
911.2020872237847,1.214e-18
911.2121313378867,1.218e-18
911.2221754519887,1.22e-18
911.2322195660909,1.219e-18
911.2422636801929,1.221e-18
911.2523077942949,1.222e-18
911.262351908397,1.222e-18
911.272396022499,1.225e-18
911.282440136601,1.228e-18
911.2924842507031,1.227e-18
911.3025283648052,1.228e-18
911.3125724789072,1.232e-18
911.3226165930092,1.236e-18
911.3326607071114,1.239e-18
911.3427048212134,1.242e-18
911.3527489353154,1.242e-18
911.3627930494174,1.241e-18
911.3728371635195,1.242e-18
911.3828812776215,1.243e-18
911.3929253917236,1.243e-18
911.4029695058257,1.246e-18
911.4130136199277,1.251e-18
911.4230577340297,1.252e-18
911.4331018481319,1.249e-18
911.4431459622339,1.245e-18
911.4531900763359,1.247e-18
911.4632341904379,1.251e-18
911.47327830454,1.252e-18
911.483322418642,1.251e-18
911.4933665327441,1.253e-18
911.5034106468462,1.258e-18
911.5134547609482,1.257e-18
911.5234988750502,1.252e-18
911.5335429891522,1.255e-18
911.5435871032544,1.259e-18
911.5536312173564,1.259e-18
911.5636753314584,1.259e-18
911.5737194455605,1.265e-18
911.5837635596625,1.268e-18
911.5938076737646,1.267e-18
911.6038517878667,1.27e-18
911.6138959019687,1.275e-18
911.6239400160707,1.273e-18
911.6339841301727,1.274e-18
911.6440282442749,1.282e-18
911.6540723583769,1.283e-18
911.6641164724789,1.278e-18
911.674160586581,1.278e-18
911.684204700683,1.281e-18
911.694248814785,1.282e-18
911.7042929288871,1.283e-18
911.7143370429892,1.287e-18
911.7243811570912,1.288e-18
911.7344252711932,1.287e-18
911.7444693852954,1.289e-18
911.7545134993974,1.29e-18
911.7645576134994,1.29e-18
911.7746017276015,1.292e-18
911.7846458417035,1.295e-18
911.7946899558056,1.296e-18
911.8047340699076,1.297e-18
911.8147781840097,1.298e-18
911.8248222981117,1.298e-18
911.8348664122137,1.299e-18
911.8449105263159,1.303e-18
911.8549546404179,1.303e-18
911.8649987545199,1.3e-18
911.8750428686219,1.301e-18
911.885086982724,1.302e-18
911.895131096826,1.303e-18
911.9051752109281,1.308e-18
911.9152193250302,1.313e-18
911.9252634391322,1.31e-18
911.9353075532342,1.304e-18
911.9453516673364,1.308e-18
911.9553957814384,1.314e-18
911.9654398955404,1.313e-18
911.9754840096424,1.311e-18
911.9855281237445,1.315e-18
911.9955722378465,1.321e-18
912.0056163519486,1.322e-18
912.0156604660507,1.322e-18
912.0257045801527,1.324e-18
912.0357486942547,1.328e-18
912.0457928083567,1.331e-18
912.0558369224589,1.332e-18
912.0658810365609,1.331e-18
912.0759251506629,1.328e-18
912.085969264765,1.326e-18
912.096013378867,1.332e-18
912.1060574929691,1.338e-18
912.1161016070712,1.334e-18
912.1261457211732,1.328e-18
912.1361898352752,1.329e-18
912.1462339493772,1.333e-18
912.1562780634794,1.332e-18
912.1663221775814,1.333e-18
912.1763662916834,1.338e-18
912.1864104057855,1.337e-18
912.1964545198875,1.332e-18
912.2064986339896,1.335e-18
912.2165427480916,1.342e-18
912.2265868621937,1.343e-18
912.2366309762957,1.342e-18
912.2466750903977,1.347e-18
912.2567192044999,1.348e-18
912.2667633186019,1.346e-18
912.2768074327039,1.347e-18
912.286851546806,1.35e-18
912.296895660908,1.347e-18
912.30693977501,1.347e-18
912.3169838891121,1.353e-18
912.3270280032142,1.358e-18
912.3370721173162,1.357e-18
912.3471162314182,1.358e-18
912.3571603455204,1.358e-18
912.3672044596224,1.356e-18
912.3772485737244,1.357e-18
912.3872926878264,1.363e-18
912.3973368019285,1.363e-18
912.4073809160305,1.358e-18
912.4174250301326,1.361e-18
912.4274691442347,1.369e-18
912.4375132583367,1.368e-18
912.4475573724387,1.362e-18
912.4576014865409,1.363e-18
912.4676456006429,1.367e-18
912.4776897147449,1.367e-18
912.4877338288469,1.365e-18
912.497777942949,1.366e-18
912.507822057051,1.367e-18
912.5178661711531,1.365e-18
912.5279102852552,1.367e-18
912.5379543993572,1.372e-18
912.5479985134592,1.371e-18
912.5580426275612,1.366e-18
912.5680867416634,1.366e-18
912.5781308557654,1.373e-18
912.5881749698674,1.376e-18
912.5982190839695,1.374e-18
912.6082631980715,1.374e-18
912.6183073121736,1.375e-18
912.6283514262757,1.376e-18
912.6383955403777,1.379e-18
912.6484396544797,1.38e-18
912.6584837685817,1.381e-18
912.6685278826839,1.385e-18
912.6785719967859,1.388e-18
912.6886161108879,1.387e-18
912.69866022499,1.389e-18
912.708704339092,1.392e-18
912.718748453194,1.388e-18
912.7287925672961,1.38e-18
912.7388366813982,1.381e-18
912.7488807955002,1.389e-18
912.7589249096022,1.392e-18
912.7689690237044,1.391e-18
912.7790131378064,1.392e-18
912.7890572519084,1.391e-18
912.7991013660105,1.39e-18
912.8091454801125,1.393e-18
912.8191895942145,1.398e-18
912.8292337083166,1.396e-18
912.8392778224187,1.393e-18
912.8493219365207,1.393e-18
912.8593660506227,1.394e-18
912.8694101647249,1.394e-18
912.8794542788269,1.393e-18
912.8894983929289,1.392e-18
912.8995425070309,1.394e-18
912.909586621133,1.398e-18
912.919630735235,1.399e-18
912.9296748493371,1.399e-18
912.9397189634392,1.404e-18
912.9497630775412,1.406e-18
912.9598071916432,1.402e-18
912.9698513057454,1.403e-18
912.9798954198474,1.412e-18
912.9899395339494,1.419e-18
912.9999836480514,1.418e-18
913.0100277621535,1.414e-18
913.0200718762555,1.412e-18
913.0301159903576,1.411e-18
913.0401601044597,1.413e-18
913.0502042185617,1.415e-18
913.0602483326637,1.415e-18
913.0702924467657,1.416e-18
913.0803365608679,1.42e-18
913.0903806749699,1.42e-18
913.1004247890719,1.418e-18
913.110468903174,1.419e-18
913.120513017276,1.42e-18
913.130557131378,1.419e-18
913.1406012454802,1.42e-18
913.1506453595822,1.422e-18
913.1606894736842,1.42e-18
913.1707335877862,1.418e-18
913.1807777018884,1.421e-18
913.1908218159904,1.424e-18
913.2008659300924,1.422e-18
913.2109100441945,1.423e-18
913.2209541582965,1.425e-18
913.2309982723986,1.426e-18
913.2410423865006,1.427e-18
913.2510865006027,1.428e-18
913.2611306147047,1.424e-18
913.2711747288067,1.423e-18
913.2812188429089,1.427e-18
913.2912629570109,1.43e-18
913.3013070711129,1.429e-18
913.311351185215,1.431e-18
913.321395299317,1.436e-18
913.331439413419,1.437e-18
913.3414835275211,1.436e-18
913.3515276416232,1.438e-18
913.3615717557252,1.441e-18
913.3716158698272,1.444e-18
913.3816599839294,1.448e-18
913.3917040980314,1.449e-18
913.4017482121334,1.447e-18
913.4117923262354,1.447e-18
913.4218364403375,1.451e-18
913.4318805544395,1.452e-18
913.4419246685416,1.451e-18
913.4519687826437,1.452e-18
913.4620128967457,1.449e-18
913.4720570108477,1.446e-18
913.4821011249498,1.447e-18
913.4921452390519,1.45e-18
913.5021893531539,1.449e-18
913.5122334672559,1.448e-18
913.522277581358,1.447e-18
913.53232169546,1.447e-18
913.542365809562,1.449e-18
913.5524099236642,1.452e-18
913.5624540377662,1.453e-18
913.5724981518682,1.453e-18
913.5825422659702,1.453e-18
913.5925863800724,1.454e-18
913.6026304941744,1.455e-18
913.6126746082764,1.459e-18
913.6227187223785,1.46e-18
913.6327628364805,1.456e-18
913.6428069505826,1.456e-18
913.6528510646847,1.461e-18
913.6628951787867,1.463e-18
913.6729392928887,1.459e-18
913.6829834069907,1.46e-18
913.6930275210929,1.464e-18
913.7030716351949,1.464e-18
913.7131157492969,1.464e-18
913.723159863399,1.468e-18
913.733203977501,1.473e-18
913.743248091603,1.474e-18
913.7532922057051,1.474e-18
913.7633363198072,1.477e-18
913.7733804339092,1.481e-18
913.7834245480112,1.482e-18
913.7934686621134,1.48e-18
913.8035127762154,1.477e-18
913.8135568903174,1.475e-18
913.8236010044195,1.474e-18
913.8336451185215,1.474e-18
913.8436892326235,1.477e-18
913.8537333467256,1.479e-18
913.8637774608277,1.478e-18
913.8738215749297,1.476e-18
913.8838656890317,1.475e-18
913.8939098031339,1.474e-18
913.9039539172359,1.472e-18
913.9139980313379,1.473e-18
913.9240421454399,1.473e-18
913.934086259542,1.471e-18
913.944130373644,1.471e-18
913.9541744877461,1.471e-18
913.9642186018482,1.467e-18
913.9742627159502,1.466e-18
913.9843068300522,1.468e-18
913.9943509441543,1.466e-18
914.0043950582564,1.463e-18
914.0144391723584,1.466e-18
914.0244832864604,1.471e-18
914.0345274005625,1.469e-18
914.0445715146645,1.466e-18
914.0546156287666,1.469e-18
914.0646597428687,1.471e-18
914.0747038569707,1.47e-18
914.0847479710727,1.47e-18
914.0947920851747,1.474e-18
914.1048361992769,1.475e-18
914.1148803133789,1.475e-18
914.1249244274809,1.476e-18
914.134968541583,1.477e-18
914.145012655685,1.478e-18
914.155056769787,1.48e-18
914.1651008838892,1.482e-18
914.1751449979912,1.483e-18
914.1851891120932,1.485e-18
914.1952332261952,1.486e-18
914.2052773402974,1.482e-18
914.2153214543994,1.478e-18
914.2253655685014,1.476e-18
914.2354096826035,1.474e-18
914.2454537967055,1.471e-18
914.2554979108075,1.47e-18
914.2655420249096,1.47e-18
914.2755861390117,1.469e-18
914.2856302531137,1.468e-18
914.2956743672157,1.468e-18
914.3057184813179,1.47e-18
914.3157625954199,1.471e-18
914.3258067095219,1.469e-18
914.335850823624,1.466e-18
914.345894937726,1.465e-18
914.355939051828,1.468e-18
914.3659831659301,1.471e-18
914.3760272800322,1.47e-18
914.3860713941342,1.469e-18
914.3961155082362,1.469e-18
914.4061596223384,1.469e-18
914.4162037364404,1.471e-18
914.4262478505424,1.474e-18
914.4362919646444,1.474e-18
914.4463360787465,1.47e-18
914.4563801928485,1.471e-18
914.4664243069506,1.476e-18
914.4764684210527,1.476e-18
914.4865125351547,1.471e-18
914.4965566492567,1.472e-18
914.5066007633588,1.475e-18
914.5166448774609,1.473e-18
914.5266889915629,1.468e-18
914.536733105665,1.468e-18
914.546777219767,1.469e-18
914.556821333869,1.467e-18
914.566865447971,1.465e-18
914.5769095620732,1.466e-18
914.5869536761752,1.467e-18
914.5969977902772,1.466e-18
914.6070419043792,1.465e-18
914.6170860184814,1.463e-18
914.6271301325834,1.462e-18
914.6371742466854,1.462e-18
914.6472183607875,1.463e-18
914.6572624748895,1.463e-18
914.6673065889916,1.463e-18
914.6773507030937,1.465e-18
914.6873948171957,1.465e-18
914.6974389312977,1.462e-18
914.7074830453998,1.461e-18
914.7175271595019,1.463e-18
914.7275712736039,1.465e-18
914.7376153877059,1.467e-18
914.747659501808,1.468e-18
914.75770361591,1.466e-18
914.767747730012,1.464e-18
914.7777918441141,1.466e-18
914.7878359582162,1.467e-18
914.7978800723182,1.468e-18
914.8079241864202,1.472e-18
914.8179683005224,1.473e-18
914.8280124146244,1.467e-18
914.8380565287264,1.465e-18
914.8481006428285,1.47e-18
914.8581447569305,1.474e-18
914.8681888710325,1.47e-18
914.8782329851347,1.468e-18
914.8882770992367,1.47e-18
914.8983212133387,1.471e-18
914.9083653274407,1.47e-18
914.9184094415428,1.47e-18
914.9284535556449,1.471e-18
914.9384976697469,1.47e-18
914.9485417838489,1.47e-18
914.958585897951,1.47e-18
914.968630012053,1.469e-18
914.978674126155,1.468e-18
914.9887182402572,1.467e-18
914.9987623543592,1.465e-18
915.0088064684612,1.466e-18
915.0188505825633,1.47e-18
915.0288946966654,1.473e-18
915.0389388107674,1.471e-18
915.0489829248695,1.471e-18
915.0590270389715,1.473e-18
915.0690711530735,1.476e-18
915.0791152671756,1.477e-18
915.0891593812777,1.48e-18
915.0992034953797,1.483e-18
915.1092476094817,1.484e-18
915.1192917235837,1.481e-18
915.1293358376859,1.478e-18
915.1393799517879,1.479e-18
915.1494240658899,1.481e-18
915.159468179992,1.478e-18
915.169512294094,1.474e-18
915.179556408196,1.476e-18
915.1896005222982,1.479e-18
915.1996446364002,1.478e-18
915.2096887505022,1.475e-18
915.2197328646043,1.476e-18
915.2297769787064,1.478e-18
915.2398210928084,1.478e-18
915.2498652069104,1.476e-18
915.2599093210125,1.476e-18
915.2699534351145,1.476e-18
915.2799975492165,1.476e-18
915.2900416633186,1.475e-18
915.3000857774207,1.473e-18
915.3101298915227,1.474e-18
915.3201740056247,1.475e-18
915.3302181197269,1.472e-18
915.3402622338289,1.47e-18
915.3503063479309,1.473e-18
915.360350462033,1.476e-18
915.370394576135,1.476e-18
915.380438690237,1.478e-18
915.3904828043392,1.481e-18
915.4005269184412,1.48e-18
915.4105710325432,1.478e-18
915.4206151466452,1.481e-18
915.4306592607473,1.484e-18
915.4407033748494,1.484e-18
915.4507474889514,1.489e-18
915.4607916030534,1.495e-18
915.4708357171555,1.494e-18
915.4808798312575,1.489e-18
915.4909239453596,1.491e-18
915.5009680594617,1.497e-18
915.5110121735637,1.5e-18
915.5210562876657,1.501e-18
915.5311004017678,1.5e-18
915.5411445158699,1.498e-18
915.5511886299719,1.499e-18
915.561232744074,1.5e-18
915.571276858176,1.499e-18
915.581320972278,1.499e-18
915.59136508638,1.502e-18
915.6014092004822,1.503e-18
915.6114533145842,1.501e-18
915.6214974286862,1.502e-18
915.6315415427882,1.503e-18
915.6415856568904,1.501e-18
915.6516297709924,1.5e-18
915.6616738850944,1.5e-18
915.6717179991965,1.497e-18
915.6817621132985,1.493e-18
915.6918062274005,1.49e-18
915.7018503415027,1.488e-18
915.7118944556047,1.485e-18
915.7219385697067,1.483e-18
915.7319826838088,1.48e-18
915.7420267979109,1.475e-18
915.7520709120129,1.472e-18
915.7621150261149,1.472e-18
915.772159140217,1.47e-18
915.782203254319,1.467e-18
915.792247368421,1.468e-18
915.8022914825231,1.469e-18
915.8123355966252,1.469e-18
915.8223797107272,1.468e-18
915.8324238248292,1.467e-18
915.8424679389313,1.464e-18
915.8525120530334,1.462e-18
915.8625561671354,1.465e-18
915.8726002812375,1.466e-18
915.8826443953395,1.464e-18
915.8926885094415,1.462e-18
915.9027326235437,1.463e-18
915.9127767376457,1.462e-18
915.9228208517477,1.46e-18
915.9328649658497,1.458e-18
915.9429090799518,1.459e-18
915.9529531940539,1.459e-18
915.9629973081559,1.46e-18
915.9730414222579,1.459e-18
915.98308553636,1.459e-18
915.993129650462,1.461e-18
916.003173764564,1.462e-18
916.0132178786662,1.463e-18
916.0232619927682,1.464e-18
916.0333061068702,1.467e-18
916.0433502209723,1.466e-18
916.0533943350744,1.46e-18
916.0634384491764,1.457e-18
916.0734825632785,1.459e-18
916.0835266773805,1.457e-18
916.0935707914825,1.449e-18
916.1036149055845,1.443e-18
916.1136590196867,1.444e-18
916.1237031337887,1.441e-18
916.1337472478907,1.434e-18
916.1437913619927,1.432e-18
916.1538354760949,1.434e-18
916.1638795901969,1.429e-18
916.1739237042989,1.421e-18
916.183967818401,1.42e-18
916.194011932503,1.423e-18
916.204056046605,1.42e-18
916.2141001607072,1.414e-18
916.2241442748092,1.411e-18
916.2341883889112,1.41e-18
916.2442325030133,1.411e-18
916.2542766171154,1.412e-18
916.2643207312174,1.409e-18
916.2743648453194,1.404e-18
916.2844089594215,1.401e-18
916.2944530735235,1.398e-18
916.3044971876255,1.395e-18
916.3145413017276,1.392e-18
916.3245854158297,1.392e-18
916.3346295299317,1.393e-18
916.3446736440337,1.392e-18
916.3547177581358,1.391e-18
916.3647618722379,1.39e-18
916.3748059863399,1.389e-18
916.384850100442,1.388e-18
916.394894214544,1.388e-18
916.404938328646,1.384e-18
916.4149824427482,1.381e-18
916.4250265568502,1.385e-18
916.4350706709522,1.392e-18
916.4451147850542,1.393e-18
916.4551588991563,1.387e-18
916.4652030132584,1.385e-18
916.4752471273604,1.387e-18
916.4852912414624,1.383e-18
916.4953353555645,1.378e-18
916.5053794696665,1.38e-18
916.5154235837686,1.384e-18
916.5254676978707,1.382e-18
916.5355118119727,1.378e-18
916.5455559260747,1.378e-18
916.5556000401768,1.378e-18
916.5656441542789,1.374e-18
916.5756882683809,1.372e-18
916.585732382483,1.373e-18
916.595776496585,1.374e-18
916.605820610687,1.376e-18
916.615864724789,1.379e-18
916.6259088388912,1.378e-18
916.6359529529932,1.374e-18
916.6459970670952,1.373e-18
916.6560411811972,1.376e-18
916.6660852952994,1.376e-18
916.6761294094014,1.373e-18
916.6861735235034,1.373e-18
916.6962176376055,1.376e-18
916.7062617517075,1.377e-18
916.7163058658095,1.377e-18
916.7263499799117,1.379e-18
916.7363940940137,1.381e-18
916.7464382081157,1.383e-18
916.7564823222178,1.383e-18
916.7665264363199,1.383e-18
916.7765705504219,1.386e-18
916.7866146645239,1.39e-18
916.796658778626,1.392e-18
916.806702892728,1.39e-18
916.81674700683,1.39e-18
916.8267911209321,1.391e-18
916.8368352350342,1.392e-18
916.8468793491362,1.393e-18
916.8569234632382,1.393e-18
916.8669675773403,1.392e-18
916.8770116914424,1.392e-18
916.8870558055444,1.394e-18
916.8970999196465,1.393e-18
916.9071440337485,1.391e-18
916.9171881478505,1.393e-18
916.9272322619527,1.397e-18
916.9372763760547,1.396e-18
916.9473204901567,1.395e-18
916.9573646042587,1.398e-18
916.9674087183608,1.398e-18
916.9774528324629,1.395e-18
916.9874969465649,1.395e-18
916.997541060667,1.397e-18
917.007585174769,1.393e-18
917.017629288871,1.387e-18
917.027673402973,1.389e-18
917.0377175170752,1.392e-18
917.0477616311772,1.391e-18
917.0578057452792,1.388e-18
917.0678498593813,1.389e-18
917.0778939734834,1.394e-18
917.0879380875854,1.396e-18
917.0979822016875,1.397e-18
917.1080263157895,1.399e-18
917.1180704298915,1.401e-18
917.1281145439935,1.404e-18
917.1381586580957,1.406e-18
917.1482027721977,1.411e-18
917.1582468862997,1.416e-18
917.1682910004018,1.418e-18
917.1783351145039,1.419e-18
917.1883792286059,1.422e-18
917.1984233427079,1.427e-18
917.20846745681,1.431e-18
917.218511570912,1.432e-18
917.228555685014,1.432e-18
917.2385997991162,1.433e-18
917.2486439132182,1.44e-18
917.2586880273202,1.449e-18
917.2687321414223,1.452e-18
917.2787762555243,1.452e-18
917.2888203696264,1.458e-18
917.2988644837284,1.466e-18
917.3089085978305,1.47e-18
917.3189527119325,1.473e-18
917.3289968260345,1.479e-18
917.3390409401367,1.484e-18
917.3490850542387,1.488e-18
917.3591291683407,1.494e-18
917.3691732824427,1.501e-18
917.3792173965448,1.504e-18
917.3892615106469,1.507e-18
917.3993056247489,1.511e-18
917.409349738851,1.512e-18
917.419393852953,1.515e-18
917.429437967055,1.522e-18
917.4394820811572,1.527e-18
917.4495261952592,1.526e-18
917.4595703093612,1.523e-18
917.4696144234632,1.522e-18
917.4796585375653,1.522e-18
917.4897026516674,1.522e-18
917.4997467657694,1.519e-18
917.5097908798715,1.511e-18
917.5198349939735,1.503e-18
917.5298791080755,1.5e-18
917.5399232221775,1.497e-18
917.5499673362797,1.488e-18
917.5600114503817,1.478e-18
917.5700555644837,1.471e-18
917.5800996785858,1.466e-18
917.5901437926879,1.463e-18
917.6001879067899,1.461e-18
917.610232020892,1.458e-18
917.620276134994,1.455e-18
917.630320249096,1.453e-18
917.640364363198,1.451e-18
917.6504084773002,1.45e-18
917.6604525914022,1.453e-18
917.6704967055042,1.457e-18
917.6805408196063,1.457e-18
917.6905849337084,1.458e-18
917.7006290478104,1.464e-18
917.7106731619124,1.465e-18
917.7207172760145,1.462e-18
917.7307613901165,1.466e-18
917.7408055042185,1.474e-18
917.7508496183207,1.477e-18
917.7608937324227,1.478e-18
917.7709378465247,1.485e-18
917.7809819606268,1.494e-18
917.7910260747288,1.5e-18
917.8010701888309,1.504e-18
917.8111143029329,1.506e-18
917.821158417035,1.508e-18
917.831202531137,1.515e-18
917.841246645239,1.524e-18
917.8512907593412,1.531e-18
917.8613348734432,1.537e-18
917.8713789875452,1.541e-18
917.8814231016472,1.541e-18
917.8914672157493,1.542e-18
917.9015113298514,1.55e-18
917.9115554439534,1.552e-18
917.9215995580555,1.542e-18
917.9316436721575,1.532e-18
917.9416877862595,1.527e-18
917.9517319003617,1.518e-18
917.9617760144637,1.501e-18
917.9718201285657,1.48e-18
917.9818642426677,1.459e-18
917.9919083567698,1.44e-18
918.0019524708719,1.425e-18
918.0119965849739,1.411e-18
918.022040699076,1.392e-18
918.032084813178,1.377e-18
918.04212892728,1.37e-18
918.052173041382,1.364e-18
918.0622171554842,1.354e-18
918.0722612695862,1.345e-18
918.0823053836882,1.34e-18
918.0923494977903,1.335e-18
918.1023936118924,1.331e-18
918.1124377259944,1.332e-18
918.1224818400965,1.332e-18
918.1325259541985,1.332e-18
918.1425700683005,1.331e-18
918.1526141824025,1.33e-18
918.1626582965047,1.328e-18
918.1727024106067,1.329e-18
918.1827465247087,1.331e-18
918.1927906388108,1.329e-18
918.2028347529128,1.324e-18
918.2128788670149,1.324e-18
918.2229229811169,1.327e-18
918.232967095219,1.327e-18
918.243011209321,1.325e-18
918.253055323423,1.323e-18
918.2630994375252,1.321e-18
918.2731435516272,1.32e-18
918.2831876657292,1.321e-18
918.2932317798313,1.32e-18
918.3032758939333,1.318e-18
918.3133200080354,1.316e-18
918.3233641221374,1.316e-18
918.3334082362395,1.316e-18
918.3434523503415,1.315e-18
918.3534964644435,1.311e-18
918.3635405785457,1.309e-18
918.3735846926477,1.311e-18
918.3836288067497,1.315e-18
918.3936729208517,1.316e-18
918.4037170349538,1.315e-18
918.4137611490559,1.316e-18
918.4238052631579,1.318e-18
918.43384937726,1.321e-18
918.443893491362,1.322e-18
918.453937605464,1.325e-18
918.4639817195662,1.328e-18
918.4740258336682,1.332e-18
918.4840699477702,1.337e-18
918.4941140618722,1.341e-18
918.5041581759743,1.343e-18
918.5142022900764,1.346e-18
918.5242464041784,1.35e-18
918.5342905182805,1.353e-18
918.5443346323825,1.357e-18
918.5543787464845,1.364e-18
918.5644228605865,1.37e-18
918.5744669746887,1.372e-18
918.5845110887907,1.372e-18
918.5945552028927,1.376e-18
918.6045993169948,1.383e-18
918.6146434310969,1.388e-18
918.6246875451989,1.39e-18
918.634731659301,1.393e-18
918.644775773403,1.399e-18
918.654819887505,1.403e-18
918.664864001607,1.404e-18
918.6749081157092,1.407e-18
918.6849522298112,1.414e-18
918.6949963439132,1.423e-18
918.7050404580153,1.427e-18
918.7150845721173,1.426e-18
918.7251286862194,1.429e-18
918.7351728003214,1.438e-18
918.7452169144235,1.448e-18
918.7552610285255,1.451e-18
918.7653051426275,1.452e-18
918.7753492567297,1.456e-18
918.7853933708317,1.464e-18
918.7954374849337,1.471e-18
918.8054815990358,1.476e-18
918.8155257131378,1.481e-18
918.8255698272399,1.485e-18
918.835613941342,1.49e-18
918.845658055444,1.496e-18
918.855702169546,1.499e-18
918.865746283648,1.498e-18
918.8757903977502,1.497e-18
918.8858345118522,1.5e-18
918.8958786259542,1.504e-18
918.9059227400562,1.507e-18
918.9159668541583,1.509e-18
918.9260109682604,1.514e-18
918.9360550823624,1.522e-18
918.9460991964645,1.529e-18
918.9561433105665,1.534e-18
918.9661874246685,1.543e-18
918.9762315387707,1.556e-18
918.9862756528727,1.568e-18
918.9963197669747,1.578e-18
919.0063638810768,1.586e-18
919.0164079951788,1.595e-18
919.0264521092809,1.605e-18
919.0364962233829,1.616e-18
919.046540337485,1.627e-18
919.056584451587,1.638e-18
919.066628565689,1.652e-18
919.076672679791,1.668e-18
919.0867167938932,1.682e-18
919.0967609079952,1.693e-18
919.1068050220972,1.707e-18
919.1168491361993,1.722e-18
919.1268932503014,1.735e-18
919.1369373644034,1.745e-18
919.1469814785055,1.76e-18
919.1570255926075,1.78e-18
919.1670697067095,1.799e-18
919.1771138208117,1.813e-18
919.1871579349137,1.829e-18
919.1972020490157,1.85e-18
919.2072461631177,1.87e-18
919.2172902772198,1.883e-18
919.2273343913218,1.898e-18
919.2373785054239,1.917e-18
919.2474226195259,1.938e-18
919.257466733628,1.953e-18
919.26751084773,1.965e-18
919.277554961832,1.979e-18
919.2875990759342,1.993e-18
919.2976431900362,2.001e-18
919.3076873041382,2.003e-18
919.3177314182403,2.004e-18
919.3277755323423,2.004e-18
919.3378196464444,2.001e-18
919.3478637605465,1.992e-18
919.3579078746485,1.979e-18
919.3679519887505,1.965e-18
919.3779961028525,1.95e-18
919.3880402169547,1.93e-18
919.3980843310567,1.91e-18
919.4081284451587,1.893e-18
919.4181725592607,1.876e-18
919.4282166733628,1.854e-18
919.4382607874649,1.835e-18
919.4483049015669,1.825e-18
919.458349015669,1.819e-18
919.468393129771,1.81e-18
919.478437243873,1.804e-18
919.4884813579752,1.802e-18
919.4985254720772,1.799e-18
919.5085695861792,1.798e-18
919.5186137002813,1.804e-18
919.5286578143833,1.813e-18
919.5387019284854,1.82e-18
919.5487460425874,1.827e-18
919.5587901566895,1.836e-18
919.5688342707915,1.845e-18
919.5788783848935,1.857e-18
919.5889224989955,1.872e-18
919.5989666130977,1.885e-18
919.6090107271997,1.898e-18
919.6190548413017,1.917e-18
919.6290989554038,1.943e-18
919.6391430695058,1.963e-18
919.6491871836079,1.978e-18
919.65923129771,1.998e-18
919.669275411812,2.023e-18
919.679319525914,2.045e-18
919.6893636400162,2.063e-18
919.6994077541182,2.091e-18
919.7094518682202,2.122e-18
919.7194959823222,2.144e-18
919.7295400964243,2.164e-18
919.7395842105263,2.19e-18
919.7496283246284,2.217e-18
919.7596724387304,2.238e-18
919.7697165528325,2.26e-18
919.7797606669345,2.283e-18
919.7898047810365,2.293e-18
919.7998488951387,2.293e-18
919.8098930092407,2.288e-18
919.8199371233427,2.272e-18
919.8299812374448,2.234e-18
919.8400253515468,2.181e-18
919.8500694656489,2.123e-18
919.860113579751,2.058e-18
919.870157693853,1.988e-18
919.880201807955,1.92e-18
919.890245922057,1.859e-18
919.9002900361592,1.8e-18
919.9103341502612,1.748e-18
919.9203782643632,1.706e-18
919.9304223784652,1.668e-18
919.9404664925673,1.63e-18
919.9505106066694,1.596e-18
919.9605547207714,1.57e-18
919.9705988348735,1.55e-18
919.9806429489755,1.533e-18
919.9906870630775,1.517e-18
920.0007311771797,1.501e-18
920.0107752912817,1.487e-18
920.0208194053837,1.476e-18
920.0308635194858,1.467e-18
920.0409076335878,1.458e-18
920.0509517476899,1.447e-18
920.0609958617919,1.439e-18
920.071039975894,1.434e-18
920.081084089996,1.433e-18
920.091128204098,1.431e-18
920.1011723182,1.426e-18
920.1112164323022,1.421e-18
920.1212605464042,1.42e-18
920.1313046605062,1.423e-18
920.1413487746083,1.425e-18
920.1513928887103,1.426e-18
920.1614370028124,1.426e-18
920.1714811169145,1.427e-18
920.1815252310165,1.429e-18
920.1915693451185,1.433e-18
920.2016134592207,1.437e-18
920.2116575733227,1.439e-18
920.2217016874247,1.445e-18
920.2317458015267,1.453e-18
920.2417899156288,1.458e-18
920.2518340297308,1.461e-18
920.2618781438329,1.466e-18
920.2719222579349,1.474e-18
920.281966372037,1.484e-18
920.292010486139,1.495e-18
920.302054600241,1.502e-18
920.3120987143432,1.506e-18
920.3221428284452,1.518e-18
920.3321869425472,1.538e-18
920.3422310566493,1.553e-18
920.3522751707513,1.562e-18
920.3623192848534,1.575e-18
920.3723633989555,1.59e-18
920.3824075130575,1.6e-18
920.3924516271595,1.605e-18
920.4024957412615,1.612e-18
920.4125398553637,1.62e-18
920.4225839694657,1.627e-18
920.4326280835677,1.635e-18
920.4426721976697,1.643e-18
920.4527163117718,1.65e-18
920.4627604258739,1.66e-18
920.4728045399759,1.674e-18
920.482848654078,1.685e-18
920.49289276818,1.693e-18
920.502936882282,1.704e-18
920.5129809963842,1.72e-18
920.5230251104862,1.736e-18
920.5330692245882,1.753e-18
920.5431133386903,1.77e-18
920.5531574527923,1.784e-18
920.5632015668943,1.798e-18
920.5732456809964,1.817e-18
920.5832897950985,1.838e-18
920.5933339092005,1.853e-18
920.6033780233025,1.864e-18
920.6134221374045,1.877e-18
920.6234662515067,1.893e-18
920.6335103656087,1.913e-18
920.6435544797107,1.932e-18
920.6535985938128,1.945e-18
920.6636427079148,1.956e-18
920.6736868220169,1.972e-18
920.683730936119,1.99e-18
920.693775050221,1.998e-18
920.703819164323,2.002e-18
920.7138632784252,2.014e-18
920.7239073925272,2.028e-18
920.7339515066292,2.033e-18
920.7439956207312,2.035e-18
920.7540397348333,2.044e-18
920.7640838489353,2.054e-18
920.7741279630374,2.06e-18
920.7841720771394,2.068e-18
920.7942161912415,2.084e-18
920.8042603053435,2.1e-18
920.8143044194455,2.112e-18
920.8243485335477,2.129e-18
920.8343926476497,2.151e-18
920.8444367617517,2.173e-18
920.8544808758538,2.193e-18
920.8645249899558,2.216e-18
920.8745691040579,2.244e-18
920.88461321816,2.273e-18
920.894657332262,2.303e-18
920.904701446364,2.335e-18
920.914745560466,2.364e-18
920.9247896745682,2.396e-18
920.9348337886702,2.434e-18
920.9448779027722,2.473e-18
920.9549220168742,2.507e-18
920.9649661309763,2.539e-18
920.9750102450784,2.573e-18
920.9850543591804,2.606e-18
920.9950984732825,2.638e-18
921.0051425873845,2.679e-18
921.0151867014865,2.728e-18
921.0252308155887,2.776e-18
921.0352749296907,2.822e-18
921.0453190437927,2.868e-18
921.0553631578948,2.905e-18
921.0654072719968,2.939e-18
921.0754513860988,2.983e-18
921.0854955002009,3.032e-18
921.095539614303,3.07e-18
921.105583728405,3.105e-18
921.115627842507,3.149e-18
921.125671956609,3.189e-18
921.1357160707112,3.215e-18
921.1457601848132,3.245e-18
921.1558042989152,3.281e-18
921.1658484130173,3.298e-18
921.1758925271193,3.294e-18
921.1859366412214,3.298e-18
921.1959807553235,3.306e-18
921.2060248694255,3.294e-18
921.2160689835275,3.262e-18
921.2261130976296,3.237e-18
921.2361572117317,3.216e-18
921.2462013258337,3.172e-18
921.2562454399357,3.109e-18
921.2662895540378,3.05e-18
921.2763336681398,2.999e-18
921.2863777822419,2.94e-18
921.296421896344,2.875e-18
921.306466010446,2.814e-18
921.316510124548,2.761e-18
921.32655423865,2.717e-18
921.3365983527522,2.685e-18
921.3466424668542,2.662e-18
921.3566865809562,2.641e-18
921.3667306950583,2.627e-18
921.3767748091603,2.624e-18
921.3868189232624,2.63e-18
921.3968630373645,2.64e-18
921.4069071514665,2.657e-18
921.4169512655685,2.679e-18
921.4269953796705,2.697e-18
921.4370394937727,2.714e-18
921.4470836078747,2.743e-18
921.4571277219767,2.782e-18
921.4671718360788,2.82e-18
921.4772159501808,2.86e-18
921.4872600642829,2.908e-18
921.4973041783849,2.963e-18
921.507348292487,3.011e-18
921.517392406589,3.054e-18
921.527436520691,3.106e-18
921.5374806347932,3.176e-18
921.5475247488952,3.248e-18
921.5575688629972,3.311e-18
921.5676129770993,3.375e-18
921.5776570912013,3.452e-18
921.5877012053033,3.532e-18
921.5977453194054,3.599e-18
921.6077894335075,3.666e-18
921.6178335476095,3.753e-18
921.6278776617115,3.844e-18
921.6379217758137,3.913e-18
921.6479658899157,3.969e-18
921.6580100040177,4.037e-18
921.6680541181197,4.102e-18
921.6780982322218,4.14e-18
921.6881423463238,4.158e-18
921.6981864604259,4.159e-18
921.708230574528,4.113e-18
921.71827468863,4.015e-18
921.728318802732,3.894e-18
921.7383629168341,3.76e-18
921.7484070309362,3.595e-18
921.7584511450382,3.412e-18
921.7684952591402,3.232e-18
921.7785393732423,3.056e-18
921.7885834873443,2.881e-18
921.7986276014464,2.717e-18
921.8086717155485,2.572e-18
921.8187158296505,2.444e-18
921.8287599437525,2.334e-18
921.8388040578545,2.242e-18
921.8488481719567,2.165e-18
921.8588922860587,2.096e-18
921.8689364001607,2.039e-18
921.8789805142628,1.997e-18
921.8890246283648,1.963e-18
921.8990687424669,1.932e-18
921.909112856569,1.909e-18
921.919156970671,1.893e-18
921.929201084773,1.877e-18
921.939245198875,1.863e-18
921.9492893129772,1.855e-18
921.9593334270792,1.85e-18
921.9693775411812,1.845e-18
921.9794216552833,1.845e-18
921.9894657693853,1.848e-18
921.9995098834873,1.847e-18
922.0095539975894,1.845e-18
922.0195981116915,1.849e-18
922.0296422257935,1.857e-18
922.0396863398955,1.861e-18
922.0497304539977,1.861e-18
922.0597745680997,1.862e-18
922.0698186822017,1.864e-18
922.0798627963038,1.868e-18
922.0899069104058,1.876e-18
922.0999510245078,1.885e-18
922.1099951386099,1.891e-18
922.120039252712,1.896e-18
922.130083366814,1.905e-18
922.140127480916,1.917e-18
922.1501715950182,1.927e-18
922.1602157091202,1.938e-18
922.1702598232222,1.95e-18
922.1803039373242,1.963e-18
922.1903480514263,1.978e-18
922.2003921655283,1.997e-18
922.2104362796304,2.017e-18
922.2204803937325,2.037e-18
922.2305245078345,2.059e-18
922.2405686219365,2.081e-18
922.2506127360386,2.099e-18
922.2606568501407,2.124e-18
922.2707009642427,2.156e-18
922.2807450783447,2.185e-18
922.2907891924468,2.206e-18
922.3008333065488,2.231e-18
922.3108774206509,2.265e-18
922.320921534753,2.296e-18
922.330965648855,2.325e-18
922.341009762957,2.358e-18
922.351053877059,2.39e-18
922.3610979911612,2.42e-18
922.3711421052632,2.458e-18
922.3811862193652,2.495e-18
922.3912303334673,2.52e-18
922.4012744475693,2.549e-18
922.4113185616714,2.592e-18
922.4213626757735,2.63e-18
922.4314067898755,2.653e-18
922.4414509039775,2.686e-18
922.4514950180795,2.733e-18
922.4615391321817,2.769e-18
922.4715832462837,2.793e-18
922.4816273603857,2.823e-18
922.4916714744878,2.857e-18
922.5017155885898,2.885e-18
922.5117597026918,2.914e-18
922.5218038167939,2.942e-18
922.531847930896,2.96e-18
922.541892044998,2.976e-18
922.5519361591,2.999e-18
922.5619802732022,3.024e-18
922.5720243873042,3.043e-18
922.5820685014062,3.059e-18
922.5921126155083,3.074e-18
922.6021567296103,3.088e-18
922.6122008437123,3.101e-18
922.6222449578144,3.108e-18
922.6322890719165,3.107e-18
922.6423331860185,3.108e-18
922.6523773001205,3.117e-18
922.6624214142226,3.125e-18
922.6724655283247,3.129e-18
922.6825096424267,3.14e-18
922.6925537565287,3.152e-18
922.7025978706308,3.16e-18
922.7126419847328,3.177e-18
922.7226860988349,3.212e-18
922.732730212937,3.249e-18
922.742774327039,3.273e-18
922.752818441141,3.298e-18
922.7628625552431,3.336e-18
922.7729066693452,3.381e-18
922.7829507834472,3.424e-18
922.7929948975492,3.471e-18
922.8030390116513,3.521e-18
922.8130831257533,3.56e-18
922.8231272398554,3.591e-18
922.8331713539575,3.634e-18
922.8432154680595,3.687e-18
922.8532595821615,3.735e-18
922.8633036962635,3.78e-18
922.8733478103657,3.835e-18
922.8833919244677,3.881e-18
922.8934360385697,3.908e-18
922.9034801526718,3.95e-18
922.9135242667738,4.015e-18
922.9235683808758,4.06e-18
922.933612494978,4.076e-18
922.94365660908,4.113e-18
922.953700723182,4.182e-18
922.963744837284,4.23e-18
922.9737889513862,4.239e-18
922.9838330654882,4.243e-18
922.9938771795902,4.271e-18
923.0039212936923,4.314e-18
923.0139654077943,4.341e-18
923.0240095218963,4.338e-18
923.0340536359984,4.336e-18
923.0440977501005,4.349e-18
923.0541418642025,4.336e-18
923.0641859783045,4.29e-18
923.0742300924067,4.261e-18
923.0842742065087,4.244e-18
923.0943183206107,4.186e-18
923.1043624347128,4.1e-18
923.1144065488148,4.03e-18
923.1244506629168,3.948e-18
923.134494777019,3.817e-18
923.144538891121,3.663e-18
923.154583005223,3.507e-18
923.164627119325,3.337e-18
923.1746712334271,3.157e-18
923.1847153475292,2.973e-18
923.1947594616312,2.781e-18
923.2048035757332,2.587e-18
923.2148476898353,2.403e-18
923.2248918039373,2.23e-18
923.2349359180394,2.069e-18
923.2449800321415,1.927e-18
923.2550241462435,1.806e-18
923.2650682603455,1.701e-18
923.2751123744476,1.612e-18
923.2851564885497,1.536e-18
923.2952006026517,1.468e-18
923.3052447167538,1.412e-18
923.3152888308558,1.368e-18
923.3253329449578,1.328e-18
923.3353770590599,1.291e-18
923.345421173162,1.263e-18
923.355465287264,1.241e-18
923.365509401366,1.219e-18
923.375553515468,1.201e-18
923.3855976295702,1.19e-18
923.3956417436722,1.176e-18
923.4056858577742,1.16e-18
923.4157299718763,1.151e-18
923.4257740859783,1.147e-18
923.4358182000803,1.138e-18
923.4458623141825,1.13e-18
923.4559064282845,1.128e-18
923.4659505423865,1.125e-18
923.4759946564886,1.121e-18
923.4860387705907,1.122e-18
923.4960828846927,1.123e-18
923.5061269987947,1.118e-18
923.5161711128968,1.116e-18
923.5262152269988,1.12e-18
923.5362593411008,1.12e-18
923.5463034552029,1.114e-18
923.556347569305,1.111e-18
923.566391683407,1.112e-18
923.576435797509,1.111e-18
923.5864799116111,1.109e-18
923.5965240257132,1.108e-18
923.6065681398152,1.105e-18
923.6166122539173,1.101e-18
923.6266563680193,1.1e-18
923.6367004821213,1.101e-18
923.6467445962235,1.102e-18
923.6567887103255,1.104e-18
923.6668328244275,1.104e-18
923.6768769385295,1.102e-18
923.6869210526316,1.102e-18
923.6969651667337,1.105e-18
923.7070092808357,1.108e-18
923.7170533949377,1.109e-18
923.7270975090398,1.111e-18
923.7371416231418,1.113e-18
923.7471857372439,1.117e-18
923.757229851346,1.12e-18
923.767273965448,1.121e-18
923.77731807955,1.121e-18
923.7873621936521,1.123e-18
923.7974063077542,1.126e-18
923.8074504218562,1.129e-18
923.8174945359583,1.135e-18
923.8275386500603,1.14e-18
923.8375827641623,1.143e-18
923.8476268782644,1.145e-18
923.8576709923665,1.15e-18
923.8677151064685,1.156e-18
923.8777592205705,1.159e-18
923.8878033346725,1.161e-18
923.8978474487747,1.166e-18
923.9078915628767,1.173e-18
923.9179356769787,1.176e-18
923.9279797910808,1.176e-18
923.9380239051828,1.179e-18
923.9480680192848,1.187e-18
923.958112133387,1.191e-18
923.968156247489,1.191e-18
923.978200361591,1.196e-18
923.9882444756931,1.202e-18
923.9982885897952,1.202e-18
924.0083327038972,1.203e-18
924.0183768179992,1.21e-18
924.0284209321013,1.218e-18
924.0384650462033,1.219e-18
924.0485091603053,1.22e-18
924.0585532744074,1.226e-18
924.0685973885095,1.231e-18
924.0786415026115,1.232e-18
924.0886856167135,1.235e-18
924.0987297308156,1.239e-18
924.1087738449177,1.244e-18
924.1188179590197,1.249e-18
924.1288620731218,1.255e-18
924.1389061872238,1.257e-18
924.1489503013258,1.26e-18
924.158994415428,1.266e-18
924.16903852953,1.269e-18
924.179082643632,1.273e-18
924.189126757734,1.28e-18
924.1991708718361,1.287e-18
924.2092149859382,1.289e-18
924.2192591000402,1.291e-18
924.2293032141422,1.295e-18
924.2393473282443,1.295e-18
924.2493914423463,1.294e-18
924.2594355564484,1.298e-18
924.2694796705505,1.304e-18
924.2795237846525,1.306e-18
924.2895678987545,1.308e-18
924.2996120128566,1.314e-18
924.3096561269587,1.32e-18
924.3197002410607,1.32e-18
924.3297443551628,1.322e-18
924.3397884692648,1.33e-18
924.3498325833668,1.339e-18
924.3598766974688,1.342e-18
924.369920811571,1.344e-18
924.379964925673,1.349e-18
924.390009039775,1.354e-18
924.400053153877,1.357e-18
924.4100972679792,1.358e-18
924.4201413820812,1.362e-18
924.4301854961832,1.367e-18
924.4402296102853,1.373e-18
924.4502737243873,1.381e-18
924.4603178384893,1.387e-18
924.4703619525915,1.391e-18
924.4804060666935,1.395e-18
924.4904501807955,1.399e-18
924.5004942948976,1.402e-18
924.5105384089997,1.406e-18
924.5205825231017,1.41e-18
924.5306266372037,1.412e-18
924.5406707513058,1.414e-18
924.5507148654078,1.416e-18
924.5607589795098,1.414e-18
924.5708030936119,1.409e-18
924.580847207714,1.408e-18
924.590891321816,1.409e-18
924.600935435918,1.404e-18
924.6109795500201,1.397e-18
924.6210236641222,1.395e-18
924.6310677782242,1.391e-18
924.6411118923263,1.383e-18
924.6511560064283,1.376e-18
924.6612001205303,1.375e-18
924.6712442346325,1.371e-18
924.6812883487345,1.363e-18
924.6913324628365,1.357e-18
924.7013765769385,1.352e-18
924.7114206910406,1.348e-18
924.7214648051427,1.344e-18
924.7315089192447,1.339e-18
924.7415530333467,1.33e-18
924.7515971474488,1.324e-18
924.7616412615508,1.32e-18
924.7716853756529,1.313e-18
924.781729489755,1.303e-18
924.791773603857,1.296e-18
924.801817717959,1.291e-18
924.8118618320611,1.284e-18
924.8219059461632,1.275e-18
924.8319500602652,1.268e-18
924.8419941743673,1.261e-18
924.8520382884693,1.254e-18
924.8620824025713,1.247e-18
924.8721265166733,1.241e-18
924.8821706307755,1.238e-18
924.8922147448775,1.237e-18
924.9022588589795,1.235e-18
924.9123029730815,1.233e-18
924.9223470871837,1.234e-18
924.9323912012857,1.235e-18
924.9424353153877,1.233e-18
924.9524794294898,1.232e-18
924.9625235435918,1.234e-18
924.9725676576938,1.235e-18
924.982611771796,1.234e-18
924.992655885898,1.233e-18
925.0027,1.235e-18
925.0127441141021,1.236e-18
925.0227882282041,1.238e-18
925.0328323423062,1.239e-18
925.0428764564082,1.239e-18
925.0529205705103,1.242e-18
925.0629646846123,1.247e-18
925.0730087987143,1.25e-18
925.0830529128164,1.252e-18
925.0930970269185,1.257e-18
925.1031411410205,1.262e-18
925.1131852551225,1.261e-18
925.1232293692246,1.262e-18
925.1332734833267,1.267e-18
925.1433175974287,1.269e-18
925.1533617115308,1.268e-18
925.1634058256328,1.271e-18
925.1734499397348,1.275e-18
925.183494053837,1.276e-18
925.193538167939,1.279e-18
925.203582282041,1.286e-18
925.213626396143,1.292e-18
925.2236705102451,1.294e-18
925.2337146243472,1.298e-18
925.2437587384492,1.305e-18
925.2538028525512,1.308e-18
925.2638469666533,1.311e-18
925.2738910807553,1.315e-18
925.2839351948573,1.319e-18
925.2939793089595,1.323e-18
925.3040234230615,1.33e-18
925.3140675371635,1.335e-18
925.3241116512656,1.338e-18
925.3341557653677,1.34e-18
925.3441998794697,1.346e-18
925.3542439935718,1.351e-18
925.3642881076738,1.356e-18
925.3743322217758,1.361e-18
925.3843763358778,1.366e-18
925.39442044998,1.371e-18
925.404464564082,1.375e-18
925.414508678184,1.38e-18
925.424552792286,1.386e-18
925.4345969063882,1.391e-18
925.4446410204902,1.396e-18
925.4546851345922,1.4e-18
925.4647292486943,1.406e-18
925.4747733627963,1.413e-18
925.4848174768983,1.418e-18
925.4948615910005,1.422e-18
925.5049057051025,1.427e-18
925.5149498192045,1.434e-18
925.5249939333066,1.44e-18
925.5350380474086,1.443e-18
925.5450821615107,1.447e-18
925.5551262756127,1.451e-18
925.5651703897148,1.455e-18
925.5752145038168,1.459e-18
925.5852586179188,1.461e-18
925.595302732021,1.462e-18
925.605346846123,1.465e-18
925.615390960225,1.472e-18
925.625435074327,1.48e-18
925.6354791884291,1.484e-18
925.6455233025312,1.487e-18
925.6555674166332,1.491e-18
925.6656115307353,1.495e-18
925.6756556448373,1.499e-18
925.6856997589393,1.503e-18
925.6957438730415,1.507e-18
925.7057879871435,1.509e-18
925.7158321012455,1.51e-18
925.7258762153475,1.514e-18
925.7359203294496,1.518e-18
925.7459644435517,1.524e-18
925.7560085576537,1.53e-18
925.7660526717558,1.536e-18
925.7760967858578,1.543e-18
925.7861408999598,1.55e-18
925.7961850140618,1.556e-18
925.806229128164,1.561e-18
925.816273242266,1.565e-18
925.826317356368,1.569e-18
925.8363614704701,1.574e-18
925.8464055845722,1.58e-18
925.8564496986742,1.585e-18
925.8664938127763,1.588e-18
925.8765379268783,1.591e-18
925.8865820409803,1.598e-18
925.8966261550823,1.607e-18
925.9066702691845,1.614e-18
925.9167143832865,1.617e-18
925.9267584973885,1.621e-18
925.9368026114906,1.627e-18
925.9468467255926,1.633e-18
925.9568908396947,1.639e-18
925.9669349537967,1.643e-18
925.9769790678988,1.647e-18
925.9870231820008,1.654e-18
925.9970672961028,1.661e-18
926.007111410205,1.664e-18
926.017155524307,1.663e-18
926.027199638409,1.666e-18
926.0372437525111,1.673e-18
926.0472878666131,1.678e-18
926.0573319807152,1.68e-18
926.0673760948172,1.683e-18
926.0774202089193,1.69e-18
926.0874643230213,1.694e-18
926.0975084371233,1.695e-18
926.1075525512255,1.698e-18
926.1175966653275,1.704e-18
926.1276407794295,1.706e-18
926.1376848935315,1.704e-18
926.1477290076336,1.7e-18
926.1577731217357,1.696e-18
926.1678172358377,1.694e-18
926.1778613499398,1.693e-18
926.1879054640418,1.691e-18
926.1979495781438,1.685e-18
926.207993692246,1.679e-18
926.218037806348,1.674e-18
926.22808192045,1.668e-18
926.238126034552,1.657e-18
926.2481701486541,1.647e-18
926.2582142627562,1.64e-18
926.2682583768582,1.634e-18
926.2783024909603,1.625e-18
926.2883466050623,1.615e-18
926.2983907191643,1.602e-18
926.3084348332663,1.589e-18
926.3184789473685,1.579e-18
926.3285230614705,1.571e-18
926.3385671755725,1.565e-18
926.3486112896746,1.56e-18
926.3586554037767,1.557e-18
926.3686995178787,1.556e-18
926.3787436319808,1.555e-18
926.3887877460828,1.557e-18
926.3988318601848,1.561e-18
926.4088759742868,1.566e-18
926.418920088389,1.57e-18
926.428964202491,1.571e-18
926.439008316593,1.573e-18
926.4490524306951,1.574e-18
926.4590965447971,1.571e-18
926.4691406588992,1.571e-18
926.4791847730012,1.574e-18
926.4892288871033,1.575e-18
926.4992730012053,1.573e-18
926.5093171153073,1.573e-18
926.5193612294095,1.578e-18
926.5294053435115,1.579e-18
926.5394494576135,1.577e-18
926.5494935717156,1.581e-18
926.5595376858176,1.584e-18
926.5695817999197,1.582e-18
926.5796259140217,1.583e-18
926.5896700281238,1.588e-18
926.5997141422258,1.588e-18
926.6097582563278,1.584e-18
926.61980237043,1.585e-18
926.629846484532,1.588e-18
926.639890598634,1.587e-18
926.649934712736,1.587e-18
926.6599788268381,1.592e-18
926.6700229409402,1.593e-18
926.6800670550422,1.59e-18
926.6901111691443,1.592e-18
926.7001552832463,1.6e-18
926.7101993973483,1.606e-18
926.7202435114505,1.606e-18
926.7302876255525,1.605e-18
926.7403317396545,1.606e-18
926.7503758537565,1.611e-18
926.7604199678586,1.614e-18
926.7704640819607,1.611e-18
926.7805081960627,1.609e-18
926.7905523101648,1.612e-18
926.8005964242668,1.615e-18
926.8106405383688,1.613e-18
926.8206846524708,1.614e-18
926.830728766573,1.619e-18
926.840772880675,1.62e-18
926.850816994777,1.621e-18
926.8608611088791,1.627e-18
926.8709052229812,1.631e-18
926.8809493370832,1.627e-18
926.8909934511853,1.626e-18
926.9010375652873,1.627e-18
926.9110816793893,1.626e-18
926.9211257934913,1.624e-18
926.9311699075935,1.627e-18
926.9412140216955,1.63e-18
926.9512581357975,1.629e-18
926.9613022498996,1.63e-18
926.9713463640016,1.633e-18
926.9813904781037,1.634e-18
926.9914345922057,1.634e-18
927.0014787063078,1.637e-18
927.0115228204098,1.643e-18
927.0215669345118,1.646e-18
927.031611048614,1.645e-18
927.041655162716,1.643e-18
927.051699276818,1.643e-18
927.0617433909201,1.644e-18
927.0717875050221,1.645e-18
927.0818316191242,1.645e-18
927.0918757332262,1.647e-18
927.1019198473283,1.65e-18
927.1119639614303,1.652e-18
927.1220080755323,1.654e-18
927.1320521896345,1.655e-18
927.1420963037365,1.657e-18
927.1521404178385,1.66e-18
927.1621845319405,1.665e-18
927.1722286460426,1.668e-18
927.1822727601447,1.671e-18
927.1923168742467,1.672e-18
927.2023609883488,1.67e-18
927.2124051024508,1.668e-18
927.2224492165528,1.672e-18
927.232493330655,1.676e-18
927.242537444757,1.672e-18
927.252581558859,1.667e-18
927.262625672961,1.673e-18
927.2726697870631,1.682e-18
927.2827139011652,1.681e-18
927.2927580152672,1.677e-18
927.3028021293693,1.679e-18
927.3128462434713,1.681e-18
927.3228903575733,1.682e-18
927.3329344716753,1.685e-18
927.3429785857775,1.69e-18
927.3530226998795,1.692e-18
927.3630668139815,1.691e-18
927.3731109280836,1.693e-18
927.3831550421856,1.694e-18
927.3931991562877,1.693e-18
927.4032432703898,1.692e-18
927.4132873844918,1.695e-18
927.4233314985938,1.699e-18
927.4333756126958,1.7e-18
927.443419726798,1.7e-18
927.4534638409,1.701e-18
927.463507955002,1.706e-18
927.4735520691041,1.708e-18
927.4835961832061,1.706e-18
927.4936402973082,1.706e-18
927.5036844114102,1.713e-18
927.5137285255123,1.72e-18
927.5237726396143,1.72e-18
927.5338167537163,1.717e-18
927.5438608678185,1.717e-18
927.5539049819205,1.72e-18
927.5639490960225,1.724e-18
927.5739932101246,1.725e-18
927.5840373242266,1.724e-18
927.5940814383287,1.727e-18
927.6041255524308,1.733e-18
927.6141696665328,1.736e-18
927.6242137806348,1.734e-18
927.6342578947368,1.733e-18
927.644302008839,1.737e-18
927.654346122941,1.74e-18
927.664390237043,1.74e-18
927.674434351145,1.742e-18
927.6844784652471,1.746e-18
927.6945225793492,1.746e-18
927.7045666934512,1.745e-18
927.7146108075533,1.747e-18
927.7246549216553,1.751e-18
927.7346990357573,1.753e-18
927.7447431498595,1.751e-18
927.7547872639615,1.75e-18
927.7648313780635,1.754e-18
927.7748754921656,1.761e-18
927.7849196062676,1.764e-18
927.7949637203697,1.763e-18
927.8050078344717,1.762e-18
927.8150519485738,1.765e-18
927.8250960626758,1.771e-18
927.8351401767778,1.776e-18
927.8451842908798,1.776e-18
927.855228404982,1.773e-18
927.865272519084,1.775e-18
927.875316633186,1.782e-18
927.8853607472881,1.785e-18
927.8954048613901,1.782e-18
927.9054489754922,1.78e-18
927.9154930895943,1.782e-18
927.9255372036963,1.783e-18
927.9355813177983,1.784e-18
927.9456254319005,1.788e-18
927.9556695460025,1.79e-18
927.9657136601045,1.79e-18
927.9757577742065,1.795e-18
927.9858018883086,1.799e-18
927.9958460024106,1.797e-18
928.0058901165127,1.795e-18
928.0159342306147,1.798e-18
928.0259783447168,1.798e-18
928.0360224588188,1.795e-18
928.0460665729208,1.797e-18
928.056110687023,1.8e-18
928.066154801125,1.798e-18
928.076198915227,1.799e-18
928.0862430293291,1.807e-18
928.0962871434311,1.809e-18
928.1063312575332,1.805e-18
928.1163753716353,1.807e-18
928.1264194857373,1.814e-18
928.1364635998393,1.817e-18
928.1465077139413,1.82e-18
928.1565518280435,1.824e-18
928.1665959421455,1.824e-18
928.1766400562475,1.822e-18
928.1866841703495,1.823e-18
928.1967282844516,1.827e-18
928.2067723985537,1.827e-18
928.2168165126557,1.829e-18
928.2268606267578,1.834e-18
928.2369047408598,1.838e-18
928.2469488549618,1.839e-18
928.256992969064,1.842e-18
928.267037083166,1.843e-18
928.277081197268,1.843e-18
928.2871253113701,1.844e-18
928.2971694254721,1.845e-18
928.3072135395741,1.846e-18
928.3172576536762,1.847e-18
928.3273017677783,1.847e-18
928.3373458818803,1.847e-18
928.3473899959823,1.848e-18
928.3574341100843,1.849e-18
928.3674782241865,1.85e-18
928.3775223382885,1.85e-18
928.3875664523905,1.849e-18
928.3976105664926,1.848e-18
928.4076546805946,1.851e-18
928.4176987946967,1.859e-18
928.4277429087988,1.863e-18
928.4377870229008,1.859e-18
928.4478311370028,1.858e-18
928.457875251105,1.862e-18
928.467919365207,1.863e-18
928.477963479309,1.86e-18
928.488007593411,1.86e-18
928.4980517075131,1.861e-18
928.5080958216151,1.863e-18
928.5181399357172,1.868e-18
928.5281840498192,1.875e-18
928.5382281639213,1.877e-18
928.5482722780233,1.876e-18
928.5583163921253,1.881e-18
928.5683605062275,1.887e-18
928.5784046203295,1.89e-18
928.5884487344315,1.891e-18
928.5984928485336,1.89e-18
928.6085369626356,1.887e-18
928.6185810767377,1.884e-18
928.6286251908398,1.885e-18
928.6386693049418,1.886e-18
928.6487134190438,1.883e-18
928.6587575331458,1.879e-18
928.668801647248,1.879e-18
928.67884576135,1.881e-18
928.688889875452,1.882e-18
928.698933989554,1.879e-18
928.7089781036561,1.876e-18
928.7190222177582,1.877e-18
928.7290663318602,1.879e-18
928.7391104459623,1.881e-18
928.7491545600643,1.882e-18
928.7591986741663,1.88e-18
928.7692427882685,1.872e-18
928.7792869023705,1.866e-18
928.7893310164725,1.868e-18
928.7993751305746,1.872e-18
928.8094192446766,1.874e-18
928.8194633587786,1.875e-18
928.8295074728807,1.876e-18
928.8395515869828,1.88e-18
928.8495957010848,1.884e-18
928.8596398151868,1.887e-18
928.8696839292888,1.884e-18
928.879728043391,1.882e-18
928.889772157493,1.888e-18
928.899816271595,1.89e-18
928.9098603856971,1.886e-18
928.9199044997991,1.883e-18
928.9299486139012,1.884e-18
928.9399927280033,1.881e-18
928.9500368421053,1.876e-18
928.9600809562073,1.877e-18
928.9701250703095,1.88e-18
928.9801691844115,1.881e-18
928.9902132985135,1.883e-18
929.0002574126155,1.886e-18
929.0103015267176,1.888e-18
929.0203456408196,1.891e-18
929.0303897549217,1.894e-18
929.0404338690237,1.891e-18
929.0504779831258,1.888e-18
929.0605220972278,1.888e-18
929.0705662113298,1.886e-18
929.080610325432,1.878e-18
929.090654439534,1.876e-18
929.100698553636,1.883e-18
929.1107426677381,1.887e-18
929.1207867818401,1.885e-18
929.1308308959422,1.887e-18
929.1408750100443,1.894e-18
929.1509191241463,1.894e-18
929.1609632382483,1.892e-18
929.1710073523503,1.897e-18
929.1810514664525,1.9e-18
929.1910955805545,1.897e-18
929.2011396946565,1.891e-18
929.2111838087585,1.889e-18
929.2212279228606,1.889e-18
929.2312720369627,1.889e-18
929.2413161510647,1.892e-18
929.2513602651668,1.894e-18
929.2614043792688,1.893e-18
929.2714484933708,1.893e-18
929.281492607473,1.898e-18
929.291536721575,1.902e-18
929.301580835677,1.904e-18
929.3116249497791,1.903e-18
929.3216690638811,1.901e-18
929.3317131779831,1.897e-18
929.3417572920852,1.893e-18
929.3518014061873,1.892e-18
929.3618455202893,1.894e-18
929.3718896343913,1.895e-18
929.3819337484933,1.894e-18
929.3919778625955,1.893e-18
929.4020219766975,1.894e-18
929.4120660907995,1.896e-18
929.4221102049016,1.896e-18
929.4321543190036,1.895e-18
929.4421984331057,1.897e-18
929.4522425472078,1.901e-18
929.4622866613098,1.9e-18
929.4723307754118,1.894e-18
929.482374889514,1.892e-18
929.492419003616,1.896e-18
929.502463117718,1.897e-18
929.51250723182,1.893e-18
929.5225513459221,1.889e-18
929.5325954600241,1.89e-18
929.5426395741262,1.893e-18
929.5526836882282,1.893e-18
929.5627278023303,1.891e-18
929.5727719164323,1.892e-18
929.5828160305343,1.895e-18
929.5928601446365,1.898e-18
929.6029042587385,1.897e-18
929.6129483728405,1.895e-18
929.6229924869426,1.895e-18
929.6330366010446,1.894e-18
929.6430807151467,1.893e-18
929.6531248292488,1.894e-18
929.6631689433508,1.894e-18
929.6732130574528,1.891e-18
929.6832571715548,1.889e-18
929.693301285657,1.888e-18
929.703345399759,1.889e-18
929.713389513861,1.891e-18
929.723433627963,1.891e-18
929.7334777420651,1.888e-18
929.7435218561671,1.889e-18
929.7535659702692,1.893e-18
929.7636100843713,1.892e-18
929.7736541984733,1.887e-18
929.7836983125753,1.885e-18
929.7937424266775,1.885e-18
929.8037865407795,1.881e-18
929.8138306548815,1.88e-18
929.8238747689836,1.884e-18
929.8339188830856,1.883e-18
929.8439629971876,1.88e-18
929.8540071112897,1.884e-18
929.8640512253918,1.891e-18
929.8740953394938,1.889e-18
929.8841394535958,1.883e-18
929.8941835676978,1.886e-18
929.9042276818,1.892e-18
929.914271795902,1.888e-18
929.924315910004,1.881e-18
929.9343600241061,1.88e-18
929.9444041382081,1.88e-18
929.9544482523102,1.877e-18
929.9644923664123,1.876e-18
929.9745364805143,1.878e-18
929.9845805946163,1.878e-18
929.9946247087184,1.875e-18
930.0046688228205,1.873e-18
930.0147129369225,1.874e-18
930.0247570510245,1.877e-18
930.0348011651266,1.879e-18
930.0448452792286,1.879e-18
930.0548893933307,1.876e-18
930.0649335074328,1.873e-18
930.0749776215348,1.873e-18
930.0850217356368,1.871e-18
930.0950658497388,1.867e-18
930.105109963841,1.862e-18
930.115154077943,1.86e-18
930.125198192045,1.862e-18
930.1352423061471,1.862e-18
930.1452864202491,1.86e-18
930.1553305343512,1.858e-18
930.1653746484533,1.858e-18
930.1754187625553,1.861e-18
930.1854628766573,1.863e-18
930.1955069907593,1.861e-18
930.2055511048615,1.859e-18
930.2155952189635,1.858e-18
930.2256393330655,1.855e-18
930.2356834471676,1.855e-18
930.2457275612696,1.857e-18
930.2557716753716,1.855e-18
930.2658157894737,1.847e-18
930.2758599035758,1.843e-18
930.2859040176778,1.847e-18
930.2959481317798,1.848e-18
930.305992245882,1.848e-18
930.316036359984,1.85e-18
930.326080474086,1.851e-18
930.3361245881881,1.848e-18
930.3461687022901,1.847e-18
930.3562128163921,1.849e-18
930.3662569304942,1.845e-18
930.3763010445963,1.838e-18
930.3863451586983,1.837e-18
930.3963892728003,1.837e-18
930.4064333869024,1.834e-18
930.4164775010045,1.831e-18
930.4265216151065,1.83e-18
930.4365657292085,1.828e-18
930.4466098433106,1.826e-18
930.4566539574126,1.826e-18
930.4666980715147,1.825e-18
930.4767421856168,1.824e-18
930.4867862997188,1.824e-18
930.4968304138208,1.823e-18
930.506874527923,1.82e-18
930.516918642025,1.819e-18
930.526962756127,1.821e-18
930.537006870229,1.819e-18
930.5470509843311,1.815e-18
930.5570950984331,1.818e-18
930.5671392125352,1.82e-18
930.5771833266373,1.815e-18
930.5872274407393,1.812e-18
930.5972715548413,1.814e-18
930.6073156689433,1.815e-18
930.6173597830455,1.814e-18
930.6274038971475,1.815e-18
930.6374480112495,1.814e-18
930.6474921253516,1.812e-18
930.6575362394536,1.809e-18
930.6675803535556,1.804e-18
930.6776244676578,1.799e-18
930.6876685817598,1.798e-18
930.6977126958618,1.796e-18
930.7077568099638,1.791e-18
930.717800924066,1.789e-18
930.727845038168,1.792e-18
930.73788915227,1.791e-18
930.7479332663721,1.787e-18
930.7579773804741,1.787e-18
930.7680214945761,1.789e-18
930.7780656086782,1.788e-18
930.7881097227803,1.787e-18
930.7981538368823,1.786e-18
930.8081979509843,1.779e-18
930.8182420650865,1.773e-18
930.8282861791885,1.774e-18
930.8383302932905,1.775e-18
930.8483744073926,1.77e-18
930.8584185214946,1.767e-18
930.8684626355966,1.769e-18
930.8785067496987,1.77e-18
930.8885508638008,1.771e-18
930.8985949779028,1.774e-18
930.9086390920048,1.772e-18
930.918683206107,1.768e-18
930.928727320209,1.767e-18
930.938771434311,1.767e-18
930.948815548413,1.761e-18
930.9588596625151,1.755e-18
930.9689037766171,1.753e-18
930.9789478907192,1.751e-18
930.9889920048213,1.749e-18
930.9990361189233,1.748e-18
931.0090802330253,1.747e-18
931.0191243471274,1.745e-18
931.0291684612295,1.744e-18
931.0392125753315,1.744e-18
931.0492566894335,1.744e-18
931.0593008035356,1.742e-18
931.0693449176376,1.74e-18
931.0793890317397,1.735e-18
931.0894331458418,1.728e-18
931.0994772599438,1.725e-18
931.1095213740458,1.725e-18
931.1195654881478,1.724e-18
931.12960960225,1.719e-18
931.139653716352,1.716e-18
931.149697830454,1.717e-18
931.1597419445561,1.717e-18
931.1697860586581,1.715e-18
931.1798301727601,1.713e-18
931.1898742868623,1.713e-18
931.1999184009643,1.714e-18
931.2099625150663,1.713e-18
931.2200066291683,1.711e-18
931.2300507432705,1.708e-18
931.2400948573725,1.705e-18
931.2501389714745,1.704e-18
931.2601830855766,1.703e-18
931.2702271996786,1.699e-18
931.2802713137806,1.694e-18
931.2903154278827,1.693e-18
931.3003595419848,1.694e-18
931.3104036560868,1.692e-18
931.3204477701888,1.69e-18
931.330491884291,1.69e-18
931.340535998393,1.689e-18
931.350580112495,1.686e-18
931.3606242265971,1.681e-18
931.3706683406991,1.678e-18
931.3807124548011,1.676e-18
931.3907565689032,1.673e-18
931.4008006830053,1.668e-18
931.4108447971073,1.663e-18
931.4208889112093,1.662e-18
931.4309330253114,1.663e-18
931.4409771394135,1.661e-18
931.4510212535155,1.656e-18
931.4610653676175,1.654e-18
931.4711094817196,1.655e-18
931.4811535958216,1.656e-18
931.4911977099237,1.654e-18
931.5012418240258,1.649e-18
931.5112859381278,1.645e-18
931.5213300522298,1.642e-18
931.531374166332,1.64e-18
931.541418280434,1.636e-18
931.551462394536,1.635e-18
931.561506508638,1.637e-18
931.5715506227401,1.636e-18
931.5815947368421,1.632e-18
931.5916388509442,1.629e-18
931.6016829650463,1.628e-18
931.6117270791483,1.624e-18
931.6217711932503,1.62e-18
931.6318153073523,1.619e-18
931.6418594214545,1.616e-18
931.6519035355565,1.611e-18
931.6619476496585,1.61e-18
931.6719917637606,1.611e-18
931.6820358778626,1.606e-18
931.6920799919646,1.599e-18
931.7021241060668,1.599e-18
931.7121682201688,1.6e-18
931.7222123342708,1.596e-18
931.7322564483728,1.593e-18
931.742300562475,1.594e-18
931.752344676577,1.594e-18
931.762388790679,1.588e-18
931.7724329047811,1.583e-18
931.7824770188831,1.585e-18
931.7925211329851,1.585e-18
931.8025652470872,1.579e-18
931.8126093611893,1.574e-18
931.8226534752913,1.572e-18
931.8326975893933,1.57e-18
931.8427417034954,1.566e-18
931.8527858175975,1.564e-18
931.8628299316995,1.562e-18
931.8728740458016,1.559e-18
931.8829181599036,1.558e-18
931.8929622740056,1.558e-18
931.9030063881078,1.556e-18
931.9130505022098,1.553e-18
931.9230946163118,1.552e-18
931.9331387304138,1.552e-18
931.943182844516,1.55e-18
931.953226958618,1.545e-18
931.96327107272,1.541e-18
931.973315186822,1.54e-18
931.9833593009241,1.538e-18
931.9934034150261,1.533e-18
932.0034475291282,1.526e-18
932.0134916432303,1.522e-18
932.0235357573323,1.522e-18
932.0335798714343,1.523e-18
932.0436239855364,1.521e-18
932.0536680996385,1.517e-18
932.0637122137405,1.516e-18
932.0737563278426,1.514e-18
932.0838004419446,1.51e-18
932.0938445560466,1.506e-18
932.1038886701486,1.5e-18
932.1139327842508,1.497e-18
932.1239768983528,1.496e-18
932.1340210124548,1.493e-18
932.1440651265568,1.488e-18
932.154109240659,1.485e-18
932.164153354761,1.484e-18
932.174197468863,1.484e-18
932.1842415829651,1.483e-18
932.1942856970671,1.478e-18
932.2043298111691,1.473e-18
932.2143739252713,1.472e-18
932.2244180393733,1.473e-18
932.2344621534753,1.471e-18
932.2445062675774,1.465e-18
932.2545503816795,1.463e-18
932.2645944957815,1.463e-18
932.2746386098835,1.46e-18
932.2846827239856,1.456e-18
932.2947268380876,1.454e-18
932.3047709521896,1.454e-18
932.3148150662917,1.453e-18
932.3248591803938,1.451e-18
932.3349032944958,1.449e-18
932.3449474085978,1.444e-18
932.3549915227,1.44e-18
932.365035636802,1.437e-18
932.375079750904,1.433e-18
932.3851238650061,1.429e-18
932.3951679791081,1.427e-18
932.4052120932101,1.426e-18
932.4152562073123,1.421e-18
932.4253003214143,1.416e-18
932.4353444355163,1.414e-18
932.4453885496183,1.417e-18
932.4554326637204,1.418e-18
932.4654767778225,1.411e-18
932.4755208919245,1.402e-18
932.4855650060265,1.4e-18
932.4956091201286,1.401e-18
932.5056532342306,1.398e-18
932.5156973483327,1.392e-18
932.5257414624348,1.386e-18
932.5357855765368,1.382e-18
932.5458296906388,1.38e-18
932.5558738047409,1.381e-18
932.565917918843,1.381e-18
932.575962032945,1.377e-18
932.5860061470471,1.373e-18
932.5960502611491,1.372e-18
932.6060943752511,1.37e-18
932.6161384893531,1.368e-18
932.6261826034553,1.367e-18
932.6362267175573,1.366e-18
932.6462708316593,1.361e-18
932.6563149457613,1.355e-18
932.6663590598635,1.351e-18
932.6764031739655,1.349e-18
932.6864472880675,1.347e-18
932.6964914021696,1.343e-18
932.7065355162716,1.341e-18
932.7165796303736,1.34e-18
932.7266237444758,1.339e-18
932.7366678585778,1.335e-18
932.7467119726798,1.33e-18
932.7567560867819,1.328e-18
932.766800200884,1.324e-18
932.776844314986,1.319e-18
932.786888429088,1.317e-18
932.7969325431901,1.313e-18
932.8069766572921,1.306e-18
932.8170207713941,1.303e-18
932.8270648854962,1.305e-18
932.8371089995983,1.303e-18
932.8471531137003,1.298e-18
932.8571972278023,1.296e-18
932.8672413419044,1.296e-18
932.8772854560065,1.291e-18
932.8873295701085,1.288e-18
932.8973736842106,1.288e-18
932.9074177983126,1.284e-18
932.9174619124146,1.277e-18
932.9275060265168,1.274e-18
932.9375501406188,1.274e-18
932.9475942547208,1.27e-18
932.9576383688228,1.266e-18
932.9676824829249,1.264e-18
932.977726597027,1.262e-18
932.987770711129,1.26e-18
932.997814825231,1.259e-18
933.0078589393331,1.257e-18
933.0179030534351,1.253e-18
933.0279471675371,1.251e-18
933.0379912816393,1.251e-18
933.0480353957413,1.248e-18
933.0580795098433,1.241e-18
933.0681236239454,1.235e-18
933.0781677380475,1.232e-18
933.0882118521495,1.233e-18
933.0982559662516,1.232e-18
933.1083000803536,1.225e-18
933.1183441944556,1.218e-18
933.1283883085576,1.217e-18
933.1384324226598,1.217e-18
933.1484765367618,1.215e-18
933.1585206508638,1.213e-18
933.1685647649658,1.211e-18
933.178608879068,1.206e-18
933.18865299317,1.202e-18
933.198697107272,1.202e-18
933.2087412213741,1.198e-18
933.2187853354761,1.189e-18
933.2288294495781,1.184e-18
933.2388735636803,1.184e-18
933.2489176777823,1.182e-18
933.2589617918843,1.179e-18
933.2690059059864,1.18e-18
933.2790500200884,1.179e-18
933.2890941341905,1.174e-18
933.2991382482925,1.17e-18
933.3091823623946,1.17e-18
933.3192264764966,1.168e-18
933.3292705905986,1.162e-18
933.3393147047007,1.159e-18
933.3493588188028,1.157e-18
933.3594029329048,1.154e-18
933.3694470470068,1.151e-18
933.379491161109,1.149e-18
933.389535275211,1.146e-18
933.399579389313,1.143e-18
933.4096235034151,1.143e-18
933.4196676175171,1.144e-18
933.4297117316191,1.14e-18
933.4397558457213,1.132e-18
933.4497999598233,1.126e-18
933.4598440739253,1.124e-18
933.4698881880273,1.124e-18
933.4799323021294,1.12e-18
933.4899764162315,1.114e-18
933.5000205303335,1.111e-18
933.5100646444355,1.11e-18
933.5201087585376,1.109e-18
933.5301528726396,1.105e-18
933.5401969867416,1.1e-18
933.5502411008438,1.097e-18
933.5602852149458,1.095e-18
933.5703293290478,1.092e-18
933.5803734431499,1.089e-18
933.590417557252,1.087e-18
933.600461671354,1.085e-18
933.6105057854561,1.082e-18
933.6205498995581,1.077e-18
933.6305940136601,1.075e-18
933.6406381277621,1.073e-18
933.6506822418643,1.07e-18
933.6607263559663,1.068e-18
933.6707704700683,1.067e-18
933.6808145841703,1.065e-18
933.6908586982725,1.062e-18
933.7009028123745,1.058e-18
933.7109469264765,1.056e-18
933.7209910405786,1.053e-18
933.7310351546806,1.051e-18
933.7410792687826,1.049e-18
933.7511233828848,1.044e-18
933.7611674969868,1.038e-18
933.7712116110888,1.037e-18
933.7812557251909,1.036e-18
933.791299839293,1.033e-18
933.801343953395,1.028e-18
933.811388067497,1.023e-18
933.8214321815991,1.018e-18
933.8314762957011,1.015e-18
933.8415204098031,1.014e-18
933.8515645239052,1.014e-18
933.8616086380073,1.009e-18
933.8716527521093,1.004e-18
933.8816968662113,1.003e-18
933.8917409803134,9.999e-19
933.9017850944155,9.928e-19
933.9118292085175,9.877e-19
933.9218733226196,9.869e-19
933.9319174367216,9.852e-19
933.9419615508236,9.822e-19
933.9520056649258,9.816e-19
933.9620497790278,9.819e-19
933.9720938931298,9.792e-19
933.9821380072318,9.752e-19
933.9921821213339,9.721e-19
934.002226235436,9.691e-19
934.012270349538,9.659e-19
934.02231446364,9.637e-19
934.0323585777421,9.62e-19
934.0424026918441,9.608e-19
934.0524468059461,9.604e-19
934.0624909200483,9.582e-19
934.0725350341503,9.526e-19
934.0825791482523,9.472e-19
934.0926232623544,9.455e-19
934.1026673764565,9.453e-19
934.1127114905585,9.437e-19
934.1227556046606,9.402e-19
934.1327997187626,9.361e-19
934.1428438328646,9.331e-19
934.1528879469666,9.306e-19
934.1629320610688,9.261e-19
934.1729761751708,9.202e-19
934.1830202892728,9.167e-19
934.1930644033748,9.162e-19
934.203108517477,9.15e-19
934.213152631579,9.123e-19
934.223196745681,9.094e-19
934.2332408597831,9.056e-19
934.2432849738851,9.016e-19
934.2533290879871,9e-19
934.2633732020893,8.994e-19
934.2734173161913,8.966e-19
934.2834614302933,8.931e-19
934.2935055443954,8.903e-19
934.3035496584974,8.858e-19
934.3135937725995,8.81e-19
934.3236378867015,8.797e-19
934.3336820008036,8.799e-19
934.3437261149056,8.77e-19
934.3537702290076,8.727e-19
934.3638143431098,8.697e-19
934.3738584572118,8.663e-19
934.3839025713138,8.629e-19
934.3939466854158,8.627e-19
934.4039907995179,8.621e-19
934.41403491362,8.564e-19
934.424079027722,8.498e-19
934.4341231418241,8.484e-19
934.4441672559261,8.494e-19
934.4542113700281,8.467e-19
934.4642554841303,8.419e-19
934.4742995982323,8.391e-19
934.4843437123343,8.381e-19
934.4943878264363,8.362e-19
934.5044319405384,8.328e-19
934.5144760546405,8.291e-19
934.5245201687425,8.262e-19
934.5345642828446,8.245e-19
934.5446083969466,8.226e-19
934.5546525110486,8.188e-19
934.5646966251506,8.137e-19
934.5747407392528,8.102e-19
934.5847848533548,8.087e-19
934.5948289674568,8.063e-19
934.6048730815589,8.028e-19
934.614917195661,8.009e-19
934.624961309763,8.003e-19
934.6350054238651,7.987e-19
934.6450495379671,7.964e-19
934.6550936520691,7.944e-19
934.6651377661711,7.914e-19
934.6751818802733,7.886e-19
934.6852259943753,7.883e-19
934.6952701084773,7.882e-19
934.7053142225794,7.844e-19
934.7153583366814,7.8e-19
934.7254024507835,7.778e-19
934.7354465648855,7.755e-19
934.7454906789876,7.716e-19
934.7555347930896,7.688e-19
934.7655789071916,7.669e-19
934.7756230212938,7.638e-19
934.7856671353958,7.61e-19
934.7957112494978,7.597e-19
934.8057553635999,7.572e-19
934.815799477702,7.536e-19
934.825843591804,7.514e-19
934.835887705906,7.495e-19
934.8459318200081,7.457e-19
934.8559759341101,7.418e-19
934.8660200482121,7.392e-19
934.8760641623143,7.358e-19
934.8861082764163,7.317e-19
934.8961523905183,7.295e-19
934.9061965046203,7.293e-19
934.9162406187224,7.284e-19
934.9262847328245,7.25e-19
934.9363288469265,7.202e-19
934.9463729610286,7.173e-19
934.9564170751306,7.171e-19
934.9664611892326,7.152e-19
934.9765053033348,7.092e-19
934.9865494174368,7.043e-19
934.9965935315388,7.045e-19
935.0066376456408,7.055e-19
935.0166817597429,7.025e-19
935.026725873845,6.979e-19
935.036769987947,6.959e-19
935.0468141020491,6.952e-19
935.0568582161511,6.929e-19
935.0669023302531,6.895e-19
935.0769464443551,6.874e-19
935.0869905584573,6.866e-19
935.0970346725593,6.842e-19
935.1070787866613,6.8e-19
935.1171229007634,6.772e-19
935.1271670148654,6.764e-19
935.1372111289675,6.75e-19
935.1472552430696,6.724e-19
935.1572993571716,6.699e-19
935.1673434712736,6.669e-19
935.1773875853756,6.635e-19
935.1874316994778,6.615e-19
935.1974758135798,6.6e-19
935.2075199276818,6.563e-19
935.2175640417839,6.522e-19
935.227608155886,6.501e-19
935.237652269988,6.478e-19
935.24769638409,6.443e-19
935.2577404981921,6.435e-19
935.2677846122941,6.447e-19
935.2778287263961,6.419e-19
935.2878728404983,6.361e-19
935.2979169546003,6.338e-19
935.3079610687023,6.338e-19
935.3180051828044,6.303e-19
935.3280492969064,6.252e-19
935.3380934110085,6.244e-19
935.3481375251105,6.255e-19
935.3581816392126,6.228e-19
935.3682257533146,6.181e-19
935.3782698674166,6.168e-19
935.3883139815188,6.174e-19
935.3983580956208,6.149e-19
935.4084022097228,6.097e-19
935.4184463238248,6.067e-19
935.4284904379269,6.063e-19
935.438534552029,6.05e-19
935.448578666131,6.016e-19
935.4586227802331,5.981e-19
935.4686668943351,5.962e-19
935.4787110084371,5.955e-19
935.4887551225393,5.938e-19
935.4987992366413,5.902e-19
935.5088433507433,5.867e-19
935.5188874648453,5.85e-19
935.5289315789474,5.836e-19
935.5389756930495,5.81e-19
935.5490198071515,5.785e-19
935.5590639212536,5.765e-19
935.5691080353556,5.733e-19
935.5791521494576,5.699e-19
935.5891962635596,5.687e-19
935.5992403776618,5.687e-19
935.6092844917638,5.666e-19
935.6193286058658,5.628e-19
935.6293727199679,5.598e-19
935.63941683407,5.584e-19
935.649460948172,5.576e-19
935.6595050622741,5.556e-19
935.6695491763761,5.522e-19
935.6795932904781,5.489e-19
935.6896374045801,5.468e-19
935.6996815186823,5.453e-19
935.7097256327843,5.443e-19
935.7197697468863,5.436e-19
935.7298138609884,5.414e-19
935.7398579750904,5.377e-19
935.7499020891925,5.35e-19
935.7599462032945,5.343e-19
935.7699903173966,5.336e-19
935.7800344314986,5.32e-19
935.7900785456006,5.297e-19
935.8001226597028,5.264e-19
935.8101667738048,5.238e-19
935.8202108879068,5.23e-19
935.8302550020089,5.215e-19
935.8402991161109,5.183e-19
935.850343230213,5.161e-19
935.860387344315,5.156e-19
935.8704314584171,5.14e-19
935.8804755725191,5.11e-19
935.8905196866211,5.082e-19
935.9005638007233,5.056e-19
935.9106079148253,5.034e-19
935.9206520289273,5.021e-19
935.9306961430293,4.995e-19
935.9407402571314,4.952e-19
935.9507843712335,4.928e-19
935.9608284853355,4.921e-19
935.9708725994376,4.902e-19
935.9809167135396,4.88e-19
935.9909608276416,4.87e-19
936.0010049417438,4.844e-19
936.0110490558458,4.807e-19
936.0210931699478,4.806e-19
936.0311372840498,4.812e-19
936.0411813981519,4.766e-19
936.051225512254,4.719e-19
936.061269626356,4.724e-19
936.0713137404581,4.725e-19
936.0813578545601,4.683e-19
936.0914019686621,4.665e-19
936.1014460827641,4.685e-19
936.1114901968663,4.672e-19
936.1215343109683,4.622e-19
936.1315784250703,4.6e-19
936.1416225391724,4.608e-19
936.1516666532744,4.596e-19
936.1617107673765,4.563e-19
936.1717548814786,4.535e-19
936.1817989955806,4.513e-19
936.1918431096826,4.487e-19
936.2018872237846,4.462e-19
936.2119313378868,4.445e-19
936.2219754519888,4.441e-19
936.2320195660908,4.436e-19
936.2420636801929,4.421e-19
936.252107794295,4.396e-19
936.262151908397,4.362e-19
936.272196022499,4.323e-19
936.2822401366011,4.301e-19
936.2922842507031,4.3e-19
936.3023283648051,4.294e-19
936.3123724789073,4.274e-19
936.3224165930093,4.254e-19
936.3324607071113,4.229e-19
936.3425048212134,4.201e-19
936.3525489353154,4.193e-19
936.3625930494175,4.194e-19
936.3726371635196,4.172e-19
936.3826812776216,4.144e-19
936.3927253917236,4.132e-19
936.4027695058256,4.118e-19
936.4128136199278,4.104e-19
936.4228577340298,4.113e-19
936.4329018481318,4.109e-19
936.4429459622338,4.061e-19
936.4529900763359,4.024e-19
936.463034190438,4.027e-19
936.47307830454,4.012e-19
936.4831224186421,3.977e-19
936.4931665327441,3.97e-19
936.5032106468461,3.964e-19
936.5132547609483,3.925e-19
936.5232988750503,3.905e-19
936.5333429891523,3.921e-19
936.5433871032544,3.901e-19
936.5534312173564,3.842e-19
936.5634753314584,3.815e-19
936.5735194455605,3.818e-19
936.5835635596626,3.81e-19
936.5936076737646,3.801e-19
936.6036517878666,3.792e-19
936.6136959019686,3.759e-19
936.6237400160708,3.718e-19
936.6337841301728,3.701e-19
936.6438282442748,3.693e-19
936.6538723583769,3.679e-19
936.663916472479,3.672e-19
936.673960586581,3.664e-19
936.6840047006831,3.64e-19
936.6940488147851,3.625e-19
936.7040929288871,3.62e-19
936.7141370429893,3.598e-19
936.7241811570913,3.571e-19
936.7342252711933,3.57e-19
936.7442693852953,3.576e-19
936.7543134993974,3.556e-19
936.7643576134994,3.524e-19
936.7744017276015,3.509e-19
936.7844458417035,3.504e-19
936.7944899558056,3.484e-19
936.8045340699076,3.456e-19
936.8145781840096,3.442e-19
936.8246222981118,3.442e-19
936.8346664122138,3.43e-19
936.8447105263158,3.403e-19
936.8547546404179,3.386e-19
936.8647987545199,3.376e-19
936.874842868622,3.352e-19
936.8848869827241,3.332e-19
936.8949310968261,3.337e-19
936.9049752109281,3.333e-19
936.9150193250301,3.298e-19
936.9250634391323,3.273e-19
936.9351075532343,3.27e-19
936.9451516673363,3.258e-19
936.9551957814383,3.232e-19
936.9652398955404,3.216e-19
936.9752840096425,3.203e-19
936.9853281237445,3.19e-19
936.9953722378466,3.186e-19
937.0054163519486,3.172e-19
937.0154604660506,3.137e-19
937.0255045801528,3.115e-19
937.0355486942548,3.117e-19
937.0455928083568,3.106e-19
937.0556369224589,3.078e-19
937.0656810365609,3.076e-19
937.075725150663,3.088e-19
937.085769264765,3.077e-19
937.0958133788671,3.051e-19
937.1058574929691,3.033e-19
937.1159016070711,3.013e-19
937.1259457211731,2.991e-19
937.1359898352753,2.984e-19
937.1460339493773,2.987e-19
937.1560780634793,2.981e-19
937.1661221775814,2.973e-19
937.1761662916834,2.961e-19
937.1862104057855,2.933e-19
937.1962545198876,2.9e-19
937.2062986339896,2.893e-19
937.2163427480916,2.906e-19
937.2263868621937,2.901e-19
937.2364309762958,2.865e-19
937.2464750903978,2.83e-19
937.2565192044998,2.825e-19
937.2665633186019,2.831e-19
937.2766074327039,2.817e-19
937.286651546806,2.784e-19
937.296695660908,2.76e-19
937.3067397750101,2.755e-19
937.3167838891121,2.752e-19
937.3268280032141,2.74e-19
937.3368721173163,2.725e-19
937.3469162314183,2.713e-19
937.3569603455203,2.698e-19
937.3670044596224,2.676e-19
937.3770485737244,2.661e-19
937.3870926878265,2.661e-19
937.3971368019286,2.657e-19
937.4071809160306,2.634e-19
937.4172250301326,2.613e-19
937.4272691442346,2.616e-19
937.4373132583368,2.624e-19
937.4473573724388,2.613e-19
937.4574014865408,2.59e-19
937.4674456006428,2.567e-19
937.4774897147449,2.556e-19
937.487533828847,2.563e-19
937.497577942949,2.558e-19
937.5076220570511,2.522e-19
937.5176661711531,2.489e-19
937.5277102852551,2.485e-19
937.5377543993573,2.482e-19
937.5477985134593,2.463e-19
937.5578426275613,2.452e-19
937.5678867416634,2.449e-19
937.5779308557654,2.434e-19
937.5879749698674,2.424e-19
937.5980190839695,2.427e-19
937.6080631980716,2.414e-19
937.6181073121736,2.383e-19
937.6281514262756,2.369e-19
937.6381955403776,2.369e-19
937.6482396544798,2.366e-19
937.6582837685818,2.364e-19
937.6683278826838,2.356e-19
937.6783719967859,2.324e-19
937.6884161108879,2.288e-19
937.69846022499,2.279e-19
937.7085043390921,2.283e-19
937.7185484531941,2.276e-19
937.7285925672961,2.257e-19
937.7386366813982,2.233e-19
937.7486807955003,2.217e-19
937.7587249096023,2.221e-19
937.7687690237043,2.221e-19
937.7788131378064,2.199e-19
937.7888572519084,2.19e-19
937.7989013660105,2.207e-19
937.8089454801125,2.199e-19
937.8189895942146,2.154e-19
937.8290337083166,2.12e-19
937.8390778224186,2.114e-19
937.8491219365208,2.117e-19
937.8591660506228,2.127e-19
937.8692101647248,2.13e-19
937.8792542788269,2.104e-19
937.8892983929289,2.083e-19
937.899342507031,2.096e-19
937.9093866211331,2.1e-19
937.9194307352351,2.075e-19
937.9294748493371,2.066e-19
937.9395189634391,2.077e-19
937.9495630775413,2.067e-19
937.9596071916433,2.043e-19
937.9696513057453,2.034e-19
937.9796954198473,2.022e-19
937.9897395339494,1.997e-19
937.9997836480514,1.979e-19
938.0098277621535,1.97e-19
938.0198718762556,1.957e-19
938.0299159903576,1.957e-19
938.0399601044596,1.968e-19
938.0500042185618,1.957e-19
938.0600483326638,1.922e-19
938.0700924467658,1.901e-19
938.0801365608679,1.906e-19
938.0901806749699,1.911e-19
938.100224789072,1.901e-19
938.110268903174,1.884e-19
938.1203130172761,1.877e-19
938.1303571313781,1.87e-19
938.1404012454801,1.852e-19
938.1504453595821,1.843e-19
938.1604894736843,1.858e-19
938.1705335877863,1.863e-19
938.1805777018883,1.833e-19
938.1906218159904,1.812e-19
938.2006659300924,1.825e-19
938.2107100441945,1.829e-19
938.2207541582966,1.809e-19
938.2307982723986,1.802e-19
938.2408423865006,1.801e-19
938.2508865006027,1.774e-19
938.2609306147048,1.753e-19
938.2709747288068,1.768e-19
938.2810188429088,1.772e-19
938.2910629570109,1.736e-19
938.3011070711129,1.701e-19
938.311151185215,1.699e-19
938.321195299317,1.707e-19
938.3312394134191,1.701e-19
938.3412835275211,1.68e-19
938.3513276416231,1.654e-19
938.3613717557253,1.641e-19
938.3714158698273,1.65e-19
938.3814599839293,1.661e-19
938.3915040980314,1.654e-19
938.4015482121334,1.632e-19
938.4115923262354,1.607e-19
938.4216364403376,1.596e-19
938.4316805544396,1.606e-19
938.4417246685416,1.616e-19
938.4517687826436,1.613e-19
938.4618128967458,1.605e-19
938.4718570108478,1.59e-19
938.4819011249498,1.567e-19
938.4919452390518,1.564e-19
938.5019893531539,1.581e-19
938.512033467256,1.572e-19
938.522077581358,1.54e-19
938.5321216954601,1.539e-19
938.5421658095621,1.559e-19
938.5522099236641,1.55e-19
938.5622540377663,1.532e-19
938.5722981518683,1.541e-19
938.5823422659703,1.541e-19
938.5923863800724,1.503e-19
938.6024304941744,1.47e-19
938.6124746082764,1.476e-19
938.6225187223785,1.489e-19
938.6325628364806,1.484e-19
938.6426069505826,1.474e-19
938.6526510646846,1.466e-19
938.6626951787866,1.453e-19
938.6727392928888,1.437e-19
938.6827834069908,1.421e-19
938.6928275210928,1.411e-19
938.7028716351949,1.409e-19
938.7129157492969,1.403e-19
938.722959863399,1.386e-19
938.7330039775011,1.374e-19
938.7430480916031,1.372e-19
938.7530922057051,1.369e-19
938.7631363198072,1.363e-19
938.7731804339093,1.363e-19
938.7832245480113,1.36e-19
938.7932686621133,1.344e-19
938.8033127762154,1.335e-19
938.8133568903174,1.341e-19
938.8234010044195,1.337e-19
938.8334451185216,1.322e-19
938.8434892326236,1.318e-19
938.8535333467256,1.325e-19
938.8635774608276,1.318e-19
938.8736215749298,1.301e-19
938.8836656890318,1.294e-19
938.8937098031338,1.296e-19
938.9037539172359,1.292e-19
938.9137980313379,1.286e-19
938.92384214544,1.28e-19
938.9338862595421,1.266e-19
938.9439303736441,1.255e-19
938.9539744877461,1.258e-19
938.9640186018481,1.258e-19
938.9740627159503,1.24e-19
938.9841068300523,1.228e-19
938.9941509441543,1.232e-19
939.0041950582564,1.224e-19
939.0142391723584,1.203e-19
939.0242832864604,1.201e-19
939.0343274005625,1.212e-19
939.0443715146646,1.211e-19
939.0544156287666,1.197e-19
939.0644597428686,1.182e-19
939.0745038569708,1.166e-19
939.0845479710728,1.155e-19
939.0945920851748,1.152e-19
939.1046361992769,1.141e-19
939.1146803133789,1.129e-19
939.1247244274809,1.135e-19
939.134768541583,1.142e-19
939.1448126556851,1.132e-19
939.1548567697871,1.129e-19
939.1649008838891,1.139e-19
939.1749449979912,1.124e-19
939.1849891120933,1.094e-19
939.1950332261953,1.096e-19
939.2050773402973,1.111e-19
939.2151214543994,1.098e-19
939.2251655685014,1.087e-19
939.2352096826035,1.093e-19
939.2452537967056,1.078e-19
939.2552979108076,1.055e-19
939.2653420249096,1.072e-19
939.2753861390117,1.088e-19
939.2854302531138,1.059e-19
939.2954743672158,1.04e-19
939.3055184813178,1.065e-19
939.3155625954199,1.07e-19
939.3256067095219,1.036e-19
939.335650823624,1.022e-19
939.3456949377261,1.036e-19
939.3557390518281,1.029e-19
939.3657831659301,1.004e-19
939.3758272800321,9.898e-20
939.3858713941343,9.836e-20
939.3959155082363,9.829e-20
939.4059596223383,9.968e-20
939.4160037364404,1.007e-19
939.4260478505424,9.916e-20
939.4360919646444,9.652e-20
939.4461360787466,9.503e-20
939.4561801928486,9.469e-20
939.4662243069506,9.504e-20
939.4762684210526,9.548e-20
939.4863125351548,9.46e-20
939.4963566492568,9.281e-20
939.5064007633588,9.237e-20
939.5164448774609,9.325e-20
939.5264889915629,9.293e-20
939.536533105665,9.121e-20
939.546577219767,9.057e-20
939.5566213338691,9.167e-20
939.5666654479711,9.229e-20
939.5767095620731,9.146e-20
939.5867536761752,9.064e-20
939.5967977902773,9.018e-20
939.6068419043793,8.917e-20
939.6168860184814,8.871e-20
939.6269301325834,9.018e-20
939.6369742466854,9.133e-20
939.6470183607875,8.975e-20
939.6570624748896,8.729e-20
939.6671065889916,8.634e-20
939.6771507030936,8.628e-20
939.6871948171957,8.632e-20
939.6972389312978,8.626e-20
939.7072830453998,8.478e-20
939.7173271595018,8.253e-20
939.7273712736039,8.263e-20
939.7374153877059,8.459e-20
939.747459501808,8.451e-20
939.7575036159101,8.249e-20
939.7675477300121,8.168e-20
939.7775918441141,8.197e-20
939.7876359582162,8.167e-20
939.7976800723183,8.131e-20
939.8077241864203,8.1e-20
939.8177683005223,7.995e-20
939.8278124146244,7.917e-20
939.8378565287264,7.925e-20
939.8479006428284,7.84e-20
939.8579447569306,7.647e-20
939.8679888710326,7.589e-20
939.8780329851346,7.704e-20
939.8880770992366,7.789e-20
939.8981212133388,7.744e-20
939.9081653274408,7.608e-20
939.9182094415428,7.472e-20
939.9282535556449,7.435e-20
939.9382976697469,7.434e-20
939.948341783849,7.347e-20
939.9583858979511,7.291e-20
939.9684300120531,7.388e-20
939.9784741261551,7.446e-20
939.9885182402571,7.318e-20
939.9985623543593,7.191e-20
940.0086064684613,7.219e-20
940.0186505825633,7.312e-20
940.0286946966654,7.325e-20
940.0387388107674,7.194e-20
940.0487829248694,7.022e-20
940.0588270389715,7.013e-20
940.0688711530736,7.099e-20
940.0789152671756,7.001e-20
940.0889593812776,6.79e-20
940.0990034953797,6.763e-20
940.1090476094818,6.883e-20
940.1190917235838,6.975e-20
940.1291358376859,7.043e-20
940.1391799517879,7e-20
940.1492240658899,6.765e-20
940.159268179992,6.637e-20
940.1693122940941,6.764e-20
940.1793564081961,6.774e-20
940.1894005222981,6.572e-20
940.1994446364002,6.519e-20
940.2094887505023,6.584e-20
940.2195328646043,6.515e-20
940.2295769787063,6.488e-20
940.2396210928084,6.56e-20
940.2496652069104,6.423e-20
940.2597093210125,6.244e-20
940.2697534351146,6.391e-20
940.2797975492166,6.518e-20
940.2898416633186,6.317e-20
940.2998857774207,6.238e-20
940.3099298915228,6.383e-20
940.3199740056248,6.259e-20
940.3300181197268,6.047e-20
940.3400622338289,6.24e-20
940.3501063479309,6.402e-20
940.360150462033,6.071e-20
940.3701945761351,5.793e-20
940.3802386902371,5.934e-20
940.3902828043391,6.016e-20
940.4003269184411,5.867e-20
940.4103710325433,5.823e-20
940.4204151466453,5.848e-20
940.4304592607473,5.782e-20
940.4405033748494,5.791e-20
940.4505474889514,5.816e-20
940.4605916030534,5.606e-20
940.4706357171556,5.423e-20
940.4806798312576,5.557e-20
940.4907239453596,5.629e-20
940.5007680594616,5.364e-20
940.5108121735637,5.18e-20
940.5208562876658,5.363e-20
940.5309004017678,5.641e-20
940.5409445158699,5.761e-20
940.5509886299719,5.658e-20
940.5610327440739,5.339e-20
940.571076858176,5.094e-20
940.5811209722781,5.216e-20
940.5911650863801,5.456e-20
940.6012092004821,5.457e-20
940.6112533145842,5.388e-20
940.6212974286863,5.456e-20
940.6313415427883,5.446e-20
940.6413856568904,5.257e-20
940.6514297709924,5.167e-20
940.6614738850944,5.284e-20
940.6715179991966,5.408e-20
940.6815621132986,5.423e-20
940.6916062274006,5.368e-20
940.7016503415026,5.293e-20
940.7116944556047,5.245e-20
940.7217385697068,5.182e-20
940.7317826838088,5.007e-20
940.7418267979108,4.838e-20
940.7518709120129,4.879e-20
940.7619150261149,4.997e-20
940.771959140217,4.951e-20
940.7820032543191,4.852e-20
940.7920473684211,4.851e-20
940.8020914825231,4.807e-20
940.8121355966252,4.704e-20
940.8221797107273,4.753e-20
940.8322238248293,4.855e-20
940.8422679389314,4.763e-20
940.8523120530334,4.672e-20
940.8623561671354,4.797e-20
940.8724002812374,4.825e-20
940.8824443953396,4.6e-20
940.8924885094416,4.511e-20
940.9025326235436,4.622e-20
940.9125767376456,4.55e-20
940.9226208517478,4.377e-20
940.9326649658498,4.444e-20
940.9427090799518,4.534e-20
940.9527531940539,4.411e-20
940.9627973081559,4.4e-20
940.9728414222579,4.564e-20
940.9828855363601,4.491e-20
940.9929296504621,4.259e-20
941.0029737645641,4.282e-20
941.0130178786662,4.39e-20
941.0230619927682,4.294e-20
941.0331061068703,4.267e-20
941.0431502209723,4.415e-20
941.0531943350744,4.393e-20
941.0632384491764,4.254e-20
941.0732825632784,4.326e-20
941.0833266773805,4.399e-20
941.0933707914826,4.205e-20
941.1034149055846,4.033e-20
941.1134590196866,4.055e-20
941.1235031337887,4.007e-20
941.1335472478908,3.903e-20
941.1435913619928,3.964e-20
941.1536354760949,3.997e-20
941.1636795901969,3.838e-20
941.1737237042989,3.822e-20
941.1837678184011,4.059e-20
941.1938119325031,4.128e-20
941.2038560466051,3.917e-20
941.2139001607071,3.812e-20
941.2239442748092,3.93e-20
941.2339883889113,4.021e-20
941.2440325030133,3.975e-20
941.2540766171153,3.893e-20
941.2641207312174,3.87e-20
941.2741648453194,3.906e-20
941.2842089594214,3.873e-20
941.2942530735236,3.701e-20
941.3042971876256,3.606e-20
941.3143413017276,3.731e-20
941.3243854158297,3.835e-20
941.3344295299318,3.758e-20
941.3444736440338,3.724e-20
941.3545177581359,3.821e-20
941.3645618722379,3.83e-20
941.3746059863399,3.738e-20
941.384650100442,3.745e-20
941.3946942145441,3.823e-20
941.4047383286461,3.798e-20
941.4147824427481,3.648e-20
941.4248265568501,3.435e-20
941.4348706709523,3.261e-20
941.4449147850543,3.297e-20
941.4549588991563,3.526e-20
941.4650030132584,3.666e-20
941.4750471273604,3.581e-20
941.4850912414624,3.429e-20
941.4951353555646,3.336e-20
941.5051794696666,3.281e-20
941.5152235837686,3.225e-20
941.5252676978707,3.136e-20
941.5353118119727,3.074e-20
941.5453559260748,3.195e-20
941.5554000401768,3.403e-20
941.5654441542789,3.373e-20
941.5754882683809,3.138e-20
941.5855323824829,3.034e-20
941.595576496585,3.047e-20
941.6056206106871,2.984e-20
941.6156647247891,3.009e-20
941.6257088388911,3.19e-20
941.6357529529932,3.166e-20
941.6457970670953,2.937e-20
941.6558411811973,2.982e-20
941.6658852952994,3.228e-20
941.6759294094014,3.128e-20
941.6859735235034,2.821e-20
941.6960176376056,2.857e-20
941.7060617517076,3.092e-20
941.7161058658096,3.094e-20
941.7261499799116,3.041e-20
941.7361940940137,3.165e-20
941.7462382081158,3.171e-20
941.7562823222178,2.936e-20
941.7663264363198,2.841e-20
941.7763705504219,2.975e-20
941.7864146645239,2.983e-20
941.796458778626,2.852e-20
941.8065028927281,2.932e-20
941.8165470068301,3.182e-20
941.8265911209321,3.201e-20
941.8366352350342,2.937e-20
941.8466793491363,2.701e-20
941.8567234632383,2.633e-20
941.8667675773404,2.655e-20
941.8768116914424,2.751e-20
941.8868558055444,2.9e-20
941.8968999196464,2.971e-20
941.9069440337486,2.923e-20
941.9169881478506,2.829e-20
941.9270322619526,2.681e-20
941.9370763760546,2.512e-20
941.9471204901567,2.53e-20
941.9571646042588,2.75e-20
941.9672087183608,2.846e-20
941.9772528324629,2.685e-20
941.9872969465649,2.536e-20
941.9973410606669,2.559e-20
942.0073851747691,2.625e-20
942.0174292888711,2.674e-20
942.0274734029731,2.745e-20
942.0375175170752,2.752e-20
942.0475616311772,2.635e-20
942.0576057452793,2.507e-20
942.0676498593813,2.475e-20
942.0776939734834,2.514e-20
942.0877380875854,2.551e-20
942.0977822016874,2.53e-20
942.1078263157895,2.486e-20
942.1178704298916,2.484e-20
942.1279145439936,2.458e-20
942.1379586580956,2.327e-20
942.1480027721977,2.222e-20
942.1580468862998,2.256e-20
942.1680910004018,2.306e-20
942.1781351145039,2.297e-20
942.1881792286059,2.295e-20
942.1982233427079,2.259e-20
942.2082674568101,2.203e-20
942.2183115709121,2.317e-20
942.2283556850141,2.491e-20
942.2383997991161,2.349e-20
942.2484439132182,2.031e-20
942.2584880273203,2.002e-20
942.2685321414223,2.154e-20
942.2785762555243,2.16e-20
942.2886203696264,2.228e-20
942.2986644837284,2.501e-20
942.3087085978304,2.56e-20
942.3187527119326,2.272e-20
942.3287968260346,2.076e-20
942.3388409401366,2.137e-20
942.3488850542387,2.219e-20
942.3589291683408,2.257e-20
942.3689732824428,2.292e-20
942.3790173965449,2.254e-20
942.3890615106469,2.176e-20
942.3991056247489,2.154e-20
942.4091497388509,2.162e-20
942.4191938529531,2.229e-20
942.4292379670551,2.356e-20
942.4392820811571,2.324e-20
942.4493261952591,2.122e-20
942.4593703093612,2.132e-20
942.4694144234633,2.389e-20
942.4794585375653,2.449e-20
942.4895026516674,2.227e-20
942.4995467657694,2.074e-20
942.5095908798714,2.068e-20
942.5196349939736,2.043e-20
942.5296791080756,2.015e-20
942.5397232221776,2.019e-20
942.5497673362797,1.995e-20
942.5598114503817,2.019e-20
942.5698555644838,2.152e-20
942.5798996785858,2.186e-20
942.5899437926879,2.008e-20
942.5999879067899,1.837e-20
942.6100320208919,1.839e-20
942.620076134994,1.907e-20
942.6301202490961,1.921e-20
942.6401643631981,1.894e-20
942.6502084773001,1.881e-20
942.6602525914022,1.893e-20
942.6702967055043,1.886e-20
942.6803408196063,1.85e-20
942.6903849337084,1.855e-20
942.7004290478104,1.917e-20
942.7104731619124,1.966e-20
942.7205172760146,1.994e-20
942.7305613901166,2.026e-20
942.7406055042186,1.995e-20
942.7506496183206,1.883e-20
942.7606937324227,1.781e-20
942.7707378465248,1.729e-20
942.7807819606268,1.717e-20
942.7908260747288,1.759e-20
942.8008701888309,1.776e-20
942.8109143029329,1.695e-20
942.820958417035,1.649e-20
942.8310025311371,1.721e-20
942.8410466452391,1.733e-20
942.8510907593411,1.62e-20
942.8611348734432,1.576e-20
942.8711789875452,1.638e-20
942.8812231016473,1.672e-20
942.8912672157494,1.683e-20
942.9013113298514,1.7e-20
942.9113554439534,1.667e-20
942.9213995580554,1.646e-20
942.9314436721576,1.712e-20
942.9414877862596,1.745e-20
942.9515319003616,1.706e-20
942.9615760144636,1.722e-20
942.9716201285657,1.749e-20
942.9816642426678,1.694e-20
942.9917083567698,1.685e-20
943.0017524708719,1.747e-20
943.0117965849739,1.735e-20
943.0218406990759,1.722e-20
943.0318848131781,1.786e-20
943.0419289272801,1.711e-20
943.0519730413821,1.536e-20
943.0620171554842,1.623e-20
943.0720612695862,1.836e-20
943.0821053836883,1.776e-20
943.0921494977903,1.665e-20
943.1021936118924,1.802e-20
943.1122377259944,1.846e-20
943.1222818400964,1.618e-20
943.1323259541986,1.529e-20
943.1423700683006,1.647e-20
943.1524141824026,1.594e-20
943.1624582965046,1.389e-20
943.1725024106067,1.302e-20
943.1825465247088,1.303e-20
943.1925906388108,1.346e-20
943.2026347529129,1.494e-20
943.2126788670149,1.54e-20
943.2227229811169,1.343e-20
943.2327670952191,1.223e-20
943.2428112093211,1.339e-20
943.2528553234231,1.372e-20
943.2628994375251,1.259e-20
943.2729435516272,1.329e-20
943.2829876657293,1.567e-20
943.2930317798313,1.628e-20
943.3030758939334,1.481e-20
943.3131200080354,1.366e-20
943.3231641221374,1.346e-20
943.3332082362394,1.347e-20
943.3432523503416,1.383e-20
943.3532964644436,1.452e-20
943.3633405785456,1.41e-20
943.3733846926477,1.205e-20
943.3834288067497,1.089e-20
943.3934729208518,1.253e-20
943.4035170349539,1.458e-20
943.4135611490559,1.442e-20
943.4236052631579,1.366e-20
943.4336493772599,1.405e-20
943.4436934913621,1.404e-20
943.4537376054641,1.344e-20
943.4637817195661,1.39e-20
943.4738258336682,1.413e-20
943.4838699477702,1.262e-20
943.4939140618723,1.215e-20
943.5039581759743,1.367e-20
943.5140022900764,1.336e-20
943.5240464041784,1.136e-20
943.5340905182804,1.227e-20
943.5441346323826,1.494e-20
943.5541787464846,1.44e-20
943.5642228605866,1.239e-20
943.5742669746887,1.318e-20
943.5843110887907,1.422e-20
943.5943552028928,1.199e-20
943.6043993169948,9.567e-21
943.6144434310969,1.045e-20
943.6244875451989,1.273e-20
943.6345316593009,1.389e-20
943.6445757734031,1.423e-20
943.6546198875051,1.388e-20
943.6646640016071,1.239e-20
943.6747081157091,1.099e-20
943.6847522298112,1.124e-20
943.6947963439133,1.236e-20
943.7048404580153,1.259e-20
943.7148845721174,1.221e-20
943.7249286862194,1.258e-20
943.7349728003214,1.31e-20
943.7450169144236,1.221e-20
943.7550610285256,1.076e-20
943.7651051426276,1.067e-20
943.7751492567296,1.145e-20
943.7851933708317,1.16e-20
943.7952374849338,1.14e-20
943.8052815990358,1.162e-20
943.8153257131379,1.219e-20
943.8253698272399,1.311e-20
943.8354139413419,1.378e-20
943.8454580554439,1.284e-20
943.8555021695461,1.088e-20
943.8655462836481,1.028e-20
943.8755903977501,1.115e-20
943.8856345118522,1.156e-20
943.8956786259542,1.107e-20
943.9057227400563,1.053e-20
943.9157668541584,1.025e-20
943.9258109682604,1.041e-20
943.9358550823624,1.076e-20
943.9458991964644,1.024e-20
943.9559433105666,8.985e-21
943.9659874246686,8.619e-21
943.9760315387706,9.504e-21
943.9860756528727,1.07e-20
943.9961197669747,1.174e-20
944.0061638810768,1.191e-20
944.0162079951788,1.052e-20
944.0262521092809,9.173e-21
944.0362962233829,9.999e-21
944.0463403374849,1.174e-20
944.0563844515871,1.155e-20
944.0664285656891,9.5e-21
944.0764726797911,8.479e-21
944.0865167938932,1.013e-20
944.0965609079952,1.212e-20
944.1066050220973,1.111e-20
944.1166491361993,8.559e-21
944.1266932503014,8.906e-21
944.1367373644034,1.161e-20
944.1467814785054,1.212e-20
944.1568255926076,1.037e-20
944.1668697067096,9.818e-21
944.1769138208116,1.03e-20
944.1869579349136,9.948e-21
944.1970020490157,9.655e-21
944.2070461631178,9.974e-21
944.2170902772198,9.464e-21
944.2271343913219,8.452e-21
944.2371785054239,8.575e-21
944.2472226195259,9.441e-21
944.2572667336281,9.891e-21
944.2673108477301,9.661e-21
944.2773549618321,8.79e-21
944.2873990759341,8.432e-21
944.2974431900362,9.628e-21
944.3074873041382,1.007e-20
944.3175314182403,7.816e-21
944.3275755323424,5.976e-21
944.3376196464444,6.998e-21
944.3476637605464,8.048e-21
944.3577078746484,7.642e-21
944.3677519887506,7.929e-21
944.3777961028526,8.358e-21
944.3878402169546,7.092e-21
944.3978843310567,6.459e-21
944.4079284451587,8.3e-21
944.4179725592608,9.858e-21
944.4280166733629,9.454e-21
944.4380607874649,8.645e-21
944.4481049015669,8.093e-21
944.4581490156689,7.887e-21
944.4681931297711,8.67e-21
944.4782372438731,9.282e-21
944.4882813579751,8.604e-21
944.4983254720772,8.279e-21
944.5083695861792,8.815e-21
944.5184137002813,8.337e-21
944.5284578143833,7.422e-21
944.5385019284854,8.038e-21
944.5485460425874,9.128e-21
944.5585901566894,9.105e-21
944.5686342707916,8.314e-21
944.5786783848936,6.909e-21
944.5887224989956,5.893e-21
944.5987666130977,7.35e-21
944.6088107271997,9.439e-21
944.6188548413018,8.737e-21
944.6288989554038,7.735e-21
944.6389430695059,9.638e-21
944.6489871836079,1.076e-20
944.6590312977099,8.376e-21
944.6690754118121,6.515e-21
944.6791195259141,6.84e-21
944.6891636400161,6.49e-21
944.6992077541181,6.083e-21
944.7092518682202,7.409e-21
944.7192959823223,8.043e-21
944.7293400964243,7.244e-21
944.7393842105264,7.691e-21
944.7494283246284,8.39e-21
944.7594724387304,7.294e-21
944.7695165528326,7.081e-21
944.7795606669346,8.644e-21
944.7896047810366,8.247e-21
944.7996488951386,6.137e-21
944.8096930092407,6.009e-21
944.8197371233427,7.007e-21
944.8297812374448,7.015e-21
944.8398253515469,7.418e-21
944.8498694656489,8.104e-21
944.8599135797509,7.168e-21
944.8699576938529,6.121e-21
944.8800018079551,6.535e-21
944.8900459220571,6.491e-21
944.9000900361591,5.78e-21
944.9101341502612,6.076e-21
944.9201782643632,5.905e-21
944.9302223784653,4.444e-21
944.9402664925674,4.759e-21
944.9503106066694,6.823e-21
944.9603547207714,7.011e-21
944.9703988348734,6.03e-21
944.9804429489756,6.291e-21
944.9904870630776,5.848e-21
945.0005311771796,4.322e-21
945.0105752912817,5.227e-21
945.0206194053837,7.313e-21
945.0306635194858,6.191e-21
945.0407076335878,4.001e-21
945.0507517476899,4.841e-21
945.0607958617919,6.503e-21
945.0708399758939,6.333e-21
945.0808840899961,5.872e-21
945.0909282040981,5.589e-21
945.1009723182001,5.189e-21
945.1110164323022,6.814e-21
945.1210605464042,9.523e-21
945.1311046605063,8.743e-21
945.1411487746084,5.836e-21
945.1511928887104,6.367e-21
945.1612370028124,8.859e-21
945.1712811169144,8.309e-21
945.1813252310166,6.433e-21
945.1913693451186,6.954e-21
945.2014134592206,8.039e-21
945.2114575733226,7.485e-21
945.2215016874247,7.003e-21
945.2315458015267,7.42e-21
945.2415899156288,7.469e-21
945.2516340297309,7.388e-21
945.2616781438329,7.684e-21
945.2717222579349,7.096e-21
945.281766372037,5.526e-21
945.2918104861391,4.677e-21
945.3018546002411,4.704e-21
945.3118987143432,4.778e-21
945.3219428284452,5.488e-21
945.3319869425472,6.62e-21
945.3420310566493,6.105e-21
945.3520751707514,4.302e-21
945.3621192848534,4.35e-21
945.3721633989554,6.245e-21
945.3822075130574,6.264e-21
945.3922516271596,3.639e-21
945.4022957412616,2.092e-21
945.4123398553636,3.643e-21
945.4223839694657,5.777e-21
945.4324280835677,6.155e-21
945.4424721976698,6.078e-21
945.4525163117719,7.118e-21
945.4625604258739,7.686e-21
945.4726045399759,6.354e-21
945.482648654078,5.543e-21
945.4926927681801,7.089e-21
945.5027368822821,7.723e-21
945.5127809963841,4.913e-21
945.5228251104862,2.527e-21
945.5328692245882,4.044e-21
945.5429133386903,6.229e-21
945.5529574527923,5.792e-21
945.5630015668944,4.87e-21
945.5730456809964,5.391e-21
945.5830897950984,5.896e-21
945.5931339092006,5.93e-21
945.6031780233026,6.231e-21
945.6132221374046,5.871e-21
945.6232662515067,4.75e-21
945.6333103656087,4.449e-21
945.6433544797108,4.232e-21
945.6533985938129,3.024e-21
945.6634427079149,3.524e-21
945.6734868220169,6.433e-21
945.6835309361189,6.807e-21
945.693575050221,3.666e-21
945.7036191643231,3.07e-21
945.7136632784251,6.343e-21
945.7237073925271,7.688e-21
945.7337515066292,5.588e-21
945.7437956207312,3.857e-21
945.7538397348333,3.261e-21
945.7638838489354,2.977e-21
945.7739279630374,4.668e-21
945.7839720771394,7.432e-21
945.7940161912416,7.065e-21
945.8040603053436,3.995e-21
945.8141044194456,2.687e-21
945.8241485335477,3.64e-21
945.8341926476497,4.34e-21
945.8442367617517,4.638e-21
945.8542808758538,5.012e-21
945.8643249899559,4.588e-21
945.8743691040579,3.898e-21
945.8844132181599,4.405e-21
945.8944573322619,5.314e-21
945.9045014463641,5.175e-21
945.9145455604661,4.507e-21
945.9245896745681,3.996e-21
945.9346337886702,3.281e-21
945.9446779027722,2.734e-21
945.9547220168743,3.286e-21
945.9647661309764,4.448e-21
945.9748102450784,4.895e-21
945.9848543591804,4.357e-21
945.9948984732825,3.659e-21
946.0049425873846,3.554e-21
946.0149867014866,3.844e-21
946.0250308155886,3.55e-21
946.0350749296907,2.523e-21
946.0451190437927,2.209e-21
946.0551631578948,3.504e-21
946.0652072719968,5.022e-21
946.0752513860989,5.155e-21
946.0852955002009,4.326e-21
946.0953396143029,3.607e-21
946.1053837284051,2.999e-21
946.1154278425071,2.696e-21
946.1254719566091,3.751e-21
946.1355160707112,5.566e-21
946.1455601848132,5.393e-21
946.1556042989153,2.663e-21
946.1656484130174,9.032e-22
946.1756925271194,2.557e-21
946.1857366412214,5.186e-21
946.1957807553234,5.756e-21
946.2058248694256,4.993e-21
946.2158689835276,4.819e-21
946.2259130976296,5.164e-21
946.2359572117316,5.544e-21
946.2460013258337,6.332e-21
946.2560454399357,7.149e-21
946.2660895540378,6.921e-21
946.2761336681399,5.78e-21
946.2861777822419,4.709e-21
946.2962218963439,4.1e-21
946.306266010446,4.119e-21
946.3163101245481,4.845e-21
946.3263542386501,5.318e-21
946.3363983527522,4.624e-21
946.3464424668542,3.659e-21
946.3564865809562,3.429e-21
946.3665306950583,3.067e-21
946.3765748091604,2.264e-21
946.3866189232624,2.9e-21
946.3966630373644,5.027e-21
946.4067071514664,5.236e-21
946.4167512655686,2.655e-21
946.4267953796706,1.191e-21
946.4368394937726,2.284e-21
946.4468836078747,2.401e-21
946.4569277219767,1.107e-21
946.4669718360788,2.651e-21
946.4770159501809,6.612e-21
946.4870600642829,7.18e-21
946.4971041783849,3.846e-21
946.507148292487,2.108e-21
946.5171924065891,3.323e-21
946.5272365206911,3.985e-21
946.5372806347931,3.386e-21
946.5473247488952,3.358e-21
946.5573688629972,3.754e-21
946.5674129770993,3.778e-21
946.5774570912013,3.508e-21
946.5875012053034,2.628e-21
946.5975453194054,1.92e-21
946.6075894335074,3.097e-21
946.6176335476096,4.249e-21
946.6276776617116,2.287e-21
946.6377217758136,2.019e-22
946.6477658899157,2.184e-21
946.6578100040177,4.91e-21
946.6678541181197,4.384e-21
946.6778982322219,3.834e-21
946.6879423463239,5.14e-21
946.6979864604259,4.151e-21
946.7080305745279,1.193e-21
946.71807468863,1.636e-21
946.7281188027321,3.922e-21
946.7381629168341,2.791e-21
946.7482070309361,1.088e-21
946.7582511450382,3.281e-21
946.7682952591402,5.423e-21
946.7783393732423,3.825e-21
946.7883834873444,2.285e-21
946.7984276014464,3.007e-21
946.8084717155484,3.003e-21
946.8185158296506,2.045e-21
946.8285599437526,2.446e-21
946.8386040578546,3.074e-21
946.8486481719567,2.368e-21
946.8586922860587,2.196e-21
946.8687364001607,3.759e-21
946.8787805142628,5.434e-21
946.8888246283649,6.002e-21
946.8988687424669,5.746e-21
946.9089128565689,5.214e-21
946.9189569706709,4.565e-21
946.9290010847731,3.249e-21
946.9390451988751,1.6e-21
946.9490893129771,1.575e-21
946.9591334270792,2.834e-21
946.9691775411812,2.42e-21
946.9792216552833,1.075e-21
946.9892657693854,1.938e-21
946.9993098834874,2.894e-21
947.0093539975894,9.888e-22
947.0193981116915,3.311e-22
947.0294422257936,3.683e-21
947.0394863398956,5.104e-21
947.0495304539976,1.575e-21
947.0595745680997,0.0
947.0696186822017,7.207e-22
947.0796627963038,2.364e-21
947.0897069104058,2.718e-21
947.0997510245079,3.072e-21
947.1097951386099,2.353e-21
947.1198392527119,1.141e-21
947.129883366814,1.829e-21
947.1399274809161,2.565e-21
947.1499715950181,1.648e-21
947.1600157091202,2.559e-21
947.1700598232222,5.311e-21
947.1801039373242,4.571e-21
947.1901480514264,1.402e-21
947.2001921655284,1.625e-21
947.2102362796304,3.816e-21
947.2202803937324,3.964e-21
947.2303245078346,4.085e-21
947.2403686219366,5.337e-21
947.2504127360386,5.015e-21
947.2604568501406,4.549e-21
947.2705009642427,6.525e-21
947.2805450783447,7.224e-21
947.2905891924468,4.385e-21
947.3006333065489,2.707e-21
947.3106774206509,3.801e-21
947.3207215347529,3.785e-21
947.330765648855,2.697e-21
947.3408097629571,3.074e-21
947.3508538770591,3.1e-21
947.3608979911612,1.635e-21
947.3709421052632,1.732e-21
947.3809862193652,3.345e-21
947.3910303334673,3.215e-21
947.4010744475694,2.487e-21
947.4111185616714,3.748e-21
947.4211626757734,4.593e-21
947.4312067898754,2.851e-21
947.4412509039776,1.212e-21
947.4512950180796,1.321e-21
947.4613391321816,1.352e-21
947.4713832462837,1.196e-21
947.4814273603857,2.353e-21
947.4914714744878,3.642e-21
947.5015155885899,3.112e-21
947.5115597026919,1.783e-21
947.5216038167939,1.762e-21
947.531647930896,3.251e-21
947.5416920449981,4.738e-21
947.5517361591001,4.375e-21
947.5617802732021,1.931e-21
947.5718243873042,0.0
947.5818685014062,8.345e-22
947.5919126155082,2.728e-21
947.6019567296104,2.773e-21
947.6120008437124,1.555e-21
947.6220449578144,1.242e-21
947.6320890719164,1.607e-21
947.6421331860186,1.658e-21
947.6521773001206,1.754e-21
947.6622214142226,1.49e-21
947.6722655283247,7.913e-23
947.6823096424267,0.0
947.6923537565287,1.678e-21
947.7023978706309,3.328e-21
947.7124419847329,1.889e-21
947.7224860988349,5.85e-22
947.7325302129369,1.712e-21
947.742574327039,2.085e-21
947.7526184411411,7.655e-22
947.7626625552431,1.354e-21
947.7727066693452,3.584e-21
947.7827507834472,3.613e-21
947.7927948975492,2.308e-21
947.8028390116513,2.831e-21
947.8128831257534,3.695e-21
947.8229272398554,2.43e-21
947.8329713539574,6.734e-22
947.8430154680595,1.03e-21
947.8530595821616,3.682e-21
947.8631036962636,6.383e-21
947.8731478103657,5.743e-21
947.8831919244677,2.308e-21
947.8932360385697,1.689e-21
947.9032801526718,4.969e-21
947.9133242667739,6.059e-21
947.9233683808759,3.725e-21
947.9334124949779,3.657e-21
947.94345660908,6.11e-21
947.9535007231821,6.181e-21
947.9635448372841,4.641e-21
947.9735889513861,4.784e-21
947.9836330654882,4.804e-21
947.9936771795902,3.391e-21
948.0037212936923,3.424e-21
948.0137654077944,4.898e-21
948.0238095218964,4.563e-21
948.0338536359984,2.621e-21
948.0438977501005,1.147e-21
948.0539418642026,7.227e-23
948.0639859783046,0.0
948.0740300924066,1.124e-21
948.0840742065087,2.436e-21
948.0941183206107,2.281e-21
948.1041624347127,1.908e-21
948.1142065488149,1.549e-21
948.1242506629169,6.327e-22
948.1342947770189,6.464e-22
948.1443388911209,1.375e-21
948.154383005223,1.373e-22
948.1644271193251,0.0
948.1744712334271,4.99e-22
948.1845153475292,2.801e-21
948.1945594616312,1.607e-21
948.2046035757332,6.67e-22
948.2146476898354,2.819e-21
948.2246918039374,3.364e-21
948.2347359180394,8.236e-22
948.2447800321414,4.954e-22
948.2548241462435,2.876e-21
948.2648682603456,3.168e-21
948.2749123744476,1.992e-21
948.2849564885497,2.996e-21
948.2950006026517,4.329e-21
948.3050447167537,3.334e-21
948.3150888308558,2.638e-21
948.3251329449579,4.186e-21
948.3351770590599,5.136e-21
948.3452211731619,3.692e-21
948.355265287264,1.897e-21
948.3653094013661,1.613e-21
948.3753535154681,2.592e-21
948.3853976295702,3.458e-21
948.3954417436722,2.519e-21
948.4054858577742,2.632e-22
948.4155299718763,6.662e-23
948.4255740859784,2.758e-21
948.4356182000804,4.408e-21
948.4456623141824,3.287e-21
948.4557064282845,2.636e-21
948.4657505423866,3.299e-21
948.4757946564886,2.099e-21
948.4858387705906,0.0
948.4958828846927,3.343e-22
948.5059269987947,3.137e-21
948.5159711128968,3.546e-21
948.5260152269989,1.933e-21
948.5360593411009,1.816e-21
948.5461034552029,2.877e-21
948.556147569305,3.068e-21
948.566191683407,2.98e-21
948.5762357975091,3.441e-21
948.5862799116111,3.654e-21
948.5963240257132,3.479e-21
948.6063681398152,3.378e-21
948.6164122539172,2.96e-21
948.6264563680194,2.318e-21
948.6365004821214,2.459e-21
948.6465445962234,3.274e-21
948.6565887103254,3.435e-21
948.6666328244276,2.242e-21
948.6766769385296,6.205e-22
948.6867210526316,6.072e-22
948.6967651667337,2.591e-21
948.7068092808357,3.595e-21
948.7168533949377,1.617e-21
948.7268975090399,0.0
948.7369416231419,0.0
948.7469857372439,0.0
948.7570298513459,0.0
948.767073965448,0.0
948.7771180795501,1.095e-21
948.7871621936521,0.0
948.7972063077542,0.0
948.8072504218562,5.063e-22
948.8172945359582,1.786e-21
948.8273386500603,3.601e-22
948.8373827641624,0.0
948.8474268782644,1.221e-21
948.8574709923664,1.849e-21
948.8675151064685,1.181e-21
948.8775592205706,1.691e-21
948.8876033346726,2.561e-21
948.8976474487747,1.976e-21
948.9076915628767,1.695e-21
948.9177356769787,3.013e-21
948.9277797910808,3.578e-21
948.9378239051829,2.28e-21
948.9478680192849,1.727e-21
948.9579121333869,3.332e-21
948.967956247489,4.712e-21
948.9780003615911,3.938e-21
948.9880444756931,2.628e-21
948.9980885897951,2.768e-21
949.0081327038972,3.542e-21
949.0181768179992,3.625e-21
949.0282209321012,3.584e-21
949.0382650462034,3.715e-21
949.0483091603054,2.98e-21
949.0583532744074,1.641e-21
949.0683973885095,1.246e-21
949.0784415026116,1.897e-21
949.0884856167136,2.793e-21
949.0985297308156,3.609e-21
949.1085738449177,3.404e-21
949.1186179590197,1.758e-21
949.1286620731217,7.534e-22
949.1387061872239,1.56e-21
949.1487503013259,2.055e-21
949.1587944154279,1.319e-21
949.1688385295299,9.835e-22
949.178882643632,7.308e-22
949.1889267577341,0.0
949.1989708718361,0.0
949.2090149859382,1.185e-21
949.2190591000402,1.974e-21
949.2291032141422,3.892e-22
949.2391473282444,0.0
949.2491914423464,1.627e-21
949.2592355564484,2.947e-21
949.2692796705504,1.96e-21
949.2793237846525,0.0
949.2893678987546,0.0
949.2994120128566,3.399e-22
949.3094561269587,1.744e-21
949.3195002410607,9.754e-22
949.3295443551627,0.0
949.3395884692648,8.802e-23
949.3496325833669,8.527e-22
949.3596766974689,6.642e-22
949.3697208115709,1.427e-21
949.379764925673,3.157e-21
949.3898090397751,3.306e-21
949.3998531538771,2.299e-21
949.4098972679792,2.201e-21
949.4199413820812,2.172e-21
949.4299854961832,1.355e-21
949.4400296102854,1.311e-21
949.4500737243874,2.188e-21
949.4601178384894,2.371e-21
949.4701619525914,2.101e-21
949.4802060666935,2.405e-21
949.4902501807956,2.571e-21
949.5002942948976,1.611e-21
949.5103384089996,0.0
949.5203825231017,0.0
949.5304266372037,1.289e-21
949.5404707513057,4.196e-21
949.5505148654079,3.941e-21
949.5605589795099,1.984e-21
949.5706030936119,2.991e-21
949.580647207714,5.006e-21
949.590691321816,3.526e-21
949.6007354359181,1.457e-21
949.6107795500202,2.632e-21
949.6208236641222,3.945e-21
949.6308677782242,3.494e-21
949.6409118923262,3.884e-21
949.6509560064284,3.91e-21
949.6610001205304,1.514e-21
949.6710442346324,1.14e-21
949.6810883487344,4.607e-21
949.6911324628365,5.404e-21
949.7011765769386,1.643e-21
949.7112206910406,0.0
949.7212648051427,9.12e-22
949.7313089192447,1.256e-21
949.7413530333467,1.156e-21
949.7513971474489,2.448e-21
949.7614412615509,2.623e-21
949.7714853756529,1.174e-21
949.781529489755,1.311e-21
949.791573603857,2.518e-21
949.8016177179591,1.815e-21
949.8116618320611,0.0
949.8217059461632,0.0
949.8317500602652,0.0
949.8417941743672,6.569e-22
949.8518382884693,2.895e-21
949.8618824025714,2.195e-21
949.8719265166734,0.0
949.8819706307754,1.054e-22
949.8920147448775,2.265e-21
949.9020588589796,2.141e-21
949.9121029730816,1.223e-21
949.9221470871837,1.824e-21
949.9321912012857,1.603e-21
949.9422353153877,3.355e-22
949.9522794294899,1.187e-21
949.9623235435919,2.727e-21
949.9723676576939,1.781e-21
949.9824117717959,1.312e-21
949.992455885898,3.867e-21
950.0025,4.821e-21
1050.0017,2.16e-21
1050.0117441103596,4.234e-21
1050.0217882207191,5.088e-21
1050.031832331079,3.961e-21
1050.0418764414385,2.76e-21
1050.051920551798,2.456e-21
1050.0619646621576,3.132e-21
1050.0720087725172,4.198e-21
1050.082052882877,3.959e-21
1050.0920969932365,2.852e-21
1050.102141103596,3.605e-21
1050.1121852139556,5.404e-21
1050.1222293243154,4.421e-21
1050.132273434675,9.08e-22
1050.1423175450345,0.0
1050.152361655394,1.015e-21
1050.1624057657536,5.216e-21
1050.1724498761134,7.315e-21
1050.182493986473,4.453e-21
1050.1925380968325,7.643e-22
1050.202582207192,2.391e-21
1050.2126263175517,6.484e-21
1050.2226704279115,5.672e-21
1050.232714538271,1.082e-21
1050.2427586486306,0.0
1050.2528027589901,1.068e-21
1050.2628468693497,3.855e-21
1050.2728909797095,5.736e-21
1050.282935090069,4.716e-21
1050.2929792004286,1.001e-21
1050.3030233107881,0.0
1050.313067421148,2.207e-21
1050.3231115315075,5.406e-21
1050.333155641867,5.912e-21
1050.3431997522266,4.802e-21
1050.3532438625862,3.241e-21
1050.363287972946,2.22e-21
1050.3733320833055,2.796e-21
1050.383376193665,3.43e-21
1050.3934203040246,2.588e-21
1050.4034644143842,2.124e-21
1050.413508524744,2.82e-21
1050.4235526351035,2.792e-21
1050.433596745463,2.686e-21
1050.4436408558227,3.765e-21
1050.4536849661822,3.301e-21
1050.463729076542,6.714e-22
1050.4737731869016,5.991e-22
1050.483817297261,3.71e-21
1050.4938614076207,4.503e-21
1050.5039055179802,1.741e-21
1050.51394962834,0.0
1050.5239937386996,6.88e-22
1050.5340378490591,2.888e-21
1050.5440819594187,4.519e-21
1050.5541260697785,3.303e-21
1050.564170180138,0.0
1050.5742142904976,0.0
1050.5842584008572,1.059e-21
1050.5943025112167,4.853e-21
1050.6043466215765,4.128e-21
1050.614390731936,7.069e-22
1050.6244348422956,2.305e-22
1050.6344789526552,3.709e-21
1050.6445230630147,5.702e-21
1050.6545671733745,3.088e-21
1050.664611283734,9.787e-22
1050.6746553940936,3.372e-21
1050.6846995044532,5.014e-21
1050.6947436148128,2.149e-21
1050.7047877251725,6.528e-22
1050.714831835532,3.357e-21
1050.7248759458917,3.721e-21
1050.7349200562512,2.281e-22
1050.744964166611,8.156e-23
1050.7550082769706,4.375e-21
1050.7650523873301,6.35e-21
1050.7750964976897,4.162e-21
1050.7851406080492,1.953e-21
1050.795184718409,2.175e-21
1050.8052288287686,4.239e-21
1050.8152729391281,5.248e-21
1050.8253170494877,2.261e-21
1050.8353611598473,0.0
1050.845405270207,0.0
1050.8554493805666,2.877e-21
1050.8654934909262,3.883e-21
1050.8755376012857,2.784e-21
1050.8855817116453,2.391e-21
1050.895625822005,1.668e-21
1050.9056699323646,1.481e-21
1050.9157140427242,4.013e-21
1050.9257581530837,5.136e-21
1050.9358022634435,1.365e-21
1050.945846373803,0.0
1050.9558904841626,3.381e-21
1050.9659345945222,7.917e-21
1050.9759787048818,6.568e-21
1050.9860228152415,2.779e-21
1050.996066925601,1.362e-21
1051.0061110359607,2.328e-21
1051.0161551463202,3.981e-21
1051.0261992566798,4.324e-21
1051.0362433670396,2.26e-21
1051.0462874773991,4.255e-22
1051.0563315877587,1.778e-21
1051.0663756981182,4.58e-21
1051.0764198084778,5.54e-21
1051.0864639188376,4.263e-21
1051.0965080291971,2.145e-21
1051.1065521395567,9.274e-22
1051.1165962499163,1.596e-21
1051.1266403602758,2.761e-21
1051.1366844706356,3.224e-21
1051.1467285809952,3.96e-21
1051.1567726913547,3.943e-21
1051.1668168017143,1.087e-21
1051.176860912074,0.0
1051.1869050224336,3.263e-21
1051.1969491327932,7.58e-21
1051.2069932431527,5.552e-21
1051.2170373535123,2.323e-21
1051.227081463872,4.883e-21
1051.2371255742316,8.448e-21
1051.2471696845912,6.061e-21
1051.2572137949508,1.082e-21
1051.2672579053103,0.0
1051.27730201567,2.441e-21
1051.2873461260297,4.244e-21
1051.2973902363892,3.661e-21
1051.3074343467488,1.919e-21
1051.3174784571083,9.448e-22
1051.3275225674681,1.463e-21
1051.3375666778277,3.048e-21
1051.3476107881872,4.88e-21
1051.3576548985468,5.142e-21
1051.3676990089066,2.807e-21
1051.3777431192661,9.415e-22
1051.3877872296257,2.598e-21
1051.3978313399853,4.725e-21
1051.4078754503448,3.712e-21
1051.4179195607046,2.28e-21
1051.4279636710642,3.113e-21
1051.4380077814237,3.794e-21
1051.4480518917833,3.516e-21
1051.4580960021428,4.392e-21
1051.4681401125026,4.882e-21
1051.4781842228622,2.639e-21
1051.4882283332217,2.798e-22
1051.4982724435813,1.631e-22
1051.5083165539409,8.802e-22
1051.5183606643006,2.011e-21
1051.5284047746602,3.35e-21
1051.5384488850198,2.517e-21
1051.5484929953793,7.724e-22
1051.558537105739,2.068e-21
1051.5685812160987,3.722e-21
1051.5786253264582,1.6e-21
1051.5886694368178,4.292e-22
1051.5987135471773,4.034e-21
1051.6087576575371,6.025e-21
1051.6188017678967,3.125e-21
1051.6288458782562,1.803e-21
1051.6388899886158,3.779e-21
1051.6489340989754,3.657e-21
1051.6589782093351,2.285e-21
1051.6690223196947,3.975e-21
1051.6790664300543,5.285e-21
1051.6891105404138,2.322e-21
1051.6991546507734,0.0
1051.7091987611332,2.433e-21
1051.7192428714927,5.685e-21
1051.7292869818523,5.167e-21
1051.7393310922118,2.506e-21
1051.7493752025714,1.442e-21
1051.7594193129312,2.76e-21
1051.7694634232907,4.06e-21
1051.7795075336503,3.585e-21
1051.7895516440099,3.056e-21
1051.7995957543696,3.93e-21
1051.8096398647292,4.251e-21
1051.8196839750888,3.716e-21
1051.8297280854483,5.319e-21
1051.8397721958079,8.034e-21
1051.8498163061677,7.124e-21
1051.8598604165272,3.537e-21
1051.8699045268868,2.695e-21
1051.8799486372463,4.794e-21
1051.889992747606,5.442e-21
1051.9000368579657,3.494e-21
1051.9100809683252,2.079e-21
1051.9201250786848,3.784e-21
1051.9301691890444,6.826e-21
1051.940213299404,6.451e-21
1051.9502574097637,2.205e-21
1051.9603015201233,2.826e-23
1051.9703456304828,2.848e-21
1051.9803897408424,6.041e-21
1051.9904338512022,6.284e-21
1052.0004779615617,5.656e-21
1052.0105220719213,5.322e-21
1052.0205661822808,4.855e-21
1052.0306102926404,5.645e-21
1052.0406544030002,7.166e-21
1052.0506985133597,5.956e-21
1052.0607426237193,2.741e-21
1052.0707867340789,1.986e-21
1052.0808308444384,3.852e-21
1052.0908749547982,5.017e-21
1052.1009190651578,4.482e-21
1052.1109631755173,3.006e-21
1052.1210072858769,1.739e-21
1052.1310513962364,2.464e-21
1052.1410955065962,4.359e-21
1052.1511396169558,4.293e-21
1052.1611837273153,2.783e-21
1052.171227837675,2.531e-21
1052.1812719480347,2.576e-21
1052.1913160583942,1.954e-21
1052.2013601687538,3.046e-21
1052.2114042791134,4.916e-21
1052.221448389473,3.219e-21
1052.2314924998327,0.0
1052.2415366101923,5.826e-22
1052.2515807205518,4.487e-21
1052.2616248309114,5.198e-21
1052.271668941271,1.764e-21
1052.2817130516307,0.0
1052.2917571619903,8.075e-23
1052.3018012723498,3.529e-21
1052.3118453827094,5.043e-21
1052.321889493069,3.213e-21
1052.3319336034288,1.191e-21
1052.3419777137883,1.334e-21
1052.3520218241479,2.506e-21
1052.3620659345074,3.697e-21
1052.372110044867,4.206e-21
1052.3821541552268,2.228e-21
1052.3921982655863,0.0
1052.402242375946,1.169e-21
1052.4122864863054,5.501e-21
1052.4223305966652,5.829e-21
1052.4323747070248,2.697e-21
1052.4424188173844,1.742e-21
1052.452462927744,2.426e-21
1052.4625070381035,1.988e-21
1052.4725511484633,2.857e-21
1052.4825952588228,5.675e-21
1052.4926393691824,5.776e-21
1052.502683479542,2.724e-21
1052.5127275899015,1.563e-21
1052.5227717002613,3.509e-21
1052.5328158106208,5.433e-21
1052.5428599209804,5.56e-21
1052.55290403134,3.661e-21
1052.5629481416995,1.221e-21
1052.5729922520593,1.922e-21
1052.5830363624189,5.457e-21
1052.5930804727784,6.001e-21
1052.603124583138,2.709e-21
1052.6131686934978,2.307e-21
1052.6232128038573,6.623e-21
1052.6332569142169,8.93e-21
1052.6433010245764,6.006e-21
1052.653345134936,2.642e-21
1052.6633892452958,2.449e-21
1052.6734333556553,3.588e-21
1052.683477466015,4.196e-21
1052.6935215763745,4.658e-21
1052.703565686734,4.439e-21
1052.7136097970938,2.4e-21
1052.7236539074534,2.6e-22
1052.733698017813,1.075e-21
1052.7437421281725,4.07e-21
1052.753786238532,5.262e-21
1052.7638303488918,3.682e-21
1052.7738744592514,2.646e-21
1052.783918569611,4.142e-21
1052.7939626799705,5.979e-21
1052.8040067903303,5.547e-21
1052.8140509006898,3.293e-21
1052.8240950110494,1.491e-21
1052.834139121409,1.301e-21
1052.8441832317685,1.994e-21
1052.8542273421283,2.497e-21
1052.8642714524879,2.561e-21
1052.8743155628474,2.241e-21
1052.884359673207,1.825e-21
1052.8944037835665,2.326e-21
1052.9044478939263,3.759e-21
1052.9144920042859,4.055e-21
1052.9245361146454,2.71e-21
1052.934580225005,2.739e-21
1052.9446243353646,5.331e-21
1052.9546684457243,6.801e-21
1052.964712556084,4.496e-21
1052.9747566664435,1.135e-21
1052.984800776803,5.115e-22
1052.9948448871628,2.778e-21
1053.0048889975224,4.99e-21
1053.014933107882,4.24e-21
1053.0249772182415,1.043e-21
1053.035021328601,0.0
1053.0450654389608,1.251e-21
1053.0551095493204,3.645e-21
1053.06515365968,3.918e-21
1053.0751977700395,3.16e-21
1053.085241880399,2.307e-21
1053.0952859907588,1.05e-21
1053.1053301011184,1.264e-21
1053.115374211478,4.595e-21
1053.1254183218375,7.643e-21
1053.135462432197,6.253e-21
1053.1455065425569,2.459e-21
1053.1555506529164,1.399e-21
1053.165594763276,3.869e-21
1053.1756388736355,6.285e-21
1053.185682983995,6.15e-21
1053.1957270943549,4.612e-21
1053.2057712047144,3.971e-21
1053.215815315074,4.612e-21
1053.2258594254336,5.545e-21
1053.2359035357933,6.392e-21
1053.245947646153,6.75e-21
1053.2559917565125,5.78e-21
1053.266035866872,4.564e-21
1053.2760799772316,5.022e-21
1053.2861240875914,5.376e-21
1053.296168197951,2.852e-21
1053.3062123083105,4.219e-22
1053.31625641867,2.601e-21
1053.3263005290296,6.604e-21
1053.3363446393894,6.895e-21
1053.346388749749,4.74e-21
1053.3564328601085,4.3e-21
1053.366476970468,4.96e-21
1053.3765210808276,4.856e-21
1053.3865651911874,5.079e-21
1053.396609301547,5.476e-21
1053.4066534119065,3.972e-21
1053.416697522266,1.935e-21
1053.4267416326259,2.433e-21
1053.4367857429854,4.208e-21
1053.446829853345,4.24e-21
1053.4568739637045,3.108e-21
1053.466918074064,2.849e-21
1053.4769621844239,3.765e-21
1053.4870062947834,5.341e-21
1053.497050405143,6.217e-21
1053.5070945155026,4.815e-21
1053.5171386258621,2.793e-21
1053.527182736222,3.122e-21
1053.5372268465815,4.437e-21
1053.547270956941,4.291e-21
1053.5573150673006,4.726e-21
1053.5673591776601,6.719e-21
1053.57740328802,6.384e-21
1053.5874473983795,3.708e-21
1053.597491508739,4.243e-21
1053.6075356190986,7.518e-21
1053.6175797294584,7.131e-21
1053.627623839818,3.551e-21
1053.6376679501775,2.898e-21
1053.647712060537,5.224e-21
1053.6577561708966,6.209e-21
1053.6678002812564,5.533e-21
1053.677844391616,5.151e-21
1053.6878885019755,5.531e-21
1053.697932612335,6.693e-21
1053.7079767226946,7.159e-21
1053.7180208330544,4.695e-21
1053.728064943414,2.055e-21
1053.7381090537735,4.018e-21
1053.748153164133,7.671e-21
1053.7581972744927,6.784e-21
1053.7682413848524,3.357e-21
1053.778285495212,2.792e-21
1053.7883296055716,3.734e-21
1053.7983737159311,3.176e-21
1053.8084178262907,2.992e-21
1053.8184619366505,4.18e-21
1053.82850604701,4.233e-21
1053.8385501573696,3.129e-21
1053.8485942677291,3.105e-21
1053.858638378089,3.902e-21
1053.8686824884485,4.614e-21
1053.878726598808,5.504e-21
1053.8887707091676,5.008e-21
1053.8988148195272,1.902e-21
1053.908858929887,2.947e-23
1053.9189030402465,3.011e-21
1053.928947150606,7.126e-21
1053.9389912609656,6.916e-21
1053.9490353713252,3.952e-21
1053.959079481685,3.519e-21
1053.9691235920445,6.055e-21
1053.979167702404,7.356e-21
1053.9892118127636,5.561e-21
1053.9992559231232,3.426e-21
1054.009300033483,3.536e-21
1054.0193441438425,4.774e-21
1054.029388254202,4.92e-21
1054.0394323645617,3.958e-21
1054.0494764749214,3.232e-21
1054.059520585281,3.383e-21
1054.0695646956406,3.859e-21
1054.0796088060001,3.465e-21
1054.0896529163597,2.033e-21
1054.0996970267195,1.221e-21
1054.109741137079,1.976e-21
1054.1197852474386,2.966e-21
1054.1298293577981,3.456e-21
1054.1398734681577,4.235e-21
1054.1499175785175,4.765e-21
1054.159961688877,4.205e-21
1054.1700057992366,4.328e-21
1054.1800499095962,6.289e-21
1054.1900940199557,7.64e-21
1054.2001381303155,6.663e-21
1054.210182240675,4.788e-21
1054.2202263510346,3.189e-21
1054.2302704613942,2.604e-21
1054.240314571754,4.477e-21
1054.2503586821135,7.448e-21
1054.260402792473,7.977e-21
1054.2704469028326,6.774e-21
1054.2804910131922,7.092e-21
1054.290535123552,7.932e-21
1054.3005792339115,7.027e-21
1054.310623344271,5.83e-21
1054.3206674546307,5.5e-21
1054.3307115649902,5.122e-21
1054.34075567535,5.518e-21
1054.3507997857096,6.62e-21
1054.3608438960691,5.093e-21
1054.3708880064287,1.829e-21
1054.3809321167882,2.643e-21
1054.390976227148,6.946e-21
1054.4010203375076,8.03e-21
1054.4110644478671,5.314e-21
1054.4211085582267,3.483e-21
1054.4311526685863,3.34e-21
1054.441196778946,3.894e-21
1054.4512408893056,5.799e-21
1054.4612849996652,6.973e-21
1054.4713291100247,4.836e-21
1054.4813732203845,2.871e-21
1054.491417330744,4.666e-21
1054.5014614411036,6.698e-21
1054.5115055514632,5.589e-21
1054.5215496618227,3.934e-21
1054.5315937721825,3.815e-21
1054.541637882542,3.8e-21
1054.5516819929016,3.583e-21
1054.5617261032612,4.074e-21
1054.5717702136208,4.78e-21
1054.5818143239806,4.833e-21
1054.59185843434,3.626e-21
1054.6019025446997,1.487e-21
1054.6119466550592,1.405e-21
1054.6219907654188,4.616e-21
1054.6320348757786,6.179e-21
1054.6420789861381,3.241e-21
1054.6521230964977,1.732e-21
1054.6621672068572,5.617e-21
1054.672211317217,8.8e-21
1054.6822554275766,6.158e-21
1054.6922995379362,2.106e-21
1054.7023436482957,2.258e-21
1054.7123877586553,5.484e-21
1054.722431869015,7.195e-21
1054.7324759793746,5.503e-21
1054.7425200897342,3.342e-21
1054.7525642000937,4.36e-21
1054.7626083104533,6.751e-21
1054.772652420813,6.108e-21
1054.7826965311726,3.634e-21
1054.7927406415322,3.321e-21
1054.8027847518917,4.276e-21
1054.8128288622513,4.542e-21
1054.822872972611,5.859e-21
1054.8329170829707,7.81e-21
1054.8429611933302,6.899e-21
1054.8530053036898,4.345e-21
1054.8630494140496,3.9e-21
1054.8730935244091,4.236e-21
1054.8831376347687,3.539e-21
1054.8931817451282,4.422e-21
1054.9032258554878,6.818e-21
1054.9132699658476,6.518e-21
1054.9233140762071,4.154e-21
1054.9333581865667,4.196e-21
1054.9434022969263,5.951e-21
1054.9534464072858,5.858e-21
1054.9634905176456,4.629e-21
1054.9735346280052,4.555e-21
1054.9835787383647,5.142e-21
1054.9936228487243,5.26e-21
1055.0036669590838,4.94e-21
1055.0137110694436,4.403e-21
1055.0237551798032,4.194e-21
1055.0337992901627,4.926e-21
1055.0438434005223,5.981e-21
1055.0538875108819,6.132e-21
1055.0639316212416,5.22e-21
1055.0739757316012,4.451e-21
1055.0840198419608,5.083e-21
1055.0940639523203,6.256e-21
1055.10410806268,5.765e-21
1055.1141521730397,4.418e-21
1055.1241962833992,5.351e-21
1055.1342403937588,7.545e-21
1055.1442845041183,6.851e-21
1055.1543286144781,4.003e-21
1055.1643727248377,3.263e-21
1055.1744168351972,4.366e-21
1055.1844609455568,4.092e-21
1055.1945050559164,2.98e-21
1055.2045491662761,3.564e-21
1055.2145932766357,5.44e-21
1055.2246373869953,6.364e-21
1055.2346814973548,5.672e-21
1055.2447256077144,4.953e-21
1055.2547697180742,5.751e-21
1055.2648138284337,6.599e-21
1055.2748579387933,5.087e-21
1055.2849020491528,2.999e-21
1055.2949461595126,3.702e-21
1055.3049902698722,5.784e-21
1055.3150343802317,6.293e-21
1055.3250784905913,6.168e-21
1055.3351226009509,6.108e-21
1055.3451667113106,4.507e-21
1055.3552108216702,3.316e-21
1055.3652549320298,6.048e-21
1055.3752990423893,9.425e-21
1055.3853431527489,7.91e-21
1055.3953872631087,3.83e-21
1055.4054313734682,3.17e-21
1055.4154754838278,5.653e-21
1055.4255195941873,6.62e-21
1055.435563704547,4.834e-21
1055.4456078149067,3.33e-21
1055.4556519252662,4.229e-21
1055.4656960356258,5.654e-21
1055.4757401459854,5.16e-21
1055.4857842563451,3.922e-21
1055.4958283667047,3.732e-21
1055.5058724770643,3.44e-21
1055.5159165874238,3e-21
1055.5259606977834,4.8e-21
1055.5360048081432,7.429e-21
1055.5460489185027,6.892e-21
1055.5560930288623,4.511e-21
1055.5661371392218,4.049e-21
1055.5761812495814,4.917e-21
1055.5862253599412,5.882e-21
1055.5962694703007,7.381e-21
1055.6063135806603,7.126e-21
1055.6163576910199,3.951e-21
1055.6264018013794,2.565e-21
1055.6364459117392,4.675e-21
1055.6464900220988,5.402e-21
1055.6565341324583,4.245e-21
1055.6665782428179,4.999e-21
1055.6766223531777,5.798e-21
1055.6866664635372,4.56e-21
1055.6967105738968,5.479e-21
1055.7067546842563,8.29e-21
1055.716798794616,6.803e-21
1055.7268429049757,3.332e-21
1055.7368870153352,5.069e-21
1055.7469311256948,8.568e-21
1055.7569752360544,7.229e-21
1055.767019346414,4.762e-21
1055.7770634567737,5.785e-21
1055.7871075671333,6.799e-21
1055.7971516774928,5.707e-21
1055.8071957878524,5.605e-21
1055.817239898212,6.529e-21
1055.8272840085717,5.851e-21
1055.8373281189313,4.434e-21
1055.8473722292908,4.383e-21
1055.8574163396504,5.355e-21
1055.86746045001,5.997e-21
1055.8775045603697,5.152e-21
1055.8875486707293,3.072e-21
1055.8975927810889,2.469e-21
1055.9076368914484,4.514e-21
1055.9176810018082,6.18e-21
1055.9277251121678,5.673e-21
1055.9377692225273,5.433e-21
1055.9478133328869,6.896e-21
1055.9578574432464,7.969e-21
1055.9679015536062,7.06e-21
1055.9779456639658,5.529e-21
1055.9879897743253,5.647e-21
1055.998033884685,7.508e-21
1056.0080779950445,8.867e-21
1056.0181221054042,8.563e-21
1056.0281662157638,7.359e-21
1056.0382103261234,5.234e-21
1056.048254436483,3.276e-21
1056.0582985468425,5.243e-21
1056.0683426572023,9.693e-21
1056.0783867675618,8.871e-21
1056.0884308779214,3.118e-21
1056.098474988281,2.319e-21
1056.1085190986407,7.704e-21
1056.1185632090003,1.028e-20
1056.1286073193598,8.148e-21
1056.1386514297194,6.423e-21
1056.148695540079,5.299e-21
1056.1587396504387,3.968e-21
1056.1687837607983,5.38e-21
1056.1788278711579,7.783e-21
1056.1888719815174,6.118e-21
1056.198916091877,3.028e-21
1056.2089602022368,3.657e-21
1056.2190043125963,5.549e-21
1056.2290484229559,5.247e-21
1056.2390925333154,4.488e-21
1056.249136643675,4.275e-21
1056.2591807540348,3.882e-21
1056.2692248643943,4.626e-21
1056.279268974754,6.642e-21
1056.2893130851135,7.839e-21
1056.2993571954732,8.267e-21
1056.3094013058328,8.395e-21
1056.3194454161924,7.273e-21
1056.329489526552,6.859e-21
1056.3395336369115,9.038e-21
1056.3495777472713,9.536e-21
1056.3596218576308,5.916e-21
1056.3696659679904,4.123e-21
1056.37971007835,7.27e-21
1056.3897541887095,9.485e-21
1056.3997982990693,6.941e-21
1056.4098424094288,3.243e-21
1056.4198865197884,2.706e-21
1056.429930630148,6.063e-21
1056.4399747405075,9.896e-21
1056.4500188508673,9.175e-21
1056.4600629612269,4.881e-21
1056.4701070715864,3.33e-21
1056.480151181946,5.219e-21
1056.4901952923055,5.78e-21
1056.5002394026653,4.665e-21
1056.510283513025,4.203e-21
1056.5203276233844,3.821e-21
1056.530371733744,4.21e-21
1056.5404158441038,6.962e-21
1056.5504599544633,8.466e-21
1056.560504064823,5.764e-21
1056.5705481751825,3.101e-21
1056.580592285542,3.473e-21
1056.5906363959018,4.461e-21
1056.6006805062614,5.729e-21
1056.610724616621,7.871e-21
1056.6207687269805,7.655e-21
1056.63081283734,4.955e-21
1056.6408569476998,4.481e-21
1056.6509010580594,6.283e-21
1056.660945168419,7.388e-21
1056.6709892787785,8.957e-21
1056.681033389138,1.061e-20
1056.6910774994979,9.081e-21
1056.7011216098574,7.772e-21
1056.711165720217,1.149e-20
1056.7212098305765,1.471e-20
1056.7312539409363,1.169e-20
1056.7412980512959,7.658e-21
1056.7513421616554,7.695e-21
1056.761386272015,8.971e-21
1056.7714303823745,9.173e-21
1056.7814744927343,8.56e-21
1056.791518603094,6.41e-21
1056.8015627134534,4.895e-21
1056.811606823813,7.251e-21
1056.8216509341726,9.687e-21
1056.8316950445324,7.511e-21
1056.841739154892,4.694e-21
1056.8517832652515,5.856e-21
1056.861827375611,8.059e-21
1056.8718714859706,8.032e-21
1056.8819155963304,6.774e-21
1056.89195970669,4.935e-21
1056.9020038170495,2.783e-21
1056.912047927409,2.424e-21
1056.9220920377688,4.594e-21
1056.9321361481284,7.201e-21
1056.942180258488,7.975e-21
1056.9522243688475,6.107e-21
1056.962268479207,3.738e-21
1056.9723125895669,4.476e-21
1056.9823566999264,7.109e-21
1056.992400810286,6.911e-21
1057.0024449206455,4.918e-21
1057.012489031005,6.166e-21
1057.0225331413649,9.763e-21
1057.0325772517244,1.084e-20
1057.042621362084,8.441e-21
1057.0526654724436,4.916e-21
1057.062709582803,3.055e-21
1057.072753693163,5.037e-21
1057.0827978035225,8.709e-21
1057.092841913882,9.288e-21
1057.1028860242416,7.373e-21
1057.1129301346011,7.003e-21
1057.122974244961,7.766e-21
1057.1330183553205,7.617e-21
1057.14306246568,7.541e-21
1057.1531065760396,7.586e-21
1057.1631506863994,6.501e-21
1057.173194796759,5.86e-21
1057.1832389071185,6.874e-21
1057.193283017478,7.637e-21
1057.2033271278376,7.728e-21
1057.2133712381974,7.972e-21
1057.223415348557,7.186e-21
1057.2334594589165,6.14e-21
1057.243503569276,7.321e-21
1057.2535476796356,8.206e-21
1057.2635917899954,6.166e-21
1057.273635900355,5.447e-21
1057.2836800107145,7.728e-21
1057.293724121074,8.02e-21
1057.3037682314337,7.004e-21
1057.3138123417934,9.076e-21
1057.323856452153,9.503e-21
1057.3339005625126,4.695e-21
1057.343944672872,3.84e-21
1057.353988783232,1.072e-20
1057.3640328935915,1.403e-20
1057.374077003951,9.588e-21
1057.3841211143106,7.378e-21
1057.3941652246701,1.06e-20
1057.40420933503,1.232e-20
1057.4142534453895,1.078e-20
1057.424297555749,9.204e-21
1057.4343416661086,8.184e-21
1057.4443857764682,8.309e-21
1057.454429886828,9.978e-21
1057.4644739971875,9.783e-21
1057.474518107547,6.559e-21
1057.4845622179066,4.814e-21
1057.4946063282662,6.39e-21
1057.504650438626,7.988e-21
1057.5146945489855,8.092e-21
1057.524738659345,7.587e-21
1057.5347827697046,6.266e-21
1057.5448268800644,4.578e-21
1057.554870990424,4.349e-21
1057.5649151007835,5.635e-21
1057.574959211143,6.621e-21
1057.5850033215027,6.122e-21
1057.5950474318624,4.918e-21
1057.605091542222,5.418e-21
1057.6151356525816,7.936e-21
1057.6251797629411,8.737e-21
1057.6352238733007,6.417e-21
1057.6452679836605,5.124e-21
1057.65531209402,6.429e-21
1057.6653562043796,6.913e-21
1057.6754003147391,6.545e-21
1057.6854444250987,8.052e-21
1057.6954885354585,9.107e-21
1057.705532645818,6.862e-21
1057.7155767561776,5.188e-21
1057.7256208665372,7.891e-21
1057.7356649768967,1.182e-20
1057.7457090872565,1.228e-20
1057.755753197616,9.061e-21
1057.7657973079756,6.028e-21
1057.7758414183352,6.958e-21
1057.785885528695,1.01e-20
1057.7959296390545,1.009e-20
1057.805973749414,7.35e-21
1057.8160178597736,6.881e-21
1057.8260619701332,8.388e-21
1057.836106080493,8.763e-21
1057.8461501908525,9.305e-21
1057.856194301212,1.011e-20
1057.8662384115717,7.971e-21
1057.8762825219312,5.647e-21
1057.886326632291,8.346e-21
1057.8963707426506,1.183e-20
1057.9064148530101,1.022e-20
1057.9164589633697,7.527e-21
1057.9265030737292,7.904e-21
1057.936547184089,7.932e-21
1057.9465912944486,6.52e-21
1057.9566354048081,6.881e-21
1057.9666795151677,7.979e-21
1057.9767236255275,7.592e-21
1057.986767735887,7.717e-21
1057.9968118462466,8.702e-21
1058.0068559566062,8.068e-21
1058.0169000669657,6.527e-21
1058.0269441773255,5.764e-21
1058.036988287685,5.558e-21
1058.0470323980446,7.253e-21
1058.0570765084042,1.033e-20
1058.0671206187637,9.382e-21
1058.0771647291235,5.057e-21
1058.087208839483,5.65e-21
1058.0972529498426,1.067e-20
1058.1072970602022,1.107e-20
1058.1173411705618,7.008e-21
1058.1273852809215,5.53e-21
1058.137429391281,6.577e-21
1058.1474735016407,7.529e-21
1058.1575176120002,9.355e-21
1058.16756172236,9.663e-21
1058.1776058327196,5.572e-21
1058.1876499430791,2.867e-21
1058.1976940534387,6.302e-21
1058.2077381637982,9.63e-21
1058.217782274158,7.959e-21
1058.2278263845176,5.859e-21
1058.2378704948771,6.217e-21
1058.2479146052367,6.546e-21
1058.2579587155963,6.861e-21
1058.268002825956,8.293e-21
1058.2780469363156,8.802e-21
1058.2880910466752,8.021e-21
1058.2981351570347,8.407e-21
1058.3081792673943,9.717e-21
1058.318223377754,1.032e-20
1058.3282674881136,1.082e-20
1058.3383115984732,1.084e-20
1058.3483557088327,8.804e-21
1058.3583998191925,6.615e-21
1058.368443929552,7.591e-21
1058.3784880399116,1.055e-20
1058.3885321502712,1.177e-20
1058.3985762606308,1.047e-20
1058.4086203709905,9.093e-21
1058.41866448135,9.834e-21
1058.4287085917097,1.169e-20
1058.4387527020692,1.175e-20
1058.4487968124288,9.943e-21
1058.4588409227886,9.138e-21
1058.4688850331481,1.003e-20
1058.4789291435077,1.07e-20
1058.4889732538672,1.036e-20
1058.4990173642268,9.479e-21
1058.5090614745866,8.941e-21
1058.5191055849461,1.026e-20
1058.5291496953057,1.261e-20
1058.5391938056653,1.221e-20
1058.5492379160248,8.982e-21
1058.5592820263846,7.562e-21
1058.5693261367442,8.938e-21
1058.5793702471037,9.643e-21
1058.5894143574633,9.292e-21
1058.599458467823,9.903e-21
1058.6095025781826,1.04e-20
1058.6195466885422,9.176e-21
1058.6295907989017,7.768e-21
1058.6396349092613,7.53e-21
1058.649679019621,7.599e-21
1058.6597231299806,7.317e-21
1058.6697672403402,7.308e-21
1058.6798113506998,8.651e-21
1058.6898554610593,1.123e-20
1058.699899571419,1.235e-20
1058.7099436817787,1.016e-20
1058.7199877921382,7.5e-21
1058.7300319024978,7.34e-21
1058.7400760128573,8.285e-21
1058.7501201232171,8.902e-21
1058.7601642335767,9.649e-21
1058.7702083439362,9.112e-21
1058.7802524542958,6.926e-21
1058.7902965646556,6.96e-21
1058.8003406750151,9.818e-21
1058.8103847853747,1.064e-20
1058.8204288957343,8.756e-21
1058.8304730060938,7.94e-21
1058.8405171164536,8.027e-21
1058.8505612268132,7.643e-21
1058.8606053371727,8.392e-21
1058.8706494475323,8.973e-21
1058.8806935578918,6.707e-21
1058.8907376682516,5.513e-21
1058.9007817786112,8.734e-21
1058.9108258889707,1.09e-20
1058.9208699993303,8.858e-21
1058.9309141096899,7.817e-21
1058.9409582200497,9.393e-21
1058.9510023304092,9.948e-21
1058.9610464407688,1.068e-20
1058.9710905511283,1.327e-20
1058.981134661488,1.317e-20
1058.9911787718477,9.416e-21
1059.0012228822072,8.168e-21
1059.0112669925668,1.066e-20
1059.0213111029263,1.217e-20
1059.0313552132861,1.16e-20
1059.0413993236457,1.048e-20
1059.0514434340053,9.079e-21
1059.0614875443648,9.45e-21
1059.0715316547244,1.231e-20
1059.0815757650842,1.292e-20
1059.0916198754437,9.746e-21
1059.1016639858033,8.46e-21
1059.1117080961628,1.09e-20
1059.1217522065224,1.228e-20
1059.1317963168822,1.153e-20
1059.1418404272417,1.169e-20
1059.1518845376013,1.242e-20
1059.1619286479608,1.176e-20
1059.1719727583204,1.068e-20
1059.1820168686802,1.072e-20
1059.1920609790398,1.142e-20
1059.2021050893993,1.155e-20
1059.2121491997589,1.075e-20
1059.2221933101187,1.038e-20
1059.2322374204782,1.139e-20
1059.2422815308378,1.166e-20
1059.2523256411973,9.748e-21
1059.262369751557,8.399e-21
1059.2724138619167,8.919e-21
1059.2824579722762,8.697e-21
1059.2925020826358,7.559e-21
1059.3025461929954,7.52e-21
1059.312590303355,7.491e-21
1059.3226344137147,7.425e-21
1059.3326785240743,1.02e-20
1059.3427226344338,1.305e-20
1059.3527667447934,1.054e-20
1059.362810855153,6.969e-21
1059.3728549655127,9.167e-21
1059.3828990758723,1.273e-20
1059.3929431862318,1.171e-20
1059.4029872965914,9.957e-21
1059.4130314069512,1.043e-20
1059.4230755173107,9.643e-21
1059.4331196276703,8.164e-21
1059.4431637380299,9.903e-21
1059.4532078483894,1.252e-20
1059.4632519587492,1.218e-20
1059.4732960691088,1.056e-20
1059.4833401794683,9.946e-21
1059.4933842898279,1.024e-20
1059.5034284001874,1.119e-20
1059.5134725105472,1.085e-20
1059.5235166209068,7.855e-21
1059.5335607312663,6.379e-21
1059.543604841626,9.51e-21
1059.5536489519855,1.241e-20
1059.5636930623452,1.127e-20
1059.5737371727048,9.173e-21
1059.5837812830644,8.214e-21
1059.593825393424,7.857e-21
1059.6038695037837,9.739e-21
1059.6139136141433,1.3e-20
1059.6239577245028,1.254e-20
1059.6340018348624,9.105e-21
1059.644045945222,9.024e-21
1059.6540900555817,1.178e-20
1059.6641341659413,1.202e-20
1059.6741782763008,1.041e-20
1059.6842223866604,1.014e-20
1059.69426649702,1.01e-20
1059.7043106073797,9.511e-21
1059.7143547177393,1.033e-20
1059.7243988280989,1.186e-20
1059.7344429384584,1.151e-20
1059.744487048818,9.838e-21
1059.7545311591778,9.312e-21
1059.7645752695373,1.076e-20
1059.7746193798969,1.27e-20
1059.7846634902564,1.236e-20
1059.7947076006162,9.433e-21
1059.8047517109758,8.369e-21
1059.8147958213353,1.177e-20
1059.824839931695,1.504e-20
1059.8348840420545,1.334e-20
1059.8449281524142,8.842e-21
1059.8549722627738,6.592e-21
1059.8650163731334,8.384e-21
1059.875060483493,1.184e-20
1059.8851045938525,1.256e-20
1059.8951487042123,9.188e-21
1059.9051928145718,6.456e-21
1059.9152369249314,8.615e-21
1059.925281035291,1.243e-20
1059.9353251456505,1.271e-20
1059.9453692560103,1.037e-20
1059.9554133663698,9.473e-21
1059.9654574767294,1.079e-20
1059.975501587089,1.201e-20
1059.9855456974485,1.142e-20
1059.9955898078083,9.762e-21
1060.0056339181679,9.174e-21
1060.0156780285274,9.955e-21
1060.025722138887,1.043e-20
1060.0357662492468,1.076e-20
1060.0458103596063,1.234e-20
1060.0558544699659,1.351e-20
1060.0658985803254,1.23e-20
1060.075942690685,1.159e-20
1060.0859868010448,1.429e-20
1060.0960309114043,1.698e-20
1060.106075021764,1.56e-20
1060.1161191321235,1.261e-20
1060.126163242483,1.203e-20
1060.1362073528428,1.283e-20
1060.1462514632024,1.248e-20
1060.156295573562,1.176e-20
1060.1663396839215,1.224e-20
1060.176383794281,1.335e-20
1060.1864279046408,1.407e-20
1060.1964720150004,1.415e-20
1060.20651612536,1.324e-20
1060.2165602357195,1.169e-20
1060.2266043460793,1.134e-20
1060.2366484564388,1.26e-20
1060.2466925667984,1.313e-20
1060.256736677158,1.148e-20
1060.2667807875175,9.324e-21
1060.2768248978773,8.439e-21
1060.2868690082369,9.053e-21
1060.2969131185964,1.081e-20
1060.306957228956,1.204e-20
1060.3170013393155,1.055e-20
1060.3270454496753,7.801e-21
1060.3370895600349,7.541e-21
1060.3471336703944,9.635e-21
1060.357177780754,1.123e-20
1060.3672218911136,1.209e-20
1060.3772660014733,1.252e-20
1060.387310111833,1.122e-20
1060.3973542221925,9.601e-21
1060.407398332552,1.069e-20
1060.4174424429116,1.208e-20
1060.4274865532714,1.017e-20
1060.437530663631,8.451e-21
1060.4475747739905,1.088e-20
1060.45761888435,1.38e-20
1060.4676629947098,1.353e-20
1060.4777071050694,1.238e-20
1060.487751215429,1.157e-20
1060.4977953257885,9.505e-21
1060.507839436148,8.171e-21
1060.5178835465078,1.013e-20
1060.5279276568674,1.237e-20
1060.537971767227,1.218e-20
1060.5480158775865,1.231e-20
1060.558059987946,1.424e-20
1060.5681040983059,1.506e-20
1060.5781482086654,1.36e-20
1060.588192319025,1.187e-20
1060.5982364293845,1.103e-20
1060.608280539744,1.13e-20
1060.618324650104,1.278e-20
1060.6283687604634,1.348e-20
1060.638412870823,1.143e-20
1060.6484569811826,9.034e-21
1060.6585010915423,9.935e-21
1060.668545201902,1.297e-20
1060.6785893122615,1.426e-20
1060.688633422621,1.299e-20
1060.6986775329806,1.135e-20
1060.7087216433404,1.107e-20
1060.7187657537,1.225e-20
1060.7288098640595,1.359e-20
1060.738853974419,1.342e-20
1060.7488980847786,1.222e-20
1060.7589421951384,1.255e-20
1060.768986305498,1.468e-20
1060.7790304158575,1.573e-20
1060.789074526217,1.49e-20
1060.7991186365766,1.449e-20
1060.8091627469364,1.431e-20
1060.819206857296,1.237e-20
1060.8292509676555,1.108e-20
1060.839295078015,1.357e-20
1060.8493391883749,1.593e-20
1060.8593832987344,1.347e-20
1060.869427409094,1.057e-20
1060.8794715194535,1.316e-20
1060.889515629813,1.75e-20
1060.899559740173,1.695e-20
1060.9096038505324,1.281e-20
1060.919647960892,1.009e-20
1060.9296920712516,1.006e-20
1060.9397361816111,1.174e-20
1060.949780291971,1.385e-20
1060.9598244023305,1.418e-20
1060.96986851269,1.253e-20
1060.9799126230496,1.18e-20
1060.9899567334091,1.292e-20
1061.000000843769,1.36e-20
1061.0100449541285,1.292e-20
1061.020089064488,1.174e-20
1061.0301331748476,1.009e-20
1061.0401772852074,8.689e-21
1061.050221395567,9.404e-21
1061.0602655059265,1.134e-20
1061.070309616286,1.157e-20
1061.0803537266456,1.055e-20
1061.0903978370054,1.132e-20
1061.100441947365,1.382e-20
1061.1104860577245,1.498e-20
1061.120530168084,1.362e-20
1061.1305742784436,1.165e-20
1061.1406183888034,1.115e-20
1061.150662499163,1.252e-20
1061.1607066095225,1.488e-20
1061.170750719882,1.686e-20
1061.1807948302417,1.684e-20
1061.1908389406015,1.439e-20
1061.200883050961,1.198e-20
1061.2109271613206,1.256e-20
1061.2209712716801,1.472e-20
1061.2310153820397,1.464e-20
1061.2410594923995,1.279e-20
1061.251103602759,1.288e-20
1061.2611477131186,1.473e-20
1061.2711918234781,1.498e-20
1061.281235933838,1.354e-20
1061.2912800441975,1.319e-20
1061.301324154557,1.44e-20
1061.3113682649166,1.532e-20
1061.3214123752762,1.493e-20
1061.331456485636,1.373e-20
1061.3415005959955,1.295e-20
1061.351544706355,1.324e-20
1061.3615888167146,1.374e-20
1061.3716329270742,1.365e-20
1061.381677037434,1.361e-20
1061.3917211477935,1.368e-20
1061.401765258153,1.284e-20
1061.4118093685126,1.208e-20
1061.4218534788722,1.325e-20
1061.431897589232,1.499e-20
1061.4419416995916,1.492e-20
1061.451985809951,1.395e-20
1061.4620299203107,1.384e-20
1061.4720740306705,1.441e-20
1061.48211814103,1.538e-20
1061.4921622513896,1.6e-20
1061.5022063617491,1.412e-20
1061.5122504721087,1.085e-20
1061.5222945824685,1.083e-20
1061.532338692828,1.416e-20
1061.5423828031876,1.603e-20
1061.5524269135472,1.533e-20
1061.5624710239067,1.459e-20
1061.5725151342665,1.413e-20
1061.582559244626,1.425e-20
1061.5926033549856,1.62e-20
1061.6026474653452,1.701e-20
1061.6126915757047,1.347e-20
1061.6227356860645,1.029e-20
1061.632779796424,1.229e-20
1061.6428239067836,1.483e-20
1061.6528680171432,1.316e-20
1061.662912127503,1.097e-20
1061.6729562378625,1.151e-20
1061.683000348222,1.268e-20
1061.6930444585817,1.382e-20
1061.7030885689412,1.534e-20
1061.713132679301,1.478e-20
1061.7231767896606,1.235e-20
1061.7332209000201,1.254e-20
1061.7432650103797,1.542e-20
1061.7533091207392,1.668e-20
1061.763353231099,1.58e-20
1061.7733973414586,1.45e-20
1061.7834414518181,1.272e-20
1061.7934855621777,1.224e-20
1061.8035296725373,1.535e-20
1061.813573782897,1.871e-20
1061.8236178932566,1.814e-20
1061.8336620036162,1.556e-20
1061.8437061139757,1.388e-20
1061.8537502243353,1.314e-20
1061.863794334695,1.412e-20
1061.8738384450546,1.609e-20
1061.8838825554142,1.507e-20
1061.8939266657737,1.218e-20
1061.9039707761335,1.365e-20
1061.914014886493,1.81e-20
1061.9240589968526,1.804e-20
1061.9341031072122,1.411e-20
1061.9441472175718,1.295e-20
1061.9541913279315,1.514e-20
1061.964235438291,1.691e-20
1061.9742795486507,1.7e-20
1061.9843236590102,1.539e-20
1061.9943677693698,1.304e-20
1062.0044118797296,1.312e-20
1062.0144559900891,1.562e-20
1062.0245001004487,1.626e-20
1062.0345442108082,1.461e-20
1062.0445883211678,1.427e-20
1062.0546324315276,1.472e-20
1062.0646765418871,1.341e-20
1062.0747206522467,1.236e-20
1062.0847647626063,1.344e-20
1062.094808872966,1.373e-20
1062.1048529833256,1.221e-20
1062.1148970936852,1.264e-20
1062.1249412040447,1.569e-20
1062.1349853144043,1.687e-20
1062.145029424764,1.434e-20
1062.1550735351236,1.166e-20
1062.1651176454832,1.188e-20
1062.1751617558427,1.378e-20
1062.1852058662023,1.452e-20
1062.195249976562,1.339e-20
1062.2052940869216,1.208e-20
1062.2153381972812,1.237e-20
1062.2253823076408,1.445e-20
1062.2354264180003,1.706e-20
1062.24547052836,1.821e-20
1062.2555146387197,1.676e-20
1062.2655587490792,1.434e-20
1062.2756028594388,1.39e-20
1062.2856469697986,1.54e-20
1062.2956910801581,1.545e-20
1062.3057351905177,1.295e-20
1062.3157793008772,1.15e-20
1062.3258234112368,1.373e-20
1062.3358675215966,1.661e-20
1062.3459116319561,1.629e-20
1062.3559557423157,1.443e-20
1062.3659998526753,1.429e-20
1062.3760439630348,1.495e-20
1062.3860880733946,1.476e-20
1062.3961321837542,1.533e-20
1062.4061762941137,1.677e-20
1062.4162204044733,1.622e-20
1062.4262645148328,1.45e-20
1062.4363086251926,1.516e-20
1062.4463527355522,1.685e-20
1062.4563968459117,1.639e-20
1062.4664409562713,1.575e-20
1062.476485066631,1.675e-20
1062.4865291769906,1.639e-20
1062.4965732873502,1.433e-20
1062.5066173977098,1.463e-20
1062.5166615080693,1.69e-20
1062.526705618429,1.693e-20
1062.5367497287887,1.527e-20
1062.5467938391482,1.527e-20
1062.5568379495078,1.7e-20
1062.5668820598673,1.863e-20
1062.5769261702271,1.843e-20
1062.5869702805867,1.579e-20
1062.5970143909462,1.434e-20
1062.6070585013058,1.75e-20
1062.6171026116654,2.065e-20
1062.6271467220251,1.861e-20
1062.6371908323847,1.596e-20
1062.6472349427443,1.743e-20
1062.6572790531038,1.86e-20
1062.6673231634634,1.665e-20
1062.6773672738232,1.573e-20
1062.6874113841827,1.606e-20
1062.6974554945423,1.458e-20
1062.7074996049018,1.449e-20
1062.7175437152616,1.807e-20
1062.7275878256212,1.922e-20
1062.7376319359807,1.583e-20
1062.7476760463403,1.46e-20
1062.7577201566999,1.684e-20
1062.7677642670596,1.697e-20
1062.7778083774192,1.54e-20
1062.7878524877788,1.595e-20
1062.7978965981383,1.659e-20
1062.8079407084979,1.58e-20
1062.8179848188577,1.699e-20
1062.8280289292172,1.941e-20
1062.8380730395768,1.852e-20
1062.8481171499363,1.608e-20
1062.858161260296,1.64e-20
1062.8682053706557,1.758e-20
1062.8782494810152,1.681e-20
1062.8882935913748,1.59e-20
1062.8983377017344,1.575e-20
1062.9083818120941,1.505e-20
1062.9184259224537,1.492e-20
1062.9284700328133,1.639e-20
1062.9385141431728,1.722e-20
1062.9485582535324,1.659e-20
1062.9586023638922,1.655e-20
1062.9686464742517,1.743e-20
1062.9786905846113,1.832e-20
1062.9887346949708,1.912e-20
1062.9987788053304,1.831e-20
1063.0088229156902,1.519e-20
1063.0188670260497,1.392e-20
1063.0289111364093,1.687e-20
1063.0389552467689,1.894e-20
1063.0489993571284,1.7e-20
1063.0590434674882,1.562e-20
1063.0690875778478,1.687e-20
1063.0791316882073,1.711e-20
1063.0891757985669,1.66e-20
1063.0992199089264,1.834e-20
1063.1092640192862,1.945e-20
1063.1193081296458,1.717e-20
1063.1293522400053,1.628e-20
1063.139396350365,1.922e-20
1063.1494404607247,2.015e-20
1063.1594845710842,1.678e-20
1063.1695286814438,1.485e-20
1063.1795727918034,1.688e-20
1063.189616902163,1.893e-20
1063.1996610125227,1.884e-20
1063.2097051228823,1.77e-20
1063.2197492332418,1.644e-20
1063.2297933436014,1.611e-20
1063.239837453961,1.7e-20
1063.2498815643207,1.731e-20
1063.2599256746803,1.675e-20
1063.2699697850398,1.721e-20
1063.2800138953994,1.795e-20
1063.290058005759,1.707e-20
1063.3001021161188,1.662e-20
1063.3101462264783,1.841e-20
1063.3201903368379,1.942e-20
1063.3302344471974,1.789e-20
1063.3402785575572,1.678e-20
1063.3503226679168,1.735e-20
1063.3603667782763,1.761e-20
1063.370410888636,1.749e-20
1063.3804549989954,1.833e-20
1063.3904991093552,1.921e-20
1063.4005432197148,1.932e-20
1063.4105873300743,2.001e-20
1063.420631440434,2.122e-20
1063.4306755507935,2.082e-20
1063.4407196611533,1.894e-20
1063.4507637715128,1.838e-20
1063.4608078818724,1.976e-20
1063.470851992232,2.002e-20
1063.4808961025915,1.764e-20
1063.4909402129513,1.583e-20
1063.5009843233108,1.748e-20
1063.5110284336704,2.023e-20
1063.52107254403,2.069e-20
1063.5311166543897,1.977e-20
1063.5411607647493,1.952e-20
1063.5512048751089,1.962e-20
1063.5612489854684,2.003e-20
1063.571293095828,2.135e-20
1063.5813372061878,2.185e-20
1063.5913813165473,2.008e-20
1063.6014254269069,1.804e-20
1063.6114695372664,1.735e-20
1063.621513647626,1.735e-20
1063.6315577579858,1.809e-20
1063.6416018683453,1.913e-20
1063.651645978705,1.798e-20
1063.6616900890645,1.532e-20
1063.671734199424,1.526e-20
1063.6817783097838,1.744e-20
1063.6918224201434,1.756e-20
1063.701866530503,1.569e-20
1063.7119106408625,1.495e-20
1063.7219547512223,1.558e-20
1063.7319988615818,1.658e-20
1063.7420429719414,1.756e-20
1063.752087082301,1.722e-20
1063.7621311926605,1.584e-20
1063.7721753030203,1.599e-20
1063.7822194133798,1.7e-20
1063.7922635237394,1.63e-20
1063.802307634099,1.584e-20
1063.8123517444585,1.744e-20
1063.8223958548183,1.777e-20
1063.8324399651779,1.675e-20
1063.8424840755374,1.938e-20
1063.852528185897,2.339e-20
1063.8625722962565,2.12e-20
1063.8726164066163,1.53e-20
1063.8826605169759,1.442e-20
1063.8927046273354,1.768e-20
1063.902748737695,1.847e-20
1063.9127928480546,1.689e-20
1063.9228369584143,1.631e-20
1063.932881068774,1.711e-20
1063.9429251791335,1.929e-20
1063.952969289493,2.237e-20
1063.9630133998528,2.299e-20
1063.9730575102124,1.991e-20
1063.983101620572,1.69e-20
1063.9931457309315,1.652e-20
1064.003189841291,1.757e-20
1064.0132339516508,1.873e-20
1064.0232780620104,1.917e-20
1064.03332217237,1.808e-20
1064.0433662827295,1.677e-20
1064.053410393089,1.688e-20
1064.0634545034488,1.71e-20
1064.0734986138084,1.646e-20
1064.083542724168,1.703e-20
1064.0935868345275,1.921e-20
1064.103630944887,2.052e-20
1064.1136750552469,2.061e-20
1064.1237191656064,2.095e-20
1064.133763275966,2.058e-20
1064.1438073863255,1.899e-20
1064.1538514966853,1.888e-20
1064.1638956070449,2.067e-20
1064.1739397174044,2.11e-20
1064.183983827764,2.023e-20
1064.1940279381236,2.103e-20
1064.2040720484833,2.219e-20
1064.214116158843,2.114e-20
1064.2241602692025,2.048e-20
1064.234204379562,2.179e-20
1064.2442484899216,2.087e-20
1064.2542926002814,1.74e-20
1064.264336710641,1.79e-20
1064.2743808210005,2.286e-20
1064.28442493136,2.474e-20
1064.2944690417196,2.163e-20
1064.3045131520794,1.921e-20
1064.314557262439,1.984e-20
1064.3246013727985,2.131e-20
1064.334645483158,2.214e-20
1064.3446895935178,2.11e-20
1064.3547337038774,1.843e-20
1064.364777814237,1.825e-20
1064.3748219245965,2.181e-20
1064.384866034956,2.336e-20
1064.3949101453159,2.051e-20
1064.4049542556754,1.854e-20
1064.414998366035,1.979e-20
1064.4250424763945,2.052e-20
1064.435086586754,1.987e-20
1064.4451306971139,2.02e-20
1064.4551748074734,2.079e-20
1064.465218917833,2.028e-20
1064.4752630281926,2.06e-20
1064.4853071385521,2.261e-20
1064.495351248912,2.344e-20
1064.5053953592715,2.104e-20
1064.515439469631,1.796e-20
1064.5254835799906,1.863e-20
1064.5355276903501,2.261e-20
1064.54557180071,2.366e-20
1064.5556159110695,1.971e-20
1064.565660021429,1.743e-20
1064.5757041317886,2.023e-20
1064.5857482421484,2.263e-20
1064.595792352508,2.236e-20
1064.6058364628675,2.323e-20
1064.615880573227,2.378e-20
1064.6259246835866,2.039e-20
1064.6359687939464,1.787e-20
1064.646012904306,2.055e-20
1064.6560570146655,2.302e-20
1064.666101125025,2.13e-20
1064.6761452353846,1.902e-20
1064.6861893457444,1.797e-20
1064.696233456104,1.755e-20
1064.7062775664635,1.955e-20
1064.716321676823,2.23e-20
1064.7263657871827,2.133e-20
1064.7364098975424,1.946e-20
1064.746454007902,2.146e-20
1064.7564981182616,2.355e-20
1064.7665422286211,2.207e-20
1064.776586338981,2.062e-20
1064.7866304493405,2.015e-20
1064.7966745597,1.852e-20
1064.8067186700596,1.887e-20
1064.8167627804191,2.254e-20
1064.826806890779,2.368e-20
1064.8368510011385,2.161e-20
1064.846895111498,2.184e-20
1064.8569392218576,2.284e-20
1064.8669833322172,2.098e-20
1064.877027442577,2.066e-20
1064.8870715529365,2.304e-20
1064.897115663296,2.195e-20
1064.9071597736556,1.928e-20
1064.9172038840152,2.162e-20
1064.927247994375,2.384e-20
1064.9372921047345,1.993e-20
1064.947336215094,1.744e-20
1064.9573803254536,2.167e-20
1064.9674244358134,2.526e-20
1064.977468546173,2.45e-20
1064.9875126565325,2.363e-20
1064.997556766892,2.255e-20
1065.0076008772517,1.99e-20
1065.0176449876114,1.988e-20
1065.027689097971,2.293e-20
1065.0377332083306,2.33e-20
1065.0477773186901,2.087e-20
1065.0578214290497,2.025e-20
1065.0678655394095,2.107e-20
1065.077909649769,2.111e-20
1065.0879537601286,2.154e-20
1065.0979978704881,2.22e-20
1065.1080419808477,2.118e-20
1065.1180860912075,1.994e-20
1065.128130201567,2.075e-20
1065.1381743119266,2.245e-20
1065.1482184222862,2.327e-20
1065.158262532646,2.305e-20
1065.1683066430055,2.189e-20
1065.178350753365,2.091e-20
1065.1883948637246,2.154e-20
1065.1984389740842,2.23e-20
1065.208483084444,2.117e-20
1065.2185271948035,1.998e-20
1065.228571305163,2.129e-20
1065.2386154155226,2.375e-20
1065.2486595258822,2.482e-20
1065.258703636242,2.428e-20
1065.2687477466015,2.284e-20
1065.278791856961,2.127e-20
1065.2888359673207,2.121e-20
1065.2988800776802,2.283e-20
1065.30892418804,2.321e-20
1065.3189682983996,2.109e-20
1065.3290124087591,2.021e-20
1065.3390565191187,2.324e-20
1065.3491006294782,2.62e-20
1065.359144739838,2.473e-20
1065.3691888501976,2.131e-20
1065.3792329605571,1.99e-20
1065.3892770709167,2.011e-20
1065.3993211812765,2.14e-20
1065.409365291636,2.449e-20
1065.4194094019956,2.612e-20
1065.4294535123552,2.31e-20
1065.4394976227147,1.975e-20
1065.4495417330745,2.089e-20
1065.459585843434,2.316e-20
1065.4696299537936,2.257e-20
1065.4796740641532,2.121e-20
1065.4897181745127,2.114e-20
1065.4997622848725,2.174e-20
1065.509806395232,2.315e-20
1065.5198505055916,2.433e-20
1065.5298946159512,2.337e-20
1065.5399387263108,2.242e-20
1065.5499828366706,2.357e-20
1065.56002694703,2.359e-20
1065.5700710573897,2.203e-20
1065.5801151677492,2.328e-20
1065.590159278109,2.552e-20
1065.6002033884686,2.397e-20
1065.6102474988281,2.278e-20
1065.6202916091877,2.565e-20
1065.6303357195472,2.617e-20
1065.640379829907,2.221e-20
1065.6504239402666,2.114e-20
1065.6604680506262,2.337e-20
1065.6705121609857,2.35e-20
1065.6805562713453,2.39e-20
1065.690600381705,2.64e-20
1065.7006444920646,2.518e-20
1065.7106886024242,2.177e-20
1065.7207327127837,2.386e-20
1065.7307768231433,2.683e-20
1065.740820933503,2.271e-20
1065.7508650438626,1.857e-20
1065.7609091542222,2.21e-20
1065.7709532645817,2.652e-20
1065.7809973749413,2.585e-20
1065.791041485301,2.396e-20
1065.8010855956607,2.312e-20
1065.8111297060202,2.288e-20
1065.8211738163798,2.499e-20
1065.8312179267396,2.727e-20
1065.841262037099,2.551e-20
1065.8513061474587,2.351e-20
1065.8613502578182,2.541e-20
1065.8713943681778,2.633e-20
1065.8814384785376,2.367e-20
1065.8914825888971,2.26e-20
1065.9015266992567,2.342e-20
1065.9115708096163,2.217e-20
1065.9216149199758,2.14e-20
1065.9316590303356,2.38e-20
1065.9417031406952,2.49e-20
1065.9517472510547,2.33e-20
1065.9617913614143,2.357e-20
1065.9718354717738,2.56e-20
1065.9818795821336,2.598e-20
1065.9919236924932,2.576e-20
1066.0019678028527,2.588e-20
1066.0120119132123,2.438e-20
1066.022056023572,2.258e-20
1066.0321001339316,2.36e-20
1066.0421442442912,2.615e-20
1066.0521883546508,2.731e-20
1066.0622324650103,2.625e-20
1066.07227657537,2.354e-20
1066.0823206857297,2.23e-20
1066.0923647960892,2.513e-20
1066.1024089064488,2.776e-20
1066.1124530168083,2.553e-20
1066.1224971271681,2.291e-20
1066.1325412375277,2.491e-20
1066.1425853478872,2.77e-20
1066.1526294582468,2.708e-20
1066.1626735686064,2.535e-20
1066.1727176789661,2.459e-20
1066.1827617893257,2.419e-20
1066.1928058996853,2.447e-20
1066.2028500100448,2.512e-20
1066.2128941204046,2.503e-20
1066.2229382307642,2.58e-20
1066.2329823411237,2.792e-20
1066.2430264514833,2.804e-20
1066.2530705618428,2.647e-20
1066.2631146722026,2.788e-20
1066.2731587825622,3.103e-20
1066.2832028929217,3.017e-20
1066.2932470032813,2.618e-20
1066.3032911136409,2.439e-20
1066.3133352240006,2.511e-20
1066.3233793343602,2.53e-20
1066.3334234447198,2.439e-20
1066.3434675550793,2.387e-20
1066.3535116654389,2.49e-20
1066.3635557757987,2.694e-20
1066.3735998861582,2.745e-20
1066.3836439965178,2.524e-20
1066.3936881068773,2.266e-20
1066.4037322172371,2.221e-20
1066.4137763275967,2.412e-20
1066.4238204379562,2.657e-20
1066.4338645483158,2.614e-20
1066.4439086586754,2.242e-20
1066.4539527690351,2.119e-20
1066.4639968793947,2.536e-20
1066.4740409897543,2.86e-20
1066.4840851001138,2.676e-20
1066.4941292104734,2.473e-20
1066.5041733208332,2.541e-20
1066.5142174311927,2.582e-20
1066.5242615415523,2.597e-20
1066.5343056519118,2.715e-20
1066.5443497622714,2.651e-20
1066.5543938726312,2.46e-20
1066.5644379829907,2.648e-20
1066.5744820933503,3.005e-20
1066.5845262037099,2.911e-20
1066.5945703140694,2.598e-20
1066.6046144244292,2.557e-20
1066.6146585347888,2.583e-20
1066.6247026451483,2.56e-20
1066.6347467555079,2.755e-20
1066.6447908658677,2.94e-20
1066.6548349762272,2.805e-20
1066.6648790865868,2.782e-20
1066.6749231969463,3.063e-20
1066.684967307306,3.071e-20
1066.6950114176657,2.753e-20
1066.7050555280252,2.701e-20
1066.7150996383848,2.825e-20
1066.7251437487444,2.689e-20
1066.735187859104,2.58e-20
1066.7452319694637,2.791e-20
1066.7552760798233,2.911e-20
1066.7653201901828,2.735e-20
1066.7753643005424,2.652e-20
1066.785408410902,2.795e-20
1066.7954525212617,2.875e-20
1066.8054966316213,2.778e-20
1066.8155407419808,2.648e-20
1066.8255848523404,2.645e-20
1066.8356289627002,2.827e-20
1066.8456730730597,3e-20
1066.8557171834193,2.916e-20
1066.8657612937789,2.661e-20
1066.8758054041384,2.505e-20
1066.8858495144982,2.558e-20
1066.8958936248578,2.819e-20
1066.9059377352173,3.139e-20
1066.9159818455769,3.142e-20
1066.9260259559364,2.752e-20
1066.9360700662962,2.481e-20
1066.9461141766558,2.632e-20
1066.9561582870153,2.81e-20
1066.966202397375,2.685e-20
1066.9762465077345,2.502e-20
1066.9862906180942,2.518e-20
1066.9963347284538,2.617e-20
1067.0063788388134,2.669e-20
1067.016422949173,2.749e-20
1067.0264670595327,2.852e-20
1067.0365111698923,2.787e-20
1067.0465552802518,2.581e-20
1067.0565993906114,2.603e-20
1067.066643500971,2.901e-20
1067.0766876113307,2.94e-20
1067.0867317216903,2.569e-20
1067.0967758320498,2.457e-20
1067.1068199424094,2.881e-20
1067.116864052769,3.166e-20
1067.1269081631287,2.963e-20
1067.1369522734883,2.783e-20
1067.1469963838479,2.881e-20
1067.1570404942074,2.962e-20
1067.167084604567,2.971e-20
1067.1771287149268,3.027e-20
1067.1871728252863,3.004e-20
1067.1972169356459,2.918e-20
1067.2072610460054,2.995e-20
1067.217305156365,3.116e-20
1067.2273492667248,3.055e-20
1067.2373933770843,2.979e-20
1067.247437487444,2.994e-20
1067.2574815978035,2.916e-20
1067.2675257081632,2.837e-20
1067.2775698185228,2.991e-20
1067.2876139288824,3.142e-20
1067.297658039242,3.02e-20
1067.3077021496015,2.868e-20
1067.3177462599613,2.905e-20
1067.3277903703208,3.005e-20
1067.3378344806804,3.117e-20
1067.34787859104,3.207e-20
1067.3579227013995,3.068e-20
1067.3679668117593,2.811e-20
1067.3780109221188,2.863e-20
1067.3880550324784,3.11e-20
1067.398099142838,3.044e-20
1067.4081432531975,2.759e-20
1067.4181873635573,2.759e-20
1067.4282314739169,3.031e-20
1067.4382755842764,3.178e-20
1067.448319694636,3.092e-20
1067.4583638049958,2.955e-20
1067.4684079153553,2.945e-20
1067.478452025715,3.111e-20
1067.4884961360744,3.266e-20
1067.498540246434,3.177e-20
1067.5085843567938,2.953e-20
1067.5186284671533,2.89e-20
1067.528672577513,2.992e-20
1067.5387166878725,3.09e-20
1067.548760798232,3.186e-20
1067.5588049085918,3.262e-20
1067.5688490189514,3.138e-20
1067.578893129311,2.861e-20
1067.5889372396705,2.776e-20
1067.59898135003,2.942e-20
1067.6090254603898,3.023e-20
1067.6190695707494,2.91e-20
1067.629113681109,2.891e-20
1067.6391577914685,3.047e-20
1067.6492019018283,3.109e-20
1067.6592460121879,3.024e-20
1067.6692901225474,3.04e-20
1067.679334232907,3.156e-20
1067.6893783432665,3.131e-20
1067.6994224536263,3.007e-20
1067.7094665639859,3.023e-20
1067.7195106743454,3.117e-20
1067.729554784705,3.068e-20
1067.7395988950645,2.949e-20
1067.7496430054243,2.977e-20
1067.759687115784,3.137e-20
1067.7697312261434,3.268e-20
1067.779775336503,3.284e-20
1067.7898194468626,3.195e-20
1067.7998635572224,3.099e-20
1067.809907667582,3.099e-20
1067.8199517779415,3.134e-20
1067.829995888301,3.093e-20
1067.8400399986608,3.078e-20
1067.8500841090204,3.223e-20
1067.86012821938,3.386e-20
1067.8701723297395,3.38e-20
1067.880216440099,3.284e-20
1067.8902605504588,3.236e-20
1067.9003046608184,3.199e-20
1067.910348771178,3.176e-20
1067.9203928815375,3.261e-20
1067.930436991897,3.362e-20
1067.9404811022569,3.285e-20
1067.9505252126164,3.093e-20
1067.960569322976,3.026e-20
1067.9706134333355,3.153e-20
1067.980657543695,3.363e-20
1067.9907016540549,3.508e-20
1068.0007457644144,3.46e-20
1068.010789874774,3.297e-20
1068.0208339851335,3.27e-20
1068.030878095493,3.354e-20
1068.040922205853,3.263e-20
1068.0509663162125,3.067e-20
1068.061010426572,3.099e-20
1068.0710545369316,3.278e-20
1068.0810986472914,3.321e-20
1068.091142757651,3.314e-20
1068.1011868680105,3.358e-20
1068.11123097837,3.268e-20
1068.1212750887296,3.142e-20
1068.1313191990894,3.298e-20
1068.141363309449,3.517e-20
1068.1514074198085,3.411e-20
1068.161451530168,3.234e-20
1068.1714956405276,3.326e-20
1068.1815397508874,3.472e-20
1068.191583861247,3.494e-20
1068.2016279716065,3.522e-20
1068.211672081966,3.475e-20
1068.2217161923256,3.318e-20
1068.2317603026854,3.409e-20
1068.241804413045,3.749e-20
1068.2518485234045,3.793e-20
1068.261892633764,3.511e-20
1068.2719367441239,3.409e-20
1068.2819808544834,3.501e-20
1068.292024964843,3.494e-20
1068.3020690752026,3.514e-20
1068.312113185562,3.651e-20
1068.322157295922,3.625e-20
1068.3322014062815,3.425e-20
1068.342245516641,3.356e-20
1068.3522896270006,3.415e-20
1068.3623337373601,3.454e-20
1068.37237784772,3.503e-20
1068.3824219580795,3.502e-20
1068.392466068439,3.406e-20
1068.4025101787986,3.455e-20
1068.4125542891582,3.667e-20
1068.422598399518,3.688e-20
1068.4326425098775,3.586e-20
1068.442686620237,3.75e-20
1068.4527307305966,3.948e-20
1068.4627748409562,3.707e-20
1068.472818951316,3.314e-20
1068.4828630616755,3.306e-20
1068.492907172035,3.571e-20
1068.5029512823946,3.731e-20
1068.5129953927544,3.741e-20
1068.523039503114,3.699e-20
1068.5330836134735,3.618e-20
1068.543127723833,3.509e-20
1068.5531718341927,3.409e-20
1068.5632159445524,3.399e-20
1068.573260054912,3.538e-20
1068.5833041652716,3.642e-20
1068.5933482756311,3.505e-20
1068.6033923859907,3.349e-20
1068.6134364963505,3.525e-20
1068.62348060671,3.862e-20
1068.6335247170696,3.898e-20
1068.6435688274291,3.616e-20
1068.6536129377887,3.434e-20
1068.6636570481485,3.577e-20
1068.673701158508,3.79e-20
1068.6837452688676,3.746e-20
1068.6937893792272,3.542e-20
1068.703833489587,3.492e-20
1068.7138775999465,3.583e-20
1068.723921710306,3.592e-20
1068.7339658206656,3.54e-20
1068.7440099310252,3.528e-20
1068.754054041385,3.497e-20
1068.7640981517445,3.512e-20
1068.774142262104,3.707e-20
1068.7841863724636,3.845e-20
1068.7942304828232,3.694e-20
1068.804274593183,3.526e-20
1068.8143187035425,3.576e-20
1068.824362813902,3.689e-20
1068.8344069242617,3.855e-20
1068.8444510346212,4.139e-20
1068.854495144981,4.196e-20
1068.8645392553406,3.873e-20
1068.8745833657001,3.675e-20
1068.8846274760597,3.796e-20
1068.8946715864195,3.788e-20
1068.904715696779,3.634e-20
1068.9147598071386,3.781e-20
1068.9248039174981,4.075e-20
1068.9348480278577,4.043e-20
1068.9448921382175,3.833e-20
1068.954936248577,3.813e-20
1068.9649803589366,3.931e-20
1068.9750244692962,4.045e-20
1068.9850685796557,4.135e-20
1068.9951126900155,4.105e-20
1069.005156800375,3.965e-20
1069.0152009107346,3.902e-20
1069.0252450210942,3.899e-20
1069.0352891314537,3.847e-20
1069.0453332418135,3.866e-20
1069.055377352173,3.977e-20
1069.0654214625326,3.961e-20
1069.0754655728922,3.835e-20
1069.085509683252,3.809e-20
1069.0955537936115,3.876e-20
1069.105597903971,4e-20
1069.1156420143307,4.186e-20
1069.1256861246902,4.161e-20
1069.13573023505,3.86e-20
1069.1457743454096,3.858e-20
1069.1558184557691,4.279e-20
1069.1658625661287,4.319e-20
1069.1759066764882,3.82e-20
1069.185950786848,3.697e-20
1069.1959948972076,4.173e-20
1069.2060390075671,4.423e-20
1069.2160831179267,4.189e-20
1069.2261272282863,3.969e-20
1069.236171338646,3.931e-20
1069.2462154490056,3.986e-20
1069.2562595593652,4.141e-20
1069.2663036697247,4.132e-20
1069.2763477800843,3.819e-20
1069.286391890444,3.762e-20
1069.2964360008036,4.211e-20
1069.3064801111632,4.472e-20
1069.3165242215227,4.256e-20
1069.3265683318825,4.124e-20
1069.336612442242,4.144e-20
1069.3466565526016,3.945e-20
1069.3567006629612,3.876e-20
1069.3667447733208,4.248e-20
1069.3767888836805,4.369e-20
1069.38683299404,3.924e-20
1069.3968771043997,3.727e-20
1069.4069212147592,4.05e-20
1069.4169653251188,4.18e-20
1069.4270094354786,4.02e-20
1069.4370535458381,4.082e-20
1069.4470976561977,4.159e-20
1069.4571417665572,3.901e-20
1069.4671858769168,3.837e-20
1069.4772299872766,4.328e-20
1069.4872740976361,4.69e-20
1069.4973182079957,4.414e-20
1069.5073623183553,3.991e-20
1069.517406428715,3.976e-20
1069.5274505390746,4.262e-20
1069.5374946494342,4.457e-20
1069.5475387597937,4.37e-20
1069.5575828701533,4.135e-20
1069.567626980513,4.064e-20
1069.5776710908726,4.217e-20
1069.5877152012322,4.291e-20
1069.5977593115917,4.132e-20
1069.6078034219513,4.007e-20
1069.617847532311,4.148e-20
1069.6278916426706,4.4e-20
1069.6379357530302,4.5e-20
1069.6479798633898,4.424e-20
1069.6580239737493,4.284e-20
1069.668068084109,4.141e-20
1069.6781121944687,4.083e-20
1069.6881563048282,4.216e-20
1069.6982004151878,4.392e-20
1069.7082445255476,4.33e-20
1069.7182886359071,4.146e-20
1069.7283327462667,4.178e-20
1069.7383768566262,4.322e-20
1069.7484209669858,4.271e-20
1069.7584650773456,4.165e-20
1069.7685091877051,4.192e-20
1069.7785532980647,4.142e-20
1069.7885974084243,4.052e-20
1069.7986415187838,4.294e-20
1069.8086856291436,4.647e-20
1069.8187297395032,4.559e-20
1069.8287738498627,4.278e-20
1069.8388179602223,4.353e-20
1069.8488620705818,4.571e-20
1069.8589061809416,4.55e-20
1069.8689502913012,4.466e-20
1069.8789944016607,4.489e-20
1069.8890385120203,4.57e-20
1069.8990826223799,4.797e-20
1069.9091267327397,5.016e-20
1069.9191708430992,4.783e-20
1069.9292149534588,4.304e-20
1069.9392590638183,4.272e-20
1069.949303174178,4.591e-20
1069.9593472845377,4.631e-20
1069.9693913948972,4.456e-20
1069.9794355052568,4.538e-20
1069.9894796156163,4.842e-20
1069.9995237259761,5.035e-20
1070.0095678363357,4.996e-20
1070.0196119466952,4.799e-20
1070.0296560570548,4.634e-20
1070.0397001674144,4.611e-20
1070.0497442777742,4.567e-20
1070.0597883881337,4.475e-20
1070.0698324984933,4.582e-20
1070.0798766088528,4.781e-20
1070.0899207192124,4.695e-20
1070.0999648295722,4.504e-20
1070.1100089399317,4.633e-20
1070.1200530502913,4.904e-20
1070.1300971606508,4.953e-20
1070.1401412710106,4.847e-20
1070.1501853813702,4.713e-20
1070.1602294917298,4.608e-20
1070.1702736020893,4.713e-20
1070.1803177124489,4.916e-20
1070.1903618228087,4.835e-20
1070.2004059331682,4.611e-20
1070.2104500435278,4.648e-20
1070.2204941538873,4.79e-20
1070.230538264247,4.818e-20
1070.2405823746067,4.91e-20
1070.2506264849662,4.942e-20
1070.2606705953258,4.655e-20
1070.2707147056854,4.521e-20
1070.280758816045,4.88e-20
1070.2908029264047,5.04e-20
1070.3008470367643,4.668e-20
1070.3108911471238,4.541e-20
1070.3209352574834,4.897e-20
1070.3309793678432,5.036e-20
1070.3410234782027,4.907e-20
1070.3510675885623,4.984e-20
1070.3611116989218,4.998e-20
1070.3711558092814,4.692e-20
1070.3811999196412,4.664e-20
1070.3912440300007,5.079e-20
1070.4012881403603,5.181e-20
1070.4113322507199,4.825e-20
1070.4213763610794,4.711e-20
1070.4314204714392,4.933e-20
1070.4414645817988,4.963e-20
1070.4515086921583,4.767e-20
1070.4615528025179,4.693e-20
1070.4715969128774,4.78e-20
1070.4816410232372,4.905e-20
1070.4916851335968,5.005e-20
1070.5017292439563,4.997e-20
1070.511773354316,4.899e-20
1070.5218174646757,4.859e-20
1070.5318615750352,4.902e-20
1070.5419056853948,4.993e-20
1070.5519497957544,5.153e-20
1070.561993906114,5.245e-20
1070.5720380164737,5.106e-20
1070.5820821268333,4.999e-20
1070.5921262371928,5.254e-20
1070.6021703475524,5.618e-20
1070.612214457912,5.635e-20
1070.6222585682717,5.363e-20
1070.6323026786313,5.162e-20
1070.6423467889908,5.191e-20
1070.6523908993504,5.374e-20
1070.66243500971,5.489e-20
1070.6724791200697,5.377e-20
1070.6825232304293,5.24e-20
1070.6925673407889,5.358e-20
1070.7026114511484,5.494e-20
1070.712655561508,5.284e-20
1070.7226996718678,4.974e-20
1070.7327437822273,4.992e-20
1070.7427878925869,5.205e-20
1070.7528320029464,5.296e-20
1070.7628761133062,5.293e-20
1070.7729202236658,5.263e-20
1070.7829643340253,5.151e-20
1070.793008444385,5.068e-20
1070.8030525547445,5.149e-20
1070.8130966651042,5.265e-20
1070.8231407754638,5.273e-20
1070.8331848858234,5.211e-20
1070.843228996183,5.121e-20
1070.8532731065425,5.075e-20
1070.8633172169023,5.198e-20
1070.8733613272618,5.387e-20
1070.8834054376214,5.415e-20
1070.893449547981,5.348e-20
1070.9034936583405,5.343e-20
1070.9135377687003,5.344e-20
1070.9235818790598,5.39e-20
1070.9336259894194,5.611e-20
1070.943670099779,5.775e-20
1070.9537142101387,5.652e-20
1070.9637583204983,5.525e-20
1070.9738024308579,5.581e-20
1070.9838465412174,5.509e-20
1070.993890651577,5.282e-20
1071.0039347619368,5.287e-20
1071.0139788722963,5.449e-20
1071.0240229826559,5.423e-20
1071.0340670930154,5.397e-20
1071.044111203375,5.6e-20
1071.0541553137348,5.688e-20
1071.0641994240943,5.498e-20
1071.074243534454,5.425e-20
1071.0842876448135,5.543e-20
1071.094331755173,5.482e-20
1071.1043758655328,5.296e-20
1071.1144199758924,5.352e-20
1071.124464086252,5.549e-20
1071.1345081966115,5.595e-20
1071.144552306971,5.623e-20
1071.1545964173308,5.806e-20
1071.1646405276904,5.891e-20
1071.17468463805,5.711e-20
1071.1847287484095,5.569e-20
1071.1947728587693,5.664e-20
1071.2048169691288,5.689e-20
1071.2148610794884,5.444e-20
1071.224905189848,5.275e-20
1071.2349493002075,5.447e-20
1071.2449934105673,5.678e-20
1071.2550375209269,5.684e-20
1071.2650816312864,5.6e-20
1071.275125741646,5.567e-20
1071.2851698520055,5.527e-20
1071.2952139623653,5.521e-20
1071.3052580727249,5.631e-20
1071.3153021830844,5.745e-20
1071.325346293444,5.762e-20
1071.3353904038036,5.71e-20
1071.3454345141633,5.602e-20
1071.355478624523,5.534e-20
1071.3655227348825,5.679e-20
1071.375566845242,5.885e-20
1071.3856109556018,5.83e-20
1071.3956550659614,5.65e-20
1071.405699176321,5.689e-20
1071.4157432866805,5.805e-20
1071.42578739704,5.721e-20
1071.4358315073998,5.598e-20
1071.4458756177594,5.669e-20
1071.455919728119,5.857e-20
1071.4659638384785,6.032e-20
1071.476007948838,6.099e-20
1071.4860520591978,5.945e-20
1071.4960961695574,5.733e-20
1071.506140279917,5.83e-20
1071.5161843902765,6.197e-20
1071.526228500636,6.346e-20
1071.5362726109959,6.07e-20
1071.5463167213554,5.751e-20
1071.556360831715,5.807e-20
1071.5664049420745,6.1e-20
1071.5764490524343,6.182e-20
1071.5864931627939,6.073e-20
1071.5965372731534,6.183e-20
1071.606581383513,6.439e-20
1071.6166254938726,6.412e-20
1071.6266696042323,6.215e-20
1071.636713714592,6.178e-20
1071.6467578249515,6.118e-20
1071.656801935311,5.936e-20
1071.6668460456706,5.997e-20
1071.6768901560304,6.276e-20
1071.68693426639,6.359e-20
1071.6969783767495,6.338e-20
1071.707022487109,6.39e-20
1071.7170665974686,6.22e-20
1071.7271107078284,5.968e-20
1071.737154818188,6.192e-20
1071.7471989285475,6.528e-20
1071.757243038907,6.235e-20
1071.7672871492668,5.753e-20
1071.7773312596264,5.82e-20
1071.787375369986,6.094e-20
1071.7974194803455,6.137e-20
1071.807463590705,6.187e-20
1071.8175077010649,6.254e-20
1071.8275518114244,6.14e-20
1071.837595921784,6.152e-20
1071.8476400321435,6.404e-20
1071.857684142503,6.424e-20
1071.867728252863,6.19e-20
1071.8777723632224,6.138e-20
1071.887816473582,6.217e-20
1071.8978605839416,6.24e-20
1071.9079046943011,6.349e-20
1071.917948804661,6.415e-20
1071.9279929150205,6.268e-20
1071.93803702538,6.322e-20
1071.9480811357396,6.639e-20
1071.9581252460991,6.526e-20
1071.968169356459,6.018e-20
1071.9782134668185,5.999e-20
1071.988257577178,6.462e-20
1071.9983016875376,6.634e-20
1072.0083457978974,6.505e-20
1072.018389908257,6.492e-20
1072.0284340186165,6.494e-20
1072.038478128976,6.394e-20
1072.0485222393356,6.355e-20
1072.0585663496954,6.301e-20
1072.068610460055,6.156e-20
1072.0786545704145,6.231e-20
1072.088698680774,6.589e-20
1072.0987427911336,6.814e-20
1072.1087869014934,6.727e-20
1072.118831011853,6.523e-20
1072.1288751222125,6.345e-20
1072.138919232572,6.302e-20
1072.1489633429317,6.462e-20
1072.1590074532915,6.62e-20
1072.169051563651,6.59e-20
1072.1790956740106,6.51e-20
1072.1891397843701,6.529e-20
1072.19918389473,6.638e-20
1072.2092280050895,6.811e-20
1072.219272115449,6.892e-20
1072.2293162258086,6.709e-20
1072.2393603361681,6.54e-20
1072.249404446528,6.746e-20
1072.2594485568875,7.047e-20
1072.269492667247,7.006e-20
1072.2795367776066,6.832e-20
1072.2895808879662,6.832e-20
1072.299624998326,6.823e-20
1072.3096691086855,6.744e-20
1072.319713219045,6.917e-20
1072.3297573294046,7.237e-20
1072.3398014397642,7.174e-20
1072.349845550124,6.829e-20
1072.3598896604835,6.844e-20
1072.369933770843,7.201e-20
1072.3799778812026,7.263e-20
1072.3900219915624,6.955e-20
1072.400066101922,6.761e-20
1072.4101102122816,6.77e-20
1072.420154322641,6.741e-20
1072.4301984330007,6.726e-20
1072.4402425433605,6.814e-20
1072.45028665372,6.815e-20
1072.4603307640796,6.721e-20
1072.4703748744391,6.765e-20
1072.4804189847987,6.899e-20
1072.4904630951585,6.959e-20
1072.500507205518,7.042e-20
1072.5105513158776,7.136e-20
1072.5205954262372,7.044e-20
1072.5306395365967,6.923e-20
1072.5406836469565,7.018e-20
1072.550727757316,7.084e-20
1072.5607718676756,6.959e-20
1072.5708159780352,7.005e-20
1072.5808600883947,7.31e-20
1072.5909041987545,7.434e-20
1072.600948309114,7.251e-20
1072.6109924194736,7.069e-20
1072.6210365298332,7.042e-20
1072.631080640193,7.173e-20
1072.6411247505525,7.405e-20
1072.651168860912,7.476e-20
1072.6612129712717,7.29e-20
1072.6712570816312,7.164e-20
1072.681301191991,7.267e-20
1072.6913453023506,7.382e-20
1072.7013894127101,7.359e-20
1072.7114335230697,7.2e-20
1072.7214776334292,7.004e-20
1072.731521743789,7.075e-20
1072.7415658541486,7.458e-20
1072.7516099645081,7.659e-20
1072.7616540748677,7.486e-20
1072.7716981852273,7.374e-20
1072.781742295587,7.438e-20
1072.7917864059466,7.404e-20
1072.8018305163062,7.376e-20
1072.8118746266657,7.476e-20
1072.8219187370255,7.399e-20
1072.831962847385,7.196e-20
1072.8420069577446,7.303e-20
1072.8520510681042,7.534e-20
1072.8620951784637,7.469e-20
1072.8721392888235,7.384e-20
1072.882183399183,7.55e-20
1072.8922275095426,7.617e-20
1072.9022716199022,7.475e-20
1072.9123157302618,7.458e-20
1072.9223598406215,7.559e-20
1072.932403950981,7.544e-20
1072.9424480613407,7.466e-20
1072.9524921717002,7.45e-20
1072.9625362820598,7.523e-20
1072.9725803924196,7.642e-20
1072.9826245027791,7.554e-20
1072.9926686131387,7.23e-20
1073.0027127234982,7.198e-20
1073.012756833858,7.57e-20
1073.0228009442176,7.682e-20
1073.0328450545771,7.386e-20
1073.0428891649367,7.272e-20
1073.0529332752963,7.419e-20
1073.062977385656,7.48e-20
1073.0730214960156,7.496e-20
1073.0830656063752,7.504e-20
1073.0931097167347,7.417e-20
1073.1031538270943,7.532e-20
1073.113197937454,7.86e-20
1073.1232420478136,7.778e-20
1073.1332861581732,7.419e-20
1073.1433302685327,7.56e-20
1073.1533743788923,7.812e-20
1073.163418489252,7.39e-20
1073.1734625996116,7.028e-20
1073.1835067099712,7.525e-20
1073.1935508203308,8.007e-20
1073.2035949306905,7.769e-20
1073.21363904105,7.546e-20
1073.2236831514097,7.739e-20
1073.2337272617692,7.877e-20
1073.2437713721288,7.948e-20
1073.2538154824886,8.155e-20
1073.2638595928481,8.15e-20
1073.2739037032077,7.895e-20
1073.2839478135672,7.901e-20
1073.2939919239268,8.138e-20
1073.3040360342866,8.167e-20
1073.3140801446461,8.073e-20
1073.3241242550057,8.157e-20
1073.3341683653653,8.31e-20
1073.3442124757248,8.277e-20
1073.3542565860846,8.073e-20
1073.3643006964442,7.998e-20
1073.3743448068037,8.267e-20
1073.3843889171633,8.533e-20
1073.3944330275228,8.34e-20
1073.4044771378826,8.01e-20
1073.4145212482422,8.087e-20
1073.4245653586017,8.314e-20
1073.4346094689613,8.26e-20
1073.444653579321,8.153e-20
1073.4546976896806,8.201e-20
1073.4647418000402,8.18e-20
1073.4747859103998,8.092e-20
1073.4848300207593,8.163e-20
1073.494874131119,8.318e-20
1073.5049182414787,8.381e-20
1073.5149623518382,8.306e-20
1073.5250064621978,8.068e-20
1073.5350505725573,7.891e-20
1073.5450946829171,8.064e-20
1073.5551387932767,8.285e-20
1073.5651829036362,8.129e-20
1073.5752270139958,7.927e-20
1073.5852711243554,8.068e-20
1073.5953152347151,8.237e-20
1073.6053593450747,8.205e-20
1073.6154034554343,8.23e-20
1073.6254475657938,8.312e-20
1073.6354916761536,8.248e-20
1073.6455357865132,8.17e-20
1073.6555798968727,8.188e-20
1073.6656240072323,8.175e-20
1073.6756681175918,8.191e-20
1073.6857122279516,8.343e-20
1073.6957563383112,8.499e-20
1073.7058004486707,8.584e-20
1073.7158445590303,8.585e-20
1073.7258886693899,8.399e-20
1073.7359327797496,8.263e-20
1073.7459768901092,8.519e-20
1073.7560210004688,8.791e-20
1073.7660651108283,8.632e-20
1073.7761092211879,8.493e-20
1073.7861533315477,8.728e-20
1073.7961974419072,8.811e-20
1073.8062415522668,8.56e-20
1073.8162856626263,8.515e-20
1073.826329772986,8.738e-20
1073.8363738833457,8.814e-20
1073.8464179937052,8.748e-20
1073.8564621040648,8.69e-20
1073.8665062144244,8.656e-20
1073.8765503247841,8.827e-20
1073.8865944351437,9.075e-20
1073.8966385455033,8.891e-20
1073.9066826558628,8.562e-20
1073.9167267662224,8.851e-20
1073.9267708765822,9.319e-20
1073.9368149869417,9.09e-20
1073.9468590973013,8.679e-20
1073.9569032076608,8.896e-20
1073.9669473180204,9.254e-20
1073.9769914283802,9.195e-20
1073.9870355387397,9.131e-20
1073.9970796490993,9.287e-20
1074.0071237594589,9.317e-20
1074.0171678698184,9.232e-20
1074.0272119801782,9.277e-20
1074.0372560905378,9.328e-20
1074.0473002008973,9.259e-20
1074.0573443112569,9.198e-20
1074.0673884216167,9.171e-20
1074.0774325319762,9.173e-20
1074.0874766423358,9.289e-20
1074.0975207526953,9.408e-20
1074.107564863055,9.371e-20
1074.1176089734147,9.332e-20
1074.1276530837742,9.409e-20
1074.1376971941338,9.433e-20
1074.1477413044934,9.388e-20
1074.157785414853,9.45e-20
1074.1678295252127,9.531e-20
1074.1778736355723,9.485e-20
1074.1879177459318,9.52e-20
1074.1979618562914,9.786e-20
1074.208005966651,9.986e-20
1074.2180500770107,9.897e-20
1074.2280941873703,9.742e-20
1074.2381382977298,9.722e-20
1074.2481824080894,9.717e-20
1074.2582265184492,9.678e-20
1074.2682706288088,9.731e-20
1074.2783147391683,9.831e-20
1074.2883588495279,9.841e-20
1074.2984029598874,9.902e-20
1074.3084470702472,1.01e-19
1074.3184911806068,1.012e-19
1074.3285352909663,9.825e-20
1074.338579401326,9.721e-20
1074.3486235116854,1.009e-19
1074.3586676220452,1.046e-19
1074.3687117324048,1.049e-19
1074.3787558427643,1.043e-19
1074.388799953124,1.045e-19
1074.3988440634835,1.044e-19
1074.4088881738433,1.037e-19
1074.4189322842028,1.032e-19
1074.4289763945624,1.031e-19
1074.439020504922,1.04e-19
1074.4490646152817,1.056e-19
1074.4591087256413,1.057e-19
1074.4691528360008,1.041e-19
1074.4791969463604,1.034e-19
1074.48924105672,1.039e-19
1074.4992851670797,1.039e-19
1074.5093292774393,1.049e-19
1074.5193733877989,1.072e-19
1074.5294174981584,1.079e-19
1074.539461608518,1.067e-19
1074.5495057188778,1.061e-19
1074.5595498292373,1.066e-19
1074.5695939395969,1.074e-19
1074.5796380499564,1.093e-19
1074.589682160316,1.114e-19
1074.5997262706758,1.109e-19
1074.6097703810353,1.088e-19
1074.619814491395,1.086e-19
1074.6298586017544,1.099e-19
1074.639902712114,1.102e-19
1074.6499468224738,1.098e-19
1074.6599909328334,1.105e-19
1074.670035043193,1.128e-19
1074.6800791535525,1.135e-19
1074.6901232639123,1.111e-19
1074.7001673742718,1.09e-19
1074.7102114846314,1.113e-19
1074.720255594991,1.149e-19
1074.7302997053505,1.145e-19
1074.7403438157103,1.116e-19
1074.7503879260698,1.104e-19
1074.7604320364294,1.109e-19
1074.770476146789,1.117e-19
1074.7805202571485,1.133e-19
1074.7905643675083,1.151e-19
1074.8006084778679,1.158e-19
1074.8106525882274,1.156e-19
1074.820696698587,1.15e-19
1074.8307408089465,1.147e-19
1074.8407849193063,1.166e-19
1074.8508290296659,1.189e-19
1074.8608731400254,1.177e-19
1074.870917250385,1.15e-19
1074.8809613607448,1.156e-19
1074.8910054711043,1.18e-19
1074.901049581464,1.187e-19
1074.9110936918235,1.189e-19
1074.921137802183,1.197e-19
1074.9311819125428,1.202e-19
1074.9412260229024,1.21e-19
1074.951270133262,1.214e-19
1074.9613142436215,1.187e-19
1074.971358353981,1.154e-19
1074.9814024643408,1.168e-19
1074.9914465747004,1.203e-19
1075.00149068506,1.218e-19
1075.0115347954195,1.23e-19
1075.021578905779,1.24e-19
1075.0316230161388,1.222e-19
1075.0416671264984,1.209e-19
1075.051711236858,1.226e-19
1075.0617553472175,1.227e-19
1075.0717994575773,1.201e-19
1075.0818435679369,1.197e-19
1075.0918876782964,1.205e-19
1075.101931788656,1.196e-19
1075.1119758990155,1.207e-19
1075.1220200093753,1.235e-19
1075.1320641197349,1.215e-19
1075.1421082300944,1.183e-19
1075.152152340454,1.205e-19
1075.1621964508136,1.225e-19
1075.1722405611733,1.19e-19
1075.182284671533,1.186e-19
1075.1923287818925,1.236e-19
1075.202372892252,1.239e-19
1075.2124170026116,1.196e-19
1075.2224611129714,1.199e-19
1075.232505223331,1.222e-19
1075.2425493336905,1.202e-19
1075.25259344405,1.19e-19
1075.2626375544096,1.221e-19
1075.2726816647694,1.231e-19
1075.282725775129,1.202e-19
1075.2927698854885,1.199e-19
1075.302813995848,1.23e-19
1075.3128581062078,1.253e-19
1075.3229022165674,1.259e-19
1075.332946326927,1.251e-19
1075.3429904372865,1.224e-19
1075.353034547646,1.202e-19
1075.3630786580059,1.215e-19
1075.3731227683654,1.243e-19
1075.383166878725,1.254e-19
1075.3932109890845,1.247e-19
1075.403255099444,1.241e-19
1075.4132992098039,1.245e-19
1075.4233433201634,1.258e-19
1075.433387430523,1.271e-19
1075.4434315408826,1.28e-19
1075.4534756512421,1.276e-19
1075.463519761602,1.26e-19
1075.4735638719615,1.256e-19
1075.483607982321,1.273e-19
1075.4936520926806,1.281e-19
1075.5036962030404,1.268e-19
1075.5137403134,1.274e-19
1075.5237844237595,1.302e-19
1075.533828534119,1.304e-19
1075.5438726444786,1.284e-19
1075.5539167548384,1.284e-19
1075.563960865198,1.287e-19
1075.5740049755575,1.268e-19
1075.584049085917,1.27e-19
1075.5940931962766,1.309e-19
1075.6041373066364,1.325e-19
1075.614181416996,1.3e-19
1075.6242255273555,1.283e-19
1075.634269637715,1.287e-19
1075.6443137480746,1.287e-19
1075.6543578584344,1.293e-19
1075.664401968794,1.315e-19
1075.6744460791535,1.324e-19
1075.684490189513,1.316e-19
1075.6945342998729,1.318e-19
1075.7045784102324,1.333e-19
1075.714622520592,1.334e-19
1075.7246666309516,1.317e-19
1075.7347107413111,1.315e-19
1075.744754851671,1.337e-19
1075.7547989620305,1.353e-19
1075.76484307239,1.334e-19
1075.7748871827496,1.307e-19
1075.7849312931091,1.306e-19
1075.794975403469,1.315e-19
1075.8050195138285,1.312e-19
1075.815063624188,1.308e-19
1075.8251077345476,1.311e-19
1075.8351518449072,1.305e-19
1075.845195955267,1.298e-19
1075.8552400656265,1.31e-19
1075.865284175986,1.322e-19
1075.8753282863456,1.314e-19
1075.8853723967054,1.303e-19
1075.895416507065,1.308e-19
1075.9054606174245,1.326e-19
1075.915504727784,1.347e-19
1075.9255488381436,1.356e-19
1075.9355929485034,1.336e-19
1075.945637058863,1.314e-19
1075.9556811692225,1.327e-19
1075.965725279582,1.356e-19
1075.9757693899417,1.359e-19
1075.9858135003014,1.345e-19
1075.995857610661,1.34e-19
1076.0059017210206,1.344e-19
1076.0159458313801,1.351e-19
1076.0259899417397,1.361e-19
1076.0360340520995,1.365e-19
1076.046078162459,1.356e-19
1076.0561222728186,1.341e-19
1076.0661663831781,1.332e-19
1076.0762104935377,1.339e-19
1076.0862546038975,1.364e-19
1076.096298714257,1.38e-19
1076.1063428246166,1.377e-19
1076.1163869349762,1.378e-19
1076.126431045336,1.391e-19
1076.1364751556955,1.387e-19
1076.146519266055,1.365e-19
1076.1565633764146,1.358e-19
1076.1666074867742,1.381e-19
1076.176651597134,1.408e-19
1076.1866957074935,1.411e-19
1076.196739817853,1.385e-19
1076.2067839282126,1.359e-19
1076.2168280385722,1.36e-19
1076.226872148932,1.378e-19
1076.2369162592915,1.387e-19
1076.246960369651,1.393e-19
1076.2570044800107,1.406e-19
1076.2670485903702,1.404e-19
1076.27709270073,1.382e-19
1076.2871368110896,1.371e-19
1076.2971809214491,1.378e-19
1076.3072250318087,1.39e-19
1076.3172691421685,1.407e-19
1076.327313252528,1.416e-19
1076.3373573628876,1.398e-19
1076.3474014732471,1.376e-19
1076.3574455836067,1.398e-19
1076.3674896939665,1.438e-19
1076.377533804326,1.44e-19
1076.3875779146856,1.414e-19
1076.3976220250452,1.411e-19
1076.4076661354047,1.43e-19
1076.4177102457645,1.433e-19
1076.427754356124,1.417e-19
1076.4377984664836,1.406e-19
1076.4478425768432,1.411e-19
1076.4578866872027,1.419e-19
1076.4679307975625,1.424e-19
1076.477974907922,1.431e-19
1076.4880190182816,1.434e-19
1076.4980631286412,1.429e-19
1076.5081072390008,1.426e-19
1076.5181513493606,1.426e-19
1076.52819545972,1.412e-19
1076.5382395700797,1.398e-19
1076.5482836804392,1.416e-19
1076.558327790799,1.447e-19
1076.5683719011586,1.445e-19
1076.5784160115181,1.416e-19
1076.5884601218777,1.401e-19
1076.5985042322372,1.413e-19
1076.608548342597,1.434e-19
1076.6185924529566,1.443e-19
1076.6286365633161,1.43e-19
1076.6386806736757,1.417e-19
1076.6487247840353,1.432e-19
1076.658768894395,1.455e-19
1076.6688130047546,1.452e-19
1076.6788571151142,1.444e-19
1076.6889012254737,1.455e-19
1076.6989453358333,1.458e-19
1076.708989446193,1.448e-19
1076.7190335565526,1.458e-19
1076.7290776669122,1.474e-19
1076.7391217772717,1.461e-19
1076.7491658876315,1.438e-19
1076.759209997991,1.436e-19
1076.7692541083507,1.441e-19
1076.7792982187102,1.453e-19
1076.7893423290698,1.476e-19
1076.7993864394296,1.475e-19
1076.809430549789,1.447e-19
1076.8194746601487,1.451e-19
1076.8295187705082,1.486e-19
1076.8395628808678,1.487e-19
1076.8496069912276,1.455e-19
1076.8596511015871,1.451e-19
1076.8696952119467,1.476e-19
1076.8797393223062,1.487e-19
1076.8897834326658,1.474e-19
1076.8998275430256,1.454e-19
1076.9098716533852,1.445e-19
1076.9199157637447,1.468e-19
1076.9299598741043,1.499e-19
1076.940003984464,1.493e-19
1076.9500480948236,1.466e-19
1076.9600922051832,1.466e-19
1076.9701363155427,1.477e-19
1076.9801804259023,1.469e-19
1076.990224536262,1.465e-19
1077.0002686466216,1.489e-19
1077.0103127569812,1.505e-19
1077.0203568673408,1.488e-19
1077.0304009777003,1.468e-19
1077.04044508806,1.479e-19
1077.0504891984197,1.515e-19
1077.0605333087792,1.54e-19
1077.0705774191388,1.526e-19
1077.0806215294983,1.498e-19
1077.0906656398581,1.505e-19
1077.1007097502177,1.542e-19
1077.1107538605772,1.558e-19
1077.1207979709368,1.538e-19
1077.1308420812966,1.522e-19
1077.1408861916561,1.529e-19
1077.1509303020157,1.534e-19
1077.1609744123753,1.528e-19
1077.1710185227348,1.534e-19
1077.1810626330946,1.562e-19
1077.1911067434542,1.587e-19
1077.2011508538137,1.582e-19
1077.2111949641733,1.557e-19
1077.2212390745328,1.538e-19
1077.2312831848926,1.539e-19
1077.2413272952522,1.555e-19
1077.2513714056117,1.567e-19
1077.2614155159713,1.567e-19
1077.2714596263309,1.568e-19
1077.2815037366906,1.582e-19
1077.2915478470502,1.588e-19
1077.3015919574098,1.575e-19
1077.3116360677693,1.575e-19
1077.3216801781289,1.599e-19
1077.3317242884887,1.609e-19
1077.3417683988482,1.597e-19
1077.3518125092078,1.603e-19
1077.3618566195673,1.621e-19
1077.3719007299271,1.619e-19
1077.3819448402867,1.614e-19
1077.3919889506462,1.627e-19
1077.4020330610058,1.632e-19
1077.4120771713654,1.632e-19
1077.4221212817251,1.652e-19
1077.4321653920847,1.666e-19
1077.4422095024443,1.637e-19
1077.4522536128038,1.606e-19
1077.4622977231634,1.617e-19
1077.4723418335232,1.644e-19
1077.4823859438827,1.658e-19
1077.4924300542423,1.667e-19
1077.5024741646018,1.663e-19
1077.5125182749614,1.645e-19
1077.5225623853212,1.656e-19
1077.5326064956807,1.69e-19
1077.5426506060403,1.687e-19
1077.5526947163999,1.645e-19
1077.5627388267596,1.629e-19
1077.5727829371192,1.652e-19
1077.5828270474788,1.663e-19
1077.5928711578383,1.652e-19
1077.6029152681979,1.65e-19
1077.6129593785577,1.665e-19
1077.6230034889172,1.675e-19
1077.6330475992768,1.673e-19
1077.6430917096363,1.674e-19
1077.653135819996,1.682e-19
1077.6631799303557,1.689e-19
1077.6732240407152,1.691e-19
1077.6832681510748,1.7e-19
1077.6933122614344,1.714e-19
1077.703356371794,1.72e-19
1077.7134004821537,1.714e-19
1077.7234445925133,1.707e-19
1077.7334887028728,1.707e-19
1077.7435328132324,1.721e-19
1077.7535769235922,1.744e-19
1077.7636210339517,1.756e-19
1077.7736651443113,1.754e-19
1077.7837092546708,1.756e-19
1077.7937533650304,1.757e-19
1077.8037974753902,1.738e-19
1077.8138415857497,1.721e-19
1077.8238856961093,1.739e-19
1077.8339298064689,1.77e-19
1077.8439739168284,1.78e-19
1077.8540180271882,1.777e-19
1077.8640621375478,1.777e-19
1077.8741062479073,1.77e-19
1077.8841503582669,1.765e-19
1077.8941944686264,1.77e-19
1077.9042385789862,1.77e-19
1077.9142826893458,1.763e-19
1077.9243267997053,1.774e-19
1077.934370910065,1.797e-19
1077.9444150204245,1.8e-19
1077.9544591307842,1.79e-19
1077.9645032411438,1.794e-19
1077.9745473515034,1.812e-19
1077.984591461863,1.821e-19
1077.9946355722227,1.815e-19
1078.0046796825823,1.805e-19
1078.0147237929418,1.807e-19
1078.0247679033014,1.827e-19
1078.034812013661,1.843e-19
1078.0448561240207,1.836e-19
1078.0549002343803,1.821e-19
1078.0649443447398,1.822e-19
1078.0749884550994,1.835e-19
1078.085032565459,1.844e-19
1078.0950766758187,1.845e-19
1078.1051207861783,1.849e-19
1078.1151648965379,1.868e-19
1078.1252090068974,1.889e-19
1078.135253117257,1.877e-19
1078.1452972276168,1.842e-19
1078.1553413379763,1.836e-19
1078.1653854483359,1.863e-19
1078.1754295586954,1.877e-19
1078.1854736690552,1.873e-19
1078.1955177794148,1.883e-19
1078.2055618897743,1.901e-19
1078.215606000134,1.907e-19
1078.2256501104935,1.902e-19
1078.2356942208532,1.894e-19
1078.2457383312128,1.884e-19
1078.2557824415724,1.883e-19
1078.265826551932,1.895e-19
1078.2758706622915,1.91e-19
1078.2859147726513,1.922e-19
1078.2959588830108,1.929e-19
1078.3060029933704,1.924e-19
1078.31604710373,1.916e-19
1078.3260912140895,1.932e-19
1078.3361353244493,1.956e-19
1078.3461794348088,1.953e-19
1078.3562235451684,1.935e-19
1078.366267655528,1.937e-19
1078.3763117658877,1.95e-19
1078.3863558762473,1.958e-19
1078.3963999866069,1.971e-19
1078.4064440969664,1.99e-19
1078.416488207326,1.986e-19
1078.4265323176858,1.961e-19
1078.4365764280453,1.946e-19
1078.4466205384049,1.952e-19
1078.4566646487644,1.961e-19
1078.466708759124,1.967e-19
1078.4767528694838,1.979e-19
1078.4867969798433,2.003e-19
1078.496841090203,2.018e-19
1078.5068852005625,2.005e-19
1078.516929310922,1.979e-19
1078.5269734212818,1.973e-19
1078.5370175316414,1.993e-19
1078.547061642001,2.01e-19
1078.5571057523605,2.008e-19
1078.5671498627203,1.995e-19
1078.5771939730798,1.993e-19
1078.5872380834394,2.013e-19
1078.597282193799,2.036e-19
1078.6073263041585,2.03e-19
1078.6173704145183,2.004e-19
1078.6274145248778,2.01e-19
1078.6374586352374,2.048e-19
1078.647502745597,2.059e-19
1078.6575468559565,2.032e-19
1078.6675909663163,2.024e-19
1078.6776350766759,2.056e-19
1078.6876791870354,2.079e-19
1078.697723297395,2.069e-19
1078.7077674077545,2.062e-19
1078.7178115181143,2.073e-19
1078.727855628474,2.078e-19
1078.7378997388334,2.072e-19
1078.747943849193,2.07e-19
1078.7579879595526,2.07e-19
1078.7680320699124,2.074e-19
1078.778076180272,2.093e-19
1078.7881202906315,2.109e-19
1078.798164400991,2.1e-19
1078.8082085113508,2.086e-19
1078.8182526217104,2.103e-19
1078.82829673207,2.128e-19
1078.8383408424295,2.129e-19
1078.848384952789,2.123e-19
1078.8584290631488,2.133e-19
1078.8684731735084,2.142e-19
1078.878517283868,2.14e-19
1078.8885613942275,2.135e-19
1078.898605504587,2.138e-19
1078.9086496149469,2.155e-19
1078.9186937253064,2.179e-19
1078.928737835666,2.187e-19
1078.9387819460255,2.168e-19
1078.948826056385,2.158e-19
1078.9588701667449,2.173e-19
1078.9689142771044,2.181e-19
1078.978958387464,2.172e-19
1078.9890024978235,2.175e-19
1078.9990466081833,2.187e-19
1079.009090718543,2.188e-19
1079.0191348289025,2.19e-19
1079.029178939262,2.208e-19
1079.0392230496216,2.216e-19
1079.0492671599814,2.208e-19
1079.059311270341,2.21e-19
1079.0693553807005,2.219e-19
1079.07939949106,2.216e-19
1079.0894436014196,2.218e-19
1079.0994877117794,2.235e-19
1079.109531822139,2.239e-19
1079.1195759324985,2.229e-19
1079.129620042858,2.243e-19
1079.1396641532176,2.273e-19
1079.1497082635774,2.27e-19
1079.159752373937,2.247e-19
1079.1697964842965,2.253e-19
1079.179840594656,2.275e-19
1079.1898847050156,2.27e-19
1079.1999288153754,2.26e-19
1079.209972925735,2.282e-19
1079.2200170360945,2.297e-19
1079.230061146454,2.271e-19
1079.2401052568139,2.257e-19
1079.2501493671734,2.291e-19
1079.260193477533,2.311e-19
1079.2702375878926,2.287e-19
1079.280281698252,2.281e-19
1079.290325808612,2.31e-19
1079.3003699189715,2.319e-19
1079.310414029331,2.306e-19
1079.3204581396906,2.322e-19
1079.3305022500501,2.344e-19
1079.34054636041,2.335e-19
1079.3505904707695,2.324e-19
1079.360634581129,2.338e-19
1079.3706786914886,2.342e-19
1079.3807228018482,2.326e-19
1079.390766912208,2.328e-19
1079.4008110225675,2.348e-19
1079.410855132927,2.362e-19
1079.4208992432866,2.378e-19
1079.4309433536464,2.39e-19
1079.440987464006,2.383e-19
1079.4510315743655,2.377e-19
1079.461075684725,2.39e-19
1079.4711197950846,2.394e-19
1079.4811639054444,2.386e-19
1079.491208015804,2.397e-19
1079.5012521261635,2.42e-19
1079.511296236523,2.423e-19
1079.5213403468827,2.412e-19
1079.5313844572424,2.406e-19
1079.541428567602,2.4e-19
1079.5514726779616,2.4e-19
1079.5615167883211,2.41e-19
1079.5715608986807,2.409e-19
1079.5816050090405,2.406e-19
1079.5916491194,2.432e-19
1079.6016932297596,2.464e-19
1079.6117373401191,2.462e-19
1079.621781450479,2.448e-19
1079.6318255608385,2.45e-19
1079.641869671198,2.453e-19
1079.6519137815576,2.452e-19
1079.6619578919172,2.458e-19
1079.672002002277,2.452e-19
1079.6820461126365,2.443e-19
1079.692090222996,2.463e-19
1079.7021343333556,2.497e-19
1079.7121784437152,2.502e-19
1079.722222554075,2.494e-19
1079.7322666644345,2.502e-19
1079.742310774794,2.505e-19
1079.7523548851536,2.502e-19
1079.7623989955132,2.523e-19
1079.772443105873,2.546e-19
1079.7824872162325,2.535e-19
1079.792531326592,2.519e-19
1079.8025754369517,2.521e-19
1079.8126195473114,2.521e-19
1079.822663657671,2.526e-19
1079.8327077680306,2.558e-19
1079.8427518783901,2.586e-19
1079.8527959887497,2.581e-19
1079.8628400991095,2.569e-19
1079.872884209469,2.569e-19
1079.8829283198286,2.563e-19
1079.8929724301881,2.557e-19
1079.9030165405477,2.567e-19
1079.9130606509075,2.582e-19
1079.923104761267,2.589e-19
1079.9331488716266,2.597e-19
1079.9431929819862,2.608e-19
1079.9532370923457,2.613e-19
1079.9632812027055,2.605e-19
1079.973325313065,2.597e-19
1079.9833694234246,2.608e-19
1079.9934135337842,2.63e-19
1080.003457644144,2.628e-19
1080.0135017545035,2.613e-19
1080.023545864863,2.629e-19
1080.0335899752226,2.654e-19
1080.0436340855822,2.641e-19
1080.053678195942,2.626e-19
1080.0637223063015,2.652e-19
1080.073766416661,2.673e-19
1080.0838105270207,2.662e-19
1080.0938546373802,2.663e-19
1080.10389874774,2.673e-19
1080.1139428580996,2.658e-19
1080.1239869684591,2.661e-19
1080.1340310788187,2.711e-19
1080.1440751891782,2.731e-19
1080.154119299538,2.701e-19
1080.1641634098976,2.704e-19
1080.1742075202571,2.732e-19
1080.1842516306167,2.713e-19
1080.1942957409763,2.678e-19
1080.204339851336,2.693e-19
1080.2143839616956,2.713e-19
1080.2244280720552,2.707e-19
1080.2344721824147,2.714e-19
1080.2445162927745,2.732e-19
1080.254560403134,2.73e-19
1080.2646045134936,2.733e-19
1080.2746486238532,2.755e-19
1080.2846927342127,2.761e-19
1080.2947368445725,2.76e-19
1080.304780954932,2.78e-19
1080.3148250652916,2.791e-19
1080.3248691756512,2.779e-19
1080.3349132860108,2.782e-19
1080.3449573963705,2.791e-19
1080.35500150673,2.776e-19
1080.3650456170897,2.782e-19
1080.3750897274492,2.832e-19
1080.3851338378088,2.854e-19
1080.3951779481686,2.829e-19
1080.4052220585281,2.823e-19
1080.4152661688877,2.841e-19
1080.4253102792472,2.836e-19
1080.435354389607,2.824e-19
1080.4453984999666,2.84e-19
1080.4554426103261,2.856e-19
1080.4654867206857,2.856e-19
1080.4755308310453,2.87e-19
1080.485574941405,2.892e-19
1080.4956190517646,2.89e-19
1080.5056631621242,2.872e-19
1080.5157072724837,2.865e-19
1080.5257513828433,2.87e-19
1080.535795493203,2.882e-19
1080.5458396035626,2.897e-19
1080.5558837139222,2.9e-19
1080.5659278242817,2.896e-19
1080.5759719346413,2.899e-19
1080.586016045001,2.903e-19
1080.5960601553606,2.895e-19
1080.6061042657202,2.893e-19
1080.6161483760798,2.912e-19
1080.6261924864393,2.936e-19
1080.636236596799,2.939e-19
1080.6462807071587,2.92e-19
1080.6563248175182,2.905e-19
1080.6663689278778,2.921e-19
1080.6764130382376,2.954e-19
1080.6864571485971,2.977e-19
1080.6965012589567,2.989e-19
1080.7065453693162,2.993e-19
1080.7165894796758,2.985e-19
1080.7266335900356,2.976e-19
1080.7366777003951,2.986e-19
1080.7467218107547,3.002e-19
1080.7567659211143,3.003e-19
1080.7668100314738,3.004e-19
1080.7768541418336,3.02e-19
1080.7868982521932,3.034e-19
1080.7969423625527,3.029e-19
1080.8069864729123,3.019e-19
1080.8170305832718,3.02e-19
1080.8270746936316,3.035e-19
1080.8371188039912,3.051e-19
1080.8471629143507,3.053e-19
1080.8572070247103,3.046e-19
1080.86725113507,3.046e-19
1080.8772952454297,3.054e-19
1080.8873393557892,3.065e-19
1080.8973834661488,3.091e-19
1080.9074275765083,3.117e-19
1080.917471686868,3.114e-19
1080.9275157972277,3.098e-19
1080.9375599075872,3.105e-19
1080.9476040179468,3.118e-19
1080.9576481283063,3.115e-19
1080.9676922386661,3.118e-19
1080.9777363490257,3.129e-19
1080.9877804593852,3.122e-19
1080.9978245697448,3.115e-19
1081.0078686801044,3.135e-19
1081.0179127904642,3.15e-19
1081.0279569008237,3.134e-19
1081.0380010111833,3.122e-19
1081.0480451215428,3.136e-19
1081.0580892319026,3.152e-19
1081.0681333422622,3.163e-19
1081.0781774526217,3.169e-19
1081.0882215629813,3.164e-19
1081.0982656733408,3.161e-19
1081.1083097837006,3.182e-19
1081.1183538940602,3.205e-19
1081.1283980044198,3.206e-19
1081.1384421147793,3.207e-19
1081.1484862251389,3.218e-19
1081.1585303354987,3.212e-19
1081.1685744458582,3.198e-19
1081.1786185562178,3.207e-19
1081.1886626665773,3.231e-19
1081.198706776937,3.239e-19
1081.2087508872967,3.233e-19
1081.2187949976562,3.225e-19
1081.2288391080158,3.225e-19
1081.2388832183753,3.242e-19
1081.2489273287351,3.261e-19
1081.2589714390947,3.268e-19
1081.2690155494543,3.283e-19
1081.2790596598138,3.306e-19
1081.2891037701734,3.298e-19
1081.2991478805332,3.266e-19
1081.3091919908927,3.275e-19
1081.3192361012523,3.313e-19
1081.3292802116118,3.317e-19
1081.3393243219714,3.296e-19
1081.3493684323312,3.304e-19
1081.3594125426907,3.328e-19
1081.3694566530503,3.331e-19
1081.3795007634099,3.324e-19
1081.3895448737694,3.334e-19
1081.3995889841292,3.352e-19
1081.4096330944888,3.363e-19
1081.4196772048483,3.362e-19
1081.4297213152079,3.351e-19
1081.4397654255674,3.345e-19
1081.4498095359272,3.365e-19
1081.4598536462868,3.397e-19
1081.4698977566463,3.41e-19
1081.479941867006,3.403e-19
1081.4899859773657,3.397e-19
1081.5000300877252,3.401e-19
1081.5100741980848,3.409e-19
1081.5201183084444,3.414e-19
1081.530162418804,3.417e-19
1081.5402065291637,3.424e-19
1081.5502506395233,3.438e-19
1081.5602947498828,3.449e-19
1081.5703388602424,3.455e-19
1081.580382970602,3.465e-19
1081.5904270809617,3.477e-19
1081.6004711913213,3.481e-19
1081.6105153016808,3.479e-19
1081.6205594120404,3.483e-19
1081.6306035224,3.488e-19
1081.6406476327597,3.488e-19
1081.6506917431193,3.492e-19
1081.6607358534789,3.505e-19
1081.6707799638384,3.504e-19
1081.6808240741982,3.482e-19
1081.6908681845578,3.476e-19
1081.7009122949173,3.511e-19
1081.7109564052769,3.538e-19
1081.7210005156364,3.513e-19
1081.7310446259962,3.479e-19
1081.7410887363558,3.495e-19
1081.7511328467153,3.538e-19
1081.761176957075,3.559e-19
1081.7712210674345,3.558e-19
1081.7812651777942,3.557e-19
1081.7913092881538,3.558e-19
1081.8013533985134,3.559e-19
1081.811397508873,3.565e-19
1081.8214416192325,3.571e-19
1081.8314857295923,3.574e-19
1081.8415298399518,3.581e-19
1081.8515739503114,3.587e-19
1081.861618060671,3.589e-19
1081.8716621710305,3.594e-19
1081.8817062813903,3.6e-19
1081.8917503917498,3.602e-19
1081.9017945021094,3.61e-19
1081.911838612469,3.622e-19
1081.9218827228287,3.629e-19
1081.9319268331883,3.643e-19
1081.9419709435479,3.665e-19
1081.9520150539074,3.673e-19
1081.962059164267,3.681e-19
1081.9721032746268,3.716e-19
1081.9821473849863,3.738e-19
1081.9921914953459,3.708e-19
1082.0022356057054,3.685e-19
1082.012279716065,3.711e-19
1082.0223238264248,3.734e-19
1082.0323679367843,3.729e-19
1082.042412047144,3.738e-19
1082.0524561575035,3.746e-19
1082.062500267863,3.721e-19
1082.0725443782228,3.718e-19
1082.0825884885824,3.768e-19
1082.092632598942,3.785e-19
1082.1026767093015,3.746e-19
1082.1127208196613,3.747e-19
1082.1227649300208,3.792e-19
1082.1328090403804,3.789e-19
1082.14285315074,3.752e-19
1082.1528972610995,3.771e-19
1082.1629413714593,3.823e-19
1082.1729854818188,3.834e-19
1082.1830295921784,3.821e-19
1082.193073702538,3.83e-19
1082.2031178128975,3.842e-19
1082.2131619232573,3.828e-19
1082.2232060336169,3.799e-19
1082.2332501439764,3.786e-19
1082.243294254336,3.804e-19
1082.2533383646955,3.837e-19
1082.2633824750553,3.849e-19
1082.2734265854149,3.835e-19
1082.2834706957744,3.832e-19
1082.293514806134,3.866e-19
1082.3035589164938,3.906e-19
1082.3136030268533,3.907e-19
1082.323647137213,3.885e-19
1082.3336912475725,3.894e-19
1082.343735357932,3.938e-19
1082.3537794682918,3.955e-19
1082.3638235786514,3.934e-19
1082.373867689011,3.928e-19
1082.3839117993705,3.939e-19
1082.39395590973,3.93e-19
1082.4040000200898,3.93e-19
1082.4140441304494,3.969e-19
1082.424088240809,3.99e-19
1082.4341323511685,3.963e-19
1082.444176461528,3.956e-19
1082.4542205718878,3.986e-19
1082.4642646822474,3.987e-19
1082.474308792607,3.969e-19
1082.4843529029665,3.986e-19
1082.4943970133263,3.999e-19
1082.5044411236859,3.972e-19
1082.5144852340454,3.97e-19
1082.524529344405,4.019e-19
1082.5345734547645,4.045e-19
1082.5446175651243,4.037e-19
1082.5546616754839,4.045e-19
1082.5647057858434,4.055e-19
1082.574749896203,4.047e-19
1082.5847940065626,4.066e-19
1082.5948381169223,4.106e-19
1082.604882227282,4.098e-19
1082.6149263376415,4.064e-19
1082.624970448001,4.076e-19
1082.6350145583606,4.103e-19
1082.6450586687204,4.084e-19
1082.65510277908,4.059e-19
1082.6651468894395,4.071e-19
1082.675190999799,4.09e-19
1082.6852351101588,4.091e-19
1082.6952792205184,4.1e-19
1082.705323330878,4.128e-19
1082.7153674412375,4.153e-19
1082.725411551597,4.162e-19
1082.7354556619568,4.169e-19
1082.7454997723164,4.19e-19
1082.755543882676,4.207e-19
1082.7655879930355,4.196e-19
1082.775632103395,4.176e-19
1082.7856762137549,4.179e-19
1082.7957203241144,4.186e-19
1082.805764434474,4.176e-19
1082.8158085448335,4.179e-19
1082.825852655193,4.2e-19
1082.835896765553,4.199e-19
1082.8459408759124,4.189e-19
1082.855984986272,4.216e-19
1082.8660290966316,4.239e-19
1082.8760732069911,4.219e-19
1082.886117317351,4.215e-19
1082.8961614277105,4.259e-19
1082.90620553807,4.284e-19
1082.9162496484296,4.268e-19
1082.9262937587894,4.267e-19
1082.936337869149,4.285e-19
1082.9463819795085,4.288e-19
1082.956426089868,4.296e-19
1082.9664702002276,4.314e-19
1082.9765143105874,4.308e-19
1082.986558420947,4.291e-19
1082.9966025313065,4.307e-19
1083.006646641666,4.328e-19
1083.0166907520256,4.326e-19
1083.0267348623854,4.338e-19
1083.036778972745,4.374e-19
1083.0468230831045,4.389e-19
1083.056867193464,4.388e-19
1083.0669113038236,4.405e-19
1083.0769554141834,4.421e-19
1083.086999524543,4.422e-19
1083.0970436349025,4.433e-19
1083.107087745262,4.45e-19
1083.1171318556217,4.45e-19
1083.1271759659815,4.445e-19
1083.137220076341,4.449e-19
1083.1472641867006,4.448e-19
1083.1573082970601,4.455e-19
1083.16735240742,4.48e-19
1083.1773965177795,4.481e-19
1083.187440628139,4.447e-19
1083.1974847384986,4.436e-19
1083.2075288488581,4.457e-19
1083.217572959218,4.466e-19
1083.2276170695775,4.466e-19
1083.237661179937,4.492e-19
1083.2477052902966,4.518e-19
1083.2577494006562,4.518e-19
1083.267793511016,4.526e-19
1083.2778376213755,4.546e-19
1083.287881731735,4.539e-19
1083.2979258420946,4.515e-19
1083.3079699524542,4.515e-19
1083.318014062814,4.536e-19
1083.3280581731735,4.554e-19
1083.338102283533,4.571e-19
1083.3481463938926,4.575e-19
1083.3581905042524,4.563e-19
1083.368234614612,4.567e-19
1083.3782787249716,4.596e-19
1083.388322835331,4.615e-19
1083.3983669456907,4.615e-19
1083.4084110560505,4.618e-19
1083.41845516641,4.626e-19
1083.4284992767696,4.627e-19
1083.4385433871291,4.633e-19
1083.4485874974887,4.643e-19
1083.4586316078485,4.64e-19
1083.468675718208,4.643e-19
1083.4787198285676,4.671e-19
1083.4887639389271,4.698e-19
1083.4988080492867,4.696e-19
1083.5088521596465,4.677e-19
1083.518896270006,4.666e-19
1083.5289403803656,4.67e-19
1083.5389844907252,4.695e-19
1083.549028601085,4.735e-19
1083.5590727114445,4.751e-19
1083.569116821804,4.721e-19
1083.5791609321636,4.689e-19
1083.5892050425232,4.703e-19
1083.599249152883,4.742e-19
1083.6092932632425,4.756e-19
1083.619337373602,4.742e-19
1083.6293814839617,4.741e-19
1083.6394255943212,4.767e-19
1083.649469704681,4.779e-19
1083.6595138150406,4.756e-19
1083.6695579254,4.739e-19
1083.6796020357597,4.77e-19
1083.6896461461192,4.823e-19
1083.699690256479,4.848e-19
1083.7097343668386,4.842e-19
1083.7197784771981,4.847e-19
1083.7298225875577,4.872e-19
1083.7398666979175,4.883e-19
1083.749910808277,4.864e-19
1083.7599549186366,4.848e-19
1083.7699990289962,4.86e-19
1083.7800431393557,4.883e-19
1083.7900872497155,4.898e-19
1083.800131360075,4.909e-19
1083.8101754704346,4.911e-19
1083.8202195807942,4.901e-19
1083.8302636911537,4.903e-19
1083.8403078015135,4.927e-19
1083.850351911873,4.94e-19
1083.8603960222326,4.928e-19
1083.8704401325922,4.914e-19
1083.8804842429518,4.919e-19
1083.8905283533115,4.937e-19
1083.900572463671,4.962e-19
1083.9106165740307,4.987e-19
1083.9206606843902,4.99e-19
1083.93070479475,4.976e-19
1083.9407489051096,4.973e-19
1083.9507930154691,4.983e-19
1083.9608371258287,5e-19
1083.9708812361882,5.018e-19
1083.980925346548,5.021e-19
1083.9909694569076,5.002e-19
1084.0010135672671,4.995e-19
1084.0110576776267,5.017e-19
1084.0211017879863,5.036e-19
1084.031145898346,5.045e-19
1084.0411900087056,5.071e-19
1084.0512341190652,5.094e-19
1084.0612782294247,5.086e-19
1084.0713223397843,5.084e-19
1084.081366450144,5.114e-19
1084.0914105605036,5.127e-19
1084.1014546708632,5.117e-19
1084.1114987812227,5.132e-19
1084.1215428915825,5.16e-19
1084.131587001942,5.155e-19
1084.1416311123016,5.143e-19
1084.1516752226612,5.159e-19
1084.1617193330208,5.17e-19
1084.1717634433805,5.158e-19
1084.18180755374,5.163e-19
1084.1918516640997,5.183e-19
1084.2018957744592,5.187e-19
1084.2119398848188,5.184e-19
1084.2219839951786,5.188e-19
1084.2320281055381,5.178e-19
1084.2420722158977,5.176e-19
1084.2521163262572,5.219e-19
1084.2621604366168,5.262e-19
1084.2722045469766,5.243e-19
1084.2822486573361,5.209e-19
1084.2922927676957,5.227e-19
1084.3023368780553,5.263e-19
1084.3123809884148,5.26e-19
1084.3224250987746,5.241e-19
1084.3324692091342,5.251e-19
1084.3425133194937,5.294e-19
1084.3525574298533,5.332e-19
1084.362601540213,5.324e-19
1084.3726456505726,5.284e-19
1084.3826897609322,5.269e-19
1084.3927338712917,5.298e-19
1084.4027779816513,5.326e-19
1084.412822092011,5.333e-19
1084.4228662023706,5.345e-19
1084.4329103127302,5.362e-19
1084.4429544230898,5.366e-19
1084.4529985334493,5.378e-19
1084.463042643809,5.411e-19
1084.4730867541687,5.427e-19
1084.4831308645282,5.403e-19
1084.4931749748878,5.382e-19
1084.5032190852473,5.399e-19
1084.5132631956071,5.426e-19
1084.5233073059667,5.43e-19
1084.5333514163262,5.415e-19
1084.5433955266858,5.412e-19
1084.5534396370454,5.437e-19
1084.5634837474051,5.47e-19
1084.5735278577647,5.478e-19
1084.5835719681243,5.466e-19
1084.5936160784838,5.468e-19
1084.6036601888436,5.488e-19
1084.6137042992032,5.499e-19
1084.6237484095627,5.493e-19
1084.6337925199223,5.496e-19
1084.6438366302818,5.516e-19
1084.6538807406416,5.532e-19
1084.6639248510012,5.533e-19
1084.6739689613607,5.535e-19
1084.6840130717203,5.551e-19
1084.6940571820799,5.569e-19
1084.7041012924396,5.568e-19
1084.7141454027992,5.563e-19
1084.7241895131588,5.582e-19
1084.7342336235183,5.617e-19
1084.7442777338779,5.636e-19
1084.7543218442377,5.636e-19
1084.7643659545972,5.644e-19
1084.7744100649568,5.664e-19
1084.7844541753163,5.674e-19
1084.7944982856761,5.667e-19
1084.8045423960357,5.656e-19
1084.8145865063952,5.647e-19
1084.8246306167548,5.65e-19
1084.8346747271144,5.668e-19
1084.8447188374741,5.684e-19
1084.8547629478337,5.689e-19
1084.8648070581933,5.69e-19
1084.8748511685528,5.685e-19
1084.8848952789124,5.67e-19
1084.8949393892722,5.665e-19
1084.9049834996317,5.69e-19
1084.9150276099913,5.718e-19
1084.9250717203508,5.72e-19
1084.9351158307104,5.723e-19
1084.9451599410702,5.748e-19
1084.9552040514297,5.762e-19
1084.9652481617893,5.741e-19
1084.9752922721489,5.726e-19
1084.9853363825086,5.755e-19
1084.9953804928682,5.806e-19
1085.0054246032278,5.835e-19
1085.0154687135873,5.829e-19
1085.0255128239469,5.811e-19
1085.0355569343067,5.808e-19
1085.0456010446662,5.829e-19
1085.0556451550258,5.848e-19
1085.0656892653853,5.843e-19
1085.075733375745,5.84e-19
1085.0857774861047,5.857e-19
1085.0958215964642,5.872e-19
1085.1058657068238,5.867e-19
1085.1159098171834,5.871e-19
1085.125953927543,5.901e-19
1085.1359980379027,5.935e-19
1085.1460421482623,5.952e-19
1085.1560862586218,5.943e-19
1085.1661303689814,5.919e-19
1085.1761744793412,5.922e-19
1085.1862185897007,5.966e-19
1085.1962627000603,5.989e-19
1085.2063068104198,5.954e-19
1085.2163509207794,5.93e-19
1085.2263950311392,5.963e-19
1085.2364391414987,5.986e-19
1085.2464832518583,5.964e-19
1085.2565273622179,5.959e-19
1085.2665714725774,5.99e-19
1085.2766155829372,6.001e-19
1085.2866596932968,5.995e-19
1085.2967038036563,6.022e-19
1085.306747914016,6.051e-19
1085.3167920243754,6.039e-19
1085.3268361347352,6.018e-19
1085.3368802450948,6.022e-19
1085.3469243554543,6.038e-19
1085.356968465814,6.064e-19
1085.3670125761737,6.099e-19
1085.3770566865333,6.108e-19
1085.3871007968928,6.091e-19
1085.3971449072524,6.102e-19
1085.407189017612,6.14e-19
1085.4172331279717,6.151e-19
1085.4272772383313,6.143e-19
1085.4373213486908,6.155e-19
1085.4473654590504,6.168e-19
1085.45740956941,6.163e-19
1085.4674536797697,6.176e-19
1085.4774977901293,6.21e-19
1085.4875419004888,6.22e-19
1085.4975860108484,6.205e-19
1085.507630121208,6.21e-19
1085.5176742315678,6.231e-19
1085.5277183419273,6.235e-19
1085.5377624522869,6.225e-19
1085.5478065626464,6.223e-19
1085.557850673006,6.224e-19
1085.5678947833658,6.221e-19
1085.5779388937253,6.23e-19
1085.587983004085,6.259e-19
1085.5980271144444,6.289e-19
1085.6080712248042,6.297e-19
1085.6181153351638,6.288e-19
1085.6281594455234,6.281e-19
1085.638203555883,6.29e-19
1085.6482476662425,6.31e-19
1085.6582917766023,6.327e-19
1085.6683358869618,6.326e-19
1085.6783799973214,6.318e-19
1085.688424107681,6.333e-19
1085.6984682180405,6.357e-19
1085.7085123284003,6.357e-19
1085.7185564387598,6.36e-19
1085.7286005491194,6.399e-19
1085.738644659479,6.425e-19
1085.7486887698385,6.404e-19
1085.7587328801983,6.398e-19
1085.7687769905579,6.441e-19
1085.7788211009174,6.465e-19
1085.788865211277,6.447e-19
1085.7989093216365,6.452e-19
1085.8089534319963,6.48e-19
1085.8189975423559,6.483e-19
1085.8290416527154,6.481e-19
1085.839085763075,6.504e-19
1085.8491298734348,6.517e-19
1085.8591739837943,6.513e-19
1085.869218094154,6.525e-19
1085.8792622045135,6.538e-19
1085.889306314873,6.528e-19
1085.8993504252328,6.531e-19
1085.9093945355924,6.554e-19
1085.919438645952,6.557e-19
1085.9294827563115,6.549e-19
1085.939526866671,6.568e-19
1085.9495709770308,6.585e-19
1085.9596150873904,6.573e-19
1085.96965919775,6.571e-19
1085.9797033081095,6.592e-19
1085.989747418469,6.603e-19
1085.9997915288288,6.603e-19
1086.0098356391884,6.604e-19
1086.019879749548,6.602e-19
1086.0299238599075,6.61e-19
1086.0399679702673,6.629e-19
1086.0500120806269,6.625e-19
1086.0600561909864,6.608e-19
1086.070100301346,6.635e-19
1086.0801444117055,6.677e-19
1086.0901885220653,6.669e-19
1086.1002326324249,6.649e-19
1086.1102767427844,6.674e-19
1086.120320853144,6.707e-19
1086.1303649635036,6.712e-19
1086.1404090738633,6.718e-19
1086.150453184223,6.73e-19
1086.1604972945825,6.744e-19
1086.170541404942,6.765e-19
1086.1805855153016,6.768e-19
1086.1906296256614,6.744e-19
1086.200673736021,6.753e-19
1086.2107178463805,6.804e-19
1086.22076195674,6.811e-19
1086.2308060670998,6.779e-19
1086.2408501774594,6.795e-19
1086.250894287819,6.831e-19
1086.2609383981785,6.815e-19
1086.270982508538,6.802e-19
1086.2810266188978,6.838e-19
1086.2910707292574,6.85e-19
1086.301114839617,6.834e-19
1086.3111589499765,6.864e-19
1086.321203060336,6.906e-19
1086.3312471706959,6.888e-19
1086.3412912810554,6.861e-19
1086.351335391415,6.875e-19
1086.3613795017745,6.882e-19
1086.371423612134,6.878e-19
1086.3814677224939,6.911e-19
1086.3915118328534,6.937e-19
1086.401555943213,6.919e-19
1086.4116000535726,6.925e-19
1086.4216441639323,6.97e-19
1086.431688274292,6.98e-19
1086.4417323846515,6.954e-19
1086.451776495011,6.966e-19
1086.4618206053706,7.004e-19
1086.4718647157304,7.019e-19
1086.48190882609,7.028e-19
1086.4919529364495,7.048e-19
1086.501997046809,7.051e-19
1086.5120411571686,7.036e-19
1086.5220852675284,7.042e-19
1086.532129377888,7.082e-19
1086.5421734882475,7.121e-19
1086.552217598607,7.12e-19
1086.5622617089666,7.09e-19
1086.5723058193264,7.083e-19
1086.582349929686,7.11e-19
1086.5923940400455,7.122e-19
1086.602438150405,7.096e-19
1086.6124822607649,7.082e-19
1086.6225263711244,7.098e-19
1086.632570481484,7.115e-19
1086.6426145918435,7.123e-19
1086.652658702203,7.133e-19
1086.6627028125629,7.142e-19
1086.6727469229224,7.149e-19
1086.682791033282,7.155e-19
1086.6928351436416,7.152e-19
1086.7028792540011,7.157e-19
1086.712923364361,7.192e-19
1086.7229674747205,7.217e-19
1086.73301158508,7.198e-19
1086.7430556954396,7.186e-19
1086.7530998057991,7.214e-19
1086.763143916159,7.23e-19
1086.7731880265185,7.219e-19
1086.783232136878,7.232e-19
1086.7932762472376,7.253e-19
1086.8033203575974,7.239e-19
1086.813364467957,7.237e-19
1086.8234085783165,7.282e-19
1086.833452688676,7.302e-19
1086.8434967990356,7.281e-19
1086.8535409093954,7.306e-19
1086.863585019755,7.367e-19
1086.8736291301145,7.364e-19
1086.883673240474,7.319e-19
1086.8937173508336,7.334e-19
1086.9037614611934,7.395e-19
1086.913805571553,7.422e-19
1086.9238496819125,7.42e-19
1086.933893792272,7.415e-19
1086.9439379026317,7.393e-19
1086.9539820129914,7.375e-19
1086.964026123351,7.399e-19
1086.9740702337106,7.433e-19
1086.9841143440701,7.433e-19
1086.9941584544297,7.424e-19
1087.0042025647895,7.429e-19
1087.014246675149,7.423e-19
1087.0242907855086,7.417e-19
1087.0343348958681,7.448e-19
1087.044379006228,7.485e-19
1087.0544231165875,7.479e-19
1087.064467226947,7.471e-19
1087.0745113373066,7.511e-19
1087.0845554476662,7.553e-19
1087.094599558026,7.546e-19
1087.1046436683855,7.524e-19
1087.114687778745,7.529e-19
1087.1247318891046,7.541e-19
1087.1347759994642,7.539e-19
1087.144820109824,7.541e-19
1087.1548642201835,7.563e-19
1087.164908330543,7.592e-19
1087.1749524409026,7.604e-19
1087.1849965512622,7.603e-19
1087.195040661622,7.612e-19
1087.2050847719815,7.637e-19
1087.215128882341,7.649e-19
1087.2251729927007,7.649e-19
1087.2352171030602,7.664e-19
1087.24526121342,7.677e-19
1087.2553053237796,7.658e-19
1087.2653494341391,7.641e-19
1087.2753935444987,7.676e-19
1087.2854376548585,7.725e-19
1087.295481765218,7.726e-19
1087.3055258755776,7.706e-19
1087.3155699859371,7.719e-19
1087.3256140962967,7.745e-19
1087.3356582066565,7.746e-19
1087.345702317016,7.745e-19
1087.3557464273756,7.761e-19
1087.3657905377352,7.762e-19
1087.3758346480947,7.738e-19
1087.3858787584545,7.73e-19
1087.395922868814,7.756e-19
1087.4059669791736,7.785e-19
1087.4160110895332,7.792e-19
1087.4260551998927,7.79e-19
1087.4360993102525,7.79e-19
1087.446143420612,7.799e-19
1087.4561875309716,7.831e-19
1087.4662316413312,7.876e-19
1087.476275751691,7.891e-19
1087.4863198620506,7.866e-19
1087.49636397241,7.845e-19
1087.5064080827697,7.853e-19
1087.5164521931292,7.876e-19
1087.526496303489,7.9e-19
1087.5365404138486,7.915e-19
1087.5465845242081,7.918e-19
1087.5566286345677,7.934e-19
1087.5666727449272,7.971e-19
1087.576716855287,7.98e-19
1087.5867609656466,7.945e-19
1087.5968050760061,7.939e-19
1087.6068491863657,7.984e-19
1087.6168932967253,8.003e-19
1087.626937407085,7.973e-19
1087.6369815174446,7.956e-19
1087.6470256278042,7.978e-19
1087.6570697381637,8.007e-19
1087.6671138485235,8.026e-19
1087.677157958883,8.026e-19
1087.6872020692426,8.002e-19
1087.6972461796022,8e-19
1087.7072902899617,8.033e-19
1087.7173344003215,8.036e-19
1087.727378510681,8.008e-19
1087.7374226210407,8.027e-19
1087.7474667314002,8.074e-19
1087.7575108417598,8.069e-19
1087.7675549521196,8.052e-19
1087.777599062479,8.094e-19
1087.7876431728387,8.132e-19
1087.7976872831982,8.114e-19
1087.8077313935578,8.114e-19
1087.8177755039176,8.162e-19
1087.8278196142771,8.185e-19
1087.8378637246367,8.172e-19
1087.8479078349962,8.173e-19
1087.857951945356,8.189e-19
1087.8679960557156,8.195e-19
1087.8780401660752,8.204e-19
1087.8880842764347,8.224e-19
1087.8981283867943,8.238e-19
1087.908172497154,8.235e-19
1087.9182166075136,8.221e-19
1087.9282607178732,8.218e-19
1087.9383048282327,8.242e-19
1087.9483489385923,8.261e-19
1087.958393048952,8.246e-19
1087.9684371593116,8.245e-19
1087.9784812696712,8.287e-19
1087.9885253800308,8.307e-19
1087.9985694903903,8.279e-19
1088.00861360075,8.272e-19
1088.0186577111097,8.305e-19
1088.0287018214692,8.325e-19
1088.0387459318288,8.324e-19
1088.0487900421886,8.334e-19
1088.0588341525481,8.347e-19
1088.0688782629077,8.355e-19
1088.0789223732672,8.366e-19
1088.0889664836268,8.372e-19
1088.0990105939866,8.376e-19
1088.1090547043461,8.392e-19
1088.1190988147057,8.397e-19
1088.1291429250653,8.384e-19
1088.1391870354248,8.398e-19
1088.1492311457846,8.44e-19
1088.1592752561442,8.453e-19
1088.1693193665037,8.442e-19
1088.1793634768633,8.445e-19
1088.1894075872228,8.446e-19
1088.1994516975826,8.444e-19
1088.2094958079422,8.48e-19
1088.2195399183017,8.525e-19
1088.2295840286613,8.52e-19
1088.2396281390209,8.51e-19
1088.2496722493806,8.535e-19
1088.2597163597402,8.535e-19
1088.2697604700998,8.498e-19
1088.2798045804593,8.494e-19
1088.289848690819,8.522e-19
1088.2998928011787,8.535e-19
1088.3099369115382,8.542e-19
1088.3199810218978,8.557e-19
1088.3300251322573,8.555e-19
1088.3400692426171,8.558e-19
1088.3501133529767,8.587e-19
1088.3601574633362,8.596e-19
1088.3702015736958,8.587e-19
1088.3802456840554,8.615e-19
1088.3902897944151,8.646e-19
1088.4003339047747,8.625e-19
1088.4103780151343,8.611e-19
1088.4204221254938,8.647e-19
1088.4304662358534,8.658e-19
1088.4405103462132,8.632e-19
1088.4505544565727,8.646e-19
1088.4605985669323,8.684e-19
1088.4706426772918,8.673e-19
1088.4806867876514,8.65e-19
1088.4907308980112,8.674e-19
1088.5007750083707,8.708e-19
1088.5108191187303,8.714e-19
1088.5208632290899,8.722e-19
1088.5309073394496,8.745e-19
1088.5409514498092,8.764e-19
1088.5509955601688,8.773e-19
1088.5610396705283,8.78e-19
1088.5710837808879,8.794e-19
1088.5811278912477,8.823e-19
1088.5911720016072,8.83e-19
1088.6012161119668,8.797e-19
1088.6112602223263,8.788e-19
1088.621304332686,8.844e-19
1088.6313484430457,8.885e-19
1088.6413925534052,8.845e-19
1088.6514366637648,8.796e-19
1088.6614807741244,8.813e-19
1088.671524884484,8.858e-19
1088.6815689948437,8.866e-19
1088.6916131052033,8.846e-19
1088.7016572155628,8.85e-19
1088.7117013259224,8.883e-19
1088.7217454362822,8.905e-19
1088.7317895466417,8.902e-19
1088.7418336570013,8.907e-19
1088.7518777673608,8.931e-19
1088.7619218777204,8.941e-19
1088.7719659880802,8.934e-19
1088.7820100984397,8.944e-19
1088.7920542087993,8.979e-19
1088.8020983191589,9.006e-19
1088.8121424295184,9.005e-19
1088.8221865398782,8.984e-19
1088.8322306502378,8.986e-19
1088.8422747605973,9.036e-19
1088.8523188709569,9.084e-19
1088.8623629813164,9.061e-19
1088.8724070916762,9.01e-19
1088.8824512020358,9.02e-19
1088.8924953123953,9.065e-19
1088.902539422755,9.065e-19
1088.9125835331147,9.03e-19
1088.9226276434742,9.021e-19
1088.9326717538338,9.043e-19
1088.9427158641934,9.073e-19
1088.952759974553,9.097e-19
1088.9628040849127,9.106e-19
1088.9728481952723,9.105e-19
1088.9828923056318,9.11e-19
1088.9929364159914,9.121e-19
1089.002980526351,9.136e-19
1089.0130246367107,9.161e-19
1089.0230687470703,9.177e-19
1089.0331128574298,9.156e-19
1089.0431569677894,9.127e-19
1089.053201078149,9.13e-19
1089.0632451885087,9.144e-19
1089.0732892988683,9.136e-19
1089.0833334092279,9.125e-19
1089.0933775195874,9.137e-19
1089.1034216299472,9.168e-19
1089.1134657403068,9.204e-19
1089.1235098506663,9.233e-19
1089.1335539610259,9.243e-19
1089.1435980713854,9.245e-19
1089.1536421817452,9.252e-19
1089.1636862921048,9.267e-19
1089.1737304024643,9.284e-19
1089.183774512824,9.299e-19
1089.1938186231835,9.302e-19
1089.2038627335432,9.298e-19
1089.2139068439028,9.303e-19
1089.2239509542624,9.311e-19
1089.233995064622,9.31e-19
1089.2440391749815,9.308e-19
1089.2540832853413,9.318e-19
1089.2641273957008,9.338e-19
1089.2741715060604,9.359e-19
1089.28421561642,9.369e-19
1089.2942597267797,9.362e-19
1089.3043038371393,9.365e-19
1089.3143479474988,9.392e-19
1089.3243920578584,9.404e-19
1089.334436168218,9.393e-19
1089.3444802785777,9.408e-19
1089.3545243889373,9.444e-19
1089.3645684992969,9.442e-19
1089.3746126096564,9.412e-19
1089.384656720016,9.412e-19
1089.3947008303758,9.429e-19
1089.4047449407353,9.435e-19
1089.4147890510949,9.439e-19
1089.4248331614544,9.438e-19
1089.434877271814,9.427e-19
1089.4449213821738,9.445e-19
1089.4549654925333,9.497e-19
1089.465009602893,9.51e-19
1089.4750537132525,9.472e-19
1089.4850978236123,9.466e-19
1089.4951419339718,9.511e-19
1089.5051860443314,9.548e-19
1089.515230154691,9.552e-19
1089.5252742650505,9.546e-19
1089.5353183754103,9.54e-19
1089.5453624857698,9.545e-19
1089.5554065961294,9.568e-19
1089.565450706489,9.583e-19
1089.5754948168485,9.578e-19
1089.5855389272083,9.584e-19
1089.5955830375678,9.606e-19
1089.6056271479274,9.623e-19
1089.615671258287,9.634e-19
1089.6257153686465,9.633e-19
1089.6357594790063,9.622e-19
1089.6458035893659,9.64e-19
1089.6558476997254,9.691e-19
1089.665891810085,9.702e-19
1089.6759359204445,9.655e-19
1089.6859800308043,9.632e-19
1089.696024141164,9.663e-19
1089.7060682515234,9.682e-19
1089.716112361883,9.679e-19
1089.7261564722428,9.698e-19
1089.7362005826024,9.719e-19
1089.746244692962,9.706e-19
1089.7562888033215,9.696e-19
1089.766332913681,9.721e-19
1089.7763770240408,9.745e-19
1089.7864211344004,9.756e-19
1089.79646524476,9.776e-19
1089.8065093551195,9.786e-19
1089.816553465479,9.77e-19
1089.8265975758388,9.778e-19
1089.8366416861984,9.83e-19
1089.846685796558,9.859e-19
1089.8567299069175,9.846e-19
1089.866774017277,9.845e-19
1089.8768181276369,9.866e-19
1089.8868622379964,9.869e-19
1089.896906348356,9.877e-19
1089.9069504587155,9.91e-19
1089.916994569075,9.918e-19
1089.9270386794349,9.891e-19
1089.9370827897944,9.897e-19
1089.947126900154,9.934e-19
1089.9571710105135,9.936e-19
1089.9672151208733,9.916e-19
1089.977259231233,9.921e-19
1089.9873033415925,9.918e-19
1089.997347451952,9.897e-19
1090.0073915623116,9.914e-19
1090.0174356726714,9.961e-19
1090.027479783031,9.968e-19
1090.0375238933905,9.954e-19
1090.04756800375,9.969e-19
1090.0576121141096,9.979e-19
1090.0676562244694,9.954e-19
1090.077700334829,9.944e-19
1090.0877444451885,9.96e-19
1090.097788555548,9.966e-19
1090.1078326659076,9.971e-19
1090.1178767762674,9.993e-19
1090.127920886627,1.001e-18
1090.1379649969865,1.001e-18
1090.148009107346,1.003e-18
1090.1580532177059,1.004e-18
1090.1680973280654,1.004e-18
1090.178141438425,1.007e-18
1090.1881855487845,1.011e-18
1090.198229659144,1.012e-18
1090.2082737695039,1.01e-18
1090.2183178798634,1.011e-18
1090.228361990223,1.011e-18
1090.2384061005826,1.009e-18
1090.248450210942,1.011e-18
1090.258494321302,1.015e-18
1090.2685384316615,1.015e-18
1090.278582542021,1.014e-18
1090.2886266523806,1.015e-18
1090.2986707627401,1.018e-18
1090.3087148731,1.019e-18
1090.3187589834595,1.018e-18
1090.328803093819,1.017e-18
1090.3388472041786,1.017e-18
1090.3488913145384,1.018e-18
1090.358935424898,1.02e-18
1090.3689795352575,1.02e-18
1090.379023645617,1.021e-18
1090.3890677559766,1.024e-18
1090.3991118663364,1.025e-18
1090.409155976696,1.026e-18
1090.4192000870555,1.026e-18
1090.429244197415,1.024e-18
1090.4392883077746,1.023e-18
1090.4493324181344,1.026e-18
1090.459376528494,1.028e-18
1090.4694206388535,1.027e-18
1090.479464749213,1.026e-18
1090.4895088595727,1.029e-18
1090.4995529699324,1.031e-18
1090.509597080292,1.031e-18
1090.5196411906516,1.034e-18
1090.529685301011,1.035e-18
1090.539729411371,1.035e-18
1090.5497735217305,1.035e-18
1090.55981763209,1.035e-18
1090.5698617424496,1.035e-18
1090.5799058528091,1.037e-18
1090.589949963169,1.04e-18
1090.5999940735285,1.039e-18
1090.610038183888,1.038e-18
1090.6200822942476,1.042e-18
1090.6301264046072,1.046e-18
1090.640170514967,1.044e-18
1090.6502146253265,1.043e-18
1090.660258735686,1.045e-18
1090.6703028460456,1.043e-18
1090.6803469564052,1.041e-18
1090.690391066765,1.045e-18
1090.7004351771245,1.047e-18
1090.710479287484,1.043e-18
1090.7205233978436,1.042e-18
1090.7305675082034,1.046e-18
1090.740611618563,1.049e-18
1090.7506557289225,1.048e-18
1090.760699839282,1.046e-18
1090.7707439496417,1.045e-18
1090.7807880600014,1.045e-18
1090.790832170361,1.047e-18
1090.8008762807206,1.048e-18
1090.8109203910801,1.048e-18
1090.8209645014397,1.048e-18
1090.8310086117995,1.049e-18
1090.841052722159,1.05e-18
1090.8510968325186,1.05e-18
1090.8611409428781,1.051e-18
1090.8711850532377,1.051e-18
1090.8812291635975,1.052e-18
1090.891273273957,1.055e-18
1090.9013173843166,1.058e-18
1090.9113614946762,1.058e-18
1090.9214056050357,1.056e-18
1090.9314497153955,1.056e-18
1090.941493825755,1.058e-18
1090.9515379361146,1.062e-18
1090.9615820464742,1.064e-18
1090.971626156834,1.063e-18
1090.9816702671935,1.063e-18
1090.991714377553,1.064e-18
1091.0017584879126,1.066e-18
1091.0118025982722,1.066e-18
1091.021846708632,1.063e-18
1091.0318908189915,1.061e-18
1091.041934929351,1.063e-18
1091.0519790397107,1.069e-18
1091.0620231500702,1.071e-18
1091.07206726043,1.068e-18
1091.0821113707896,1.065e-18
1091.0921554811491,1.067e-18
1091.1021995915087,1.068e-18
1091.1122437018682,1.067e-18
1091.122287812228,1.065e-18
1091.1323319225876,1.067e-18
1091.1423760329471,1.07e-18
1091.1524201433067,1.071e-18
1091.1624642536663,1.07e-18
1091.172508364026,1.069e-18
1091.1825524743856,1.07e-18
1091.1925965847452,1.073e-18
1091.2026406951047,1.074e-18
1091.2126848054645,1.075e-18
1091.222728915824,1.074e-18
1091.2327730261836,1.074e-18
1091.2428171365432,1.075e-18
1091.2528612469027,1.079e-18
1091.2629053572625,1.084e-18
1091.272949467622,1.085e-18
1091.2829935779816,1.084e-18
1091.2930376883412,1.084e-18
1091.3030817987008,1.084e-18
1091.3131259090605,1.083e-18
1091.32317001942,1.082e-18
1091.3332141297797,1.082e-18
1091.3432582401392,1.082e-18
1091.3533023504988,1.082e-18
1091.3633464608586,1.082e-18
1091.3733905712181,1.083e-18
1091.3834346815777,1.085e-18
1091.3934787919372,1.086e-18
1091.403522902297,1.085e-18
1091.4135670126566,1.086e-18
1091.4236111230161,1.088e-18
1091.4336552333757,1.088e-18
1091.4436993437353,1.088e-18
1091.453743454095,1.089e-18
1091.4637875644546,1.088e-18
1091.4738316748142,1.084e-18
1091.4838757851737,1.084e-18
1091.4939198955333,1.09e-18
1091.503964005893,1.095e-18
1091.5140081162526,1.095e-18
1091.5240522266122,1.092e-18
1091.5340963369717,1.091e-18
1091.5441404473313,1.093e-18
1091.554184557691,1.096e-18
1091.5642286680506,1.096e-18
1091.5742727784102,1.094e-18
1091.5843168887698,1.094e-18
1091.5943609991295,1.099e-18
1091.604405109489,1.102e-18
1091.6144492198487,1.101e-18
1091.6244933302082,1.098e-18
1091.6345374405678,1.097e-18
1091.6445815509276,1.101e-18
1091.6546256612871,1.104e-18
1091.6646697716467,1.103e-18
1091.6747138820062,1.1e-18
1091.6847579923658,1.102e-18
1091.6948021027256,1.108e-18
1091.7048462130851,1.11e-18
1091.7148903234447,1.108e-18
1091.7249344338043,1.106e-18
1091.7349785441638,1.106e-18
1091.7450226545236,1.108e-18
1091.7550667648832,1.109e-18
1091.7651108752427,1.109e-18
1091.7751549856023,1.108e-18
1091.785199095962,1.107e-18
1091.7952432063216,1.105e-18
1091.8052873166812,1.104e-18
1091.8153314270407,1.105e-18
1091.8253755374003,1.109e-18
1091.83541964776,1.11e-18
1091.8454637581196,1.11e-18
1091.8555078684792,1.112e-18
1091.8655519788388,1.116e-18
1091.8755960891983,1.117e-18
1091.885640199558,1.114e-18
1091.8956843099177,1.108e-18
1091.9057284202772,1.108e-18
1091.9157725306368,1.113e-18
1091.9258166409963,1.115e-18
1091.9358607513561,1.112e-18
1091.9459048617157,1.113e-18
1091.9559489720752,1.117e-18
1091.9659930824348,1.117e-18
1091.9760371927946,1.118e-18
1091.9860813031542,1.121e-18
1091.9961254135137,1.12e-18
1092.0061695238733,1.117e-18
1092.0162136342328,1.121e-18
1092.0262577445926,1.125e-18
1092.0363018549522,1.12e-18
1092.0463459653117,1.117e-18
1092.0563900756713,1.125e-18
1092.0664341860308,1.13e-18
1092.0764782963906,1.126e-18
1092.0865224067502,1.123e-18
1092.0965665171097,1.127e-18
1092.1066106274693,1.128e-18
1092.1166547378289,1.127e-18
1092.1266988481887,1.128e-18
1092.1367429585482,1.129e-18
1092.1467870689078,1.13e-18
1092.1568311792673,1.131e-18
1092.1668752896271,1.131e-18
1092.1769193999867,1.13e-18
1092.1869635103462,1.132e-18
1092.1970076207058,1.133e-18
1092.2070517310653,1.132e-18
1092.2170958414251,1.133e-18
1092.2271399517847,1.136e-18
1092.2371840621443,1.135e-18
1092.2472281725038,1.13e-18
1092.2572722828634,1.131e-18
1092.2673163932232,1.138e-18
1092.2773605035827,1.14e-18
1092.2874046139423,1.14e-18
1092.2974487243018,1.139e-18
1092.3074928346614,1.139e-18
1092.3175369450212,1.142e-18
1092.3275810553807,1.146e-18
1092.3376251657403,1.145e-18
1092.3476692760999,1.142e-18
1092.3577133864594,1.145e-18
1092.3677574968192,1.15e-18
1092.3778016071788,1.147e-18
1092.3878457175383,1.142e-18
1092.3978898278979,1.143e-18
1092.4079339382577,1.146e-18
1092.4179780486172,1.146e-18
1092.4280221589768,1.146e-18
1092.4380662693363,1.147e-18
1092.448110379696,1.148e-18
1092.4581544900557,1.149e-18
1092.4681986004152,1.149e-18
1092.4782427107748,1.146e-18
1092.4882868211344,1.146e-18
1092.498330931494,1.15e-18
1092.5083750418537,1.151e-18
1092.5184191522133,1.147e-18
1092.5284632625728,1.147e-18
1092.5385073729324,1.151e-18
1092.548551483292,1.151e-18
1092.5585955936517,1.15e-18
1092.5686397040113,1.152e-18
1092.5786838143708,1.153e-18
1092.5887279247304,1.15e-18
1092.59877203509,1.149e-18
1092.6088161454497,1.151e-18
1092.6188602558093,1.151e-18
1092.6289043661689,1.15e-18
1092.6389484765284,1.153e-18
1092.6489925868882,1.155e-18
1092.6590366972478,1.154e-18
1092.6690808076073,1.155e-18
1092.6791249179669,1.16e-18
1092.6891690283264,1.16e-18
1092.6992131386862,1.158e-18
1092.7092572490458,1.16e-18
1092.7193013594053,1.164e-18
1092.729345469765,1.165e-18
1092.7393895801245,1.163e-18
1092.7494336904842,1.161e-18
1092.7594778008438,1.162e-18
1092.7695219112034,1.163e-18
1092.779566021563,1.163e-18
1092.7896101319225,1.162e-18
1092.7996542422823,1.161e-18
1092.8096983526418,1.163e-18
1092.8197424630014,1.164e-18
1092.829786573361,1.163e-18
1092.8398306837207,1.164e-18
1092.8498747940803,1.167e-18
1092.8599189044398,1.166e-18
1092.8699630147994,1.164e-18
1092.880007125159,1.167e-18
1092.8900512355187,1.171e-18
1092.9000953458783,1.17e-18
1092.9101394562379,1.167e-18
1092.9201835665974,1.17e-18
1092.930227676957,1.172e-18
1092.9402717873168,1.171e-18
1092.9503158976763,1.171e-18
1092.9603600080359,1.172e-18
1092.9704041183954,1.169e-18
1092.980448228755,1.165e-18
1092.9904923391148,1.17e-18
1093.0005364494743,1.179e-18
1093.010580559834,1.181e-18
1093.0206246701935,1.178e-18
1093.0306687805532,1.179e-18
1093.0407128909128,1.182e-18
1093.0507570012724,1.185e-18
1093.060801111632,1.184e-18
1093.0708452219915,1.182e-18
1093.0808893323513,1.184e-18
1093.0909334427108,1.188e-18
1093.1009775530704,1.186e-18
1093.11102166343,1.18e-18
1093.1210657737895,1.178e-18
1093.1311098841493,1.18e-18
1093.1411539945088,1.181e-18
1093.1511981048684,1.183e-18
1093.161242215228,1.184e-18
1093.1712863255875,1.182e-18
1093.1813304359473,1.182e-18
1093.1913745463069,1.186e-18
1093.2014186566664,1.186e-18
1093.211462767026,1.181e-18
1093.2215068773858,1.181e-18
1093.2315509877453,1.186e-18
1093.2415950981049,1.187e-18
1093.2516392084644,1.188e-18
1093.261683318824,1.189e-18
1093.2717274291838,1.187e-18
1093.2817715395433,1.186e-18
1093.291815649903,1.191e-18
1093.3018597602625,1.196e-18
1093.311903870622,1.193e-18
1093.3219479809818,1.191e-18
1093.3319920913414,1.197e-18
1093.342036201701,1.199e-18
1093.3520803120605,1.194e-18
1093.36212442242,1.193e-18
1093.3721685327798,1.197e-18
1093.3822126431394,1.199e-18
1093.392256753499,1.199e-18
1093.4023008638585,1.201e-18
1093.4123449742183,1.202e-18
1093.4223890845778,1.204e-18
1093.4324331949374,1.206e-18
1093.442477305297,1.205e-18
1093.4525214156565,1.2e-18
1093.4625655260163,1.198e-18
1093.4726096363759,1.198e-18
1093.4826537467354,1.198e-18
1093.492697857095,1.199e-18
1093.5027419674545,1.201e-18
1093.5127860778143,1.202e-18
1093.5228301881739,1.203e-18
1093.5328742985334,1.205e-18
1093.542918408893,1.205e-18
1093.5529625192526,1.203e-18
1093.5630066296123,1.202e-18
1093.573050739972,1.204e-18
1093.5830948503315,1.206e-18
1093.593138960691,1.209e-18
1093.6031830710506,1.212e-18
1093.6132271814104,1.21e-18
1093.62327129177,1.205e-18
1093.6333154021295,1.208e-18
1093.643359512489,1.214e-18
1093.6534036228488,1.213e-18
1093.6634477332084,1.21e-18
1093.673491843568,1.213e-18
1093.6835359539275,1.218e-18
1093.693580064287,1.217e-18
1093.7036241746468,1.215e-18
1093.7136682850064,1.216e-18
1093.723712395366,1.217e-18
1093.7337565057255,1.22e-18
1093.743800616085,1.224e-18
1093.7538447264449,1.224e-18
1093.7638888368044,1.217e-18
1093.773932947164,1.218e-18
1093.7839770575235,1.225e-18
1093.794021167883,1.226e-18
1093.804065278243,1.219e-18
1093.8141093886024,1.218e-18
1093.824153498962,1.222e-18
1093.8341976093216,1.222e-18
1093.8442417196811,1.221e-18
1093.854285830041,1.225e-18
1093.8643299404005,1.226e-18
1093.87437405076,1.222e-18
1093.8844181611196,1.222e-18
1093.8944622714794,1.227e-18
1093.904506381839,1.228e-18
1093.9145504921985,1.227e-18
1093.924594602558,1.229e-18
1093.9346387129176,1.229e-18
1093.9446828232774,1.228e-18
1093.954726933637,1.229e-18
1093.9647710439965,1.231e-18
1093.974815154356,1.23e-18
1093.9848592647156,1.228e-18
1093.9949033750754,1.23e-18
1094.004947485435,1.231e-18
1094.0149915957945,1.231e-18
1094.025035706154,1.234e-18
1094.0350798165136,1.238e-18
1094.0451239268734,1.239e-18
1094.055168037233,1.239e-18
1094.0652121475925,1.237e-18
1094.075256257952,1.236e-18
1094.085300368312,1.237e-18
1094.0953444786714,1.239e-18
1094.105388589031,1.24e-18
1094.1154326993906,1.24e-18
1094.1254768097501,1.242e-18
1094.13552092011,1.241e-18
1094.1455650304695,1.237e-18
1094.155609140829,1.237e-18
1094.1656532511886,1.241e-18
1094.1756973615481,1.245e-18
1094.185741471908,1.244e-18
1094.1957855822675,1.24e-18
1094.205829692627,1.24e-18
1094.2158738029866,1.244e-18
1094.2259179133462,1.249e-18
1094.235962023706,1.248e-18
1094.2460061340655,1.243e-18
1094.256050244425,1.242e-18
1094.2660943547846,1.243e-18
1094.2761384651444,1.243e-18
1094.286182575504,1.245e-18
1094.2962266858635,1.249e-18
1094.306270796223,1.251e-18
1094.3163149065826,1.25e-18
1094.3263590169424,1.25e-18
1094.336403127302,1.25e-18
1094.3464472376616,1.246e-18
1094.356491348021,1.245e-18
1094.3665354583807,1.248e-18
1094.3765795687405,1.253e-18
1094.3866236791,1.254e-18
1094.3966677894596,1.256e-18
1094.4067118998191,1.258e-18
1094.4167560101787,1.258e-18
1094.4268001205385,1.256e-18
1094.436844230898,1.256e-18
1094.4468883412576,1.258e-18
1094.4569324516171,1.262e-18
1094.466976561977,1.264e-18
1094.4770206723365,1.264e-18
1094.487064782696,1.264e-18
1094.4971088930556,1.265e-18
1094.5071530034152,1.265e-18
1094.517197113775,1.264e-18
1094.5272412241345,1.266e-18
1094.537285334494,1.267e-18
1094.5473294448536,1.266e-18
1094.5573735552132,1.266e-18
1094.567417665573,1.266e-18
1094.5774617759325,1.265e-18
1094.587505886292,1.265e-18
1094.5975499966517,1.269e-18
1094.6075941070112,1.271e-18
1094.617638217371,1.27e-18
1094.6276823277306,1.267e-18
1094.63772643809,1.267e-18
1094.6477705484497,1.268e-18
1094.6578146588095,1.271e-18
1094.667858769169,1.275e-18
1094.6779028795286,1.274e-18
1094.6879469898881,1.273e-18
1094.6979911002477,1.276e-18
1094.7080352106075,1.28e-18
1094.718079320967,1.278e-18
1094.7281234313266,1.274e-18
1094.7381675416862,1.273e-18
1094.7482116520457,1.278e-18
1094.7582557624055,1.282e-18
1094.768299872765,1.283e-18
1094.7783439831246,1.28e-18
1094.7883880934842,1.279e-18
1094.7984322038437,1.281e-18
1094.8084763142035,1.283e-18
1094.818520424563,1.281e-18
1094.8285645349226,1.281e-18
1094.8386086452822,1.284e-18
1094.848652755642,1.285e-18
1094.8586968660015,1.282e-18
1094.868740976361,1.282e-18
1094.8787850867207,1.283e-18
1094.8888291970802,1.282e-18
1094.89887330744,1.282e-18
1094.9089174177996,1.284e-18
1094.9189615281591,1.284e-18
1094.9290056385187,1.282e-18
1094.9390497488782,1.283e-18
1094.949093859238,1.287e-18
1094.9591379695976,1.288e-18
1094.9691820799571,1.288e-18
1094.9792261903167,1.291e-18
1094.9892703006763,1.289e-18
1094.999314411036,1.285e-18
1095.0093585213956,1.283e-18
1095.0194026317552,1.287e-18
1095.0294467421147,1.29e-18
1095.0394908524743,1.291e-18
1095.049534962834,1.291e-18
1095.0595790731936,1.292e-18
1095.0696231835532,1.292e-18
1095.0796672939127,1.295e-18
1095.0897114042725,1.3e-18
1095.099755514632,1.301e-18
1095.1097996249916,1.3e-18
1095.1198437353512,1.3e-18
1095.1298878457108,1.303e-18
1095.1399319560705,1.305e-18
1095.14997606643,1.305e-18
1095.1600201767897,1.301e-18
1095.1700642871492,1.298e-18
1095.1801083975088,1.299e-18
1095.1901525078686,1.303e-18
1095.2001966182281,1.304e-18
1095.2102407285877,1.301e-18
1095.2202848389472,1.301e-18
1095.2303289493068,1.301e-18
1095.2403730596666,1.302e-18
1095.2504171700261,1.305e-18
1095.2604612803857,1.308e-18
1095.2705053907453,1.309e-18
1095.2805495011048,1.31e-18
1095.2905936114646,1.312e-18
1095.3006377218242,1.312e-18
1095.3106818321837,1.309e-18
1095.3207259425433,1.309e-18
1095.330770052903,1.309e-18
1095.3408141632626,1.311e-18
1095.3508582736222,1.315e-18
1095.3609023839817,1.316e-18
1095.3709464943413,1.312e-18
1095.380990604701,1.309e-18
1095.3910347150606,1.314e-18
1095.4010788254202,1.32e-18
1095.4111229357798,1.321e-18
1095.4211670461393,1.32e-18
1095.431211156499,1.321e-18
1095.4412552668587,1.32e-18
1095.4512993772182,1.32e-18
1095.4613434875778,1.323e-18
1095.4713875979373,1.323e-18
1095.4814317082971,1.322e-18
1095.4914758186567,1.324e-18
1095.5015199290162,1.329e-18
1095.5115640393758,1.33e-18
1095.5216081497356,1.328e-18
1095.5316522600951,1.328e-18
1095.5416963704547,1.329e-18
1095.5517404808143,1.331e-18
1095.5617845911738,1.333e-18
1095.5718287015336,1.333e-18
1095.5818728118932,1.33e-18
1095.5919169222527,1.331e-18
1095.6019610326123,1.335e-18
1095.6120051429718,1.338e-18
1095.6220492533316,1.337e-18
1095.6320933636912,1.334e-18
1095.6421374740507,1.331e-18
1095.6521815844103,1.33e-18
1095.6622256947699,1.333e-18
1095.6722698051296,1.335e-18
1095.6823139154892,1.337e-18
1095.6923580258488,1.339e-18
1095.7024021362083,1.34e-18
1095.712446246568,1.339e-18
1095.7224903569277,1.338e-18
1095.7325344672872,1.34e-18
1095.7425785776468,1.342e-18
1095.7526226880063,1.343e-18
1095.7626667983661,1.346e-18
1095.7727109087257,1.347e-18
1095.7827550190852,1.347e-18
1095.7927991294448,1.347e-18
1095.8028432398044,1.35e-18
1095.8128873501641,1.354e-18
1095.8229314605237,1.356e-18
1095.8329755708833,1.357e-18
1095.8430196812428,1.356e-18
1095.8530637916024,1.357e-18
1095.8631079019622,1.358e-18
1095.8731520123217,1.356e-18
1095.8831961226813,1.353e-18
1095.8932402330408,1.358e-18
1095.9032843434006,1.362e-18
1095.9133284537602,1.357e-18
1095.9233725641197,1.352e-18
1095.9334166744793,1.356e-18
1095.9434607848389,1.359e-18
1095.9535048951986,1.357e-18
1095.9635490055582,1.359e-18
1095.9735931159178,1.362e-18
1095.9836372262773,1.359e-18
1095.9936813366369,1.357e-18
1096.0037254469967,1.363e-18
1096.0137695573562,1.369e-18
1096.0238136677158,1.37e-18
1096.0338577780753,1.372e-18
1096.043901888435,1.374e-18
1096.0539459987947,1.374e-18
1096.0639901091542,1.375e-18
1096.0740342195138,1.379e-18
1096.0840783298734,1.376e-18
1096.0941224402331,1.372e-18
1096.1041665505927,1.376e-18
1096.1142106609523,1.383e-18
1096.1242547713118,1.383e-18
1096.1342988816714,1.38e-18
1096.1443429920312,1.382e-18
1096.1543871023907,1.384e-18
1096.1644312127503,1.384e-18
1096.1744753231098,1.384e-18
1096.1845194334694,1.385e-18
1096.1945635438292,1.385e-18
1096.2046076541887,1.388e-18
1096.2146517645483,1.389e-18
1096.2246958749079,1.386e-18
1096.2347399852674,1.385e-18
1096.2447840956272,1.392e-18
1096.2548282059868,1.398e-18
1096.2648723163463,1.396e-18
1096.2749164267059,1.392e-18
1096.2849605370654,1.394e-18
1096.2950046474252,1.398e-18
1096.3050487577848,1.399e-18
1096.3150928681443,1.398e-18
1096.325136978504,1.398e-18
1096.3351810888637,1.4e-18
1096.3452251992233,1.4e-18
1096.3552693095828,1.399e-18
1096.3653134199424,1.399e-18
1096.375357530302,1.401e-18
1096.3854016406617,1.404e-18
1096.3954457510213,1.402e-18
1096.4054898613808,1.399e-18
1096.4155339717404,1.399e-18
1096.4255780821,1.405e-18
1096.4356221924597,1.408e-18
1096.4456663028193,1.405e-18
1096.4557104131788,1.403e-18
1096.4657545235384,1.409e-18
1096.475798633898,1.414e-18
1096.4858427442578,1.41e-18
1096.4958868546173,1.405e-18
1096.5059309649769,1.405e-18
1096.5159750753364,1.405e-18
1096.526019185696,1.404e-18
1096.5360632960558,1.407e-18
1096.5461074064153,1.408e-18
1096.556151516775,1.405e-18
1096.5661956271344,1.405e-18
1096.5762397374942,1.411e-18
1096.5862838478538,1.417e-18
1096.5963279582134,1.415e-18
1096.606372068573,1.409e-18
1096.6164161789325,1.408e-18
1096.6264602892923,1.412e-18
1096.6365043996518,1.416e-18
1096.6465485100114,1.415e-18
1096.656592620371,1.413e-18
1096.6666367307305,1.416e-18
1096.6766808410903,1.422e-18
1096.6867249514498,1.424e-18
1096.6967690618094,1.423e-18
1096.706813172169,1.422e-18
1096.7168572825285,1.421e-18
1096.7269013928883,1.421e-18
1096.7369455032479,1.424e-18
1096.7469896136074,1.427e-18
1096.757033723967,1.427e-18
1096.7670778343268,1.429e-18
1096.7771219446863,1.433e-18
1096.7871660550459,1.431e-18
1096.7972101654054,1.427e-18
1096.807254275765,1.427e-18
1096.8172983861248,1.431e-18
1096.8273424964843,1.434e-18
1096.837386606844,1.434e-18
1096.8474307172035,1.435e-18
1096.857474827563,1.435e-18
1096.8675189379228,1.437e-18
1096.8775630482824,1.441e-18
1096.887607158642,1.442e-18
1096.8976512690015,1.443e-18
1096.907695379361,1.447e-18
1096.9177394897208,1.449e-18
1096.9277836000804,1.446e-18
1096.93782771044,1.444e-18
1096.9478718207995,1.447e-18
1096.9579159311593,1.448e-18
1096.9679600415188,1.447e-18
1096.9780041518784,1.451e-18
1096.988048262238,1.456e-18
1096.9980923725975,1.455e-18
1097.0081364829573,1.454e-18
1097.0181805933169,1.459e-18
1097.0282247036764,1.461e-18
1097.038268814036,1.46e-18
1097.0483129243955,1.462e-18
1097.0583570347553,1.468e-18
1097.0684011451149,1.469e-18
1097.0784452554744,1.467e-18
1097.088489365834,1.468e-18
1097.0985334761936,1.469e-18
1097.1085775865533,1.468e-18
1097.118621696913,1.47e-18
1097.1286658072725,1.477e-18
1097.138709917632,1.479e-18
1097.1487540279918,1.477e-18
1097.1587981383514,1.477e-18
1097.168842248711,1.481e-18
1097.1788863590705,1.485e-18
1097.18893046943,1.488e-18
1097.1989745797898,1.488e-18
1097.2090186901494,1.486e-18
1097.219062800509,1.489e-18
1097.2291069108685,1.494e-18
1097.239151021228,1.496e-18
1097.2491951315878,1.497e-18
1097.2592392419474,1.499e-18
1097.269283352307,1.5e-18
1097.2793274626665,1.497e-18
1097.289371573026,1.495e-18
1097.2994156833859,1.499e-18
1097.3094597937454,1.503e-18
1097.319503904105,1.504e-18
1097.3295480144645,1.505e-18
1097.3395921248243,1.505e-18
1097.3496362351839,1.507e-18
1097.3596803455434,1.511e-18
1097.369724455903,1.51e-18
1097.3797685662626,1.505e-18
1097.3898126766223,1.506e-18
1097.399856786982,1.514e-18
1097.4099008973415,1.517e-18
1097.419945007701,1.516e-18
1097.4299891180606,1.518e-18
1097.4400332284204,1.517e-18
1097.45007733878,1.513e-18
1097.4601214491395,1.516e-18
1097.470165559499,1.523e-18
1097.4802096698586,1.52e-18
1097.4902537802184,1.516e-18
1097.500297890578,1.524e-18
1097.5103420009375,1.532e-18
1097.520386111297,1.528e-18
1097.5304302216568,1.524e-18
1097.5404743320164,1.531e-18
1097.550518442376,1.533e-18
1097.5605625527355,1.527e-18
1097.570606663095,1.527e-18
1097.5806507734549,1.532e-18
1097.5906948838144,1.53e-18
1097.600738994174,1.528e-18
1097.6107831045335,1.532e-18
1097.620827214893,1.532e-18
1097.6308713252529,1.526e-18
1097.6409154356124,1.525e-18
1097.650959545972,1.53e-18
1097.6610036563316,1.532e-18
1097.6710477666911,1.529e-18
1097.681091877051,1.527e-18
1097.6911359874105,1.527e-18
1097.70118009777,1.528e-18
1097.7112242081296,1.531e-18
1097.7212683184891,1.533e-18
1097.731312428849,1.535e-18
1097.7413565392085,1.537e-18
1097.751400649568,1.539e-18
1097.7614447599276,1.539e-18
1097.7714888702874,1.54e-18
1097.781532980647,1.539e-18
1097.7915770910065,1.537e-18
1097.801621201366,1.539e-18
1097.8116653117256,1.544e-18
1097.8217094220854,1.544e-18
1097.831753532445,1.543e-18
1097.8417976428045,1.548e-18
1097.851841753164,1.552e-18
1097.8618858635236,1.548e-18
1097.8719299738834,1.546e-18
1097.881974084243,1.55e-18
1097.8920181946025,1.551e-18
1097.902062304962,1.546e-18
1097.9121064153217,1.548e-18
1097.9221505256814,1.554e-18
1097.932194636041,1.554e-18
1097.9422387464006,1.547e-18
1097.9522828567601,1.546e-18
1097.9623269671197,1.551e-18
1097.9723710774795,1.556e-18
1097.982415187839,1.554e-18
1097.9924592981986,1.549e-18
1098.0025034085581,1.545e-18
1098.012547518918,1.545e-18
1098.0225916292775,1.547e-18
1098.032635739637,1.548e-18
1098.0426798499966,1.549e-18
1098.0527239603562,1.549e-18
1098.062768070716,1.547e-18
1098.0728121810755,1.547e-18
1098.082856291435,1.547e-18
1098.0929004017946,1.545e-18
1098.1029445121542,1.544e-18
1098.112988622514,1.546e-18
1098.1230327328735,1.548e-18
1098.133076843233,1.546e-18
1098.1431209535926,1.547e-18
1098.1531650639522,1.549e-18
1098.163209174312,1.546e-18
1098.1732532846715,1.54e-18
1098.183297395031,1.54e-18
1098.1933415053907,1.54e-18
1098.2033856157504,1.537e-18
1098.21342972611,1.539e-18
1098.2234738364696,1.541e-18
1098.2335179468291,1.534e-18
1098.2435620571887,1.525e-18
1098.2536061675485,1.525e-18
1098.263650277908,1.529e-18
1098.2736943882676,1.526e-18
1098.2837384986271,1.522e-18
1098.2937826089867,1.524e-18
1098.3038267193465,1.526e-18
1098.313870829706,1.522e-18
1098.3239149400656,1.518e-18
1098.3339590504252,1.515e-18
1098.3440031607847,1.511e-18
1098.3540472711445,1.511e-18
1098.364091381504,1.515e-18
1098.3741354918636,1.515e-18
1098.3841796022232,1.51e-18
1098.394223712583,1.505e-18
1098.4042678229425,1.504e-18
1098.414311933302,1.503e-18
1098.4243560436616,1.505e-18
1098.4344001540212,1.508e-18
1098.444444264381,1.507e-18
1098.4544883747405,1.507e-18
1098.4645324851,1.511e-18
1098.4745765954597,1.514e-18
1098.4846207058192,1.51e-18
1098.494664816179,1.505e-18
1098.5047089265386,1.505e-18
1098.5147530368981,1.506e-18
1098.5247971472577,1.505e-18
1098.5348412576172,1.504e-18
1098.544885367977,1.506e-18
1098.5549294783366,1.509e-18
1098.5649735886961,1.511e-18
1098.5750176990557,1.511e-18
1098.5850618094155,1.51e-18
1098.595105919775,1.508e-18
1098.6051500301346,1.505e-18
1098.6151941404942,1.504e-18
1098.6252382508537,1.506e-18
1098.6352823612135,1.508e-18
1098.645326471573,1.508e-18
1098.6553705819326,1.51e-18
1098.6654146922922,1.513e-18
1098.6754588026517,1.513e-18
1098.6855029130115,1.512e-18
1098.695547023371,1.512e-18
1098.7055911337306,1.512e-18
1098.7156352440902,1.51e-18
1098.7256793544498,1.51e-18
1098.7357234648096,1.512e-18
1098.745767575169,1.51e-18
1098.7558116855287,1.505e-18
1098.7658557958882,1.506e-18
1098.775899906248,1.513e-18
1098.7859440166076,1.515e-18
1098.7959881269671,1.513e-18
1098.8060322373267,1.514e-18
1098.8160763476862,1.516e-18
1098.826120458046,1.519e-18
1098.8361645684056,1.523e-18
1098.8462086787652,1.524e-18
1098.8562527891247,1.518e-18
1098.8662968994843,1.513e-18
1098.876341009844,1.517e-18
1098.8863851202036,1.522e-18
1098.8964292305632,1.523e-18
1098.9064733409227,1.524e-18
1098.9165174512823,1.527e-18
1098.926561561642,1.528e-18
1098.9366056720016,1.527e-18
1098.9466497823612,1.53e-18
1098.9566938927208,1.533e-18
1098.9667380030803,1.531e-18
1098.97678211344,1.53e-18
1098.9868262237997,1.532e-18
1098.9968703341592,1.536e-18
1099.0069144445188,1.538e-18
1099.0169585548786,1.535e-18
1099.0270026652381,1.531e-18
1099.0370467755977,1.533e-18
1099.0470908859572,1.536e-18
1099.0571349963168,1.533e-18
1099.0671791066766,1.525e-18
1099.0772232170361,1.521e-18
1099.0872673273957,1.524e-18
1099.0973114377553,1.526e-18
1099.1073555481148,1.524e-18
1099.1173996584746,1.521e-18
1099.1274437688342,1.522e-18
1099.1374878791937,1.524e-18
1099.1475319895533,1.52e-18
1099.1575760999128,1.517e-18
1099.1676202102726,1.521e-18
1099.1776643206322,1.527e-18
1099.1877084309917,1.528e-18
1099.1977525413513,1.527e-18
1099.2077966517109,1.53e-18
1099.2178407620706,1.535e-18
1099.2278848724302,1.536e-18
1099.2379289827898,1.538e-18
1099.2479730931493,1.542e-18
1099.258017203509,1.546e-18
1099.2680613138687,1.549e-18
1099.2781054242282,1.552e-18
1099.2881495345878,1.551e-18
1099.2981936449473,1.545e-18
1099.3082377553071,1.543e-18
1099.3182818656667,1.547e-18
1099.3283259760262,1.551e-18
1099.3383700863858,1.553e-18
1099.3484141967454,1.556e-18
1099.3584583071051,1.556e-18
1099.3685024174647,1.555e-18
1099.3785465278243,1.556e-18
1099.3885906381838,1.562e-18
1099.3986347485434,1.568e-18
1099.4086788589032,1.571e-18
1099.4187229692627,1.573e-18
1099.4287670796223,1.575e-18
1099.4388111899818,1.576e-18
1099.4488553003416,1.579e-18
1099.4588994107012,1.583e-18
1099.4689435210607,1.587e-18
1099.4789876314203,1.59e-18
1099.4890317417799,1.595e-18
1099.4990758521396,1.598e-18
1099.5091199624992,1.599e-18
1099.5191640728588,1.6e-18
1099.5292081832183,1.605e-18
1099.5392522935779,1.612e-18
1099.5492964039377,1.616e-18
1099.5593405142972,1.615e-18
1099.5693846246568,1.615e-18
1099.5794287350163,1.616e-18
1099.589472845376,1.618e-18
1099.5995169557357,1.619e-18
1099.6095610660952,1.619e-18
1099.6196051764548,1.62e-18
1099.6296492868144,1.62e-18
1099.6396933971741,1.621e-18
1099.6497375075337,1.62e-18
1099.6597816178933,1.62e-18
1099.6698257282528,1.621e-18
1099.6798698386124,1.621e-18
1099.6899139489722,1.619e-18
1099.6999580593317,1.62e-18
1099.7100021696913,1.623e-18
1099.7200462800508,1.621e-18
1099.7300903904104,1.613e-18
1099.7401345007702,1.609e-18
1099.7501786111297,1.608e-18
1099.7602227214893,1.604e-18
1099.7702668318489,1.597e-18
1099.7803109422084,1.595e-18
1099.7903550525682,1.594e-18
1099.8003991629278,1.591e-18
1099.8104432732873,1.588e-18
1099.8204873836469,1.585e-18
1099.8305314940067,1.579e-18
1099.8405756043662,1.572e-18
1099.8506197147258,1.572e-18
1099.8606638250853,1.574e-18
1099.870707935445,1.571e-18
1099.8807520458047,1.566e-18
1099.8907961561642,1.564e-18
1099.9008402665238,1.562e-18
1099.9108843768834,1.558e-18
1099.920928487243,1.557e-18
1099.9309725976027,1.555e-18
1099.9410167079623,1.553e-18
1099.9510608183218,1.551e-18
1099.9611049286814,1.549e-18
1099.971149039041,1.544e-18
1099.9811931494007,1.538e-18
1099.9912372597603,1.535e-18
1100.0012813701198,1.535e-18
1100.0113254804794,1.537e-18
1100.0213695908392,1.539e-18
1100.0314137011987,1.537e-18
1100.0414578115583,1.531e-18
1100.0515019219179,1.529e-18
1100.0615460322774,1.533e-18
1100.0715901426372,1.539e-18
1100.0816342529968,1.541e-18
1100.0916783633563,1.542e-18
1100.1017224737159,1.542e-18
1100.1117665840754,1.54e-18
1100.1218106944352,1.538e-18
1100.1318548047948,1.541e-18
1100.1418989151543,1.546e-18
1100.151943025514,1.547e-18
1100.1619871358735,1.547e-18
1100.1720312462332,1.553e-18
1100.1820753565928,1.559e-18
1100.1921194669524,1.56e-18
1100.202163577312,1.559e-18
1100.2122076876717,1.559e-18
1100.2222517980313,1.561e-18
1100.2322959083908,1.565e-18
1100.2423400187504,1.572e-18
1100.25238412911,1.577e-18
1100.2624282394697,1.577e-18
1100.2724723498293,1.581e-18
1100.2825164601888,1.59e-18
1100.2925605705484,1.595e-18
1100.302604680908,1.595e-18
1100.3126487912677,1.599e-18
1100.3226929016273,1.606e-18
1100.3327370119869,1.609e-18
1100.3427811223464,1.611e-18
1100.352825232706,1.615e-18
1100.3628693430658,1.616e-18
1100.3729134534253,1.612e-18
1100.3829575637849,1.609e-18
1100.3930016741444,1.606e-18
1100.403045784504,1.599e-18
1100.4130898948638,1.591e-18
1100.4231340052233,1.587e-18
1100.433178115583,1.583e-18
1100.4432222259425,1.576e-18
1100.4532663363022,1.567e-18
1100.4633104466618,1.562e-18
1100.4733545570214,1.556e-18
1100.483398667381,1.55e-18
1100.4934427777405,1.542e-18
1100.5034868881003,1.533e-18
1100.5135309984598,1.523e-18
1100.5235751088194,1.515e-18
1100.533619219179,1.508e-18
1100.5436633295385,1.501e-18
1100.5537074398983,1.492e-18
1100.5637515502578,1.481e-18
1100.5737956606174,1.47e-18
1100.583839770977,1.46e-18
1100.5938838813365,1.455e-18
1100.6039279916963,1.45e-18
1100.6139721020559,1.441e-18
1100.6240162124154,1.432e-18
1100.634060322775,1.43e-18
1100.6441044331345,1.432e-18
1100.6541485434943,1.431e-18
1100.664192653854,1.429e-18
1100.6742367642134,1.429e-18
1100.684280874573,1.431e-18
1100.6943249849328,1.433e-18
1100.7043690952923,1.435e-18
1100.714413205652,1.439e-18
1100.7244573160115,1.439e-18
1100.734501426371,1.435e-18
1100.7445455367308,1.433e-18
1100.7545896470904,1.435e-18
1100.76463375745,1.435e-18
1100.7746778678095,1.433e-18
1100.784721978169,1.433e-18
1100.7947660885288,1.434e-18
1100.8048101988884,1.433e-18
1100.814854309248,1.431e-18
1100.8248984196075,1.432e-18
1100.834942529967,1.435e-18
1100.8449866403269,1.436e-18
1100.8550307506864,1.435e-18
1100.865074861046,1.434e-18
1100.8751189714055,1.437e-18
1100.8851630817653,1.44e-18
1100.8952071921249,1.438e-18
1100.9052513024844,1.433e-18
1100.915295412844,1.431e-18
1100.9253395232035,1.431e-18
1100.9353836335633,1.431e-18
1100.945427743923,1.429e-18
1100.9554718542825,1.428e-18
1100.965515964642,1.429e-18
1100.9755600750016,1.428e-18
1100.9856041853614,1.428e-18
1100.995648295721,1.428e-18
1101.0056924060805,1.427e-18
1101.01573651644,1.425e-18
1101.0257806267996,1.424e-18
1101.0358247371594,1.425e-18
1101.045868847519,1.425e-18
1101.0559129578785,1.424e-18
1101.065957068238,1.426e-18
1101.0760011785978,1.427e-18
1101.0860452889574,1.428e-18
1101.096089399317,1.429e-18
1101.1061335096765,1.431e-18
1101.116177620036,1.431e-18
1101.1262217303959,1.432e-18
1101.1362658407554,1.435e-18
1101.146309951115,1.441e-18
1101.1563540614745,1.443e-18
1101.166398171834,1.445e-18
1101.1764422821939,1.452e-18
1101.1864863925534,1.458e-18
1101.196530502913,1.46e-18
1101.2065746132726,1.465e-18
1101.216618723632,1.472e-18
1101.226662833992,1.477e-18
1101.2367069443515,1.479e-18
1101.246751054711,1.483e-18
1101.2567951650706,1.485e-18
1101.2668392754304,1.485e-18
1101.27688338579,1.487e-18
1101.2869274961495,1.49e-18
1101.296971606509,1.49e-18
1101.3070157168686,1.489e-18
1101.3170598272284,1.49e-18
1101.327103937588,1.492e-18
1101.3371480479475,1.494e-18
1101.347192158307,1.498e-18
1101.3572362686666,1.5e-18
1101.3672803790264,1.502e-18
1101.377324489386,1.509e-18
1101.3873685997455,1.522e-18
1101.397412710105,1.528e-18
1101.4074568204646,1.528e-18
1101.4175009308244,1.531e-18
1101.427545041184,1.54e-18
1101.4375891515435,1.547e-18
1101.447633261903,1.551e-18
1101.4576773722629,1.558e-18
1101.4677214826224,1.568e-18
1101.477765592982,1.572e-18
1101.4878097033416,1.575e-18
1101.497853813701,1.582e-18
1101.507897924061,1.59e-18
1101.5179420344205,1.594e-18
1101.52798614478,1.596e-18
1101.5380302551396,1.601e-18
1101.5480743654991,1.61e-18
1101.558118475859,1.615e-18
1101.5681625862185,1.618e-18
1101.578206696578,1.623e-18
1101.5882508069376,1.632e-18
1101.5982949172972,1.64e-18
1101.608339027657,1.647e-18
1101.6183831380165,1.656e-18
1101.628427248376,1.663e-18
1101.6384713587356,1.669e-18
1101.6485154690952,1.68e-18
1101.658559579455,1.695e-18
1101.6686036898145,1.705e-18
1101.678647800174,1.71e-18
1101.6886919105336,1.719e-18
1101.6987360208934,1.733e-18
1101.708780131253,1.746e-18
1101.7188242416125,1.753e-18
1101.728868351972,1.76e-18
1101.7389124623317,1.77e-18
1101.7489565726914,1.781e-18
1101.759000683051,1.79e-18
1101.7690447934106,1.8e-18
1101.7790889037701,1.811e-18
1101.7891330141297,1.822e-18
1101.7991771244895,1.83e-18
1101.809221234849,1.835e-18
1101.8192653452086,1.836e-18
1101.8293094555681,1.839e-18
1101.8393535659277,1.85e-18
1101.8493976762875,1.864e-18
1101.859441786647,1.87e-18
1101.8694858970066,1.873e-18
1101.8795300073662,1.884e-18
1101.8895741177257,1.897e-18
1101.8996182280855,1.903e-18
1101.909662338445,1.912e-18
1101.9197064488046,1.927e-18
1101.9297505591642,1.94e-18
1101.939794669524,1.947e-18
1101.9498387798835,1.959e-18
1101.959882890243,1.972e-18
1101.9699270006026,1.979e-18
1101.9799711109622,1.988e-18
1101.990015221322,2.003e-18
1102.0000593316815,2.017e-18
1102.010103442041,2.025e-18
1102.0201475524007,2.033e-18
1102.0301916627602,2.042e-18
1102.04023577312,2.048e-18
1102.0502798834796,2.053e-18
1102.0603239938391,2.056e-18
1102.0703681041987,2.053e-18
1102.0804122145582,2.048e-18
1102.090456324918,2.048e-18
1102.1005004352776,2.05e-18
1102.1105445456371,2.046e-18
1102.1205886559967,2.043e-18
1102.1306327663565,2.047e-18
1102.140676876716,2.051e-18
1102.1507209870756,2.048e-18
1102.1607650974352,2.044e-18
1102.1708092077947,2.044e-18
1102.1808533181545,2.044e-18
1102.190897428514,2.043e-18
1102.2009415388736,2.048e-18
1102.2109856492332,2.059e-18
1102.2210297595927,2.066e-18
1102.2310738699525,2.068e-18
1102.241117980312,2.07e-18
1102.2511620906716,2.073e-18
1102.2612062010312,2.074e-18
1102.2712503113908,2.076e-18
1102.2812944217505,2.078e-18
1102.29133853211,2.074e-18
1102.3013826424697,2.07e-18
1102.3114267528292,2.072e-18
1102.321470863189,2.073e-18
1102.3315149735486,2.067e-18
1102.3415590839081,2.059e-18
1102.3516031942677,2.055e-18
1102.3616473046272,2.05e-18
1102.371691414987,2.043e-18
1102.3817355253466,2.038e-18
1102.3917796357061,2.033e-18
1102.4018237460657,2.025e-18
1102.4118678564253,2.023e-18
1102.421911966785,2.024e-18
1102.4319560771446,2.022e-18
1102.4420001875042,2.016e-18
1102.4520442978637,2.01e-18
1102.4620884082233,2.006e-18
1102.472132518583,2.004e-18
1102.4821766289426,2.002e-18
1102.4922207393022,1.997e-18
1102.5022648496617,1.99e-18
1102.5123089600215,1.986e-18
1102.522353070381,1.984e-18
1102.5323971807406,1.981e-18
1102.5424412911002,1.98e-18
1102.5524854014598,1.978e-18
1102.5625295118195,1.973e-18
1102.572573622179,1.969e-18
1102.5826177325387,1.972e-18
1102.5926618428982,1.976e-18
1102.6027059532578,1.97e-18
1102.6127500636176,1.962e-18
1102.6227941739771,1.96e-18
1102.6328382843367,1.962e-18
1102.6428823946962,1.96e-18
1102.6529265050558,1.958e-18
1102.6629706154156,1.958e-18
1102.6730147257751,1.954e-18
1102.6830588361347,1.949e-18
1102.6931029464943,1.948e-18
1102.703147056854,1.949e-18
1102.7131911672136,1.946e-18
1102.7232352775732,1.941e-18
1102.7332793879327,1.943e-18
1102.7433234982923,1.954e-18
1102.753367608652,1.962e-18
1102.7634117190116,1.96e-18
1102.7734558293712,1.958e-18
1102.7834999397307,1.963e-18
1102.7935440500903,1.97e-18
1102.80358816045,1.971e-18
1102.8136322708096,1.971e-18
1102.8236763811692,1.973e-18
1102.8337204915288,1.975e-18
1102.8437646018883,1.978e-18
1102.853808712248,1.983e-18
1102.8638528226077,1.986e-18
1102.8738969329672,1.988e-18
1102.8839410433268,1.991e-18
1102.8939851536866,1.994e-18
1102.9040292640461,1.995e-18
1102.9140733744057,2e-18
1102.9241174847652,2.004e-18
1102.9341615951248,2.002e-18
1102.9442057054846,2e-18
1102.9542498158442,2.001e-18
1102.9642939262037,1.998e-18
1102.9743380365633,1.989e-18
1102.9843821469228,1.981e-18
1102.9944262572826,1.972e-18
1103.0044703676422,1.958e-18
1103.0145144780017,1.948e-18
1103.0245585883613,1.945e-18
1103.0346026987208,1.933e-18
1103.0446468090806,1.911e-18
1103.0546909194402,1.892e-18
1103.0647350297997,1.879e-18
1103.0747791401593,1.864e-18
1103.0848232505189,1.847e-18
1103.0948673608787,1.831e-18
1103.1049114712382,1.816e-18
1103.1149555815978,1.802e-18
1103.1249996919573,1.789e-18
1103.135043802317,1.776e-18
1103.1450879126767,1.764e-18
1103.1551320230362,1.756e-18
1103.1651761333958,1.748e-18
1103.1752202437553,1.738e-18
1103.1852643541151,1.726e-18
1103.1953084644747,1.717e-18
1103.2053525748343,1.708e-18
1103.2153966851938,1.699e-18
1103.2254407955534,1.694e-18
1103.2354849059132,1.692e-18
1103.2455290162727,1.688e-18
1103.2555731266323,1.683e-18
1103.2656172369918,1.679e-18
1103.2756613473514,1.675e-18
1103.2857054577112,1.669e-18
1103.2957495680707,1.662e-18
1103.3057936784303,1.658e-18
1103.3158377887898,1.659e-18
1103.3258818991494,1.661e-18
1103.3359260095092,1.658e-18
1103.3459701198688,1.653e-18
1103.3560142302283,1.654e-18
1103.3660583405879,1.658e-18
1103.3761024509477,1.662e-18
1103.3861465613072,1.661e-18
1103.3961906716668,1.66e-18
1103.4062347820263,1.662e-18
1103.416278892386,1.669e-18
1103.4263230027457,1.672e-18
1103.4363671131052,1.669e-18
1103.4464112234648,1.673e-18
1103.4564553338244,1.684e-18
1103.466499444184,1.689e-18
1103.4765435545437,1.689e-18
1103.4865876649033,1.7e-18
1103.4966317752628,1.716e-18
1103.5066758856224,1.727e-18
1103.516719995982,1.734e-18
1103.5267641063417,1.745e-18
1103.5368082167013,1.755e-18
1103.5468523270608,1.764e-18
1103.5568964374204,1.775e-18
1103.5669405477802,1.782e-18
1103.5769846581397,1.782e-18
1103.5870287684993,1.78e-18
1103.5970728788589,1.781e-18
1103.6071169892184,1.777e-18
1103.6171610995782,1.767e-18
1103.6272052099378,1.761e-18
1103.6372493202973,1.76e-18
1103.6472934306569,1.757e-18
1103.6573375410164,1.75e-18
1103.6673816513762,1.743e-18
1103.6774257617358,1.736e-18
1103.6874698720953,1.729e-18
1103.697513982455,1.719e-18
1103.7075580928145,1.707e-18
1103.7176022031742,1.699e-18
1103.7276463135338,1.698e-18
1103.7376904238934,1.695e-18
1103.747734534253,1.687e-18
1103.7577786446127,1.682e-18
1103.7678227549723,1.682e-18
1103.7778668653318,1.681e-18
1103.7879109756914,1.676e-18
1103.797955086051,1.672e-18
1103.8079991964107,1.666e-18
1103.8180433067703,1.661e-18
1103.8280874171298,1.662e-18
1103.8381315274894,1.665e-18
1103.848175637849,1.662e-18
1103.8582197482087,1.655e-18
1103.8682638585683,1.652e-18
1103.8783079689279,1.654e-18
1103.8883520792874,1.655e-18
1103.898396189647,1.655e-18
1103.9084403000068,1.655e-18
1103.9184844103663,1.653e-18
1103.9285285207259,1.648e-18
1103.9385726310854,1.645e-18
1103.9486167414452,1.647e-18
1103.9586608518048,1.646e-18
1103.9687049621643,1.639e-18
1103.978749072524,1.633e-18
1103.9887931828835,1.635e-18
1103.9988372932432,1.637e-18
1104.0088814036028,1.631e-18
1104.0189255139624,1.618e-18
1104.028969624322,1.61e-18
1104.0390137346815,1.609e-18
1104.0490578450413,1.606e-18
1104.0591019554008,1.595e-18
1104.0691460657604,1.588e-18
1104.07919017612,1.588e-18
1104.0892342864795,1.587e-18
1104.0992783968393,1.578e-18
1104.1093225071988,1.57e-18
1104.1193666175584,1.565e-18
1104.129410727918,1.559e-18
1104.1394548382777,1.551e-18
1104.1494989486373,1.546e-18
1104.1595430589969,1.543e-18
1104.1695871693564,1.536e-18
1104.179631279716,1.532e-18
1104.1896753900758,1.532e-18
1104.1997195004353,1.526e-18
1104.2097636107949,1.514e-18
1104.2198077211544,1.506e-18
1104.229851831514,1.505e-18
1104.2398959418738,1.5e-18
1104.2499400522333,1.489e-18
1104.259984162593,1.482e-18
1104.2700282729525,1.48e-18
1104.280072383312,1.475e-18
1104.2901164936718,1.467e-18
1104.3001606040314,1.461e-18
1104.310204714391,1.458e-18
1104.3202488247505,1.454e-18
1104.33029293511,1.451e-18
1104.3403370454698,1.451e-18
1104.3503811558294,1.448e-18
1104.360425266189,1.439e-18
1104.3704693765485,1.433e-18
1104.3805134869083,1.428e-18
1104.3905575972678,1.421e-18
1104.4006017076274,1.414e-18
1104.410645817987,1.413e-18
1104.4206899283465,1.414e-18
1104.4307340387063,1.41e-18
1104.4407781490659,1.405e-18
1104.4508222594254,1.402e-18
1104.460866369785,1.4e-18
1104.4709104801445,1.395e-18
1104.4809545905043,1.391e-18
1104.4909987008639,1.389e-18
1104.5010428112234,1.386e-18
1104.511086921583,1.381e-18
1104.5211310319426,1.375e-18
1104.5311751423023,1.37e-18
1104.541219252662,1.367e-18
1104.5512633630215,1.363e-18
1104.561307473381,1.358e-18
1104.5713515837408,1.354e-18
1104.5813956941004,1.351e-18
1104.59143980446,1.346e-18
1104.6014839148195,1.341e-18
1104.611528025179,1.341e-18
1104.6215721355388,1.341e-18
1104.6316162458984,1.335e-18
1104.641660356258,1.329e-18
1104.6517044666175,1.328e-18
1104.661748576977,1.325e-18
1104.6717926873368,1.321e-18
1104.6818367976964,1.318e-18
1104.691880908056,1.318e-18
1104.7019250184155,1.316e-18
1104.711969128775,1.311e-18
1104.7220132391349,1.309e-18
1104.7320573494944,1.308e-18
1104.742101459854,1.306e-18
1104.7521455702135,1.304e-18
1104.762189680573,1.303e-18
1104.772233790933,1.301e-18
1104.7822779012924,1.3e-18
1104.792322011652,1.299e-18
1104.8023661220116,1.297e-18
1104.8124102323713,1.296e-18
1104.822454342731,1.294e-18
1104.8324984530905,1.289e-18
1104.84254256345,1.287e-18
1104.8525866738096,1.29e-18
1104.8626307841694,1.29e-18
1104.872674894529,1.284e-18
1104.8827190048885,1.28e-18
1104.892763115248,1.281e-18
1104.9028072256076,1.278e-18
1104.9128513359674,1.272e-18
1104.922895446327,1.269e-18
1104.9329395566865,1.269e-18
1104.942983667046,1.268e-18
1104.9530277774056,1.268e-18
1104.9630718877654,1.267e-18
1104.973115998125,1.265e-18
1104.9831601084845,1.265e-18
1104.993204218844,1.268e-18
1105.0032483292039,1.269e-18
1105.0132924395634,1.267e-18
1105.023336549923,1.265e-18
1105.0333806602825,1.265e-18
1105.043424770642,1.263e-18
1105.053468881002,1.263e-18
1105.0635129913614,1.265e-18
1105.073557101721,1.267e-18
1105.0836012120806,1.267e-18
1105.0936453224401,1.27e-18
1105.1036894328,1.272e-18
1105.1137335431595,1.271e-18
1105.123777653519,1.269e-18
1105.1338217638786,1.265e-18
1105.1438658742381,1.264e-18
1105.153909984598,1.264e-18
1105.1639540949575,1.264e-18
1105.173998205317,1.26e-18
1105.1840423156766,1.254e-18
1105.1940864260364,1.251e-18
1105.204130536396,1.248e-18
1105.2141746467555,1.244e-18
1105.224218757115,1.241e-18
1105.2342628674746,1.241e-18
1105.2443069778344,1.24e-18
1105.254351088194,1.24e-18
1105.2643951985535,1.239e-18
1105.274439308913,1.233e-18
1105.2844834192726,1.229e-18
1105.2945275296324,1.233e-18
1105.304571639992,1.234e-18
1105.3146157503515,1.229e-18
1105.324659860711,1.224e-18
1105.3347039710707,1.228e-18
1105.3447480814305,1.23e-18
1105.35479219179,1.225e-18
1105.3648363021496,1.221e-18
1105.3748804125091,1.224e-18
1105.384924522869,1.225e-18
1105.3949686332285,1.221e-18
1105.405012743588,1.216e-18
1105.4150568539476,1.215e-18
1105.4251009643071,1.216e-18
1105.435145074667,1.217e-18
1105.4451891850265,1.218e-18
1105.455233295386,1.217e-18
1105.4652774057456,1.215e-18
1105.4753215161052,1.214e-18
1105.485365626465,1.213e-18
1105.4954097368245,1.21e-18
1105.505453847184,1.206e-18
1105.5154979575436,1.203e-18
1105.5255420679032,1.201e-18
1105.535586178263,1.202e-18
1105.5456302886225,1.204e-18
1105.555674398982,1.204e-18
1105.5657185093417,1.2e-18
1105.5757626197014,1.196e-18
1105.585806730061,1.196e-18
1105.5958508404206,1.198e-18
1105.60589495078,1.197e-18
1105.6159390611397,1.191e-18
1105.6259831714995,1.187e-18
1105.636027281859,1.188e-18
1105.6460713922186,1.19e-18
1105.6561155025781,1.189e-18
1105.6661596129377,1.187e-18
1105.6762037232975,1.189e-18
1105.686247833657,1.192e-18
1105.6962919440166,1.194e-18
1105.7063360543762,1.196e-18
1105.7163801647357,1.195e-18
1105.7264242750955,1.191e-18
1105.736468385455,1.189e-18
1105.7465124958146,1.192e-18
1105.7565566061742,1.196e-18
1105.7666007165337,1.195e-18
1105.7766448268935,1.194e-18
1105.786688937253,1.196e-18
1105.7967330476126,1.198e-18
1105.8067771579722,1.197e-18
1105.816821268332,1.196e-18
1105.8268653786915,1.196e-18
1105.836909489051,1.198e-18
1105.8469535994107,1.199e-18
1105.8569977097702,1.201e-18
1105.86704182013,1.204e-18
1105.8770859304896,1.207e-18
1105.8871300408491,1.205e-18
1105.8971741512087,1.201e-18
1105.9072182615682,1.2e-18
1105.917262371928,1.204e-18
1105.9273064822876,1.203e-18
1105.9373505926471,1.2e-18
1105.9473947030067,1.202e-18
1105.9574388133663,1.204e-18
1105.967482923726,1.203e-18
1105.9775270340856,1.205e-18
1105.9875711444452,1.208e-18
1105.9976152548047,1.203e-18
1106.0076593651643,1.196e-18
1106.017703475524,1.2e-18
1106.0277475858836,1.207e-18
1106.0377916962432,1.206e-18
1106.0478358066027,1.203e-18
1106.0578799169625,1.208e-18
1106.067924027322,1.212e-18
1106.0779681376816,1.213e-18
1106.0880122480412,1.213e-18
1106.0980563584008,1.214e-18
1106.1081004687605,1.215e-18
1106.11814457912,1.218e-18
1106.1281886894797,1.221e-18
1106.1382327998392,1.22e-18
1106.1482769101988,1.216e-18
1106.1583210205586,1.219e-18
1106.1683651309181,1.223e-18
1106.1784092412777,1.222e-18
1106.1884533516372,1.22e-18
1106.1984974619968,1.223e-18
1106.2085415723566,1.228e-18
1106.2185856827161,1.228e-18
1106.2286297930757,1.228e-18
1106.2386739034353,1.229e-18
1106.248718013795,1.228e-18
1106.2587621241546,1.226e-18
1106.2688062345142,1.226e-18
1106.2788503448737,1.228e-18
1106.2888944552333,1.227e-18
1106.298938565593,1.224e-18
1106.3089826759526,1.228e-18
1106.3190267863122,1.234e-18
1106.3290708966717,1.233e-18
1106.3391150070313,1.229e-18
1106.349159117391,1.231e-18
1106.3592032277506,1.236e-18
1106.3692473381102,1.234e-18
1106.3792914484698,1.231e-18
1106.3893355588293,1.232e-18
1106.399379669189,1.233e-18
1106.4094237795487,1.235e-18
1106.4194678899082,1.239e-18
1106.4295120002678,1.24e-18
1106.4395561106276,1.235e-18
1106.4496002209871,1.235e-18
1106.4596443313467,1.242e-18
1106.4696884417062,1.244e-18
1106.4797325520658,1.239e-18
1106.4897766624256,1.237e-18
1106.4998207727851,1.241e-18
1106.5098648831447,1.244e-18
1106.5199089935043,1.244e-18
1106.5299531038638,1.245e-18
1106.5399972142236,1.243e-18
1106.5500413245832,1.241e-18
1106.5600854349427,1.242e-18
1106.5701295453023,1.245e-18
1106.5801736556618,1.243e-18
1106.5902177660216,1.24e-18
1106.6002618763812,1.239e-18
1106.6103059867407,1.242e-18
1106.6203500971003,1.246e-18
1106.63039420746,1.25e-18
1106.6404383178196,1.25e-18
1106.6504824281792,1.248e-18
1106.6605265385388,1.247e-18
1106.6705706488983,1.245e-18
1106.680614759258,1.24e-18
1106.6906588696177,1.237e-18
1106.7007029799772,1.24e-18
1106.7107470903368,1.246e-18
1106.7207912006963,1.247e-18
1106.7308353110561,1.244e-18
1106.7408794214157,1.245e-18
1106.7509235317752,1.249e-18
1106.7609676421348,1.248e-18
1106.7710117524944,1.242e-18
1106.7810558628541,1.239e-18
1106.7910999732137,1.239e-18
1106.8011440835733,1.24e-18
1106.8111881939328,1.241e-18
1106.8212323042926,1.245e-18
1106.8312764146522,1.247e-18
1106.8413205250117,1.246e-18
1106.8513646353713,1.245e-18
1106.8614087457308,1.244e-18
1106.8714528560906,1.243e-18
1106.8814969664502,1.245e-18
1106.8915410768097,1.249e-18
1106.9015851871693,1.249e-18
1106.9116292975289,1.246e-18
1106.9216734078886,1.244e-18
1106.9317175182482,1.245e-18
1106.9417616286078,1.247e-18
1106.9518057389673,1.247e-18
1106.9618498493269,1.246e-18
1106.9718939596867,1.242e-18
1106.9819380700462,1.24e-18
1106.9919821804058,1.243e-18
1107.0020262907653,1.246e-18
1107.012070401125,1.244e-18
1107.0221145114847,1.242e-18
1107.0321586218442,1.243e-18
1107.0422027322038,1.245e-18
1107.0522468425634,1.243e-18
1107.0622909529231,1.238e-18
1107.0723350632827,1.238e-18
1107.0823791736423,1.243e-18
1107.0924232840018,1.246e-18
1107.1024673943614,1.242e-18
1107.1125115047212,1.238e-18
1107.1225556150807,1.241e-18
1107.1325997254403,1.246e-18
1107.1426438357998,1.246e-18
1107.1526879461594,1.244e-18
1107.1627320565192,1.243e-18
1107.1727761668787,1.246e-18
1107.1828202772383,1.248e-18
1107.1928643875979,1.247e-18
1107.2029084979574,1.246e-18
1107.2129526083172,1.248e-18
1107.2229967186768,1.248e-18
1107.2330408290363,1.245e-18
1107.2430849393959,1.243e-18
1107.2531290497557,1.244e-18
1107.2631731601152,1.245e-18
1107.2732172704748,1.243e-18
1107.2832613808343,1.241e-18
1107.293305491194,1.24e-18
1107.3033496015537,1.237e-18
1107.3133937119132,1.234e-18
1107.3234378222728,1.235e-18
1107.3334819326324,1.239e-18
1107.343526042992,1.239e-18
1107.3535701533517,1.236e-18
1107.3636142637113,1.233e-18
1107.3736583740708,1.235e-18
1107.3837024844304,1.239e-18
1107.39374659479,1.237e-18
1107.4037907051497,1.232e-18
1107.4138348155093,1.232e-18
1107.4238789258688,1.232e-18
1107.4339230362284,1.23e-18
1107.443967146588,1.228e-18
1107.4540112569478,1.23e-18
1107.4640553673073,1.229e-18
1107.4740994776669,1.225e-18
1107.4841435880264,1.225e-18
1107.4941876983862,1.228e-18
1107.5042318087458,1.226e-18
1107.5142759191053,1.224e-18
1107.524320029465,1.228e-18
1107.5343641398244,1.232e-18
1107.5444082501842,1.23e-18
1107.5544523605438,1.231e-18
1107.5644964709034,1.236e-18
1107.574540581263,1.238e-18
1107.5845846916225,1.235e-18
1107.5946288019823,1.234e-18
1107.6046729123418,1.232e-18
1107.6147170227014,1.23e-18
1107.624761133061,1.229e-18
1107.6348052434205,1.23e-18
1107.6448493537803,1.231e-18
1107.6548934641398,1.23e-18
1107.6649375744994,1.227e-18
1107.674981684859,1.228e-18
1107.6850257952187,1.231e-18
1107.6950699055783,1.231e-18
1107.7051140159379,1.228e-18
1107.7151581262974,1.226e-18
1107.725202236657,1.228e-18
1107.7352463470168,1.229e-18
1107.7452904573763,1.228e-18
1107.7553345677359,1.228e-18
1107.7653786780954,1.228e-18
1107.775422788455,1.228e-18
1107.7854668988148,1.231e-18
1107.7955110091743,1.232e-18
1107.805555119534,1.227e-18
1107.8155992298935,1.222e-18
1107.825643340253,1.224e-18
1107.8356874506128,1.228e-18
1107.8457315609724,1.226e-18
1107.855775671332,1.223e-18
1107.8658197816915,1.225e-18
1107.8758638920513,1.231e-18
1107.8859080024108,1.233e-18
1107.8959521127704,1.226e-18
1107.90599622313,1.222e-18
1107.9160403334895,1.23e-18
1107.9260844438493,1.237e-18
1107.9361285542088,1.233e-18
1107.9461726645684,1.227e-18
1107.956216774928,1.229e-18
1107.9662608852875,1.232e-18
1107.9763049956473,1.229e-18
1107.9863491060069,1.226e-18
1107.9963932163664,1.227e-18
1108.006437326726,1.227e-18
1108.0164814370855,1.226e-18
1108.0265255474453,1.224e-18
1108.0365696578049,1.221e-18
1108.0466137681644,1.222e-18
1108.056657878524,1.226e-18
1108.0667019888838,1.228e-18
1108.0767460992433,1.226e-18
1108.086790209603,1.228e-18
1108.0968343199625,1.231e-18
1108.106878430322,1.227e-18
1108.1169225406818,1.223e-18
1108.1269666510414,1.223e-18
1108.137010761401,1.223e-18
1108.1470548717605,1.222e-18
1108.15709898212,1.225e-18
1108.1671430924798,1.227e-18
1108.1771872028394,1.226e-18
1108.187231313199,1.227e-18
1108.1972754235585,1.229e-18
1108.207319533918,1.229e-18
1108.2173636442778,1.228e-18
1108.2274077546374,1.23e-18
1108.237451864997,1.229e-18
1108.2474959753565,1.226e-18
1108.2575400857163,1.229e-18
1108.2675841960759,1.232e-18
1108.2776283064354,1.233e-18
1108.287672416795,1.234e-18
1108.2977165271545,1.236e-18
1108.3077606375143,1.235e-18
1108.3178047478739,1.233e-18
1108.3278488582334,1.234e-18
1108.337892968593,1.236e-18
1108.3479370789526,1.235e-18
1108.3579811893123,1.234e-18
1108.368025299672,1.231e-18
1108.3780694100315,1.23e-18
1108.388113520391,1.233e-18
1108.3981576307506,1.236e-18
1108.4082017411104,1.232e-18
1108.41824585147,1.227e-18
1108.4282899618295,1.23e-18
1108.438334072189,1.235e-18
1108.4483781825486,1.232e-18
1108.4584222929084,1.229e-18
1108.468466403268,1.229e-18
1108.4785105136275,1.229e-18
1108.488554623987,1.229e-18
1108.4985987343468,1.231e-18
1108.5086428447064,1.231e-18
1108.518686955066,1.229e-18
1108.5287310654255,1.229e-18
1108.538775175785,1.232e-18
1108.5488192861449,1.234e-18
1108.5588633965044,1.233e-18
1108.568907506864,1.23e-18
1108.5789516172235,1.228e-18
1108.588995727583,1.229e-18
1108.5990398379429,1.232e-18
1108.6090839483024,1.233e-18
1108.619128058662,1.234e-18
1108.6291721690216,1.237e-18
1108.6392162793811,1.237e-18
1108.649260389741,1.232e-18
1108.6593045001005,1.23e-18
1108.66934861046,1.232e-18
1108.6793927208196,1.233e-18
1108.6894368311791,1.233e-18
1108.699480941539,1.233e-18
1108.7095250518985,1.233e-18
1108.719569162258,1.232e-18
1108.7296132726176,1.232e-18
1108.7396573829774,1.234e-18
1108.749701493337,1.234e-18
1108.7597456036965,1.232e-18
1108.769789714056,1.232e-18
1108.7798338244156,1.236e-18
1108.7898779347754,1.239e-18
1108.799922045135,1.238e-18
1108.8099661554945,1.235e-18
1108.820010265854,1.235e-18
1108.8300543762136,1.236e-18
1108.8400984865734,1.235e-18
1108.850142596933,1.235e-18
1108.8601867072925,1.236e-18
1108.870230817652,1.237e-18
1108.8802749280117,1.237e-18
1108.8903190383714,1.234e-18
1108.900363148731,1.231e-18
1108.9104072590906,1.235e-18
1108.9204513694501,1.241e-18
1108.93049547981,1.238e-18
1108.9405395901695,1.229e-18
1108.950583700529,1.23e-18
1108.9606278108886,1.24e-18
1108.9706719212481,1.241e-18
1108.980716031608,1.235e-18
1108.9907601419675,1.234e-18
1109.000804252327,1.236e-18
1109.0108483626866,1.235e-18
1109.0208924730462,1.235e-18
1109.030936583406,1.235e-18
1109.0409806937655,1.231e-18
1109.051024804125,1.229e-18
1109.0610689144846,1.234e-18
1109.0711130248442,1.236e-18
1109.081157135204,1.233e-18
1109.0912012455635,1.233e-18
1109.101245355923,1.236e-18
1109.1112894662826,1.237e-18
1109.1213335766424,1.237e-18
1109.131377687002,1.237e-18
1109.1414217973615,1.234e-18
1109.151465907721,1.23e-18
1109.1615100180807,1.23e-18
1109.1715541284404,1.229e-18
1109.1815982388,1.227e-18
1109.1916423491596,1.232e-18
1109.2016864595191,1.237e-18
1109.2117305698787,1.234e-18
1109.2217746802385,1.23e-18
1109.231818790598,1.231e-18
1109.2418629009576,1.229e-18
1109.2519070113171,1.228e-18
1109.2619511216767,1.236e-18
1109.2719952320365,1.241e-18
1109.282039342396,1.237e-18
1109.2920834527556,1.233e-18
1109.3021275631152,1.237e-18
1109.312171673475,1.238e-18
1109.3222157838345,1.237e-18
1109.332259894194,1.238e-18
1109.3423040045536,1.238e-18
1109.3523481149132,1.233e-18
1109.362392225273,1.231e-18
1109.3724363356325,1.231e-18
1109.382480445992,1.23e-18
1109.3925245563516,1.232e-18
1109.4025686667112,1.237e-18
1109.412612777071,1.234e-18
1109.4226568874305,1.229e-18
1109.43270099779,1.229e-18
1109.4427451081497,1.23e-18
1109.4527892185092,1.226e-18
1109.462833328869,1.226e-18
1109.4728774392286,1.23e-18
1109.4829215495881,1.23e-18
1109.4929656599477,1.227e-18
1109.5030097703075,1.227e-18
1109.513053880667,1.227e-18
1109.5230979910266,1.226e-18
1109.5331421013861,1.226e-18
1109.5431862117457,1.228e-18
1109.5532303221055,1.227e-18
1109.563274432465,1.226e-18
1109.5733185428246,1.229e-18
1109.5833626531842,1.23e-18
1109.5934067635437,1.23e-18
1109.6034508739035,1.23e-18
1109.613494984263,1.23e-18
1109.6235390946226,1.228e-18
1109.6335832049822,1.227e-18
1109.6436273153417,1.228e-18
1109.6536714257015,1.228e-18
1109.663715536061,1.225e-18
1109.6737596464206,1.224e-18
1109.6838037567802,1.227e-18
1109.6938478671398,1.228e-18
1109.7038919774996,1.224e-18
1109.713936087859,1.22e-18
1109.7239801982187,1.223e-18
1109.7340243085782,1.227e-18
1109.744068418938,1.225e-18
1109.7541125292976,1.219e-18
1109.7641566396571,1.217e-18
1109.7742007500167,1.218e-18
1109.7842448603762,1.22e-18
1109.794288970736,1.221e-18
1109.8043330810956,1.218e-18
1109.8143771914552,1.214e-18
1109.8244213018147,1.216e-18
1109.8344654121743,1.221e-18
1109.844509522534,1.221e-18
1109.8545536328936,1.218e-18
1109.8645977432532,1.218e-18
1109.8746418536127,1.217e-18
1109.8846859639723,1.215e-18
1109.894730074332,1.215e-18
1109.9047741846916,1.217e-18
1109.9148182950512,1.216e-18
1109.9248624054107,1.214e-18
1109.9349065157705,1.215e-18
1109.94495062613,1.218e-18
1109.9549947364897,1.219e-18
1109.9650388468492,1.219e-18
1109.9750829572088,1.216e-18
1109.9851270675686,1.213e-18
1109.9951711779281,1.215e-18
1110.0052152882877,1.216e-18
1110.0152593986472,1.212e-18
1110.0253035090068,1.212e-18
1110.0353476193666,1.218e-18
1110.0453917297261,1.217e-18
1110.0554358400857,1.211e-18
1110.0654799504453,1.21e-18
1110.0755240608048,1.212e-18
1110.0855681711646,1.21e-18
1110.0956122815242,1.21e-18
1110.1056563918837,1.214e-18
1110.1157005022433,1.212e-18
1110.1257446126028,1.208e-18
1110.1357887229626,1.214e-18
1110.1458328333222,1.218e-18
1110.1558769436817,1.212e-18
1110.1659210540413,1.205e-18
1110.175965164401,1.207e-18
1110.1860092747606,1.207e-18
1110.1960533851202,1.204e-18
1110.2060974954798,1.204e-18
1110.2161416058393,1.204e-18
1110.226185716199,1.201e-18
1110.2362298265587,1.201e-18
1110.2462739369182,1.202e-18
1110.2563180472778,1.199e-18
1110.2663621576373,1.195e-18
1110.2764062679971,1.196e-18
1110.2864503783567,1.197e-18
1110.2964944887162,1.2e-18
1110.3065385990758,1.203e-18
1110.3165827094354,1.204e-18
1110.3266268197951,1.202e-18
1110.3366709301547,1.202e-18
1110.3467150405143,1.202e-18
1110.3567591508738,1.197e-18
1110.3668032612336,1.194e-18
1110.3768473715932,1.198e-18
1110.3868914819527,1.2e-18
1110.3969355923123,1.196e-18
1110.4069797026718,1.193e-18
1110.4170238130316,1.194e-18
1110.4270679233912,1.194e-18
1110.4371120337507,1.193e-18
1110.4471561441103,1.193e-18
1110.4572002544699,1.193e-18
1110.4672443648296,1.191e-18
1110.4772884751892,1.19e-18
1110.4873325855488,1.19e-18
1110.4973766959083,1.189e-18
1110.5074208062679,1.188e-18
1110.5174649166277,1.185e-18
1110.5275090269872,1.183e-18
1110.5375531373468,1.181e-18
1110.5475972477063,1.182e-18
1110.5576413580661,1.184e-18
1110.5676854684257,1.186e-18
1110.5777295787852,1.188e-18
1110.5877736891448,1.188e-18
1110.5978177995044,1.188e-18
1110.6078619098641,1.185e-18
1110.6179060202237,1.181e-18
1110.6279501305833,1.181e-18
1110.6379942409428,1.184e-18
1110.6480383513024,1.186e-18
1110.6580824616622,1.184e-18
1110.6681265720217,1.18e-18
1110.6781706823813,1.177e-18
1110.6882147927408,1.178e-18
1110.6982589031004,1.183e-18
1110.7083030134602,1.185e-18
1110.7183471238197,1.179e-18
1110.7283912341793,1.175e-18
1110.7384353445389,1.177e-18
1110.7484794548986,1.179e-18
1110.7585235652582,1.174e-18
1110.7685676756178,1.172e-18
1110.7786117859773,1.176e-18
1110.7886558963369,1.177e-18
1110.7987000066967,1.175e-18
1110.8087441170562,1.175e-18
1110.8187882274158,1.173e-18
1110.8288323377753,1.169e-18
1110.838876448135,1.166e-18
1110.8489205584947,1.167e-18
1110.8589646688542,1.166e-18
1110.8690087792138,1.164e-18
1110.8790528895734,1.166e-18
1110.889096999933,1.166e-18
1110.8991411102927,1.162e-18
1110.9091852206523,1.16e-18
1110.9192293310118,1.162e-18
1110.9292734413714,1.163e-18
1110.9393175517312,1.159e-18
1110.9493616620907,1.158e-18
1110.9594057724503,1.159e-18
1110.9694498828098,1.156e-18
1110.9794939931694,1.151e-18
1110.9895381035292,1.153e-18
1110.9995822138887,1.158e-18
1111.0096263242483,1.157e-18
1111.0196704346079,1.153e-18
1111.0297145449674,1.154e-18
1111.0397586553272,1.158e-18
1111.0498027656868,1.158e-18
1111.0598468760463,1.156e-18
1111.0698909864059,1.158e-18
1111.0799350967654,1.157e-18
1111.0899792071252,1.152e-18
1111.1000233174848,1.153e-18
1111.1100674278443,1.157e-18
1111.120111538204,1.156e-18
1111.1301556485635,1.152e-18
1111.1401997589232,1.153e-18
1111.1502438692828,1.152e-18
1111.1602879796424,1.146e-18
1111.170332090002,1.143e-18
1111.1803762003617,1.144e-18
1111.1904203107213,1.145e-18
1111.2004644210808,1.143e-18
1111.2105085314404,1.144e-18
1111.2205526418,1.144e-18
1111.2305967521597,1.141e-18
1111.2406408625193,1.14e-18
1111.2506849728788,1.141e-18
1111.2607290832384,1.139e-18
1111.270773193598,1.139e-18
1111.2808173039577,1.141e-18
1111.2908614143173,1.14e-18
1111.3009055246769,1.136e-18
1111.3109496350364,1.135e-18
1111.320993745396,1.136e-18
1111.3310378557558,1.136e-18
1111.3410819661153,1.134e-18
1111.3511260764749,1.133e-18
1111.3611701868344,1.129e-18
1111.371214297194,1.127e-18
1111.3812584075538,1.129e-18
1111.3913025179133,1.13e-18
1111.401346628273,1.129e-18
1111.4113907386325,1.129e-18
1111.4214348489922,1.129e-18
1111.4314789593518,1.126e-18
1111.4415230697114,1.123e-18
1111.451567180071,1.126e-18
1111.4616112904305,1.126e-18
1111.4716554007903,1.12e-18
1111.4816995111498,1.115e-18
1111.4917436215094,1.118e-18
1111.501787731869,1.12e-18
1111.5118318422285,1.117e-18
1111.5218759525883,1.115e-18
1111.5319200629478,1.116e-18
1111.5419641733074,1.112e-18
1111.552008283667,1.107e-18
1111.5620523940265,1.108e-18
1111.5720965043863,1.109e-18
1111.5821406147459,1.104e-18
1111.5921847251054,1.101e-18
1111.602228835465,1.105e-18
1111.6122729458248,1.108e-18
1111.6223170561843,1.104e-18
1111.632361166544,1.102e-18
1111.6424052769034,1.104e-18
1111.652449387263,1.103e-18
1111.6624934976228,1.102e-18
1111.6725376079823,1.105e-18
1111.682581718342,1.107e-18
1111.6926258287015,1.104e-18
1111.702669939061,1.103e-18
1111.7127140494208,1.105e-18
1111.7227581597804,1.103e-18
1111.73280227014,1.101e-18
1111.7428463804995,1.103e-18
1111.752890490859,1.101e-18
1111.7629346012188,1.096e-18
1111.7729787115784,1.095e-18
1111.783022821938,1.098e-18
1111.7930669322975,1.096e-18
1111.8031110426573,1.093e-18
1111.8131551530169,1.095e-18
1111.8231992633764,1.093e-18
1111.833243373736,1.087e-18
1111.8432874840955,1.087e-18
1111.8533315944553,1.089e-18
1111.8633757048149,1.086e-18
1111.8734198151744,1.083e-18
1111.883463925534,1.086e-18
1111.8935080358935,1.087e-18
1111.9035521462533,1.079e-18
1111.913596256613,1.074e-18
1111.9236403669724,1.077e-18
1111.933684477332,1.079e-18
1111.9437285876916,1.078e-18
1111.9537726980514,1.075e-18
1111.963816808411,1.073e-18
1111.9738609187705,1.072e-18
1111.98390502913,1.076e-18
1111.9939491394898,1.076e-18
1112.0039932498494,1.071e-18
1112.014037360209,1.066e-18
1112.0240814705685,1.067e-18
1112.034125580928,1.067e-18
1112.0441696912878,1.066e-18
1112.0542138016474,1.068e-18
1112.064257912007,1.07e-18
1112.0743020223665,1.067e-18
1112.084346132726,1.063e-18
1112.0943902430859,1.063e-18
1112.1044343534454,1.064e-18
1112.114478463805,1.064e-18
1112.1245225741645,1.063e-18
1112.134566684524,1.063e-18
1112.1446107948839,1.062e-18
1112.1546549052434,1.064e-18
1112.164699015603,1.064e-18
1112.1747431259626,1.06e-18
1112.1847872363223,1.057e-18
1112.194831346682,1.059e-18
1112.2048754570415,1.062e-18
1112.214919567401,1.058e-18
1112.2249636777606,1.053e-18
1112.2350077881204,1.053e-18
1112.24505189848,1.055e-18
1112.2550960088395,1.053e-18
1112.265140119199,1.05e-18
1112.2751842295586,1.05e-18
1112.2852283399184,1.05e-18
1112.295272450278,1.046e-18
1112.3053165606375,1.043e-18
1112.315360670997,1.042e-18
1112.3254047813566,1.039e-18
1112.3354488917164,1.037e-18
1112.345493002076,1.04e-18
1112.3555371124355,1.045e-18
1112.365581222795,1.042e-18
1112.3756253331546,1.035e-18
1112.3856694435144,1.035e-18
1112.395713553874,1.037e-18
1112.4057576642335,1.034e-18
1112.415801774593,1.033e-18
1112.4258458849529,1.036e-18
1112.4358899953124,1.035e-18
1112.445934105672,1.029e-18
1112.4559782160316,1.026e-18
1112.466022326391,1.028e-18
1112.476066436751,1.027e-18
1112.4861105471105,1.025e-18
1112.49615465747,1.027e-18
1112.5061987678296,1.027e-18
1112.5162428781891,1.021e-18
1112.526286988549,1.016e-18
1112.5363310989085,1.016e-18
1112.546375209268,1.016e-18
1112.5564193196276,1.014e-18
1112.5664634299872,1.015e-18
1112.576507540347,1.017e-18
1112.5865516507065,1.015e-18
1112.596595761066,1.009e-18
1112.6066398714256,1.006e-18
1112.6166839817854,1.007e-18
1112.626728092145,1.009e-18
1112.6367722025045,1.009e-18
1112.646816312864,1.009e-18
1112.6568604232236,1.009e-18
1112.6669045335834,1.009e-18
1112.676948643943,1.006e-18
1112.6869927543025,1.001e-18
1112.697036864662,9.983e-19
1112.7070809750217,1e-18
1112.7171250853814,1.001e-18
1112.727169195741,9.976e-19
1112.7372133061006,9.948e-19
1112.7472574164601,9.972e-19
1112.7573015268197,9.998e-19
1112.7673456371795,9.987e-19
1112.777389747539,9.972e-19
1112.7874338578986,9.97e-19
1112.7974779682581,9.958e-19
1112.8075220786177,9.942e-19
1112.8175661889775,9.948e-19
1112.827610299337,9.95e-19
1112.8376544096966,9.924e-19
1112.8476985200562,9.905e-19
1112.857742630416,9.915e-19
1112.8677867407755,9.917e-19
1112.877830851135,9.887e-19
1112.8878749614946,9.863e-19
1112.8979190718542,9.867e-19
1112.907963182214,9.864e-19
1112.9180072925735,9.828e-19
1112.928051402933,9.796e-19
1112.9380955132926,9.797e-19
1112.9481396236522,9.794e-19
1112.958183734012,9.752e-19
1112.9682278443715,9.708e-19
1112.978271954731,9.706e-19
1112.9883160650907,9.731e-19
1112.9983601754502,9.742e-19
1113.00840428581,9.73e-19
1113.0184483961696,9.702e-19
1113.0284925065291,9.668e-19
1113.0385366168887,9.656e-19
1113.0485807272485,9.671e-19
1113.058624837608,9.67e-19
1113.0686689479676,9.632e-19
1113.0787130583271,9.599e-19
1113.0887571686867,9.605e-19
1113.0988012790465,9.628e-19
1113.108845389406,9.627e-19
1113.1188894997656,9.602e-19
1113.1289336101252,9.583e-19
1113.1389777204847,9.584e-19
1113.1490218308445,9.57e-19
1113.159065941204,9.526e-19
1113.1691100515636,9.505e-19
1113.1791541619232,9.535e-19
1113.1891982722827,9.55e-19
1113.1992423826425,9.508e-19
1113.209286493002,9.467e-19
1113.2193306033616,9.469e-19
1113.2293747137212,9.465e-19
1113.239418824081,9.433e-19
1113.2494629344405,9.408e-19
1113.2595070448,9.388e-19
1113.2695511551597,9.365e-19
1113.2795952655192,9.367e-19
1113.289639375879,9.386e-19
1113.2996834862386,9.372e-19
1113.3097275965981,9.337e-19
1113.3197717069577,9.329e-19
1113.3298158173172,9.332e-19
1113.339859927677,9.319e-19
1113.3499040380366,9.314e-19
1113.3599481483961,9.316e-19
1113.3699922587557,9.298e-19
1113.3800363691153,9.281e-19
1113.390080479475,9.287e-19
1113.4001245898346,9.283e-19
1113.4101687001942,9.258e-19
1113.4202128105537,9.25e-19
1113.4302569209135,9.258e-19
1113.440301031273,9.251e-19
1113.4503451416326,9.232e-19
1113.4603892519922,9.217e-19
1113.4704333623517,9.203e-19
1113.4804774727115,9.202e-19
1113.490521583071,9.211e-19
1113.5005656934306,9.188e-19
1113.5106098037902,9.138e-19
1113.5206539141498,9.121e-19
1113.5306980245095,9.135e-19
1113.540742134869,9.126e-19
1113.5507862452287,9.093e-19
1113.5608303555882,9.076e-19
1113.5708744659478,9.08e-19
1113.5809185763076,9.089e-19
1113.5909626866671,9.081e-19
1113.6010067970267,9.04e-19
1113.6110509073862,8.995e-19
1113.621095017746,8.991e-19
1113.6311391281056,8.999e-19
1113.6411832384651,8.97e-19
1113.6512273488247,8.94e-19
1113.6612714591843,8.944e-19
1113.671315569544,8.937e-19
1113.6813596799036,8.902e-19
1113.6914037902632,8.891e-19
1113.7014479006227,8.905e-19
1113.7114920109823,8.903e-19
1113.721536121342,8.901e-19
1113.7315802317016,8.914e-19
1113.7416243420612,8.895e-19
1113.7516684524207,8.844e-19
1113.7617125627803,8.826e-19
1113.77175667314,8.837e-19
1113.7818007834996,8.825e-19
1113.7918448938592,8.813e-19
1113.8018890042188,8.833e-19
1113.8119331145783,8.836e-19
1113.821977224938,8.794e-19
1113.8320213352977,8.766e-19
1113.8420654456572,8.776e-19
1113.8521095560168,8.774e-19
1113.8621536663766,8.749e-19
1113.8721977767361,8.735e-19
1113.8822418870957,8.722e-19
1113.8922859974552,8.697e-19
1113.9023301078148,8.687e-19
1113.9123742181746,8.695e-19
1113.9224183285341,8.676e-19
1113.9324624388937,8.634e-19
1113.9425065492533,8.613e-19
1113.9525506596128,8.606e-19
1113.9625947699726,8.586e-19
1113.9726388803322,8.569e-19
1113.9826829906917,8.575e-19
1113.9927271010513,8.577e-19
1114.0027712114108,8.564e-19
1114.0128153217706,8.553e-19
1114.0228594321302,8.538e-19
1114.0329035424897,8.507e-19
1114.0429476528493,8.488e-19
1114.0529917632089,8.493e-19
1114.0630358735687,8.49e-19
1114.0730799839282,8.472e-19
1114.0831240942878,8.471e-19
1114.0931682046473,8.477e-19
1114.103212315007,8.453e-19
1114.1132564253667,8.412e-19
1114.1233005357262,8.405e-19
1114.1333446460858,8.429e-19
1114.1433887564453,8.438e-19
1114.1534328668051,8.413e-19
1114.1634769771647,8.382e-19
1114.1735210875243,8.374e-19
1114.1835651978838,8.377e-19
1114.1936093082434,8.361e-19
1114.2036534186032,8.326e-19
1114.2136975289627,8.298e-19
1114.2237416393223,8.279e-19
1114.2337857496818,8.269e-19
1114.2438298600414,8.281e-19
1114.2538739704012,8.283e-19
1114.2639180807607,8.237e-19
1114.2739621911203,8.201e-19
1114.2840063014798,8.235e-19
1114.2940504118396,8.26e-19
1114.3040945221992,8.207e-19
1114.3141386325588,8.159e-19
1114.3241827429183,8.18e-19
1114.3342268532779,8.182e-19
1114.3442709636377,8.115e-19
1114.3543150739972,8.064e-19
1114.3643591843568,8.062e-19
1114.3744032947163,8.058e-19
1114.384447405076,8.055e-19
1114.3944915154357,8.078e-19
1114.4045356257952,8.09e-19
1114.4145797361548,8.072e-19
1114.4246238465144,8.069e-19
1114.434667956874,8.078e-19
1114.4447120672337,8.063e-19
1114.4547561775933,8.048e-19
1114.4648002879528,8.06e-19
1114.4748443983124,8.057e-19
1114.4848885086722,8.017e-19
1114.4949326190317,7.979e-19
1114.5049767293913,7.967e-19
1114.5150208397508,7.971e-19
1114.5250649501104,7.98e-19
1114.5351090604702,7.971e-19
1114.5451531708297,7.935e-19
1114.5551972811893,7.901e-19
1114.5652413915489,7.886e-19
1114.5752855019084,7.875e-19
1114.5853296122682,7.873e-19
1114.5953737226278,7.889e-19
1114.6054178329873,7.881e-19
1114.6154619433469,7.83e-19
1114.6255060537064,7.792e-19
1114.6355501640662,7.787e-19
1114.6455942744258,7.765e-19
1114.6556383847853,7.726e-19
1114.665682495145,7.733e-19
1114.6757266055047,7.774e-19
1114.6857707158642,7.774e-19
1114.6958148262238,7.726e-19
1114.7058589365834,7.689e-19
1114.715903046943,7.693e-19
1114.7259471573027,7.715e-19
1114.7359912676623,7.724e-19
1114.7460353780218,7.703e-19
1114.7560794883814,7.669e-19
1114.766123598741,7.656e-19
1114.7761677091007,7.659e-19
1114.7862118194603,7.639e-19
1114.7962559298198,7.607e-19
1114.8063000401794,7.603e-19
1114.816344150539,7.62e-19
1114.8263882608987,7.609e-19
1114.8364323712583,7.567e-19
1114.8464764816179,7.538e-19
1114.8565205919774,7.538e-19
1114.8665647023372,7.546e-19
1114.8766088126968,7.551e-19
1114.8866529230563,7.552e-19
1114.8966970334159,7.544e-19
1114.9067411437754,7.526e-19
1114.9167852541352,7.505e-19
1114.9268293644948,7.476e-19
1114.9368734748543,7.442e-19
1114.946917585214,7.439e-19
1114.9569616955735,7.466e-19
1114.9670058059332,7.458e-19
1114.9770499162928,7.395e-19
1114.9870940266524,7.347e-19
1114.997138137012,7.352e-19
1115.0071822473715,7.357e-19
1115.0172263577313,7.333e-19
1115.0272704680908,7.318e-19
1115.0373145784504,7.321e-19
1115.04735868881,7.306e-19
1115.0574027991697,7.278e-19
1115.0674469095293,7.263e-19
1115.0774910198888,7.254e-19
1115.0875351302484,7.242e-19
1115.097579240608,7.248e-19
1115.1076233509677,7.267e-19
1115.1176674613273,7.258e-19
1115.1277115716869,7.221e-19
1115.1377556820464,7.199e-19
1115.147799792406,7.2e-19
1115.1578439027658,7.198e-19
1115.1678880131253,7.189e-19
1115.1779321234849,7.184e-19
1115.1879762338444,7.173e-19
1115.198020344204,7.154e-19
1115.2080644545638,7.15e-19
1115.2181085649233,7.158e-19
1115.228152675283,7.142e-19
1115.2381967856425,7.101e-19
1115.2482408960022,7.083e-19
1115.2582850063618,7.105e-19
1115.2683291167214,7.12e-19
1115.278373227081,7.096e-19
1115.2884173374405,7.065e-19
1115.2984614478,7.053e-19
1115.3085055581598,7.041e-19
1115.3185496685194,7.013e-19
1115.328593778879,6.993e-19
1115.3386378892385,6.986e-19
1115.3486819995983,6.968e-19
1115.3587261099578,6.945e-19
1115.3687702203174,6.94e-19
1115.378814330677,6.934e-19
1115.3888584410365,6.914e-19
1115.3989025513963,6.914e-19
1115.4089466617559,6.95e-19
1115.4189907721154,6.954e-19
1115.429034882475,6.892e-19
1115.4390789928345,6.831e-19
1115.4491231031943,6.826e-19
1115.4591672135539,6.844e-19
1115.4692113239134,6.852e-19
1115.479255434273,6.858e-19
1115.4892995446326,6.858e-19
1115.4993436549923,6.839e-19
1115.509387765352,6.826e-19
1115.5194318757115,6.833e-19
1115.529475986071,6.83e-19
1115.5395200964308,6.803e-19
1115.5495642067904,6.778e-19
1115.55960831715,6.767e-19
1115.5696524275095,6.762e-19
1115.579696537869,6.769e-19
1115.5897406482288,6.769e-19
1115.5997847585884,6.728e-19
1115.609828868948,6.672e-19
1115.6198729793075,6.665e-19
1115.629917089667,6.693e-19
1115.6399612000268,6.682e-19
1115.6500053103864,6.627e-19
1115.660049420746,6.608e-19
1115.6700935311055,6.643e-19
1115.680137641465,6.653e-19
1115.6901817518249,6.594e-19
1115.7002258621844,6.532e-19
1115.710269972544,6.531e-19
1115.7203140829035,6.566e-19
1115.7303581932633,6.575e-19
1115.740402303623,6.549e-19
1115.7504464139824,6.517e-19
1115.760490524342,6.497e-19
1115.7705346347016,6.487e-19
1115.7805787450613,6.481e-19
1115.790622855421,6.478e-19
1115.8006669657805,6.488e-19
1115.81071107614,6.497e-19
1115.8207551864996,6.476e-19
1115.8307992968594,6.442e-19
1115.840843407219,6.438e-19
1115.8508875175785,6.44e-19
1115.860931627938,6.41e-19
1115.8709757382976,6.395e-19
1115.8810198486574,6.447e-19
1115.891063959017,6.495e-19
1115.9011080693765,6.463e-19
1115.911152179736,6.403e-19
1115.9211962900958,6.378e-19
1115.9312404004554,6.365e-19
1115.941284510815,6.346e-19
1115.9513286211745,6.339e-19
1115.961372731534,6.335e-19
1115.9714168418939,6.318e-19
1115.9814609522534,6.311e-19
1115.991505062613,6.308e-19
1116.0015491729725,6.28e-19
1116.011593283332,6.26e-19
1116.021637393692,6.281e-19
1116.0316815040514,6.294e-19
1116.041725614411,6.263e-19
1116.0517697247706,6.244e-19
1116.0618138351301,6.254e-19
1116.07185794549,6.236e-19
1116.0819020558495,6.186e-19
1116.091946166209,6.159e-19
1116.1019902765686,6.161e-19
1116.1120343869284,6.167e-19
1116.122078497288,6.176e-19
1116.1321226076475,6.174e-19
1116.142166718007,6.138e-19
1116.1522108283666,6.103e-19
1116.1622549387264,6.106e-19
1116.172299049086,6.115e-19
1116.1823431594455,6.103e-19
1116.192387269805,6.097e-19
1116.2024313801646,6.1e-19
1116.2124754905244,6.082e-19
1116.222519600884,6.062e-19
1116.2325637112435,6.075e-19
1116.242607821603,6.092e-19
1116.2526519319626,6.07e-19
1116.2626960423224,6.048e-19
1116.272740152682,6.06e-19
1116.2827842630415,6.059e-19
1116.292828373401,6.012e-19
1116.302872483761,5.976e-19
1116.3129165941205,5.989e-19
1116.32296070448,5.996e-19
1116.3330048148396,5.963e-19
1116.3430489251991,5.936e-19
1116.353093035559,5.943e-19
1116.3631371459185,5.945e-19
1116.373181256278,5.925e-19
1116.3832253666376,5.907e-19
1116.3932694769971,5.886e-19
1116.403313587357,5.851e-19
1116.4133576977165,5.83e-19
1116.423401808076,5.839e-19
1116.4334459184356,5.853e-19
1116.4434900287952,5.856e-19
1116.453534139155,5.853e-19
1116.4635782495145,5.83e-19
1116.473622359874,5.788e-19
1116.4836664702336,5.759e-19
1116.4937105805934,5.755e-19
1116.503754690953,5.756e-19
1116.5137988013125,5.758e-19
1116.523842911672,5.763e-19
1116.5338870220316,5.757e-19
1116.5439311323912,5.744e-19
1116.553975242751,5.754e-19
1116.5640193531106,5.778e-19
1116.57406346347,5.771e-19
1116.5841075738297,5.729e-19
1116.5941516841895,5.699e-19
1116.604195794549,5.711e-19
1116.6142399049086,5.737e-19
1116.6242840152681,5.74e-19
1116.6343281256277,5.723e-19
1116.6443722359875,5.714e-19
1116.654416346347,5.698e-19
1116.6644604567066,5.649e-19
1116.6745045670662,5.603e-19
1116.6845486774257,5.61e-19
1116.6945927877855,5.637e-19
1116.704636898145,5.634e-19
1116.7146810085046,5.614e-19
1116.7247251188642,5.599e-19
1116.7347692292237,5.576e-19
1116.7448133395835,5.56e-19
1116.754857449943,5.574e-19
1116.7649015603026,5.583e-19
1116.7749456706622,5.562e-19
1116.784989781022,5.553e-19
1116.7950338913815,5.565e-19
1116.805078001741,5.544e-19
1116.8151221121007,5.496e-19
1116.8251662224602,5.482e-19
1116.83521033282,5.496e-19
1116.8452544431796,5.495e-19
1116.8552985535391,5.489e-19
1116.8653426638987,5.497e-19
1116.8753867742582,5.491e-19
1116.885430884618,5.471e-19
1116.8954749949776,5.479e-19
1116.9055191053371,5.507e-19
1116.9155632156967,5.501e-19
1116.9256073260563,5.458e-19
1116.935651436416,5.43e-19
1116.9456955467756,5.431e-19
1116.9557396571352,5.431e-19
1116.9657837674947,5.421e-19
1116.9758278778545,5.419e-19
1116.985871988214,5.407e-19
1116.9959160985736,5.366e-19
1117.0059602089332,5.339e-19
1117.0160043192927,5.353e-19
1117.0260484296525,5.352e-19
1117.036092540012,5.309e-19
1117.0461366503716,5.288e-19
1117.0561807607312,5.311e-19
1117.0662248710908,5.31e-19
1117.0762689814505,5.283e-19
1117.08631309181,5.282e-19
1117.0963572021697,5.285e-19
1117.1064013125292,5.254e-19
1117.1164454228888,5.243e-19
1117.1264895332486,5.268e-19
1117.1365336436081,5.258e-19
1117.1465777539677,5.214e-19
1117.1566218643272,5.207e-19
1117.166665974687,5.215e-19
1117.1767100850466,5.188e-19
1117.1867541954061,5.168e-19
1117.1967983057657,5.183e-19
1117.2068424161253,5.184e-19
1117.216886526485,5.171e-19
1117.2269306368446,5.182e-19
1117.2369747472042,5.175e-19
1117.2470188575637,5.127e-19
1117.2570629679233,5.114e-19
1117.267107078283,5.146e-19
1117.2771511886426,5.149e-19
1117.2871952990022,5.136e-19
1117.2972394093617,5.164e-19
1117.3072835197213,5.172e-19
1117.317327630081,5.112e-19
1117.3273717404406,5.072e-19
1117.3374158508002,5.096e-19
1117.3474599611598,5.092e-19
1117.3575040715195,5.03e-19
1117.367548181879,4.999e-19
1117.3775922922387,5.02e-19
1117.3876364025982,5.017e-19
1117.3976805129578,4.984e-19
1117.4077246233176,4.985e-19
1117.4177687336771,5.004e-19
1117.4278128440367,4.979e-19
1117.4378569543962,4.934e-19
1117.4479010647558,4.937e-19
1117.4579451751156,4.964e-19
1117.4679892854751,4.953e-19
1117.4780333958347,4.919e-19
1117.4880775061943,4.912e-19
1117.4981216165538,4.914e-19
1117.5081657269136,4.895e-19
1117.5182098372732,4.875e-19
1117.5282539476327,4.873e-19
1117.5382980579923,4.873e-19
1117.548342168352,4.884e-19
1117.5583862787116,4.911e-19
1117.5684303890712,4.903e-19
1117.5784744994307,4.842e-19
1117.5885186097903,4.802e-19
1117.59856272015,4.83e-19
1117.6086068305096,4.869e-19
1117.6186509408692,4.866e-19
1117.6286950512288,4.841e-19
1117.6387391615883,4.83e-19
1117.648783271948,4.833e-19
1117.6588273823077,4.827e-19
1117.6688714926672,4.803e-19
1117.6789156030268,4.787e-19
1117.6889597133863,4.797e-19
1117.6990038237461,4.797e-19
1117.7090479341057,4.767e-19
1117.7190920444652,4.751e-19
1117.7291361548248,4.765e-19
1117.7391802651846,4.759e-19
1117.7492243755441,4.725e-19
1117.7592684859037,4.71e-19
1117.7693125962633,4.712e-19
1117.7793567066228,4.696e-19
1117.7894008169826,4.683e-19
1117.7994449273422,4.695e-19
1117.8094890377017,4.692e-19
1117.8195331480613,4.661e-19
1117.8295772584208,4.652e-19
1117.8396213687806,4.674e-19
1117.8496654791402,4.683e-19
1117.8597095894997,4.667e-19
1117.8697536998593,4.646e-19
1117.8797978102189,4.631e-19
1117.8898419205786,4.623e-19
1117.8998860309382,4.625e-19
1117.9099301412978,4.626e-19
1117.9199742516573,4.626e-19
1117.930018362017,4.639e-19
1117.9400624723767,4.65e-19
1117.9501065827362,4.629e-19
1117.9601506930958,4.596e-19
1117.9701948034553,4.595e-19
1117.980238913815,4.617e-19
1117.9902830241747,4.62e-19
1118.0003271345342,4.598e-19
1118.0103712448938,4.575e-19
1118.0204153552534,4.558e-19
1118.0304594656131,4.536e-19
1118.0405035759727,4.515e-19
1118.0505476863323,4.505e-19
1118.0605917966918,4.497e-19
1118.0706359070514,4.479e-19
1118.0806800174112,4.468e-19
1118.0907241277707,4.471e-19
1118.1007682381303,4.47e-19
1118.1108123484898,4.452e-19
1118.1208564588494,4.435e-19
1118.1309005692092,4.424e-19
1118.1409446795687,4.403e-19
1118.1509887899283,4.376e-19
1118.1610329002879,4.367e-19
1118.1710770106474,4.379e-19
1118.1811211210072,4.389e-19
1118.1911652313668,4.382e-19
1118.2012093417263,4.37e-19
1118.2112534520859,4.372e-19
1118.2212975624457,4.369e-19
1118.2313416728052,4.343e-19
1118.2413857831648,4.323e-19
1118.2514298935243,4.345e-19
1118.261474003884,4.367e-19
1118.2715181142437,4.339e-19
1118.2815622246032,4.307e-19
1118.2916063349628,4.319e-19
1118.3016504453224,4.325e-19
1118.311694555682,4.292e-19
1118.3217386660417,4.277e-19
1118.3317827764013,4.299e-19
1118.3418268867608,4.3e-19
1118.3518709971204,4.274e-19
1118.36191510748,4.268e-19
1118.3719592178397,4.272e-19
1118.3820033281993,4.257e-19
1118.3920474385588,4.245e-19
1118.4020915489184,4.254e-19
1118.4121356592782,4.257e-19
1118.4221797696378,4.23e-19
1118.4322238799973,4.186e-19
1118.4422679903569,4.152e-19
1118.4523121007164,4.155e-19
1118.4623562110762,4.178e-19
1118.4724003214358,4.176e-19
1118.4824444317953,4.145e-19
1118.492488542155,4.131e-19
1118.5025326525144,4.145e-19
1118.5125767628742,4.152e-19
1118.5226208732338,4.14e-19
1118.5326649835933,4.124e-19
1118.542709093953,4.113e-19
1118.5527532043125,4.119e-19
1118.5627973146723,4.138e-19
1118.5728414250318,4.14e-19
1118.5828855353914,4.125e-19
1118.592929645751,4.123e-19
1118.6029737561107,4.12e-19
1118.6130178664703,4.101e-19
1118.6230619768298,4.095e-19
1118.6331060871894,4.106e-19
1118.643150197549,4.084e-19
1118.6531943079087,4.045e-19
1118.6632384182683,4.058e-19
1118.6732825286279,4.093e-19
1118.6833266389874,4.068e-19
1118.693370749347,4.021e-19
1118.7034148597068,4.029e-19
1118.7134589700663,4.057e-19
1118.7235030804259,4.033e-19
1118.7335471907854,3.987e-19
1118.743591301145,3.968e-19
1118.7536354115048,3.957e-19
1118.7636795218643,3.935e-19
1118.773723632224,3.928e-19
1118.7837677425834,3.936e-19
1118.7938118529432,3.925e-19
1118.8038559633028,3.899e-19
1118.8139000736624,3.889e-19
1118.823944184022,3.889e-19
1118.8339882943815,3.88e-19
1118.8440324047413,3.883e-19
1118.8540765151008,3.899e-19
1118.8641206254604,3.882e-19
1118.87416473582,3.841e-19
1118.8842088461795,3.848e-19
1118.8942529565393,3.898e-19
1118.9042970668988,3.898e-19
1118.9143411772584,3.847e-19
1118.924385287618,3.826e-19
1118.9344293979775,3.834e-19
1118.9444735083373,3.821e-19
1118.9545176186969,3.813e-19
1118.9645617290564,3.834e-19
1118.974605839416,3.828e-19
1118.9846499497758,3.786e-19
1118.9946940601353,3.774e-19
1119.0047381704949,3.792e-19
1119.0147822808544,3.788e-19
1119.024826391214,3.775e-19
1119.0348705015738,3.783e-19
1119.0449146119333,3.786e-19
1119.054958722293,3.765e-19
1119.0650028326525,3.742e-19
1119.075046943012,3.721e-19
1119.0850910533718,3.703e-19
1119.0951351637314,3.706e-19
1119.105179274091,3.711e-19
1119.1152233844505,3.686e-19
1119.12526749481,3.654e-19
1119.1353116051698,3.652e-19
1119.1453557155294,3.658e-19
1119.155399825889,3.645e-19
1119.1654439362485,3.63e-19
1119.1754880466083,3.624e-19
1119.1855321569678,3.613e-19
1119.1955762673274,3.601e-19
1119.205620377687,3.594e-19
1119.2156644880465,3.588e-19
1119.225708598406,3.592e-19
1119.2357527087659,3.606e-19
1119.2457968191254,3.607e-19
1119.255840929485,3.59e-19
1119.2658850398445,3.583e-19
1119.2759291502043,3.587e-19
1119.2859732605639,3.573e-19
1119.2960173709234,3.551e-19
1119.306061481283,3.551e-19
1119.3161055916426,3.574e-19
1119.3261497020023,3.595e-19
1119.336193812362,3.592e-19
1119.3462379227215,3.564e-19
1119.356282033081,3.537e-19
1119.3663261434406,3.537e-19
1119.3763702538004,3.55e-19
1119.38641436416,3.547e-19
1119.3964584745195,3.523e-19
1119.406502584879,3.491e-19
1119.4165466952386,3.468e-19
1119.4265908055984,3.471e-19
1119.436634915958,3.494e-19
1119.4466790263175,3.504e-19
1119.456723136677,3.487e-19
1119.4667672470368,3.47e-19
1119.4768113573964,3.466e-19
1119.486855467756,3.456e-19
1119.4968995781155,3.436e-19
1119.506943688475,3.429e-19
1119.5169877988349,3.437e-19
1119.5270319091944,3.437e-19
1119.537076019554,3.417e-19
1119.5471201299135,3.395e-19
1119.557164240273,3.396e-19
1119.5672083506329,3.415e-19
1119.5772524609924,3.428e-19
1119.587296571352,3.419e-19
1119.5973406817116,3.402e-19
1119.6073847920711,3.393e-19
1119.617428902431,3.396e-19
1119.6274730127905,3.406e-19
1119.63751712315,3.417e-19
1119.6475612335096,3.428e-19
1119.6576053438694,3.431e-19
1119.667649454229,3.414e-19
1119.6776935645885,3.389e-19
1119.687737674948,3.388e-19
1119.6977817853076,3.413e-19
1119.7078258956674,3.423e-19
1119.717870006027,3.402e-19
1119.7279141163865,3.379e-19
1119.737958226746,3.373e-19
1119.7480023371056,3.375e-19
1119.7580464474654,3.367e-19
1119.768090557825,3.345e-19
1119.7781346681845,3.322e-19
1119.788178778544,3.323e-19
1119.7982228889036,3.346e-19
1119.8082669992634,3.358e-19
1119.818311109623,3.338e-19
1119.8283552199825,3.307e-19
1119.838399330342,3.283e-19
1119.8484434407019,3.272e-19
1119.8584875510614,3.281e-19
1119.868531661421,3.3e-19
1119.8785757717806,3.3e-19
1119.8886198821401,3.275e-19
1119.8986639925,3.256e-19
1119.9087081028595,3.267e-19
1119.918752213219,3.292e-19
1119.9287963235786,3.304e-19
1119.9388404339381,3.289e-19
1119.948884544298,3.271e-19
1119.9589286546575,3.276e-19
1119.968972765017,3.297e-19
1119.9790168753766,3.302e-19
1119.9890609857362,3.282e-19
1119.999105096096,3.259e-19
1120.0091492064555,3.256e-19
1120.019193316815,3.271e-19
1120.0292374271746,3.286e-19
1120.0392815375344,3.279e-19
1120.049325647894,3.256e-19
1120.0593697582535,3.241e-19
1120.069413868613,3.244e-19
1120.0794579789726,3.255e-19
1120.0895020893324,3.268e-19
1120.099546199692,3.276e-19
1120.1095903100515,3.259e-19
1120.119634420411,3.229e-19
1120.1296785307707,3.226e-19
1120.1397226411304,3.249e-19
1120.14976675149,3.254e-19
1120.1598108618496,3.224e-19
1120.1698549722091,3.195e-19
1120.1798990825687,3.198e-19
1120.1899431929285,3.213e-19
1120.199987303288,3.207e-19
1120.2100314136476,3.196e-19
1120.2200755240071,3.216e-19
1120.230119634367,3.242e-19
1120.2401637447265,3.229e-19
1120.250207855086,3.197e-19
1120.2602519654456,3.196e-19
1120.2702960758052,3.205e-19
1120.280340186165,3.191e-19
1120.2903842965245,3.2e-19
1120.300428406884,3.243e-19
1120.3104725172436,3.248e-19
1120.3205166276032,3.196e-19
1120.330560737963,3.174e-19
1120.3406048483225,3.207e-19
1120.350648958682,3.22e-19
1120.3606930690416,3.194e-19
1120.3707371794012,3.186e-19
1120.380781289761,3.205e-19
1120.3908254001205,3.201e-19
1120.40086951048,3.174e-19
1120.4109136208397,3.164e-19
1120.4209577311995,3.179e-19
1120.431001841559,3.188e-19
1120.4410459519186,3.183e-19
1120.4510900622781,3.178e-19
1120.4611341726377,3.176e-19
1120.4711782829975,3.168e-19
1120.481222393357,3.157e-19
1120.4912665037166,3.158e-19
1120.5013106140761,3.165e-19
1120.5113547244357,3.162e-19
1120.5213988347955,3.152e-19
1120.531442945155,3.147e-19
1120.5414870555146,3.142e-19
1120.5515311658742,3.132e-19
1120.5615752762337,3.126e-19
1120.5716193865935,3.125e-19
1120.581663496953,3.121e-19
1120.5917076073126,3.109e-19
1120.6017517176722,3.092e-19
1120.611795828032,3.084e-19
1120.6218399383915,3.105e-19
1120.631884048751,3.136e-19
1120.6419281591106,3.134e-19
1120.6519722694702,3.104e-19
1120.6620163798298,3.093e-19
1120.6720604901896,3.113e-19
1120.682104600549,3.134e-19
1120.6921487109087,3.135e-19
1120.7021928212682,3.121e-19
1120.712236931628,3.108e-19
1120.7222810419876,3.118e-19
1120.7323251523471,3.136e-19
1120.7423692627067,3.128e-19
1120.7524133730662,3.107e-19
1120.762457483426,3.111e-19
1120.7725015937856,3.129e-19
1120.7825457041452,3.132e-19
1120.7925898145047,3.124e-19
1120.8026339248643,3.115e-19
1120.812678035224,3.101e-19
1120.8227221455836,3.101e-19
1120.8327662559432,3.115e-19
1120.8428103663027,3.107e-19
1120.8528544766623,3.084e-19
1120.862898587022,3.095e-19
1120.8729426973816,3.114e-19
1120.8829868077412,3.09e-19
1120.8930309181007,3.064e-19
1120.9030750284605,3.083e-19
1120.91311913882,3.106e-19
1120.9231632491797,3.097e-19
1120.9332073595392,3.1e-19
1120.9432514698988,3.124e-19
1120.9532955802586,3.116e-19
1120.963339690618,3.085e-19
1120.9733838009777,3.083e-19
1120.9834279113372,3.104e-19
1120.9934720216968,3.107e-19
1121.0035161320566,3.1e-19
1121.0135602424161,3.112e-19
1121.0236043527757,3.14e-19
1121.0336484631353,3.156e-19
1121.0436925734948,3.138e-19
1121.0537366838546,3.101e-19
1121.0637807942142,3.08e-19
1121.0738249045737,3.085e-19
1121.0838690149333,3.109e-19
1121.093913125293,3.144e-19
1121.1039572356526,3.16e-19
1121.1140013460122,3.138e-19
1121.1240454563717,3.123e-19
1121.1340895667313,3.15e-19
1121.144133677091,3.172e-19
1121.1541777874506,3.158e-19
1121.1642218978102,3.151e-19
1121.1742660081698,3.165e-19
1121.1843101185293,3.155e-19
1121.194354228889,3.128e-19
1121.2043983392487,3.134e-19
1121.2144424496082,3.154e-19
1121.2244865599678,3.149e-19
1121.2345306703273,3.137e-19
1121.2445747806871,3.141e-19
1121.2546188910467,3.149e-19
1121.2646630014062,3.163e-19
1121.2747071117658,3.177e-19
1121.2847512221256,3.169e-19
1121.2947953324851,3.155e-19
1121.3048394428447,3.173e-19
1121.3148835532043,3.194e-19
1121.3249276635638,3.179e-19
1121.3349717739236,3.165e-19
1121.3450158842832,3.188e-19
1121.3550599946427,3.201e-19
1121.3651041050023,3.183e-19
1121.3751482153618,3.18e-19
1121.3851923257216,3.205e-19
1121.3952364360812,3.211e-19
1121.4052805464407,3.195e-19
1121.4153246568003,3.19e-19
1121.4253687671599,3.2e-19
1121.4354128775196,3.2e-19
1121.4454569878792,3.19e-19
1121.4555010982388,3.182e-19
1121.4655452085983,3.179e-19
1121.475589318958,3.185e-19
1121.4856334293177,3.201e-19
1121.4956775396772,3.201e-19
1121.5057216500368,3.176e-19
1121.5157657603963,3.165e-19
1121.5258098707561,3.195e-19
1121.5358539811157,3.218e-19
1121.5458980914752,3.193e-19
1121.5559422018348,3.166e-19
1121.5659863121944,3.175e-19
1121.5760304225541,3.175e-19
1121.5860745329137,3.148e-19
1121.5961186432733,3.157e-19
1121.6061627536328,3.196e-19
1121.6162068639924,3.183e-19
1121.6262509743522,3.137e-19
1121.6362950847117,3.155e-19
1121.6463391950713,3.208e-19
1121.6563833054308,3.194e-19
1121.6664274157906,3.143e-19
1121.6764715261502,3.149e-19
1121.6865156365097,3.185e-19
1121.6965597468693,3.187e-19
1121.7066038572289,3.174e-19
1121.7166479675886,3.177e-19
1121.7266920779482,3.178e-19
1121.7367361883078,3.171e-19
1121.7467802986673,3.181e-19
1121.7568244090269,3.201e-19
1121.7668685193867,3.197e-19
1121.7769126297462,3.166e-19
1121.7869567401058,3.146e-19
1121.7970008504653,3.168e-19
1121.807044960825,3.199e-19
1121.8170890711847,3.188e-19
1121.8271331815442,3.161e-19
1121.8371772919038,3.172e-19
1121.8472214022634,3.201e-19
1121.8572655126231,3.2e-19
1121.8673096229827,3.181e-19
1121.8773537333423,3.166e-19
1121.8873978437018,3.148e-19
1121.8974419540614,3.14e-19
1121.907486064421,3.156e-19
1121.9175301747807,3.161e-19
1121.9275742851403,3.141e-19
1121.9376183954998,3.144e-19
1121.9476625058594,3.166e-19
1121.9577066162192,3.159e-19
1121.9677507265787,3.144e-19
1121.9777948369383,3.156e-19
1121.9878389472979,3.15e-19
1121.9978830576574,3.117e-19
1122.0079271680172,3.12e-19
1122.0179712783768,3.147e-19
1122.0280153887363,3.142e-19
1122.0380594990959,3.142e-19
1122.0481036094554,3.176e-19
1122.0581477198152,3.167e-19
1122.0681918301748,3.121e-19
1122.0782359405343,3.144e-19
1122.088280050894,3.203e-19
1122.0983241612535,3.18e-19
1122.1083682716132,3.125e-19
1122.1184123819728,3.135e-19
1122.1284564923324,3.158e-19
1122.138500602692,3.138e-19
1122.1485447130517,3.129e-19
1122.1585888234113,3.138e-19
1122.1686329337708,3.12e-19
1122.1786770441304,3.106e-19
1122.18872115449,3.113e-19
1122.1987652648497,3.088e-19
1122.2088093752093,3.045e-19
1122.2188534855688,3.064e-19
1122.2288975959284,3.105e-19
1122.238941706288,3.092e-19
1122.2489858166477,3.072e-19
1122.2590299270073,3.09e-19
1122.2690740373669,3.092e-19
1122.2791181477264,3.065e-19
1122.289162258086,3.06e-19
1122.2992063684458,3.067e-19
1122.3092504788053,3.057e-19
1122.3192945891649,3.058e-19
1122.3293386995244,3.065e-19
1122.3393828098842,3.038e-19
1122.3494269202438,3.017e-19
1122.3594710306033,3.041e-19
1122.369515140963,3.051e-19
1122.3795592513225,3.021e-19
1122.3896033616822,3.027e-19
1122.3996474720418,3.07e-19
1122.4096915824014,3.071e-19
1122.419735692761,3.039e-19
1122.4297798031205,3.03e-19
1122.4398239134803,3.028e-19
1122.4498680238398,3.009e-19
1122.4599121341994,3.003e-19
1122.469956244559,3.011e-19
1122.4800003549185,3.01e-19
1122.4900444652783,3.021e-19
1122.5000885756378,3.044e-19
1122.5101326859974,3.04e-19
1122.520176796357,3.021e-19
1122.5302209067167,3.028e-19
1122.5402650170763,3.038e-19
1122.5503091274359,3.012e-19
1122.5603532377954,2.978e-19
1122.570397348155,2.976e-19
1122.5804414585148,2.99e-19
1122.5904855688743,2.996e-19
1122.600529679234,2.99e-19
1122.6105737895934,2.986e-19
1122.620617899953,2.995e-19
1122.6306620103128,3e-19
1122.6407061206723,2.976e-19
1122.650750231032,2.952e-19
1122.6607943413915,2.974e-19
1122.670838451751,3.003e-19
1122.6808825621108,2.982e-19
1122.6909266724704,2.944e-19
1122.70097078283,2.941e-19
1122.7110148931895,2.953e-19
1122.7210590035493,2.955e-19
1122.7311031139088,2.964e-19
1122.7411472242684,2.982e-19
1122.751191334628,2.986e-19
1122.7612354449875,2.978e-19
1122.7712795553473,2.968e-19
1122.7813236657069,2.953e-19
1122.7913677760664,2.942e-19
1122.801411886426,2.943e-19
1122.8114559967855,2.94e-19
1122.8215001071453,2.934e-19
1122.8315442175049,2.943e-19
1122.8415883278644,2.954e-19
1122.851632438224,2.95e-19
1122.8616765485835,2.94e-19
1122.8717206589433,2.936e-19
1122.881764769303,2.932e-19
1122.8918088796624,2.924e-19
1122.901852990022,2.915e-19
1122.9118971003818,2.901e-19
1122.9219412107414,2.891e-19
1122.931985321101,2.893e-19
1122.9420294314605,2.896e-19
1122.95207354182,2.892e-19
1122.9621176521798,2.887e-19
1122.9721617625394,2.881e-19
1122.982205872899,2.878e-19
1122.9922499832585,2.888e-19
1123.002294093618,2.89e-19
1123.0123382039778,2.864e-19
1123.0223823143374,2.853e-19
1123.032426424697,2.885e-19
1123.0424705350565,2.893e-19
1123.052514645416,2.841e-19
1123.0625587557759,2.8e-19
1123.0726028661354,2.815e-19
1123.082646976495,2.831e-19
1123.0926910868545,2.821e-19
1123.1027351972143,2.817e-19
1123.1127793075739,2.823e-19
1123.1228234179334,2.818e-19
1123.132867528293,2.81e-19
1123.1429116386525,2.798e-19
1123.1529557490123,2.779e-19
1123.162999859372,2.781e-19
1123.1730439697315,2.808e-19
1123.183088080091,2.816e-19
1123.1931321904506,2.79e-19
1123.2031763008104,2.767e-19
1123.21322041117,2.754e-19
1123.2232645215295,2.731e-19
1123.233308631889,2.712e-19
1123.2433527422486,2.714e-19
1123.2533968526084,2.72e-19
1123.263440962968,2.716e-19
1123.2734850733275,2.707e-19
1123.283529183687,2.699e-19
1123.2935732940468,2.697e-19
1123.3036174044064,2.698e-19
1123.313661514766,2.689e-19
1123.3237056251255,2.677e-19
1123.333749735485,2.681e-19
1123.3437938458446,2.686e-19
1123.3538379562044,2.668e-19
1123.363882066564,2.653e-19
1123.3739261769235,2.659e-19
1123.383970287283,2.658e-19
1123.3940143976429,2.632e-19
1123.4040585080024,2.614e-19
1123.414102618362,2.617e-19
1123.4241467287216,2.626e-19
1123.434190839081,2.638e-19
1123.444234949441,2.65e-19
1123.4542790598005,2.643e-19
1123.46432317016,2.625e-19
1123.4743672805196,2.626e-19
1123.4844113908791,2.641e-19
1123.494455501239,2.634e-19
1123.5044996115985,2.615e-19
1123.514543721958,2.618e-19
1123.5245878323176,2.627e-19
1123.5346319426772,2.602e-19
1123.544676053037,2.562e-19
1123.5547201633965,2.565e-19
1123.564764273756,2.598e-19
1123.5748083841156,2.6e-19
1123.5848524944754,2.576e-19
1123.594896604835,2.569e-19
1123.6049407151945,2.56e-19
1123.614984825554,2.524e-19
1123.6250289359136,2.513e-19
1123.6350730462734,2.546e-19
1123.645117156633,2.552e-19
1123.6551612669925,2.51e-19
1123.665205377352,2.496e-19
1123.6752494877117,2.528e-19
1123.6852935980714,2.538e-19
1123.695337708431,2.515e-19
1123.7053818187906,2.502e-19
1123.7154259291501,2.498e-19
1123.7254700395097,2.492e-19
1123.7355141498695,2.498e-19
1123.745558260229,2.509e-19
1123.7556023705886,2.504e-19
1123.7656464809481,2.497e-19
1123.775690591308,2.495e-19
1123.7857347016675,2.482e-19
1123.795778812027,2.477e-19
1123.8058229223866,2.494e-19
1123.8158670327462,2.492e-19
1123.825911143106,2.464e-19
1123.8359552534655,2.458e-19
1123.845999363825,2.461e-19
1123.8560434741846,2.426e-19
1123.8660875845442,2.392e-19
1123.876131694904,2.418e-19
1123.8861758052635,2.455e-19
1123.896219915623,2.443e-19
1123.9062640259826,2.412e-19
1123.9163081363422,2.398e-19
1123.926352246702,2.389e-19
1123.9363963570615,2.385e-19
1123.946440467421,2.401e-19
1123.9564845777807,2.409e-19
1123.9665286881404,2.381e-19
1123.9765727985,2.356e-19
1123.9866169088596,2.373e-19
1123.9966610192191,2.4e-19
1124.0067051295787,2.4e-19
1124.0167492399385,2.394e-19
1124.026793350298,2.408e-19
1124.0368374606576,2.41e-19
1124.0468815710171,2.373e-19
1124.0569256813767,2.344e-19
1124.0669697917365,2.366e-19
1124.077013902096,2.393e-19
1124.0870580124556,2.378e-19
1124.0971021228152,2.356e-19
1124.1071462331747,2.358e-19
1124.1171903435345,2.361e-19
1124.127234453894,2.358e-19
1124.1372785642536,2.364e-19
1124.1473226746132,2.366e-19
1124.157366784973,2.361e-19
1124.1674108953325,2.378e-19
1124.177455005692,2.403e-19
1124.1874991160516,2.393e-19
1124.1975432264112,2.375e-19
1124.207587336771,2.394e-19
1124.2176314471305,2.418e-19
1124.22767555749,2.406e-19
1124.2377196678497,2.387e-19
1124.2477637782092,2.393e-19
1124.257807888569,2.409e-19
1124.2678519989286,2.417e-19
1124.2778961092881,2.409e-19
1124.2879402196477,2.386e-19
1124.2979843300072,2.374e-19
1124.308028440367,2.388e-19
1124.3180725507266,2.392e-19
1124.3281166610861,2.373e-19
1124.3381607714457,2.371e-19
1124.3482048818055,2.396e-19
1124.358248992165,2.403e-19
1124.3682931025246,2.386e-19
1124.3783372128842,2.383e-19
1124.3883813232437,2.398e-19
1124.3984254336035,2.404e-19
1124.408469543963,2.39e-19
1124.4185136543226,2.376e-19
1124.4285577646822,2.392e-19
1124.4386018750417,2.424e-19
1124.4486459854015,2.419e-19
1124.458690095761,2.384e-19
1124.4687342061206,2.374e-19
1124.4787783164802,2.388e-19
1124.4888224268398,2.384e-19
1124.4988665371995,2.389e-19
1124.508910647559,2.42e-19
1124.5189547579187,2.413e-19
1124.5289988682782,2.367e-19
1124.539042978638,2.37e-19
1124.5490870889976,2.418e-19
1124.5591311993571,2.421e-19
1124.5691753097167,2.396e-19
1124.5792194200762,2.412e-19
1124.5892635304358,2.425e-19
1124.5993076407956,2.398e-19
1124.6093517511551,2.396e-19
1124.6193958615147,2.44e-19
1124.6294399718743,2.451e-19
1124.639484082234,2.415e-19
1124.6495281925936,2.407e-19
1124.6595723029532,2.435e-19
1124.6696164133127,2.44e-19
1124.6796605236723,2.414e-19
1124.689704634032,2.408e-19
1124.6997487443916,2.435e-19
1124.7097928547512,2.462e-19
1124.7198369651107,2.457e-19
1124.7298810754703,2.438e-19
1124.73992518583,2.442e-19
1124.7499692961896,2.461e-19
1124.7600134065492,2.465e-19
1124.7700575169088,2.461e-19
1124.7801016272683,2.47e-19
1124.790145737628,2.48e-19
1124.8001898479877,2.483e-19
1124.8102339583472,2.491e-19
1124.8202780687068,2.506e-19
1124.8303221790666,2.513e-19
1124.8403662894261,2.512e-19
1124.8504103997857,2.509e-19
1124.8604545101452,2.508e-19
1124.8704986205048,2.525e-19
1124.8805427308646,2.551e-19
1124.8905868412241,2.554e-19
1124.9006309515837,2.544e-19
1124.9106750619433,2.553e-19
1124.9207191723028,2.563e-19
1124.9307632826626,2.547e-19
1124.9408073930222,2.541e-19
1124.9508515033817,2.569e-19
1124.9608956137413,2.593e-19
1124.9709397241008,2.59e-19
1124.9809838344606,2.579e-19
1124.9910279448202,2.577e-19
1125.0010720551797,2.582e-19
1125.0111161655393,2.598e-19
1125.021160275899,2.617e-19
1125.0312043862587,2.629e-19
1125.0412484966182,2.637e-19
1125.0512926069778,2.642e-19
1125.0613367173373,2.634e-19
1125.071380827697,2.626e-19
1125.0814249380567,2.632e-19
1125.0914690484162,2.638e-19
1125.1015131587758,2.638e-19
1125.1115572691353,2.65e-19
1125.1216013794951,2.673e-19
1125.1316454898547,2.691e-19
1125.1416896002142,2.703e-19
1125.1517337105738,2.704e-19
1125.1617778209334,2.693e-19
1125.1718219312932,2.694e-19
1125.1818660416527,2.715e-19
1125.1919101520123,2.726e-19
1125.2019542623718,2.731e-19
1125.2119983727316,2.758e-19
1125.2220424830912,2.786e-19
1125.2320865934507,2.775e-19
1125.2421307038103,2.756e-19
1125.2521748141698,2.767e-19
1125.2622189245296,2.789e-19
1125.2722630348892,2.798e-19
1125.2823071452488,2.8e-19
1125.2923512556083,2.798e-19
1125.3023953659679,2.799e-19
1125.3124394763277,2.818e-19
1125.3224835866872,2.837e-19
1125.3325276970468,2.831e-19
1125.3425718074063,2.826e-19
1125.352615917766,2.842e-19
1125.3626600281257,2.85e-19
1125.3727041384852,2.853e-19
1125.3827482488448,2.891e-19
1125.3927923592043,2.928e-19
1125.4028364695641,2.908e-19
1125.4128805799237,2.876e-19
1125.4229246902833,2.896e-19
1125.4329688006428,2.928e-19
1125.4430129110024,2.93e-19
1125.4530570213622,2.947e-19
1125.4631011317217,2.986e-19
1125.4731452420813,2.989e-19
1125.4831893524408,2.959e-19
1125.4932334628004,2.963e-19
1125.5032775731602,2.995e-19
1125.5133216835197,2.999e-19
1125.5233657938793,2.991e-19
1125.5334099042389,3.008e-19
1125.5434540145984,3.022e-19
1125.5534981249582,3.003e-19
1125.5635422353178,2.985e-19
1125.5735863456773,3.003e-19
1125.5836304560369,3.029e-19
1125.5936745663967,3.035e-19
1125.6037186767562,3.036e-19
1125.6137627871158,3.042e-19
1125.6238068974753,3.047e-19
1125.633851007835,3.048e-19
1125.6438951181947,3.042e-19
1125.6539392285542,3.022e-19
1125.6639833389138,3.009e-19
1125.6740274492734,3.02e-19
1125.684071559633,3.034e-19
1125.6941156699927,3.023e-19
1125.7041597803523,3.007e-19
1125.7142038907118,3.015e-19
1125.7242480010714,3.039e-19
1125.734292111431,3.054e-19
1125.7443362217907,3.046e-19
1125.7543803321503,3.023e-19
1125.7644244425098,3.013e-19
1125.7744685528694,3.035e-19
1125.7845126632292,3.061e-19
1125.7945567735887,3.057e-19
1125.8046008839483,3.035e-19
1125.8146449943079,3.034e-19
1125.8246891046674,3.054e-19
1125.8347332150272,3.073e-19
1125.8447773253868,3.08e-19
1125.8548214357463,3.077e-19
1125.8648655461059,3.076e-19
1125.8749096564654,3.085e-19
1125.8849537668252,3.093e-19
1125.8949978771848,3.09e-19
1125.9050419875443,3.086e-19
1125.915086097904,3.088e-19
1125.9251302082635,3.093e-19
1125.9351743186232,3.108e-19
1125.9452184289828,3.13e-19
1125.9552625393424,3.134e-19
1125.965306649702,3.122e-19
1125.9753507600617,3.126e-19
1125.9853948704213,3.14e-19
1125.9954389807808,3.138e-19
1126.0054830911404,3.139e-19
1126.0155272015,3.154e-19
1126.0255713118595,3.153e-19
1126.0356154222193,3.135e-19
1126.0456595325788,3.137e-19
1126.0557036429384,3.154e-19
1126.065747753298,3.15e-19
1126.0757918636577,3.135e-19
1126.0858359740173,3.142e-19
1126.0958800843769,3.157e-19
1126.1059241947364,3.156e-19
1126.115968305096,3.145e-19
1126.1260124154558,3.133e-19
1126.1360565258153,3.136e-19
1126.1461006361749,3.157e-19
1126.1561447465344,3.164e-19
1126.166188856894,3.134e-19
1126.1762329672538,3.11e-19
1126.1862770776133,3.12e-19
1126.196321187973,3.127e-19
1126.2063652983325,3.114e-19
1126.216409408692,3.121e-19
1126.2264535190518,3.148e-19
1126.2364976294114,3.155e-19
1126.246541739771,3.139e-19
1126.2565858501305,3.128e-19
1126.2666299604903,3.133e-19
1126.2766740708498,3.148e-19
1126.2867181812094,3.157e-19
1126.296762291569,3.14e-19
1126.3068064019285,3.12e-19
1126.3168505122883,3.137e-19
1126.3268946226478,3.159e-19
1126.3369387330074,3.131e-19
1126.346982843367,3.089e-19
1126.3570269537265,3.096e-19
1126.3670710640863,3.128e-19
1126.3771151744459,3.128e-19
1126.3871592848054,3.109e-19
1126.397203395165,3.102e-19
1126.4072475055245,3.099e-19
1126.4172916158843,3.09e-19
1126.4273357262439,3.085e-19
1126.4373798366034,3.084e-19
1126.447423946963,3.074e-19
1126.4574680573228,3.058e-19
1126.4675121676823,3.053e-19
1126.477556278042,3.058e-19
1126.4876003884015,3.059e-19
1126.497644498761,3.05e-19
1126.5076886091208,3.046e-19
1126.5177327194804,3.053e-19
1126.52777682984,3.059e-19
1126.5378209401995,3.051e-19
1126.547865050559,3.04e-19
1126.5579091609188,3.04e-19
1126.5679532712784,3.046e-19
1126.577997381638,3.05e-19
1126.5880414919975,3.052e-19
1126.598085602357,3.043e-19
1126.6081297127168,3.015e-19
1126.6181738230764,2.988e-19
1126.628217933436,2.992e-19
1126.6382620437955,3.018e-19
1126.6483061541553,3.024e-19
1126.6583502645149,2.998e-19
1126.6683943748744,2.975e-19
1126.678438485234,2.984e-19
1126.6884825955935,3e-19
1126.6985267059533,2.993e-19
1126.7085708163129,2.971e-19
1126.7186149266724,2.961e-19
1126.728659037032,2.963e-19
1126.7387031473916,2.954e-19
1126.7487472577513,2.939e-19
1126.758791368111,2.94e-19
1126.7688354784705,2.95e-19
1126.77887958883,2.942e-19
1126.7889236991896,2.923e-19
1126.7989678095494,2.92e-19
1126.809011919909,2.927e-19
1126.8190560302685,2.915e-19
1126.829100140628,2.889e-19
1126.8391442509878,2.881e-19
1126.8491883613474,2.893e-19
1126.859232471707,2.892e-19
1126.8692765820665,2.869e-19
1126.879320692426,2.854e-19
1126.8893648027858,2.865e-19
1126.8994089131454,2.885e-19
1126.909453023505,2.887e-19
1126.9194971338645,2.875e-19
1126.929541244224,2.87e-19
1126.9395853545839,2.865e-19
1126.9496294649434,2.838e-19
1126.959673575303,2.811e-19
1126.9697176856625,2.822e-19
1126.979761796022,2.842e-19
1126.989805906382,2.826e-19
1126.9998500167414,2.803e-19
1127.009894127101,2.812e-19
1127.0199382374606,2.819e-19
1127.0299823478204,2.793e-19
1127.04002645818,2.767e-19
1127.0500705685395,2.768e-19
1127.060114678899,2.777e-19
1127.0701587892586,2.784e-19
1127.0802028996184,2.788e-19
1127.090247009978,2.775e-19
1127.1002911203375,2.757e-19
1127.110335230697,2.757e-19
1127.1203793410566,2.75e-19
1127.1304234514164,2.716e-19
1127.140467561776,2.698e-19
1127.1505116721355,2.711e-19
1127.160555782495,2.715e-19
1127.1705998928546,2.699e-19
1127.1806440032144,2.697e-19
1127.190688113574,2.696e-19
1127.2007322239335,2.681e-19
1127.210776334293,2.676e-19
1127.2208204446529,2.676e-19
1127.2308645550124,2.652e-19
1127.240908665372,2.631e-19
1127.2509527757315,2.652e-19
1127.260996886091,2.672e-19
1127.2710409964507,2.652e-19
1127.2810851068105,2.637e-19
1127.29112921717,2.652e-19
1127.3011733275296,2.659e-19
1127.3112174378891,2.643e-19
1127.321261548249,2.634e-19
1127.3313056586085,2.639e-19
1127.341349768968,2.639e-19
1127.3513938793276,2.626e-19
1127.3614379896871,2.597e-19
1127.371482100047,2.568e-19
1127.3815262104065,2.563e-19
1127.391570320766,2.571e-19
1127.4016144311256,2.563e-19
1127.4116585414852,2.542e-19
1127.421702651845,2.523e-19
1127.4317467622045,2.51e-19
1127.441790872564,2.514e-19
1127.4518349829236,2.527e-19
1127.4618790932832,2.514e-19
1127.471923203643,2.484e-19
1127.4819673140025,2.48e-19
1127.492011424362,2.488e-19
1127.5020555347216,2.463e-19
1127.5120996450814,2.422e-19
1127.522143755441,2.411e-19
1127.5321878658006,2.418e-19
1127.54223197616,2.42e-19
1127.5522760865197,2.418e-19
1127.5623201968795,2.412e-19
1127.572364307239,2.397e-19
1127.5824084175986,2.385e-19
1127.5924525279581,2.374e-19
1127.6024966383177,2.358e-19
1127.6125407486775,2.349e-19
1127.622584859037,2.342e-19
1127.6326289693966,2.321e-19
1127.6426730797562,2.314e-19
1127.6527171901157,2.337e-19
1127.6627613004755,2.331e-19
1127.672805410835,2.276e-19
1127.6828495211946,2.258e-19
1127.6928936315542,2.298e-19
1127.702937741914,2.311e-19
1127.7129818522735,2.278e-19
1127.723025962633,2.263e-19
1127.7330700729926,2.268e-19
1127.7431141833522,2.249e-19
1127.753158293712,2.227e-19
1127.7632024040715,2.221e-19
1127.773246514431,2.203e-19
1127.7832906247907,2.182e-19
1127.7933347351502,2.196e-19
1127.80337884551,2.219e-19
1127.8134229558696,2.21e-19
1127.8234670662291,2.192e-19
1127.8335111765887,2.192e-19
1127.8435552869482,2.182e-19
1127.853599397308,2.155e-19
1127.8636435076676,2.141e-19
1127.8736876180271,2.139e-19
1127.8837317283867,2.13e-19
1127.8937758387465,2.127e-19
1127.903819949106,2.137e-19
1127.9138640594656,2.135e-19
1127.9239081698252,2.116e-19
1127.9339522801847,2.103e-19
1127.9439963905445,2.107e-19
1127.954040500904,2.112e-19
1127.9640846112636,2.109e-19
1127.9741287216232,2.105e-19
1127.9841728319827,2.103e-19
1127.9942169423425,2.106e-19
1128.004261052702,2.109e-19
1128.0143051630616,2.11e-19
1128.0243492734212,2.105e-19
1128.0343933837808,2.098e-19
1128.0444374941405,2.086e-19
1128.0544816045,2.069e-19
1128.0645257148597,2.057e-19
1128.0745698252192,2.056e-19
1128.084613935579,2.055e-19
1128.0946580459386,2.046e-19
1128.1047021562981,2.039e-19
1128.1147462666577,2.038e-19
1128.1247903770172,2.037e-19
1128.134834487377,2.036e-19
1128.1448785977366,2.037e-19
1128.1549227080961,2.03e-19
1128.1649668184557,2.018e-19
1128.1750109288153,2.02e-19
1128.185055039175,2.026e-19
1128.1950991495346,2.015e-19
1128.2051432598942,1.997e-19
1128.2151873702537,1.996e-19
1128.2252314806133,1.998e-19
1128.235275590973,1.993e-19
1128.2453197013326,1.99e-19
1128.2553638116922,1.976e-19
1128.2654079220517,1.936e-19
1128.2754520324115,1.906e-19
1128.285496142771,1.918e-19
1128.2955402531306,1.941e-19
1128.3055843634902,1.936e-19
1128.3156284738498,1.922e-19
1128.3256725842095,1.923e-19
1128.335716694569,1.931e-19
1128.3457608049287,1.933e-19
1128.3558049152882,1.924e-19
1128.3658490256478,1.909e-19
1128.3758931360076,1.914e-19
1128.3859372463671,1.936e-19
1128.3959813567267,1.93e-19
1128.4060254670862,1.899e-19
1128.4160695774458,1.898e-19
1128.4261136878056,1.919e-19
1128.4361577981651,1.911e-19
1128.4462019085247,1.891e-19
1128.4562460188843,1.9e-19
1128.466290129244,1.909e-19
1128.4763342396036,1.9e-19
1128.4863783499632,1.896e-19
1128.4964224603227,1.893e-19
1128.5064665706823,1.874e-19
1128.516510681042,1.875e-19
1128.5265547914016,1.901e-19
1128.5365989017612,1.895e-19
1128.5466430121207,1.856e-19
1128.5566871224803,1.851e-19
1128.56673123284,1.876e-19
1128.5767753431996,1.878e-19
1128.5868194535592,1.865e-19
1128.5968635639188,1.863e-19
1128.6069076742783,1.852e-19
1128.616951784638,1.836e-19
1128.6269958949977,1.849e-19
1128.6370400053572,1.874e-19
1128.6470841157168,1.885e-19
1128.6571282260766,1.898e-19
1128.6671723364361,1.908e-19
1128.6772164467957,1.894e-19
1128.6872605571552,1.889e-19
1128.6973046675148,1.919e-19
1128.7073487778744,1.925e-19
1128.7173928882341,1.885e-19
1128.7274369985937,1.874e-19
1128.7374811089533,1.91e-19
1128.7475252193128,1.921e-19
1128.7575693296726,1.901e-19
1128.7676134400322,1.912e-19
1128.7776575503917,1.94e-19
1128.7877016607513,1.924e-19
1128.7977457711108,1.89e-19
1128.8077898814706,1.897e-19
1128.8178339918302,1.927e-19
1128.8278781021897,1.936e-19
1128.8379222125493,1.932e-19
1128.8479663229089,1.936e-19
1128.8580104332686,1.942e-19
1128.8680545436282,1.942e-19
1128.8780986539878,1.938e-19
1128.8881427643473,1.931e-19
1128.8981868747069,1.932e-19
1128.9082309850667,1.953e-19
1128.9182750954262,1.974e-19
1128.9283192057858,1.971e-19
1128.9383633161453,1.966e-19
1128.9484074265051,1.983e-19
1128.9584515368647,1.996e-19
1128.9684956472242,1.982e-19
1128.9785397575838,1.976e-19
1128.9885838679434,2e-19
1128.9986279783031,2.018e-19
1129.0086720886627,2.009e-19
1129.0187161990223,2.007e-19
1129.0287603093818,2.03e-19
1129.0388044197414,2.049e-19
1129.0488485301012,2.052e-19
1129.0588926404607,2.059e-19
1129.0689367508203,2.066e-19
1129.0789808611798,2.066e-19
1129.0890249715394,2.077e-19
1129.0990690818992,2.11e-19
1129.1091131922587,2.125e-19
1129.1191573026183,2.103e-19
1129.1292014129779,2.081e-19
1129.1392455233376,2.085e-19
1129.1492896336972,2.096e-19
1129.1593337440568,2.098e-19
1129.1693778544163,2.107e-19
1129.1794219647759,2.127e-19
1129.1894660751357,2.138e-19
1129.1995101854952,2.142e-19
1129.2095542958548,2.149e-19
1129.2195984062143,2.149e-19
1129.229642516574,2.146e-19
1129.2396866269337,2.169e-19
1129.2497307372932,2.209e-19
1129.2597748476528,2.219e-19
1129.2698189580124,2.204e-19
1129.279863068372,2.214e-19
1129.2899071787317,2.243e-19
1129.2999512890913,2.247e-19
1129.3099953994508,2.24e-19
1129.3200395098104,2.265e-19
1129.3300836201702,2.301e-19
1129.3401277305297,2.308e-19
1129.3501718408893,2.296e-19
1129.3602159512488,2.29e-19
1129.3702600616084,2.295e-19
1129.3803041719682,2.314e-19
1129.3903482823277,2.345e-19
1129.4003923926873,2.368e-19
1129.4104365030469,2.375e-19
1129.4204806134064,2.382e-19
1129.4305247237662,2.388e-19
1129.4405688341258,2.382e-19
1129.4506129444853,2.373e-19
1129.460657054845,2.374e-19
1129.4707011652044,2.388e-19
1129.4807452755642,2.401e-19
1129.4907893859238,2.4e-19
1129.5008334962833,2.396e-19
1129.510877606643,2.413e-19
1129.5209217170027,2.451e-19
1129.5309658273623,2.474e-19
1129.5410099377218,2.466e-19
1129.5510540480814,2.458e-19
1129.561098158441,2.477e-19
1129.5711422688007,2.517e-19
1129.5811863791603,2.554e-19
1129.5912304895198,2.563e-19
1129.6012745998794,2.557e-19
1129.611318710239,2.574e-19
1129.6213628205987,2.604e-19
1129.6314069309583,2.606e-19
1129.6414510413179,2.605e-19
1129.6514951516774,2.655e-19
1129.661539262037,2.707e-19
1129.6715833723968,2.701e-19
1129.6816274827563,2.689e-19
1129.6916715931159,2.723e-19
1129.7017157034754,2.751e-19
1129.7117598138352,2.753e-19
1129.7218039241948,2.792e-19
1129.7318480345543,2.848e-19
1129.741892144914,2.851e-19
1129.7519362552734,2.84e-19
1129.7619803656332,2.879e-19
1129.7720244759928,2.923e-19
1129.7820685863524,2.927e-19
1129.792112696712,2.942e-19
1129.8021568070715,2.991e-19
1129.8122009174313,3.02e-19
1129.8222450277908,3.018e-19
1129.8322891381504,3.019e-19
1129.84233324851,3.024e-19
1129.8523773588695,3.031e-19
1129.8624214692293,3.042e-19
1129.8724655795888,3.028e-19
1129.8825096899484,2.983e-19
1129.892553800308,2.961e-19
1129.9025979106677,2.978e-19
1129.9126420210273,2.981e-19
1129.9226861313869,2.965e-19
1129.9327302417464,2.976e-19
1129.942774352106,3e-19
1129.9528184624655,3.004e-19
1129.9628625728253,3.013e-19
1129.9729066831849,3.04e-19
1129.9829507935444,3.037e-19
1129.992994903904,3.013e-19
1130.0030390142638,3.026e-19
1130.0130831246233,3.058e-19
1130.023127234983,3.044e-19
1130.0331713453425,3.002e-19
1130.043215455702,2.981e-19
1130.0532595660618,2.958e-19
1130.0633036764214,2.913e-19
1130.073347786781,2.872e-19
1130.0833918971405,2.833e-19
1130.0934360075,2.768e-19
1130.1034801178598,2.711e-19
1130.1135242282194,2.698e-19
1130.123568338579,2.688e-19
1130.1336124489385,2.654e-19
1130.143656559298,2.625e-19
1130.1537006696578,2.601e-19
1130.1637447800174,2.563e-19
1130.173788890377,2.551e-19
1130.1838330007365,2.588e-19
1130.1938771110963,2.599e-19
1130.2039212214559,2.553e-19
1130.2139653318154,2.53e-19
1130.224009442175,2.549e-19
1130.2340535525345,2.544e-19
1130.2440976628943,2.511e-19
1130.2541417732539,2.499e-19
1130.2641858836134,2.493e-19
1130.274229993973,2.471e-19
1130.2842741043326,2.476e-19
1130.2943182146923,2.505e-19
1130.304362325052,2.494e-19
1130.3144064354115,2.459e-19
1130.324450545771,2.459e-19
1130.3344946561306,2.476e-19
1130.3445387664904,2.479e-19
1130.35458287685,2.497e-19
1130.3646269872095,2.524e-19
1130.374671097569,2.51e-19
1130.3847152079288,2.484e-19
1130.3947593182884,2.494e-19
1130.404803428648,2.498e-19
1130.4148475390075,2.469e-19
1130.424891649367,2.463e-19
1130.4349357597268,2.491e-19
1130.4449798700864,2.486e-19
1130.455023980446,2.442e-19
1130.4650680908055,2.418e-19
1130.475112201165,2.426e-19
1130.4851563115249,2.432e-19
1130.4952004218844,2.425e-19
1130.505244532244,2.408e-19
1130.5152886426035,2.398e-19
1130.525332752963,2.412e-19
1130.5353768633229,2.429e-19
1130.5454209736824,2.415e-19
1130.555465084042,2.395e-19
1130.5655091944016,2.403e-19
1130.5755533047613,2.403e-19
1130.585597415121,2.363e-19
1130.5956415254805,2.337e-19
1130.60568563584,2.365e-19
1130.6157297461996,2.395e-19
1130.6257738565594,2.381e-19
1130.635817966919,2.349e-19
1130.6458620772785,2.334e-19
1130.655906187638,2.332e-19
1130.6659502979976,2.341e-19
1130.6759944083574,2.354e-19
1130.686038518717,2.351e-19
1130.6960826290765,2.331e-19
1130.706126739436,2.326e-19
1130.7161708497956,2.349e-19
1130.7262149601554,2.368e-19
1130.736259070515,2.358e-19
1130.7463031808745,2.339e-19
1130.756347291234,2.342e-19
1130.7663914015939,2.355e-19
1130.7764355119534,2.352e-19
1130.786479622313,2.336e-19
1130.7965237326725,2.327e-19
1130.806567843032,2.332e-19
1130.8166119533919,2.339e-19
1130.8266560637514,2.338e-19
1130.836700174111,2.333e-19
1130.8467442844706,2.327e-19
1130.8567883948301,2.323e-19
1130.86683250519,2.317e-19
1130.8768766155495,2.309e-19
1130.886920725909,2.303e-19
1130.8969648362686,2.3e-19
1130.9070089466281,2.298e-19
1130.917053056988,2.292e-19
1130.9270971673475,2.28e-19
1130.937141277707,2.267e-19
1130.9471853880666,2.265e-19
1130.9572294984264,2.278e-19
1130.967273608786,2.281e-19
1130.9773177191455,2.261e-19
1130.987361829505,2.245e-19
1130.9974059398646,2.253e-19
1131.0074500502244,2.254e-19
1131.017494160584,2.234e-19
1131.0275382709435,2.24e-19
1131.037582381303,2.29e-19
1131.0476264916626,2.315e-19
1131.0576706020224,2.271e-19
1131.067714712382,2.229e-19
1131.0777588227415,2.249e-19
1131.087802933101,2.283e-19
1131.0978470434607,2.276e-19
1131.1078911538204,2.251e-19
1131.11793526418,2.247e-19
1131.1279793745396,2.255e-19
1131.1380234848991,2.261e-19
1131.148067595259,2.26e-19
1131.1581117056185,2.252e-19
1131.168155815978,2.248e-19
1131.1781999263376,2.252e-19
1131.1882440366971,2.236e-19
1131.198288147057,2.202e-19
1131.2083322574165,2.201e-19
1131.218376367776,2.233e-19
1131.2284204781356,2.23e-19
1131.2384645884952,2.188e-19
1131.248508698855,2.178e-19
1131.2585528092145,2.203e-19
1131.268596919574,2.208e-19
1131.2786410299336,2.189e-19
1131.2886851402932,2.18e-19
1131.298729250653,2.173e-19
1131.3087733610125,2.168e-19
1131.318817471372,2.182e-19
1131.3288615817316,2.197e-19
1131.3389056920914,2.191e-19
1131.348949802451,2.188e-19
1131.3589939128105,2.193e-19
1131.36903802317,2.183e-19
1131.3790821335297,2.166e-19
1131.3891262438892,2.164e-19
1131.399170354249,2.158e-19
1131.4092144646086,2.145e-19
1131.4192585749681,2.163e-19
1131.4293026853277,2.198e-19
1131.4393467956875,2.197e-19
1131.449390906047,2.168e-19
1131.4594350164066,2.153e-19
1131.4694791267661,2.158e-19
1131.4795232371257,2.17e-19
1131.4895673474855,2.177e-19
1131.499611457845,2.17e-19
1131.5096555682046,2.164e-19
1131.5196996785642,2.173e-19
1131.5297437889237,2.164e-19
1131.5397878992835,2.13e-19
1131.549832009643,2.132e-19
1131.5598761200026,2.162e-19
1131.5699202303622,2.141e-19
1131.5799643407217,2.099e-19
1131.5900084510815,2.12e-19
1131.600052561441,2.152e-19
1131.6100966718006,2.116e-19
1131.6201407821602,2.075e-19
1131.63018489252,2.087e-19
1131.6402290028796,2.084e-19
1131.650273113239,2.053e-19
1131.6603172235987,2.066e-19
1131.6703613339582,2.108e-19
1131.680405444318,2.108e-19
1131.6904495546776,2.093e-19
1131.7004936650371,2.106e-19
1131.7105377753967,2.113e-19
1131.7205818857562,2.104e-19
1131.730625996116,2.114e-19
1131.7406701064756,2.129e-19
1131.7507142168351,2.114e-19
1131.7607583271947,2.094e-19
1131.7708024375543,2.097e-19
1131.780846547914,2.109e-19
1131.7908906582736,2.122e-19
1131.8009347686332,2.133e-19
1131.8109788789927,2.12e-19
1131.8210229893525,2.094e-19
1131.831067099712,2.087e-19
1131.8411112100716,2.088e-19
1131.8511553204312,2.08e-19
1131.8611994307907,2.085e-19
1131.8712435411505,2.098e-19
1131.88128765151,2.09e-19
1131.8913317618697,2.077e-19
1131.9013758722292,2.087e-19
1131.9114199825888,2.094e-19
1131.9214640929486,2.07e-19
1131.931508203308,2.045e-19
1131.9415523136677,2.051e-19
1131.9515964240272,2.073e-19
1131.9616405343868,2.086e-19
1131.9716846447466,2.076e-19
1131.9817287551061,2.056e-19
1131.9917728654657,2.05e-19
1132.0018169758252,2.058e-19
1132.011861086185,2.051e-19
1132.0219051965446,2.026e-19
1132.0319493069042,2.014e-19
1132.0419934172637,2.02e-19
1132.0520375276233,2.036e-19
1132.062081637983,2.058e-19
1132.0721257483426,2.07e-19
1132.0821698587022,2.055e-19
1132.0922139690617,2.041e-19
1132.1022580794213,2.056e-19
1132.112302189781,2.076e-19
1132.1223463001406,2.073e-19
1132.1323904105002,2.058e-19
1132.1424345208598,2.043e-19
1132.1524786312193,2.029e-19
1132.162522741579,2.026e-19
1132.1725668519387,2.031e-19
1132.1826109622982,2.029e-19
1132.1926550726578,2.024e-19
1132.2026991830176,2.026e-19
1132.2127432933771,2.017e-19
1132.2227874037367,1.996e-19
1132.2328315140962,1.988e-19
1132.2428756244558,1.99e-19
1132.2529197348156,1.985e-19
1132.2629638451751,1.985e-19
1132.2730079555347,2.003e-19
1132.2830520658943,2.009e-19
1132.2930961762538,1.991e-19
1132.3031402866136,1.986e-19
1132.3131843969732,2.006e-19
1132.3232285073327,2.013e-19
1132.3332726176923,1.988e-19
1132.3433167280518,1.968e-19
1132.3533608384116,1.975e-19
1132.3634049487712,1.989e-19
1132.3734490591307,1.994e-19
1132.3834931694903,1.996e-19
1132.39353727985,1.998e-19
1132.4035813902096,1.997e-19
1132.4136255005692,1.992e-19
1132.4236696109288,1.987e-19
1132.4337137212883,1.985e-19
1132.443757831648,1.989e-19
1132.4538019420077,1.999e-19
1132.4638460523672,2.007e-19
1132.4738901627268,2.01e-19
1132.4839342730863,2.014e-19
1132.4939783834461,2.02e-19
1132.5040224938057,2.018e-19
1132.5140666041652,2.003e-19
1132.5241107145248,1.983e-19
1132.5341548248844,1.973e-19
1132.5441989352441,1.986e-19
1132.5542430456037,2.009e-19
1132.5642871559633,2.017e-19
1132.5743312663228,2.009e-19
1132.5843753766826,2.001e-19
1132.5944194870422,1.992e-19
1132.6044635974017,1.979e-19
1132.6145077077613,1.978e-19
1132.6245518181208,1.996e-19
1132.6345959284804,2.001e-19
1132.6446400388402,1.987e-19
1132.6546841491997,1.981e-19
1132.6647282595593,1.984e-19
1132.6747723699189,1.976e-19
1132.6848164802786,1.97e-19
1132.6948605906382,1.984e-19
1132.7049047009978,1.996e-19
1132.7149488113573,1.988e-19
1132.7249929217169,1.972e-19
1132.7350370320767,1.956e-19
1132.7450811424362,1.954e-19
1132.7551252527958,1.987e-19
1132.7651693631553,2.024e-19
1132.775213473515,2.013e-19
1132.7852575838747,1.987e-19
1132.7953016942342,2.006e-19
1132.8053458045938,2.036e-19
1132.8153899149534,2.018e-19
1132.825434025313,1.988e-19
1132.8354781356727,1.998e-19
1132.8455222460323,2.02e-19
1132.8555663563918,2.017e-19
1132.8656104667514,2.003e-19
1132.8756545771112,1.997e-19
1132.8856986874707,1.992e-19
1132.8957427978303,1.975e-19
1132.9057869081898,1.95e-19
1132.9158310185494,1.941e-19
1132.9258751289092,1.96e-19
1132.9359192392687,1.971e-19
1132.9459633496283,1.951e-19
1132.9560074599879,1.934e-19
1132.9660515703474,1.946e-19
1132.9760956807072,1.952e-19
1132.9861397910668,1.942e-19
1132.9961839014263,1.955e-19
1133.0062280117859,1.979e-19
1133.0162721221454,1.969e-19
1133.0263162325052,1.941e-19
1133.0363603428648,1.937e-19
1133.0464044532243,1.943e-19
1133.056448563584,1.94e-19
1133.0664926739437,1.952e-19
1133.0765367843032,1.977e-19
1133.0865808946628,1.969e-19
1133.0966250050224,1.931e-19
1133.106669115382,1.916e-19
1133.1167132257417,1.942e-19
1133.1267573361013,1.966e-19
1133.1368014464608,1.963e-19
1133.1468455568204,1.955e-19
1133.15688966718,1.962e-19
1133.1669337775397,1.968e-19
1133.1769778878993,1.97e-19
1133.1870219982588,1.986e-19
1133.1970661086184,2.003e-19
1133.207110218978,1.988e-19
1133.2171543293377,1.965e-19
1133.2271984396973,1.975e-19
1133.2372425500569,1.989e-19
1133.2472866604164,1.962e-19
1133.2573307707762,1.926e-19
1133.2673748811358,1.921e-19
1133.2774189914953,1.929e-19
1133.2874631018549,1.934e-19
1133.2975072122144,1.942e-19
1133.3075513225742,1.938e-19
1133.3175954329338,1.924e-19
1133.3276395432933,1.933e-19
1133.337683653653,1.959e-19
1133.3477277640125,1.963e-19
1133.3577718743722,1.955e-19
1133.3678159847318,1.964e-19
1133.3778600950914,1.973e-19
1133.387904205451,1.967e-19
1133.3979483158105,1.965e-19
1133.4079924261703,1.959e-19
1133.4180365365298,1.943e-19
1133.4280806468894,1.948e-19
1133.438124757249,1.974e-19
1133.4481688676087,1.966e-19
1133.4582129779683,1.941e-19
1133.4682570883278,1.953e-19
1133.4783011986874,1.978e-19
1133.488345309047,1.968e-19
1133.4983894194067,1.96e-19
1133.5084335297663,1.981e-19
1133.5184776401259,1.988e-19
1133.5285217504854,1.968e-19
1133.538565860845,1.965e-19
1133.5486099712048,1.98e-19
1133.5586540815643,1.981e-19
1133.5686981919239,1.972e-19
1133.5787423022834,1.965e-19
1133.588786412643,1.952e-19
1133.5988305230028,1.941e-19
1133.6088746333623,1.945e-19
1133.618918743722,1.953e-19
1133.6289628540815,1.955e-19
1133.6390069644413,1.963e-19
1133.6490510748008,1.972e-19
1133.6590951851604,1.968e-19
1133.66913929552,1.965e-19
1133.6791834058795,1.973e-19
1133.6892275162393,1.964e-19
1133.6992716265988,1.939e-19
1133.7093157369584,1.94e-19
1133.719359847318,1.972e-19
1133.7294039576775,1.981e-19
1133.7394480680373,1.955e-19
1133.7494921783968,1.948e-19
1133.7595362887564,1.977e-19
1133.769580399116,1.986e-19
1133.7796245094755,1.959e-19
1133.7896686198353,1.947e-19
1133.7997127301949,1.961e-19
1133.8097568405544,1.959e-19
1133.819800950914,1.95e-19
1133.8298450612738,1.973e-19
1133.8398891716333,1.997e-19
1133.849933281993,1.979e-19
1133.8599773923524,1.957e-19
1133.870021502712,1.963e-19
1133.8800656130718,1.962e-19
1133.8901097234314,1.948e-19
1133.900153833791,1.96e-19
1133.9101979441505,1.981e-19
1133.92024205451,1.972e-19
1133.9302861648698,1.959e-19
1133.9403302752294,1.972e-19
1133.950374385589,1.976e-19
1133.9604184959485,1.948e-19
1133.970462606308,1.928e-19
1133.9805067166678,1.945e-19
1133.9905508270274,1.98e-19
1134.000594937387,1.993e-19
1134.0106390477465,1.967e-19
1134.0206831581063,1.935e-19
1134.0307272684659,1.941e-19
1134.0407713788254,1.963e-19
1134.050815489185,1.956e-19
1134.0608595995445,1.944e-19
1134.070903709904,1.961e-19
1134.0809478202639,1.968e-19
1134.0909919306234,1.944e-19
1134.101036040983,1.945e-19
1134.1110801513425,1.982e-19
1134.1211242617023,1.989e-19
1134.131168372062,1.963e-19
1134.1412124824215,1.956e-19
1134.151256592781,1.963e-19
1134.1613007031406,1.957e-19
1134.1713448135004,1.954e-19
1134.18138892386,1.963e-19
1134.1914330342195,1.968e-19
1134.201477144579,1.985e-19
1134.2115212549386,2.018e-19
1134.2215653652984,2.02e-19
1134.231609475658,1.985e-19
1134.2416535860175,1.974e-19
1134.251697696377,1.997e-19
1134.2617418067366,2.005e-19
1134.2717859170964,1.993e-19
1134.281830027456,1.99e-19
1134.2918741378155,1.993e-19
1134.301918248175,1.988e-19
1134.3119623585349,1.984e-19
1134.3220064688944,1.978e-19
1134.332050579254,1.955e-19
1134.3420946896135,1.944e-19
1134.352138799973,1.966e-19
1134.3621829103329,1.979e-19
1134.3722270206924,1.956e-19
1134.382271131052,1.945e-19
1134.3923152414116,1.976e-19
1134.402359351771,1.998e-19
1134.412403462131,1.987e-19
1134.4224475724905,1.986e-19
1134.43249168285,2.008e-19
1134.4425357932096,2.012e-19
1134.4525799035691,1.995e-19
1134.462624013929,1.996e-19
1134.4726681242885,2.008e-19
1134.482712234648,2e-19
1134.4927563450076,1.988e-19
1134.5028004553674,1.991e-19
1134.512844565727,1.999e-19
1134.5228886760865,2.004e-19
1134.532932786446,2.011e-19
1134.5429768968056,2.008e-19
1134.5530210071654,1.999e-19
1134.563065117525,2.004e-19
1134.5731092278845,2.016e-19
1134.583153338244,2.015e-19
1134.5931974486036,2.009e-19
1134.6032415589634,2.002e-19
1134.613285669323,1.986e-19
1134.6233297796825,1.99e-19
1134.633373890042,2.03e-19
1134.6434180004017,2.042e-19
1134.6534621107614,1.997e-19
1134.663506221121,1.97e-19
1134.6735503314806,1.992e-19
1134.6835944418401,1.996e-19
1134.6936385522,1.963e-19
1134.7036826625595,1.948e-19
1134.713726772919,1.962e-19
1134.7237708832786,1.975e-19
1134.7338149936381,1.985e-19
1134.743859103998,1.996e-19
1134.7539032143575,1.994e-19
1134.763947324717,1.987e-19
1134.7739914350766,1.984e-19
1134.7840355454362,1.974e-19
1134.794079655796,1.971e-19
1134.8041237661555,1.992e-19
1134.814167876515,2.003e-19
1134.8242119868746,1.986e-19
1134.8342560972342,1.987e-19
1134.844300207594,2.016e-19
1134.8543443179535,2.023e-19
1134.864388428313,2.009e-19
1134.8744325386726,2.005e-19
1134.8844766490324,2.002e-19
1134.894520759392,2.009e-19
1134.9045648697515,2.044e-19
1134.914608980111,2.056e-19
1134.9246530904707,2.007e-19
1134.9346972008304,1.981e-19
1134.94474131119,2.027e-19
1134.9547854215496,2.059e-19
1134.9648295319091,2.028e-19
1134.9748736422687,2.009e-19
1134.9849177526285,2.034e-19
1134.994961862988,2.044e-19
1135.0050059733476,2.018e-19
1135.0150500837071,1.994e-19
1135.0250941940667,1.994e-19
1135.0351383044265,2.014e-19
1135.045182414786,2.032e-19
1135.0552265251456,2.024e-19
1135.0652706355052,2.007e-19
1135.075314745865,2.007e-19
1135.0853588562245,2.007e-19
1135.095402966584,1.997e-19
1135.1054470769436,2.009e-19
1135.1154911873032,2.039e-19
1135.125535297663,2.047e-19
1135.1355794080225,2.04e-19
1135.145623518382,2.048e-19
1135.1556676287416,2.051e-19
1135.1657117391012,2.04e-19
1135.175755849461,2.049e-19
1135.1857999598205,2.073e-19
1135.19584407018,2.073e-19
1135.2058881805397,2.051e-19
1135.2159322908992,2.04e-19
1135.225976401259,2.047e-19
1135.2360205116186,2.066e-19
1135.2460646219781,2.079e-19
1135.2561087323377,2.057e-19
1135.2661528426975,2.028e-19
1135.276196953057,2.051e-19
1135.2862410634166,2.095e-19
1135.2962851737761,2.08e-19
1135.3063292841357,2.038e-19
1135.3163733944953,2.051e-19
1135.326417504855,2.089e-19
1135.3364616152146,2.075e-19
1135.3465057255742,2.036e-19
1135.3565498359337,2.041e-19
1135.3665939462935,2.067e-19
1135.376638056653,2.06e-19
1135.3866821670126,2.037e-19
1135.3967262773722,2.038e-19
1135.4067703877317,2.052e-19
1135.4168144980915,2.052e-19
1135.426858608451,2.047e-19
1135.4369027188106,2.052e-19
1135.4469468291702,2.052e-19
1135.4569909395298,2.041e-19
1135.4670350498895,2.037e-19
1135.477079160249,2.043e-19
1135.4871232706087,2.044e-19
1135.4971673809682,2.041e-19
1135.5072114913278,2.049e-19
1135.5172556016876,2.059e-19
1135.5272997120471,2.054e-19
1135.5373438224067,2.053e-19
1135.5473879327662,2.069e-19
1135.557432043126,2.077e-19
1135.5674761534856,2.059e-19
1135.5775202638451,2.043e-19
1135.5875643742047,2.06e-19
1135.5976084845643,2.094e-19
1135.607652594924,2.103e-19
1135.6176967052836,2.085e-19
1135.6277408156432,2.081e-19
1135.6377849260027,2.093e-19
1135.6478290363623,2.088e-19
1135.657873146722,2.078e-19
1135.6679172570816,2.099e-19
1135.6779613674412,2.112e-19
1135.6880054778007,2.076e-19
1135.6980495881603,2.055e-19
1135.70809369852,2.085e-19
1135.7181378088796,2.097e-19
1135.7281819192392,2.067e-19
1135.7382260295988,2.072e-19
1135.7482701399585,2.115e-19
1135.758314250318,2.116e-19
1135.7683583606777,2.082e-19
1135.7784024710372,2.075e-19
1135.7884465813968,2.084e-19
1135.7984906917566,2.088e-19
1135.8085348021161,2.102e-19
1135.8185789124757,2.107e-19
1135.8286230228352,2.085e-19
1135.8386671331948,2.085e-19
1135.8487112435546,2.12e-19
1135.8587553539141,2.121e-19
1135.8687994642737,2.086e-19
1135.8788435746333,2.082e-19
1135.8888876849928,2.099e-19
1135.8989317953526,2.093e-19
1135.9089759057122,2.088e-19
1135.9190200160717,2.102e-19
1135.9290641264313,2.105e-19
1135.939108236791,2.111e-19
1135.9491523471506,2.139e-19
1135.9591964575102,2.142e-19
1135.9692405678697,2.11e-19
1135.9792846782293,2.109e-19
1135.989328788589,2.136e-19
1135.9993728989486,2.134e-19
1136.0094170093082,2.124e-19
1136.0194611196678,2.148e-19
1136.0295052300273,2.158e-19
1136.039549340387,2.122e-19
1136.0495934507467,2.104e-19
1136.0596375611062,2.135e-19
1136.0696816714658,2.152e-19
1136.0797257818253,2.125e-19
1136.0897698921851,2.105e-19
1136.0998140025447,2.121e-19
1136.1098581129042,2.137e-19
1136.1199022232638,2.125e-19
1136.1299463336236,2.116e-19
1136.1399904439832,2.145e-19
1136.1500345543427,2.171e-19
1136.1600786647023,2.152e-19
1136.1701227750618,2.128e-19
1136.1801668854216,2.15e-19
1136.1902109957812,2.186e-19
1136.2002551061407,2.19e-19
1136.2102992165003,2.179e-19
1136.2203433268598,2.178e-19
1136.2303874372196,2.175e-19
1136.2404315475792,2.168e-19
1136.2504756579388,2.166e-19
1136.2605197682983,2.161e-19
1136.2705638786579,2.16e-19
1136.2806079890177,2.182e-19
1136.2906520993772,2.203e-19
1136.3006962097368,2.193e-19
1136.3107403200963,2.173e-19
1136.3207844304561,2.168e-19
1136.3308285408157,2.166e-19
1136.3408726511752,2.167e-19
1136.3509167615348,2.173e-19
1136.3609608718943,2.17e-19
1136.3710049822541,2.162e-19
1136.3810490926137,2.171e-19
1136.3910932029733,2.182e-19
1136.4011373133328,2.174e-19
1136.4111814236924,2.17e-19
1136.4212255340522,2.174e-19
1136.4312696444117,2.157e-19
1136.4413137547713,2.139e-19
1136.4513578651308,2.162e-19
1136.4614019754904,2.194e-19
1136.4714460858502,2.189e-19
1136.4814901962097,2.172e-19
1136.4915343065693,2.168e-19
1136.5015784169289,2.161e-19
1136.5116225272886,2.153e-19
1136.5216666376482,2.171e-19
1136.5317107480078,2.195e-19
1136.5417548583673,2.189e-19
1136.5517989687269,2.169e-19
1136.5618430790867,2.177e-19
1136.5718871894462,2.205e-19
1136.5819312998058,2.211e-19
1136.5919754101653,2.187e-19
1136.602019520525,2.176e-19
1136.6120636308847,2.196e-19
1136.6221077412442,2.204e-19
1136.6321518516038,2.185e-19
1136.6421959619634,2.182e-19
1136.652240072323,2.204e-19
1136.6622841826827,2.207e-19
1136.6723282930423,2.198e-19
1136.6823724034018,2.213e-19
1136.6924165137614,2.224e-19
1136.7024606241212,2.211e-19
1136.7125047344807,2.222e-19
1136.7225488448403,2.261e-19
1136.7325929551998,2.261e-19
1136.7426370655594,2.226e-19
1136.752681175919,2.223e-19
1136.7627252862787,2.246e-19
1136.7727693966383,2.251e-19
1136.7828135069979,2.249e-19
1136.7928576173574,2.249e-19
1136.8029017277172,2.243e-19
1136.8129458380768,2.246e-19
1136.8229899484363,2.264e-19
1136.8330340587959,2.263e-19
1136.8430781691554,2.249e-19
1136.8531222795152,2.262e-19
1136.8631663898748,2.277e-19
1136.8732105002343,2.268e-19
1136.883254610594,2.274e-19
1136.8932987209535,2.298e-19
1136.9033428313132,2.29e-19
1136.9133869416728,2.262e-19
1136.9234310520324,2.269e-19
1136.933475162392,2.29e-19
1136.9435192727515,2.29e-19
1136.9535633831113,2.289e-19
1136.9636074934708,2.29e-19
1136.9736516038304,2.277e-19
1136.98369571419,2.279e-19
1136.9937398245497,2.31e-19
1137.0037839349093,2.317e-19
1137.0138280452688,2.283e-19
1137.0238721556284,2.261e-19
1137.033916265988,2.269e-19
1137.0439603763477,2.283e-19
1137.0540044867073,2.302e-19
1137.0640485970669,2.312e-19
1137.0740927074264,2.29e-19
1137.084136817786,2.275e-19
1137.0941809281458,2.303e-19
1137.1042250385053,2.318e-19
1137.1142691488649,2.284e-19
1137.1243132592244,2.257e-19
1137.134357369584,2.271e-19
1137.1444014799438,2.283e-19
1137.1544455903033,2.278e-19
1137.164489700663,2.281e-19
1137.1745338110225,2.286e-19
1137.1845779213822,2.28e-19
1137.1946220317418,2.283e-19
1137.2046661421014,2.295e-19
1137.214710252461,2.302e-19
1137.2247543628205,2.309e-19
1137.2347984731803,2.313e-19
1137.2448425835398,2.303e-19
1137.2548866938994,2.308e-19
1137.264930804259,2.342e-19
1137.2749749146185,2.355e-19
1137.2850190249783,2.318e-19
1137.2950631353378,2.291e-19
1137.3051072456974,2.308e-19
1137.315151356057,2.335e-19
1137.3251954664165,2.346e-19
1137.3352395767763,2.352e-19
1137.3452836871359,2.35e-19
1137.3553277974954,2.338e-19
1137.365371907855,2.341e-19
1137.3754160182148,2.354e-19
1137.3854601285743,2.349e-19
1137.3955042389339,2.336e-19
1137.4055483492934,2.343e-19
1137.415592459653,2.358e-19
1137.4256365700128,2.366e-19
1137.4356806803723,2.377e-19
1137.445724790732,2.386e-19
1137.4557689010915,2.377e-19
1137.465813011451,2.37e-19
1137.4758571218108,2.378e-19
1137.4859012321704,2.379e-19
1137.49594534253,2.371e-19
1137.5059894528895,2.382e-19
1137.516033563249,2.397e-19
1137.5260776736088,2.381e-19
1137.5361217839684,2.363e-19
1137.546165894328,2.386e-19
1137.5562100046875,2.41e-19
1137.5662541150473,2.395e-19
1137.5762982254068,2.385e-19
1137.5863423357664,2.408e-19
1137.596386446126,2.409e-19
1137.6064305564855,2.371e-19
1137.6164746668453,2.358e-19
1137.6265187772049,2.39e-19
1137.6365628875644,2.413e-19
1137.646606997924,2.399e-19
1137.6566511082835,2.374e-19
1137.6666952186433,2.361e-19
1137.6767393290029,2.376e-19
1137.6867834393624,2.417e-19
1137.696827549722,2.444e-19
1137.7068716600816,2.431e-19
1137.7169157704413,2.413e-19
1137.726959880801,2.415e-19
1137.7370039911605,2.414e-19
1137.74704810152,2.405e-19
1137.7570922118798,2.409e-19
1137.7671363222394,2.417e-19
1137.777180432599,2.418e-19
1137.7872245429585,2.432e-19
1137.797268653318,2.452e-19
1137.8073127636778,2.437e-19
1137.8173568740374,2.408e-19
1137.827400984397,2.423e-19
1137.8374450947565,2.458e-19
1137.847489205116,2.452e-19
1137.8575333154758,2.427e-19
1137.8675774258354,2.434e-19
1137.877621536195,2.458e-19
1137.8876656465545,2.471e-19
1137.897709756914,2.482e-19
1137.9077538672739,2.487e-19
1137.9177979776334,2.47e-19
1137.927842087993,2.452e-19
1137.9378861983525,2.457e-19
1137.9479303087123,2.47e-19
1137.957974419072,2.478e-19
1137.9680185294314,2.494e-19
1137.978062639791,2.502e-19
1137.9881067501506,2.485e-19
1137.9981508605101,2.47e-19
1138.00819497087,2.481e-19
1138.0182390812295,2.486e-19
1138.028283191589,2.474e-19
1138.0383273019486,2.475e-19
1138.0483714123084,2.497e-19
1138.058415522668,2.51e-19
1138.0684596330275,2.508e-19
1138.078503743387,2.509e-19
1138.0885478537466,2.508e-19
1138.0985919641064,2.503e-19
1138.108636074466,2.508e-19
1138.1186801848255,2.525e-19
1138.128724295185,2.534e-19
1138.1387684055446,2.519e-19
1138.1488125159044,2.492e-19
1138.158856626264,2.49e-19
1138.1689007366235,2.533e-19
1138.178944846983,2.575e-19
1138.1889889573426,2.557e-19
1138.1990330677024,2.511e-19
1138.209077178062,2.511e-19
1138.2191212884215,2.545e-19
1138.229165398781,2.548e-19
1138.239209509141,2.536e-19
1138.2492536195005,2.547e-19
1138.25929772986,2.551e-19
1138.2693418402196,2.534e-19
1138.2793859505791,2.537e-19
1138.289430060939,2.557e-19
1138.2994741712985,2.538e-19
1138.309518281658,2.51e-19
1138.3195623920176,2.543e-19
1138.3296065023771,2.595e-19
1138.339650612737,2.589e-19
1138.3496947230965,2.561e-19
1138.359738833456,2.574e-19
1138.3697829438156,2.602e-19
1138.3798270541752,2.603e-19
1138.389871164535,2.6e-19
1138.3999152748945,2.606e-19
1138.409959385254,2.598e-19
1138.4200034956136,2.583e-19
1138.4300476059734,2.594e-19
1138.440091716333,2.62e-19
1138.4501358266925,2.626e-19
1138.460179937052,2.613e-19
1138.4702240474116,2.614e-19
1138.4802681577714,2.641e-19
1138.490312268131,2.665e-19
1138.5003563784906,2.658e-19
1138.51040048885,2.632e-19
1138.5204445992097,2.627e-19
1138.5304887095695,2.646e-19
1138.540532819929,2.654e-19
1138.5505769302886,2.642e-19
1138.5606210406481,2.639e-19
1138.5706651510077,2.65e-19
1138.5807092613675,2.657e-19
1138.590753371727,2.659e-19
1138.6007974820866,2.672e-19
1138.6108415924461,2.686e-19
1138.620885702806,2.683e-19
1138.6309298131655,2.671e-19
1138.640973923525,2.672e-19
1138.6510180338846,2.685e-19
1138.6610621442442,2.69e-19
1138.671106254604,2.679e-19
1138.6811503649635,2.672e-19
1138.691194475323,2.679e-19
1138.7012385856826,2.687e-19
1138.7112826960422,2.688e-19
1138.721326806402,2.694e-19
1138.7313709167615,2.706e-19
1138.741415027121,2.709e-19
1138.7514591374807,2.694e-19
1138.7615032478402,2.679e-19
1138.7715473582,2.676e-19
1138.7815914685596,2.68e-19
1138.791635578919,2.688e-19
1138.8016796892787,2.693e-19
1138.8117237996385,2.693e-19
1138.821767909998,2.695e-19
1138.8318120203576,2.694e-19
1138.8418561307171,2.685e-19
1138.8519002410767,2.687e-19
1138.8619443514365,2.717e-19
1138.871988461796,2.748e-19
1138.8820325721556,2.745e-19
1138.8920766825152,2.732e-19
1138.9021207928747,2.742e-19
1138.9121649032345,2.752e-19
1138.922209013594,2.74e-19
1138.9322531239536,2.737e-19
1138.9422972343132,2.754e-19
1138.9523413446727,2.759e-19
1138.9623854550325,2.748e-19
1138.972429565392,2.751e-19
1138.9824736757516,2.764e-19
1138.9925177861112,2.767e-19
1139.002561896471,2.766e-19
1139.0126060068305,2.769e-19
1139.02265011719,2.772e-19
1139.0326942275497,2.779e-19
1139.0427383379092,2.794e-19
1139.052782448269,2.794e-19
1139.0628265586286,2.773e-19
1139.0728706689881,2.773e-19
1139.0829147793477,2.811e-19
1139.0929588897072,2.847e-19
1139.103003000067,2.843e-19
1139.1130471104266,2.816e-19
1139.1230912207861,2.808e-19
1139.1331353311457,2.829e-19
1139.1431794415053,2.847e-19
1139.153223551865,2.841e-19
1139.1632676622246,2.835e-19
1139.1733117725842,2.852e-19
1139.1833558829437,2.863e-19
1139.1933999933035,2.849e-19
1139.203444103663,2.845e-19
1139.2134882140226,2.865e-19
1139.2235323243822,2.877e-19
1139.2335764347417,2.874e-19
1139.2436205451015,2.886e-19
1139.253664655461,2.903e-19
1139.2637087658206,2.898e-19
1139.2737528761802,2.887e-19
1139.2837969865398,2.89e-19
1139.2938410968995,2.891e-19
1139.303885207259,2.885e-19
1139.3139293176187,2.897e-19
1139.3239734279782,2.915e-19
1139.3340175383378,2.903e-19
1139.3440616486976,2.881e-19
1139.3541057590571,2.894e-19
1139.3641498694167,2.921e-19
1139.3741939797762,2.907e-19
1139.384238090136,2.866e-19
1139.3942822004956,2.868e-19
1139.4043263108551,2.913e-19
1139.4143704212147,2.932e-19
1139.4244145315743,2.915e-19
1139.4344586419338,2.922e-19
1139.4445027522936,2.956e-19
1139.4545468626532,2.958e-19
1139.4645909730127,2.934e-19
1139.4746350833723,2.929e-19
1139.484679193732,2.932e-19
1139.4947233040916,2.927e-19
1139.5047674144512,2.946e-19
1139.5148115248107,2.978e-19
1139.5248556351703,2.972e-19
1139.53489974553,2.955e-19
1139.5449438558896,2.976e-19
1139.5549879662492,2.986e-19
1139.5650320766088,2.952e-19
1139.5750761869683,2.937e-19
1139.585120297328,2.965e-19
1139.5951644076877,2.978e-19
1139.6052085180472,2.981e-19
1139.6152526284068,3.008e-19
1139.6252967387663,3.019e-19
1139.6353408491261,2.997e-19
1139.6453849594857,3.002e-19
1139.6554290698452,3.032e-19
1139.6654731802048,3.027e-19
1139.6755172905646,3.015e-19
1139.6855614009241,3.039e-19
1139.6956055112837,3.051e-19
1139.7056496216433,3.028e-19
1139.7156937320028,3.032e-19
1139.7257378423626,3.061e-19
1139.7357819527222,3.061e-19
1139.7458260630817,3.05e-19
1139.7558701734413,3.057e-19
1139.7659142838008,3.048e-19
1139.7759583941606,3.025e-19
1139.7860025045202,3.039e-19
1139.7960466148797,3.071e-19
1139.8060907252393,3.073e-19
1139.8161348355989,3.076e-19
1139.8261789459586,3.104e-19
1139.8362230563182,3.115e-19
1139.8462671666778,3.106e-19
1139.8563112770373,3.109e-19
1139.866355387397,3.107e-19
1139.8763994977567,3.084e-19
1139.8864436081162,3.085e-19
1139.8964877184758,3.117e-19
1139.9065318288353,3.125e-19
1139.9165759391951,3.106e-19
1139.9266200495547,3.113e-19
1139.9366641599142,3.145e-19
1139.9467082702738,3.146e-19
1139.9567523806334,3.12e-19
1139.9667964909931,3.117e-19
1139.9768406013527,3.143e-19
1139.9868847117123,3.151e-19
1139.9969288220718,3.137e-19
1140.0069729324314,3.136e-19
1140.0170170427912,3.15e-19
1140.0270611531507,3.154e-19
1140.0371052635103,3.157e-19
1140.0471493738698,3.174e-19
1140.0571934842296,3.18e-19
1140.0672375945892,3.169e-19
1140.0772817049487,3.185e-19
1140.0873258153083,3.216e-19
1140.0973699256679,3.212e-19
1140.1074140360276,3.201e-19
1140.1174581463872,3.229e-19
1140.1275022567468,3.252e-19
1140.1375463671063,3.234e-19
1140.1475904774659,3.231e-19
1140.1576345878257,3.254e-19
1140.1676786981852,3.248e-19
1140.1777228085448,3.223e-19
1140.1877669189043,3.238e-19
1140.197811029264,3.268e-19
1140.2078551396237,3.274e-19
1140.2178992499832,3.278e-19
1140.2279433603428,3.283e-19
1140.2379874707024,3.27e-19
1140.2480315810622,3.27e-19
1140.2580756914217,3.306e-19
1140.2681198017813,3.324e-19
1140.2781639121408,3.297e-19
1140.2882080225004,3.276e-19
1140.2982521328602,3.29e-19
1140.3082962432197,3.307e-19
1140.3183403535793,3.314e-19
1140.3283844639388,3.315e-19
1140.3384285742984,3.314e-19
1140.3484726846582,3.322e-19
1140.3585167950177,3.336e-19
1140.3685609053773,3.329e-19
1140.3786050157369,3.313e-19
1140.3886491260964,3.32e-19
1140.3986932364562,3.335e-19
1140.4087373468158,3.338e-19
1140.4187814571753,3.35e-19
1140.428825567535,3.364e-19
1140.4388696778947,3.351e-19
1140.4489137882542,3.334e-19
1140.4589578986138,3.344e-19
1140.4690020089733,3.356e-19
1140.479046119333,3.36e-19
1140.4890902296927,3.382e-19
1140.4991343400523,3.397e-19
1140.5091784504118,3.372e-19
1140.5192225607714,3.357e-19
1140.529266671131,3.389e-19
1140.5393107814907,3.415e-19
1140.5493548918503,3.407e-19
1140.5593990022098,3.412e-19
1140.5694431125694,3.436e-19
1140.579487222929,3.44e-19
1140.5895313332887,3.429e-19
1140.5995754436483,3.427e-19
1140.6096195540078,3.429e-19
1140.6196636643674,3.434e-19
1140.6297077747272,3.451e-19
1140.6397518850868,3.463e-19
1140.6497959954463,3.455e-19
1140.6598401058059,3.449e-19
1140.6698842161654,3.459e-19
1140.679928326525,3.466e-19
1140.6899724368848,3.457e-19
1140.7000165472443,3.451e-19
1140.710060657604,3.468e-19
1140.7201047679634,3.497e-19
1140.7301488783232,3.509e-19
1140.7401929886828,3.496e-19
1140.7502370990424,3.491e-19
1140.760281209402,3.515e-19
1140.7703253197615,3.543e-19
1140.7803694301213,3.548e-19
1140.7904135404808,3.542e-19
1140.8004576508404,3.556e-19
1140.8105017612,3.583e-19
1140.8205458715595,3.586e-19
1140.8305899819193,3.556e-19
1140.8406340922788,3.543e-19
1140.8506782026384,3.582e-19
1140.860722312998,3.626e-19
1140.8707664233575,3.614e-19
1140.8808105337173,3.576e-19
1140.8908546440769,3.574e-19
1140.9008987544364,3.609e-19
1140.910942864796,3.636e-19
1140.9209869751558,3.633e-19
1140.9310310855153,3.612e-19
1140.9410751958749,3.607e-19
1140.9511193062344,3.631e-19
1140.961163416594,3.653e-19
1140.9712075269538,3.644e-19
1140.9812516373133,3.631e-19
1140.991295747673,3.636e-19
1141.0013398580325,3.643e-19
1141.011383968392,3.652e-19
1141.0214280787518,3.666e-19
1141.0314721891114,3.656e-19
1141.041516299471,3.629e-19
1141.0515604098305,3.641e-19
1141.06160452019,3.677e-19
1141.0716486305498,3.676e-19
1141.0816927409094,3.664e-19
1141.091736851269,3.692e-19
1141.1017809616285,3.715e-19
1141.1118250719883,3.699e-19
1141.1218691823478,3.698e-19
1141.1319132927074,3.731e-19
1141.141957403067,3.75e-19
1141.1520015134265,3.747e-19
1141.1620456237863,3.74e-19
1141.1720897341459,3.735e-19
1141.1821338445054,3.755e-19
1141.192177954865,3.8e-19
1141.2022220652245,3.802e-19
1141.2122661755843,3.759e-19
1141.2223102859439,3.762e-19
1141.2323543963034,3.806e-19
1141.242398506663,3.803e-19
1141.2524426170226,3.778e-19
1141.2624867273823,3.806e-19
1141.272530837742,3.844e-19
1141.2825749481015,3.829e-19
1141.292619058461,3.803e-19
1141.3026631688208,3.801e-19
1141.3127072791804,3.799e-19
1141.32275138954,3.814e-19
1141.3327954998995,3.855e-19
1141.342839610259,3.871e-19
1141.3528837206188,3.846e-19
1141.3629278309784,3.83e-19
1141.372971941338,3.837e-19
1141.3830160516975,3.842e-19
1141.393060162057,3.858e-19
1141.4031042724168,3.88e-19
1141.4131483827764,3.876e-19
1141.423192493136,3.863e-19
1141.4332366034955,3.871e-19
1141.443280713855,3.884e-19
1141.4533248242149,3.897e-19
1141.4633689345744,3.924e-19
1141.473413044934,3.941e-19
1141.4834571552935,3.927e-19
1141.4935012656533,3.92e-19
1141.5035453760129,3.935e-19
1141.5135894863724,3.934e-19
1141.523633596732,3.926e-19
1141.5336777070916,3.943e-19
1141.5437218174513,3.966e-19
1141.553765927811,3.969e-19
1141.5638100381705,3.97e-19
1141.57385414853,3.972e-19
1141.5838982588896,3.967e-19
1141.5939423692494,3.975e-19
1141.603986479609,4.001e-19
1141.6140305899685,4.012e-19
1141.624074700328,4.012e-19
1141.6341188106876,4.026e-19
1141.6441629210474,4.033e-19
1141.654207031407,4.017e-19
1141.6642511417665,4.005e-19
1141.674295252126,4.009e-19
1141.6843393624858,4.011e-19
1141.6943834728454,4.019e-19
1141.704427583205,4.042e-19
1141.7144716935645,4.042e-19
1141.724515803924,4.013e-19
1141.7345599142839,4.008e-19
1141.7446040246434,4.046e-19
1141.754648135003,4.079e-19
1141.7646922453625,4.08e-19
1141.774736355722,4.075e-19
1141.7847804660819,4.087e-19
1141.7948245764414,4.107e-19
1141.804868686801,4.113e-19
1141.8149127971606,4.107e-19
1141.8249569075201,4.107e-19
1141.83500101788,4.118e-19
1141.8450451282395,4.133e-19
1141.855089238599,4.156e-19
1141.8651333489586,4.18e-19
1141.8751774593184,4.181e-19
1141.885221569678,4.165e-19
1141.8952656800375,4.17e-19
1141.905309790397,4.192e-19
1141.9153539007566,4.204e-19
1141.9253980111164,4.21e-19
1141.935442121476,4.21e-19
1141.9454862318355,4.188e-19
1141.955530342195,4.172e-19
1141.9655744525546,4.196e-19
1141.9756185629144,4.217e-19
1141.985662673274,4.198e-19
1141.9957067836335,4.189e-19
1142.005750893993,4.221e-19
1142.0157950043526,4.238e-19
1142.0258391147124,4.227e-19
1142.035883225072,4.245e-19
1142.0459273354315,4.281e-19
1142.055971445791,4.272e-19
1142.066015556151,4.243e-19
1142.0760596665104,4.26e-19
1142.08610377687,4.299e-19
1142.0961478872296,4.297e-19
1142.1061919975891,4.271e-19
1142.1162361079487,4.278e-19
1142.1262802183085,4.307e-19
1142.136324328668,4.315e-19
1142.1463684390276,4.306e-19
1142.1564125493871,4.314e-19
1142.166456659747,4.329e-19
1142.1765007701065,4.322e-19
1142.186544880466,4.315e-19
1142.1965889908256,4.345e-19
1142.2066331011852,4.38e-19
1142.216677211545,4.371e-19
1142.2267213219045,4.352e-19
1142.236765432264,4.381e-19
1142.2468095426236,4.426e-19
1142.2568536529832,4.432e-19
1142.266897763343,4.418e-19
1142.2769418737025,4.42e-19
1142.286985984062,4.417e-19
1142.2970300944216,4.406e-19
1142.3070742047812,4.416e-19
1142.317118315141,4.443e-19
1142.3271624255005,4.45e-19
1142.33720653586,4.439e-19
1142.3472506462197,4.435e-19
1142.3572947565794,4.439e-19
1142.367338866939,4.449e-19
1142.3773829772986,4.472e-19
1142.3874270876581,4.491e-19
1142.3974711980177,4.486e-19
1142.4075153083775,4.481e-19
1142.417559418737,4.499e-19
1142.4276035290966,4.513e-19
1142.4376476394561,4.5e-19
1142.4476917498157,4.489e-19
1142.4577358601755,4.507e-19
1142.467779970535,4.53e-19
1142.4778240808946,4.536e-19
1142.4878681912542,4.539e-19
1142.4979123016137,4.547e-19
1142.5079564119735,4.552e-19
1142.518000522333,4.56e-19
1142.5280446326926,4.576e-19
1142.5380887430522,4.589e-19
1142.548132853412,4.593e-19
1142.5581769637715,4.604e-19
1142.568221074131,4.628e-19
1142.5782651844906,4.643e-19
1142.5883092948502,4.636e-19
1142.59835340521,4.625e-19
1142.6083975155695,4.635e-19
1142.618441625929,4.673e-19
1142.6284857362887,4.704e-19
1142.6385298466482,4.69e-19
1142.648573957008,4.653e-19
1142.6586180673676,4.657e-19
1142.6686621777271,4.701e-19
1142.6787062880867,4.726e-19
1142.6887503984462,4.706e-19
1142.698794508806,4.68e-19
1142.7088386191656,4.681e-19
1142.7188827295251,4.695e-19
1142.7289268398847,4.696e-19
1142.7389709502445,4.691e-19
1142.749015060604,4.698e-19
1142.7590591709636,4.712e-19
1142.7691032813232,4.709e-19
1142.7791473916827,4.706e-19
1142.7891915020425,4.729e-19
1142.799235612402,4.749e-19
1142.8092797227616,4.734e-19
1142.8193238331212,4.726e-19
1142.8293679434807,4.767e-19
1142.8394120538405,4.805e-19
1142.8494561642,4.8e-19
1142.8595002745597,4.792e-19
1142.8695443849192,4.808e-19
1142.8795884952788,4.818e-19
1142.8896326056386,4.817e-19
1142.899676715998,4.832e-19
1142.9097208263577,4.851e-19
1142.9197649367172,4.852e-19
1142.929809047077,4.851e-19
1142.9398531574366,4.859e-19
1142.9498972677961,4.871e-19
1142.9599413781557,4.883e-19
1142.9699854885152,4.884e-19
1142.980029598875,4.871e-19
1142.9900737092346,4.878e-19
1143.0001178195942,4.91e-19
1143.0101619299537,4.92e-19
1143.0202060403133,4.9e-19
1143.030250150673,4.904e-19
1143.0402942610326,4.929e-19
1143.0503383713922,4.928e-19
1143.0603824817517,4.911e-19
1143.0704265921113,4.917e-19
1143.080470702471,4.93e-19
1143.0905148128306,4.932e-19
1143.1005589231902,4.931e-19
1143.1106030335498,4.926e-19
1143.1206471439095,4.926e-19
1143.130691254269,4.955e-19
1143.1407353646287,4.988e-19
1143.1507794749882,4.985e-19
1143.1608235853478,4.985e-19
1143.1708676957076,5.018e-19
1143.1809118060671,5.032e-19
1143.1909559164267,5.022e-19
1143.2010000267862,5.05e-19
1143.2110441371458,5.089e-19
1143.2210882475056,5.071e-19
1143.2311323578651,5.042e-19
1143.2411764682247,5.06e-19
1143.2512205785843,5.07e-19
1143.2612646889438,5.048e-19
1143.2713087993036,5.061e-19
1143.2813529096632,5.107e-19
1143.2913970200227,5.114e-19
1143.3014411303823,5.109e-19
1143.311485240742,5.148e-19
1143.3215293511016,5.182e-19
1143.3315734614612,5.163e-19
1143.3416175718207,5.138e-19
1143.3516616821803,5.141e-19
1143.3617057925399,5.151e-19
1143.3717499028996,5.161e-19
1143.3817940132592,5.173e-19
1143.3918381236188,5.161e-19
1143.4018822339783,5.136e-19
1143.411926344338,5.149e-19
1143.4219704546977,5.196e-19
1143.4320145650572,5.228e-19
1143.4420586754168,5.235e-19
1143.4521027857763,5.234e-19
1143.4621468961361,5.225e-19
1143.4721910064957,5.215e-19
1143.4822351168552,5.231e-19
1143.4922792272148,5.262e-19
1143.5023233375744,5.272e-19
1143.5123674479341,5.263e-19
1143.5224115582937,5.269e-19
1143.5324556686533,5.293e-19
1143.5424997790128,5.302e-19
1143.5525438893724,5.294e-19
1143.5625879997322,5.299e-19
1143.5726321100917,5.321e-19
1143.5826762204513,5.339e-19
1143.5927203308108,5.35e-19
1143.6027644411706,5.358e-19
1143.6128085515302,5.345e-19
1143.6228526618897,5.327e-19
1143.6328967722493,5.348e-19
1143.6429408826089,5.39e-19
1143.6529849929686,5.392e-19
1143.6630291033282,5.367e-19
1143.6730732136878,5.375e-19
1143.6831173240473,5.402e-19
1143.6931614344069,5.411e-19
1143.7032055447667,5.417e-19
1143.7132496551262,5.422e-19
1143.7232937654858,5.409e-19
1143.7333378758453,5.409e-19
1143.743381986205,5.44e-19
1143.7534260965647,5.446e-19
1143.7634702069242,5.41e-19
1143.7735143172838,5.407e-19
1143.7835584276434,5.455e-19
1143.7936025380031,5.478e-19
1143.8036466483627,5.461e-19
1143.8136907587223,5.457e-19
1143.8237348690818,5.462e-19
1143.8337789794414,5.453e-19
1143.8438230898012,5.456e-19
1143.8538672001607,5.485e-19
1143.8639113105203,5.505e-19
1143.8739554208798,5.512e-19
1143.8839995312394,5.53e-19
1143.8940436415992,5.546e-19
1143.9040877519587,5.543e-19
1143.9141318623183,5.541e-19
1143.9241759726779,5.562e-19
1143.9342200830374,5.579e-19
1143.9442641933972,5.571e-19
1143.9543083037568,5.559e-19
1143.9643524141163,5.582e-19
1143.9743965244759,5.626e-19
1143.9844406348357,5.634e-19
1143.9944847451952,5.602e-19
1144.0045288555548,5.6e-19
1144.0145729659143,5.649e-19
1144.024617076274,5.68e-19
1144.0346611866337,5.648e-19
1144.0447052969932,5.609e-19
1144.0547494073528,5.622e-19
1144.0647935177124,5.663e-19
1144.074837628072,5.686e-19
1144.0848817384317,5.685e-19
1144.0949258487913,5.682e-19
1144.1049699591508,5.689e-19
1144.1150140695104,5.694e-19
1144.12505817987,5.696e-19
1144.1351022902297,5.704e-19
1144.1451464005893,5.712e-19
1144.1551905109488,5.708e-19
1144.1652346213084,5.715e-19
1144.1752787316682,5.743e-19
1144.1853228420277,5.754e-19
1144.1953669523873,5.739e-19
1144.2054110627469,5.751e-19
1144.2154551731064,5.789e-19
1144.2254992834662,5.805e-19
1144.2355433938258,5.809e-19
1144.2455875041853,5.833e-19
1144.2556316145449,5.837e-19
1144.2656757249044,5.808e-19
1144.2757198352642,5.819e-19
1144.2857639456238,5.875e-19
1144.2958080559833,5.893e-19
1144.305852166343,5.871e-19
1144.3158962767025,5.873e-19
1144.3259403870622,5.882e-19
1144.3359844974218,5.867e-19
1144.3460286077814,5.867e-19
1144.356072718141,5.888e-19
1144.3661168285007,5.883e-19
1144.3761609388603,5.878e-19
1144.3862050492198,5.915e-19
1144.3962491595794,5.94e-19
1144.406293269939,5.913e-19
1144.4163373802987,5.895e-19
1144.4263814906583,5.923e-19
1144.4364256010178,5.955e-19
1144.4464697113774,5.963e-19
1144.456513821737,5.961e-19
1144.4665579320967,5.957e-19
1144.4766020424563,5.969e-19
1144.4866461528159,5.999e-19
1144.4966902631754,5.997e-19
1144.506734373535,5.956e-19
1144.5167784838948,5.95e-19
1144.5268225942543,5.99e-19
1144.5368667046139,6.006e-19
1144.5469108149734,6.003e-19
1144.5569549253332,6.041e-19
1144.5669990356928,6.093e-19
1144.5770431460523,6.095e-19
1144.587087256412,6.064e-19
1144.5971313667715,6.05e-19
1144.6071754771312,6.06e-19
1144.6172195874908,6.096e-19
1144.6272636978504,6.14e-19
1144.63730780821,6.144e-19
1144.6473519185695,6.105e-19
1144.6573960289293,6.091e-19
1144.6674401392888,6.124e-19
1144.6774842496484,6.144e-19
1144.687528360008,6.131e-19
1144.6975724703675,6.126e-19
1144.7076165807273,6.154e-19
1144.7176606910868,6.177e-19
1144.7277048014464,6.159e-19
1144.737748911806,6.127e-19
1144.7477930221658,6.13e-19
1144.7578371325253,6.165e-19
1144.7678812428849,6.175e-19
1144.7779253532444,6.156e-19
1144.787969463604,6.158e-19
1144.7980135739635,6.189e-19
1144.8080576843233,6.205e-19
1144.818101794683,6.2e-19
1144.8281459050424,6.2e-19
1144.838190015402,6.213e-19
1144.8482341257618,6.232e-19
1144.8582782361214,6.257e-19
1144.868322346481,6.27e-19
1144.8783664568405,6.272e-19
1144.8884105672,6.292e-19
1144.8984546775598,6.316e-19
1144.9084987879194,6.31e-19
1144.918542898279,6.307e-19
1144.9285870086385,6.342e-19
1144.938631118998,6.363e-19
1144.9486752293578,6.34e-19
1144.9587193397174,6.331e-19
1144.968763450077,6.357e-19
1144.9788075604365,6.367e-19
1144.988851670796,6.373e-19
1144.9988957811559,6.411e-19
1145.0089398915154,6.433e-19
1145.018984001875,6.4e-19
1145.0290281122345,6.392e-19
1145.0390722225943,6.442e-19
1145.0491163329539,6.472e-19
1145.0591604433134,6.453e-19
1145.069204553673,6.446e-19
1145.0792486640325,6.463e-19
1145.0892927743923,6.47e-19
1145.099336884752,6.463e-19
1145.1093809951115,6.452e-19
1145.119425105471,6.446e-19
1145.1294692158306,6.466e-19
1145.1395133261904,6.497e-19
1145.14955743655,6.493e-19
1145.1596015469095,6.472e-19
1145.169645657269,6.494e-19
1145.1796897676286,6.528e-19
1145.1897338779884,6.512e-19
1145.199777988348,6.485e-19
1145.2098220987075,6.499e-19
1145.219866209067,6.521e-19
1145.2299103194268,6.522e-19
1145.2399544297864,6.532e-19
1145.249998540146,6.564e-19
1145.2600426505055,6.595e-19
1145.270086760865,6.603e-19
1145.2801308712249,6.577e-19
1145.2901749815844,6.552e-19
1145.300219091944,6.579e-19
1145.3102632023035,6.631e-19
1145.320307312663,6.633e-19
1145.3303514230229,6.607e-19
1145.3403955333824,6.621e-19
1145.350439643742,6.651e-19
1145.3604837541016,6.648e-19
1145.370527864461,6.645e-19
1145.380571974821,6.658e-19
1145.3906160851805,6.659e-19
1145.40066019554,6.67e-19
1145.4107043058996,6.706e-19
1145.4207484162594,6.705e-19
1145.430792526619,6.663e-19
1145.4408366369785,6.656e-19
1145.450880747338,6.689e-19
1145.4609248576976,6.702e-19
1145.4709689680574,6.706e-19
1145.481013078417,6.728e-19
1145.4910571887765,6.729e-19
1145.501101299136,6.709e-19
1145.5111454094956,6.717e-19
1145.5211895198554,6.734e-19
1145.531233630215,6.73e-19
1145.5412777405745,6.746e-19
1145.551321850934,6.777e-19
1145.5613659612936,6.764e-19
1145.5714100716534,6.742e-19
1145.581454182013,6.775e-19
1145.5914982923725,6.816e-19
1145.601542402732,6.817e-19
1145.6115865130919,6.827e-19
1145.6216306234514,6.856e-19
1145.631674733811,6.86e-19
1145.6417188441706,6.862e-19
1145.65176295453,6.886e-19
1145.66180706489,6.89e-19
1145.6718511752495,6.876e-19
1145.681895285609,6.894e-19
1145.6919393959686,6.92e-19
1145.7019835063281,6.913e-19
1145.712027616688,6.904e-19
1145.7220717270475,6.903e-19
1145.732115837407,6.886e-19
1145.7421599477666,6.888e-19
1145.7522040581262,6.921e-19
1145.762248168486,6.914e-19
1145.7722922788455,6.881e-19
1145.782336389205,6.912e-19
1145.7923804995646,6.961e-19
1145.8024246099244,6.932e-19
1145.812468720284,6.888e-19
1145.8225128306435,6.914e-19
1145.832556941003,6.949e-19
1145.8426010513626,6.95e-19
1145.8526451617224,6.97e-19
1145.862689272082,6.995e-19
1145.8727333824415,6.975e-19
1145.882777492801,6.965e-19
1145.8928216031607,7.008e-19
1145.9028657135204,7.038e-19
1145.91290982388,7.03e-19
1145.9229539342396,7.039e-19
1145.9329980445991,7.057e-19
1145.9430421549587,7.054e-19
1145.9530862653185,7.073e-19
1145.963130375678,7.115e-19
1145.9731744860376,7.106e-19
1145.9832185963971,7.074e-19
1145.993262706757,7.104e-19
1146.0033068171165,7.159e-19
1146.013350927476,7.151e-19
1146.0233950378356,7.116e-19
1146.0334391481952,7.121e-19
1146.0434832585547,7.142e-19
1146.0535273689145,7.144e-19
1146.063571479274,7.147e-19
1146.0736155896336,7.157e-19
1146.0836596999932,7.16e-19
1146.093703810353,7.168e-19
1146.1037479207125,7.189e-19
1146.113792031072,7.192e-19
1146.1238361414316,7.166e-19
1146.1338802517912,7.149e-19
1146.143924362151,7.164e-19
1146.1539684725105,7.172e-19
1146.16401258287,7.162e-19
1146.1740566932297,7.175e-19
1146.1841008035892,7.208e-19
1146.194144913949,7.213e-19
1146.2041890243086,7.197e-19
1146.2142331346681,7.212e-19
1146.2242772450277,7.234e-19
1146.2343213553872,7.213e-19
1146.244365465747,7.19e-19
1146.2544095761066,7.225e-19
1146.2644536864661,7.277e-19
1146.2744977968257,7.292e-19
1146.2845419071855,7.287e-19
1146.294586017545,7.277e-19
1146.3046301279046,7.252e-19
1146.3146742382642,7.252e-19
1146.3247183486237,7.297e-19
1146.3347624589835,7.318e-19
1146.344806569343,7.291e-19
1146.3548506797026,7.285e-19
1146.3648947900622,7.322e-19
1146.3749389004217,7.347e-19
1146.3849830107815,7.356e-19
1146.395027121141,7.368e-19
1146.4050712315006,7.355e-19
1146.4151153418602,7.324e-19
1146.4251594522198,7.34e-19
1146.4352035625795,7.391e-19
1146.445247672939,7.395e-19
1146.4552917832987,7.355e-19
1146.4653358936582,7.346e-19
1146.475380004018,7.368e-19
1146.4854241143776,7.381e-19
1146.4954682247371,7.389e-19
1146.5055123350967,7.399e-19
1146.5155564454562,7.387e-19
1146.525600555816,7.374e-19
1146.5356446661756,7.403e-19
1146.5456887765351,7.441e-19
1146.5557328868947,7.431e-19
1146.5657769972543,7.407e-19
1146.575821107614,7.431e-19
1146.5858652179736,7.479e-19
1146.5959093283332,7.492e-19
1146.6059534386927,7.484e-19
1146.6159975490523,7.496e-19
1146.626041659412,7.521e-19
1146.6360857697716,7.532e-19
1146.6461298801312,7.528e-19
1146.6561739904907,7.521e-19
1146.6662181008505,7.522e-19
1146.67626221121,7.545e-19
1146.6863063215696,7.573e-19
1146.6963504319292,7.57e-19
1146.7063945422888,7.547e-19
1146.7164386526485,7.545e-19
1146.726482763008,7.562e-19
1146.7365268733677,7.572e-19
1146.7465709837272,7.584e-19
1146.7566150940868,7.596e-19
1146.7666592044466,7.577e-19
1146.7767033148061,7.552e-19
1146.7867474251657,7.58e-19
1146.7967915355252,7.632e-19
1146.8068356458848,7.624e-19
1146.8168797562446,7.582e-19
1146.8269238666041,7.591e-19
1146.8369679769637,7.635e-19
1146.8470120873233,7.641e-19
1146.857056197683,7.62e-19
1146.8671003080426,7.625e-19
1146.8771444184022,7.642e-19
1146.8871885287617,7.637e-19
1146.8972326391213,7.632e-19
1146.907276749481,7.649e-19
1146.9173208598406,7.662e-19
1146.9273649702002,7.658e-19
1146.9374090805597,7.667e-19
1146.9474531909193,7.694e-19
1146.957497301279,7.702e-19
1146.9675414116386,7.691e-19
1146.9775855219982,7.707e-19
1146.9876296323578,7.747e-19
1146.9976737427173,7.76e-19
1147.007717853077,7.747e-19
1147.0177619634367,7.764e-19
1147.0278060737962,7.81e-19
1147.0378501841558,7.821e-19
1147.0478942945156,7.791e-19
1147.0579384048751,7.781e-19
1147.0679825152347,7.814e-19
1147.0780266255942,7.839e-19
1147.0880707359538,7.829e-19
1147.0981148463136,7.818e-19
1147.1081589566732,7.84e-19
1147.1182030670327,7.872e-19
1147.1282471773923,7.875e-19
1147.1382912877518,7.862e-19
1147.1483353981116,7.863e-19
1147.1583795084712,7.882e-19
1147.1684236188307,7.899e-19
1147.1784677291903,7.914e-19
1147.1885118395498,7.933e-19
1147.1985559499096,7.945e-19
1147.2086000602692,7.941e-19
1147.2186441706287,7.938e-19
1147.2286882809883,7.949e-19
1147.238732391348,7.963e-19
1147.2487765017077,7.967e-19
1147.2588206120672,7.964e-19
1147.2688647224268,7.966e-19
1147.2789088327863,7.974e-19
1147.2889529431461,7.986e-19
1147.2989970535057,7.996e-19
1147.3090411638652,7.997e-19
1147.3190852742248,7.989e-19
1147.3291293845843,7.985e-19
1147.3391734949441,7.993e-19
1147.3492176053037,8.006e-19
1147.3592617156633,8.021e-19
1147.3693058260228,8.039e-19
1147.3793499363824,8.041e-19
1147.3893940467422,8.016e-19
1147.3994381571017,8e-19
1147.4094822674613,8.018e-19
1147.4195263778208,8.028e-19
1147.4295704881806,7.998e-19
1147.4396145985402,7.977e-19
1147.4496587088997,7.997e-19
1147.4597028192593,8.015e-19
1147.4697469296189,8.003e-19
1147.4797910399784,7.997e-19
1147.4898351503382,8.008e-19
1147.4998792606978,8.002e-19
1147.5099233710573,7.978e-19
1147.5199674814169,7.973e-19
1147.5300115917767,7.998e-19
1147.5400557021362,8.035e-19
1147.5500998124958,8.051e-19
1147.5601439228553,8.041e-19
1147.570188033215,8.048e-19
1147.5802321435747,8.093e-19
1147.5902762539342,8.115e-19
1147.6003203642938,8.083e-19
1147.6103644746534,8.068e-19
1147.620408585013,8.11e-19
1147.6304526953727,8.146e-19
1147.6404968057323,8.146e-19
1147.6505409160918,8.155e-19
1147.6605850264514,8.172e-19
1147.670629136811,8.167e-19
1147.6806732471707,8.172e-19
1147.6907173575303,8.194e-19
1147.7007614678898,8.189e-19
1147.7108055782494,8.175e-19
1147.7208496886092,8.214e-19
1147.7308937989687,8.26e-19
1147.7409379093283,8.24e-19
1147.7509820196879,8.2e-19
1147.7610261300474,8.203e-19
1147.7710702404072,8.217e-19
1147.7811143507668,8.216e-19
1147.7911584611263,8.227e-19
1147.8012025714859,8.243e-19
1147.8112466818454,8.243e-19
1147.8212907922052,8.242e-19
1147.8313349025648,8.237e-19
1147.8413790129243,8.211e-19
1147.851423123284,8.198e-19
1147.8614672336435,8.225e-19
1147.8715113440032,8.245e-19
1147.8815554543628,8.23e-19
1147.8915995647224,8.219e-19
1147.901643675082,8.221e-19
1147.9116877854417,8.217e-19
1147.9217318958013,8.226e-19
1147.9317760061608,8.255e-19
1147.9418201165204,8.258e-19
1147.95186422688,8.238e-19
1147.9619083372397,8.237e-19
1147.9719524475993,8.242e-19
1147.9819965579588,8.227e-19
1147.9920406683184,8.228e-19
1148.002084778678,8.264e-19
1148.0121288890377,8.28e-19
1148.0221729993973,8.262e-19
1148.0322171097569,8.263e-19
1148.0422612201164,8.29e-19
1148.052305330476,8.299e-19
1148.0623494408358,8.286e-19
1148.0723935511953,8.286e-19
1148.0824376615549,8.307e-19
1148.0924817719144,8.334e-19
1148.1025258822742,8.348e-19
1148.1125699926338,8.328e-19
1148.1226141029933,8.286e-19
1148.132658213353,8.269e-19
1148.1427023237125,8.292e-19
1148.1527464340722,8.321e-19
1148.1627905444318,8.33e-19
1148.1728346547914,8.325e-19
1148.182878765151,8.315e-19
1148.1929228755105,8.308e-19
1148.2029669858703,8.305e-19
1148.2130110962298,8.297e-19
1148.2230552065894,8.275e-19
1148.233099316949,8.257e-19
1148.2431434273085,8.268e-19
1148.2531875376683,8.302e-19
1148.2632316480278,8.32e-19
1148.2732757583874,8.314e-19
1148.283319868747,8.321e-19
1148.2933639791067,8.356e-19
1148.3034080894663,8.38e-19
1148.3134521998259,8.369e-19
1148.3234963101854,8.358e-19
1148.333540420545,8.377e-19
1148.3435845309048,8.402e-19
1148.3536286412643,8.407e-19
1148.3636727516239,8.404e-19
1148.3737168619834,8.399e-19
1148.383760972343,8.377e-19
1148.3938050827028,8.353e-19
1148.4038491930623,8.366e-19
1148.413893303422,8.404e-19
1148.4239374137815,8.417e-19
1148.433981524141,8.396e-19
1148.4440256345008,8.385e-19
1148.4540697448604,8.404e-19
1148.46411385522,8.425e-19
1148.4741579655795,8.419e-19
1148.4842020759393,8.396e-19
1148.4942461862988,8.393e-19
1148.5042902966584,8.414e-19
1148.514334407018,8.415e-19
1148.5243785173775,8.38e-19
1148.5344226277373,8.36e-19
1148.5444667380968,8.386e-19
1148.5545108484564,8.417e-19
1148.564554958816,8.408e-19
1148.5745990691755,8.381e-19
1148.5846431795353,8.377e-19
1148.5946872898949,8.4e-19
1148.6047314002544,8.422e-19
1148.614775510614,8.427e-19
1148.6248196209735,8.422e-19
1148.6348637313333,8.425e-19
1148.6449078416929,8.438e-19
1148.6549519520524,8.447e-19
1148.664996062412,8.454e-19
1148.6750401727718,8.467e-19
1148.6850842831313,8.476e-19
1148.695128393491,8.465e-19
1148.7051725038505,8.449e-19
1148.71521661421,8.451e-19
1148.7252607245698,8.474e-19
1148.7353048349294,8.513e-19
1148.745348945289,8.55e-19
1148.7553930556485,8.564e-19
1148.765437166008,8.551e-19
1148.7754812763678,8.531e-19
1148.7855253867274,8.519e-19
1148.795569497087,8.524e-19
1148.8056136074465,8.546e-19
1148.815657717806,8.557e-19
1148.8257018281658,8.53e-19
1148.8357459385254,8.513e-19
1148.845790048885,8.557e-19
1148.8558341592445,8.604e-19
1148.865878269604,8.586e-19
1148.8759223799639,8.553e-19
1148.8859664903234,8.583e-19
1148.896010600683,8.635e-19
1148.9060547110425,8.638e-19
1148.916098821402,8.612e-19
1148.926142931762,8.617e-19
1148.9361870421214,8.66e-19
1148.946231152481,8.697e-19
1148.9562752628406,8.703e-19
1148.9663193732003,8.68e-19
1148.97636348356,8.657e-19
1148.9864075939195,8.658e-19
1148.996451704279,8.68e-19
1149.0064958146386,8.697e-19
1149.0165399249984,8.691e-19
1149.026584035358,8.676e-19
1149.0366281457175,8.674e-19
1149.046672256077,8.69e-19
1149.0567163664366,8.701e-19
1149.0667604767964,8.7e-19
1149.076804587156,8.694e-19
1149.0868486975155,8.681e-19
1149.096892807875,8.658e-19
1149.1069369182346,8.646e-19
1149.1169810285944,8.651e-19
1149.127025138954,8.649e-19
1149.1370692493135,8.64e-19
1149.147113359673,8.636e-19
1149.1571574700329,8.627e-19
1149.1672015803924,8.611e-19
1149.177245690752,8.61e-19
1149.1872898011115,8.613e-19
1149.197333911471,8.591e-19
1149.207378021831,8.57e-19
1149.2174221321904,8.581e-19
1149.22746624255,8.591e-19
1149.2375103529096,8.578e-19
1149.2475544632691,8.585e-19
1149.257598573629,8.61e-19
1149.2676426839885,8.603e-19
1149.277686794348,8.583e-19
1149.2877309047076,8.594e-19
1149.2977750150671,8.606e-19
1149.307819125427,8.587e-19
1149.3178632357865,8.583e-19
1149.327907346146,8.617e-19
1149.3379514565056,8.638e-19
1149.3479955668654,8.639e-19
1149.358039677225,8.659e-19
1149.3680837875845,8.69e-19
1149.378127897944,8.695e-19
1149.3881720083036,8.688e-19
1149.3982161186634,8.694e-19
1149.408260229023,8.704e-19
1149.4183043393825,8.714e-19
1149.428348449742,8.733e-19
1149.4383925601016,8.751e-19
1149.4484366704614,8.751e-19
1149.458480780821,8.742e-19
1149.4685248911806,8.738e-19
1149.47856900154,8.75e-19
1149.4886131118997,8.785e-19
1149.4986572222595,8.825e-19
1149.508701332619,8.839e-19
1149.5187454429786,8.83e-19
1149.5287895533381,8.835e-19
1149.538833663698,8.869e-19
1149.5488777740575,8.904e-19
1149.558921884417,8.913e-19
1149.5689659947766,8.904e-19
1149.5790101051361,8.914e-19
1149.589054215496,8.947e-19
1149.5990983258555,8.963e-19
1149.609142436215,8.942e-19
1149.6191865465746,8.937e-19
1149.6292306569342,8.98e-19
1149.639274767294,9.027e-19
1149.6493188776535,9.037e-19
1149.659362988013,9.047e-19
1149.6694070983726,9.084e-19
1149.6794512087322,9.099e-19
1149.689495319092,9.067e-19
1149.6995394294515,9.049e-19
1149.709583539811,9.067e-19
1149.7196276501707,9.063e-19
1149.7296717605304,9.028e-19
1149.73971587089,9.033e-19
1149.7497599812496,9.079e-19
1149.759804091609,9.092e-19
1149.7698482019687,9.066e-19
1149.7798923123285,9.069e-19
1149.789936422688,9.109e-19
1149.7999805330476,9.137e-19
1149.8100246434071,9.141e-19
1149.8200687537667,9.126e-19
1149.8301128641265,9.09e-19
1149.840156974486,9.067e-19
1149.8502010848456,9.098e-19
1149.8602451952052,9.146e-19
1149.8702893055647,9.139e-19
1149.8803334159245,9.085e-19
1149.890377526284,9.047e-19
1149.9004216366436,9.038e-19
1149.9104657470032,9.015e-19
1149.920509857363,8.964e-19
1149.9305539677225,8.913e-19
1149.940598078082,8.88e-19
1149.9506421884416,8.844e-19
1149.9606862988012,8.807e-19
1149.970730409161,8.801e-19
1149.9807745195205,8.815e-19
1149.99081862988,8.799e-19
1150.0008627402397,8.76e-19
1150.0109068505992,8.754e-19
1150.020950960959,8.776e-19
1150.0309950713186,8.784e-19
1150.0410391816781,8.781e-19
1150.0510832920377,8.781e-19
1150.0611274023972,8.768e-19
1150.071171512757,8.748e-19
1150.0812156231166,8.745e-19
1150.0912597334761,8.741e-19
1150.1013038438357,8.729e-19
1150.1113479541955,8.744e-19
1150.121392064555,8.775e-19
1150.1314361749146,8.769e-19
1150.1414802852742,8.748e-19
1150.1515243956337,8.754e-19
1150.1615685059933,8.76e-19
1150.171612616353,8.736e-19
1150.1816567267126,8.719e-19
1150.1917008370722,8.726e-19
1150.2017449474317,8.734e-19
1150.2117890577915,8.739e-19
1150.221833168151,8.751e-19
1150.2318772785106,8.757e-19
1150.2419213888702,8.761e-19
1150.2519654992298,8.771e-19
1150.2620096095895,8.771e-19
1150.272053719949,8.764e-19
1150.2820978303087,8.767e-19
1150.2921419406682,8.764e-19
1150.3021860510278,8.749e-19
1150.3122301613876,8.762e-19
1150.3222742717471,8.796e-19
1150.3323183821067,8.785e-19
1150.3423624924662,8.745e-19
1150.3524066028258,8.739e-19
1150.3624507131856,8.751e-19
1150.3724948235451,8.735e-19
1150.3825389339047,8.722e-19
1150.3925830442643,8.736e-19
1150.402627154624,8.752e-19
1150.4126712649836,8.756e-19
1150.4227153753432,8.745e-19
1150.4327594857027,8.712e-19
1150.4428035960623,8.69e-19
1150.452847706422,8.71e-19
1150.4628918167816,8.73e-19
1150.4729359271412,8.72e-19
1150.4829800375007,8.721e-19
1150.4930241478603,8.738e-19
1150.50306825822,8.731e-19
1150.5131123685796,8.731e-19
1150.5231564789392,8.765e-19
1150.5332005892988,8.772e-19
1150.5432446996583,8.735e-19
1150.553288810018,8.724e-19
1150.5633329203777,8.747e-19
1150.5733770307372,8.743e-19
1150.5834211410968,8.715e-19
1150.5934652514566,8.699e-19
1150.6035093618161,8.695e-19
1150.6135534721757,8.695e-19
1150.6235975825352,8.704e-19
1150.6336416928948,8.697e-19
1150.6436858032546,8.67e-19
1150.6537299136141,8.659e-19
1150.6637740239737,8.663e-19
1150.6738181343333,8.653e-19
1150.6838622446928,8.64e-19
1150.6939063550526,8.641e-19
1150.7039504654122,8.636e-19
1150.7139945757717,8.615e-19
1150.7240386861313,8.6e-19
1150.7340827964908,8.6e-19
1150.7441269068506,8.608e-19
1150.7541710172102,8.611e-19
1150.7642151275697,8.598e-19
1150.7742592379293,8.591e-19
1150.784303348289,8.605e-19
1150.7943474586486,8.603e-19
1150.8043915690082,8.571e-19
1150.8144356793678,8.567e-19
1150.8244797897273,8.595e-19
1150.834523900087,8.592e-19
1150.8445680104467,8.569e-19
1150.8546121208062,8.575e-19
1150.8646562311658,8.573e-19
1150.8747003415253,8.531e-19
1150.8847444518851,8.52e-19
1150.8947885622447,8.555e-19
1150.9048326726042,8.554e-19
1150.9148767829638,8.512e-19
1150.9249208933234,8.498e-19
1150.9349650036831,8.513e-19
1150.9450091140427,8.526e-19
1150.9550532244023,8.54e-19
1150.9650973347618,8.535e-19
1150.9751414451216,8.503e-19
1150.9851855554812,8.504e-19
1150.9952296658407,8.551e-19
1151.0052737762003,8.56e-19
1151.0153178865598,8.523e-19
1151.0253619969196,8.52e-19
1151.0354061072792,8.558e-19
1151.0454502176387,8.566e-19
1151.0554943279983,8.539e-19
1151.0655384383579,8.52e-19
1151.0755825487176,8.524e-19
1151.0856266590772,8.543e-19
1151.0956707694368,8.558e-19
1151.1057148797963,8.555e-19
1151.1157589901559,8.545e-19
1151.1258031005157,8.533e-19
1151.1358472108752,8.507e-19
1151.1458913212348,8.493e-19
1151.1559354315943,8.514e-19
1151.1659795419541,8.522e-19
1151.1760236523137,8.485e-19
1151.1860677626732,8.464e-19
1151.1961118730328,8.484e-19
1151.2061559833924,8.492e-19
1151.2162000937521,8.48e-19
1151.2262442041117,8.48e-19
1151.2362883144713,8.474e-19
1151.2463324248308,8.448e-19
1151.2563765351904,8.447e-19
1151.2664206455502,8.47e-19
1151.2764647559097,8.466e-19
1151.2865088662693,8.446e-19
1151.2965529766288,8.447e-19
1151.3065970869884,8.459e-19
1151.3166411973482,8.47e-19
1151.3266853077077,8.482e-19
1151.3367294180673,8.475e-19
1151.3467735284269,8.453e-19
1151.3568176387867,8.454e-19
1151.3668617491462,8.468e-19
1151.3769058595058,8.456e-19
1151.3869499698653,8.434e-19
1151.3969940802249,8.439e-19
1151.4070381905847,8.456e-19
1151.4170823009442,8.461e-19
1151.4271264113038,8.462e-19
1151.4371705216633,8.463e-19
1151.447214632023,8.469e-19
1151.4572587423827,8.483e-19
1151.4673028527423,8.484e-19
1151.4773469631018,8.464e-19
1151.4873910734614,8.457e-19
1151.497435183821,8.465e-19
1151.5074792941807,8.46e-19
1151.5175234045403,8.466e-19
1151.5275675148998,8.513e-19
1151.5376116252594,8.558e-19
1151.547655735619,8.564e-19
1151.5576998459787,8.561e-19
1151.5677439563383,8.554e-19
1151.5777880666978,8.528e-19
1151.5878321770574,8.514e-19
1151.597876287417,8.533e-19
1151.6079203977768,8.543e-19
1151.6179645081363,8.529e-19
1151.6280086184959,8.525e-19
1151.6380527288554,8.523e-19
1151.6480968392152,8.495e-19
1151.6581409495748,8.474e-19
1151.6681850599343,8.482e-19
1151.678229170294,8.492e-19
1151.6882732806534,8.482e-19
1151.6983173910132,8.46e-19
1151.7083615013728,8.443e-19
1151.7184056117324,8.446e-19
1151.728449722092,8.463e-19
1151.7384938324515,8.463e-19
1151.7485379428113,8.45e-19
1151.7585820531708,8.459e-19
1151.7686261635304,8.476e-19
1151.77867027389,8.472e-19
1151.7887143842495,8.47e-19
1151.7987584946093,8.484e-19
1151.8088026049688,8.475e-19
1151.8188467153284,8.45e-19
1151.828890825688,8.45e-19
1151.8389349360477,8.464e-19
1151.8489790464073,8.458e-19
1151.8590231567669,8.45e-19
1151.8690672671264,8.452e-19
1151.879111377486,8.438e-19
1151.8891554878458,8.416e-19
1151.8991995982053,8.42e-19
1151.9092437085649,8.435e-19
1151.9192878189244,8.421e-19
1151.929331929284,8.379e-19
1151.9393760396438,8.344e-19
1151.9494201500033,8.341e-19
1151.959464260363,8.356e-19
1151.9695083707225,8.353e-19
1151.979552481082,8.338e-19
1151.9895965914418,8.345e-19
1151.9996407018014,8.359e-19
1152.009684812161,8.333e-19
1152.0197289225205,8.29e-19
1152.0297730328803,8.282e-19
1152.0398171432398,8.293e-19
1152.0498612535994,8.287e-19
1152.059905363959,8.279e-19
1152.0699494743185,8.283e-19
1152.0799935846783,8.28e-19
1152.0900376950378,8.275e-19
1152.1000818053974,8.287e-19
1152.110125915757,8.304e-19
1152.1201700261165,8.304e-19
1152.1302141364763,8.296e-19
1152.1402582468359,8.293e-19
1152.1503023571954,8.295e-19
1152.160346467555,8.296e-19
1152.1703905779145,8.297e-19
1152.1804346882743,8.307e-19
1152.1904787986339,8.328e-19
1152.2005229089934,8.337e-19
1152.210567019353,8.321e-19
1152.2206111297128,8.313e-19
1152.2306552400723,8.339e-19
1152.240699350432,8.353e-19
1152.2507434607915,8.321e-19
1152.260787571151,8.278e-19
1152.2708316815108,8.269e-19
1152.2808757918704,8.277e-19
1152.29091990223,8.275e-19
1152.3009640125895,8.272e-19
1152.311008122949,8.283e-19
1152.3210522333088,8.301e-19
1152.3310963436684,8.31e-19
1152.341140454028,8.308e-19
1152.3511845643875,8.303e-19
1152.361228674747,8.3e-19
1152.3712727851068,8.304e-19
1152.3813168954664,8.311e-19
1152.391361005826,8.304e-19
1152.4014051161855,8.281e-19
1152.4114492265453,8.277e-19
1152.4214933369049,8.305e-19
1152.4315374472644,8.32e-19
1152.441581557624,8.302e-19
1152.4516256679835,8.289e-19
1152.4616697783433,8.298e-19
1152.4717138887029,8.298e-19
1152.4817579990624,8.281e-19
1152.491802109422,8.276e-19
1152.5018462197816,8.282e-19
1152.5118903301413,8.288e-19
1152.521934440501,8.298e-19
1152.5319785508605,8.312e-19
1152.54202266122,8.326e-19
1152.5520667715796,8.353e-19
1152.5621108819394,8.382e-19
1152.572154992299,8.387e-19
1152.5821991026585,8.389e-19
1152.592243213018,8.406e-19
1152.6022873233778,8.411e-19
1152.6123314337374,8.398e-19
1152.622375544097,8.396e-19
1152.6324196544565,8.389e-19
1152.642463764816,8.361e-19
1152.6525078751758,8.371e-19
1152.6625519855354,8.429e-19
1152.672596095895,8.441e-19
1152.6826402062545,8.392e-19
1152.692684316614,8.376e-19
1152.7027284269739,8.415e-19
1152.7127725373334,8.439e-19
1152.722816647693,8.434e-19
1152.7328607580525,8.434e-19
1152.742904868412,8.443e-19
1152.7529489787719,8.457e-19
1152.7629930891314,8.478e-19
1152.773037199491,8.489e-19
1152.7830813098506,8.488e-19
1152.7931254202103,8.493e-19
1152.80316953057,8.503e-19
1152.8132136409295,8.526e-19
1152.823257751289,8.577e-19
1152.8333018616486,8.61e-19
1152.8433459720081,8.583e-19
1152.853390082368,8.562e-19
1152.8634341927275,8.602e-19
1152.873478303087,8.627e-19
1152.8835224134466,8.593e-19
1152.8935665238064,8.57e-19
1152.903610634166,8.579e-19
1152.9136547445255,8.561e-19
1152.923698854885,8.531e-19
1152.9337429652446,8.541e-19
1152.9437870756044,8.559e-19
1152.953831185964,8.551e-19
1152.9638752963235,8.546e-19
1152.973919406683,8.553e-19
1152.9839635170426,8.552e-19
1152.9940076274024,8.553e-19
1153.004051737762,8.554e-19
1153.0140958481215,8.539e-19
1153.024139958481,8.539e-19
1153.0341840688407,8.568e-19
1153.0442281792004,8.565e-19
1153.05427228956,8.523e-19
1153.0643163999196,8.51e-19
1153.0743605102791,8.525e-19
1153.084404620639,8.498e-19
1153.0944487309985,8.445e-19
1153.104492841358,8.417e-19
1153.1145369517176,8.39e-19
1153.1245810620771,8.333e-19
1153.134625172437,8.286e-19
1153.1446692827965,8.268e-19
1153.154713393156,8.24e-19
1153.1647575035156,8.194e-19
1153.1748016138752,8.165e-19
1153.184845724235,8.162e-19
1153.1948898345945,8.16e-19
1153.204933944954,8.132e-19
1153.2149780553136,8.081e-19
1153.2250221656732,8.045e-19
1153.235066276033,8.055e-19
1153.2451103863925,8.082e-19
1153.255154496752,8.074e-19
1153.2651986071116,8.041e-19
1153.2752427174714,8.024e-19
1153.285286827831,8.029e-19
1153.2953309381905,8.036e-19
1153.30537504855,8.038e-19
1153.3154191589097,8.042e-19
1153.3254632692694,8.048e-19
1153.335507379629,8.054e-19
1153.3455514899886,8.061e-19
1153.3555956003481,8.064e-19
1153.3656397107077,8.068e-19
1153.3756838210675,8.08e-19
1153.385727931427,8.093e-19
1153.3957720417866,8.1e-19
1153.4058161521461,8.114e-19
1153.4158602625057,8.142e-19
1153.4259043728655,8.155e-19
1153.435948483225,8.138e-19
1153.4459925935846,8.128e-19
1153.4560367039442,8.138e-19
1153.466080814304,8.123e-19
1153.4761249246635,8.076e-19
1153.486169035023,8.055e-19
1153.4962131453826,8.078e-19
1153.5062572557422,8.087e-19
1153.516301366102,8.064e-19
1153.5263454764615,8.045e-19
1153.536389586821,8.029e-19
1153.5464336971806,7.993e-19
1153.5564778075402,7.962e-19
1153.5665219179,7.962e-19
1153.5765660282595,7.974e-19
1153.586610138619,7.974e-19
1153.5966542489787,7.967e-19
1153.6066983593382,7.959e-19
1153.616742469698,7.961e-19
1153.6267865800576,7.97e-19
1153.6368306904171,7.962e-19
1153.6468748007767,7.938e-19
1153.6569189111365,7.936e-19
1153.666963021496,7.953e-19
1153.6770071318556,7.956e-19
1153.6870512422151,7.954e-19
1153.6970953525747,7.967e-19
1153.7071394629345,7.961e-19
1153.717183573294,7.936e-19
1153.7272276836536,7.946e-19
1153.7372717940132,7.987e-19
1153.7473159043727,7.989e-19
1153.7573600147325,7.954e-19
1153.767404125092,7.949e-19
1153.7774482354516,7.974e-19
1153.7874923458112,7.979e-19
1153.7975364561707,7.971e-19
1153.8075805665305,7.984e-19
1153.81762467689,8.007e-19
1153.8276687872496,8.015e-19
1153.8377128976092,8.015e-19
1153.847757007969,8.022e-19
1153.8578011183286,8.03e-19
1153.867845228688,8.035e-19
1153.8778893390477,8.037e-19
1153.8879334494072,8.037e-19
1153.897977559767,8.044e-19
1153.9080216701266,8.068e-19
1153.9180657804861,8.095e-19
1153.9281098908457,8.095e-19
1153.9381540012052,8.078e-19
1153.948198111565,8.085e-19
1153.9582422219246,8.125e-19
1153.9682863322842,8.154e-19
1153.9783304426437,8.153e-19
1153.9883745530033,8.144e-19
1153.998418663363,8.153e-19
1154.0084627737226,8.18e-19
1154.0185068840822,8.206e-19
1154.0285509944417,8.2e-19
1154.0385951048015,8.176e-19
1154.048639215161,8.186e-19
1154.0586833255206,8.233e-19
1154.0687274358802,8.255e-19
1154.0787715462398,8.245e-19
1154.0888156565995,8.253e-19
1154.098859766959,8.277e-19
1154.1089038773187,8.276e-19
1154.1189479876782,8.264e-19
1154.1289920980378,8.272e-19
1154.1390362083976,8.289e-19
1154.1490803187571,8.308e-19
1154.1591244291167,8.313e-19
1154.1691685394762,8.269e-19
1154.1792126498358,8.197e-19
1154.1892567601956,8.156e-19
1154.1993008705551,8.131e-19
1154.2093449809147,8.088e-19
1154.2193890912743,8.068e-19
1154.2294332016338,8.07e-19
1154.2394773119936,8.022e-19
1154.2495214223532,7.963e-19
1154.2595655327127,7.993e-19
1154.2696096430723,8.052e-19
1154.2796537534318,8.045e-19
1154.2896978637916,8.037e-19
1154.2997419741512,8.076e-19
1154.3097860845107,8.075e-19
1154.3198301948703,8.042e-19
1154.32987430523,8.072e-19
1154.3399184155896,8.127e-19
1154.3499625259492,8.133e-19
1154.3600066363088,8.159e-19
1154.3700507466683,8.235e-19
1154.380094857028,8.266e-19
1154.3901389673877,8.254e-19
1154.4001830777472,8.288e-19
1154.4102271881068,8.338e-19
1154.4202712984663,8.352e-19
1154.4303154088261,8.383e-19
1154.4403595191857,8.438e-19
1154.4504036295452,8.442e-19
1154.4604477399048,8.419e-19
1154.4704918502644,8.448e-19
1154.4805359606241,8.49e-19
1154.4905800709837,8.481e-19
1154.5006241813433,8.45e-19
1154.5106682917028,8.414e-19
1154.5207124020626,8.354e-19
1154.5307565124222,8.297e-19
1154.5408006227817,8.261e-19
1154.5508447331413,8.213e-19
1154.5608888435008,8.15e-19
1154.5709329538606,8.108e-19
1154.5809770642202,8.071e-19
1154.5910211745797,8.021e-19
1154.6010652849393,7.986e-19
1154.6111093952989,7.97e-19
1154.6211535056586,7.939e-19
1154.6311976160182,7.907e-19
1154.6412417263778,7.906e-19
1154.6512858367373,7.91e-19
1154.6613299470969,7.896e-19
1154.6713740574567,7.886e-19
1154.6814181678162,7.891e-19
1154.6914622781758,7.892e-19
1154.7015063885353,7.888e-19
1154.7115504988951,7.898e-19
1154.7215946092547,7.915e-19
1154.7316387196142,7.922e-19
1154.7416828299738,7.918e-19
1154.7517269403334,7.922e-19
1154.7617710506931,7.939e-19
1154.7718151610527,7.95e-19
1154.7818592714123,7.951e-19
1154.7919033817718,7.969e-19
1154.8019474921314,8.002e-19
1154.8119916024912,8.013e-19
1154.8220357128507,8.006e-19
1154.8320798232103,8.015e-19
1154.8421239335698,8.037e-19
1154.8521680439294,8.042e-19
1154.8622121542892,8.042e-19
1154.8722562646487,8.039e-19
1154.8823003750083,8.002e-19
1154.8923444853679,7.951e-19
1154.9023885957276,7.947e-19
1154.9124327060872,7.98e-19
1154.9224768164468,7.974e-19
1154.9325209268063,7.92e-19
1154.9425650371659,7.888e-19
1154.9526091475257,7.914e-19
1154.9626532578852,7.95e-19
1154.9726973682448,7.942e-19
1154.9827414786043,7.904e-19
1154.992785588964,7.893e-19
1155.0028296993237,7.92e-19
1155.0128738096832,7.949e-19
1155.0229179200428,7.966e-19
1155.0329620304024,7.982e-19
1155.043006140762,7.995e-19
1155.0530502511217,8.012e-19
1155.0630943614813,8.054e-19
1155.0731384718408,8.1e-19
1155.0831825822004,8.119e-19
1155.0932266925602,8.137e-19
1155.1032708029197,8.189e-19
1155.1133149132793,8.247e-19
1155.1233590236388,8.274e-19
1155.1334031339984,8.293e-19
1155.1434472443582,8.329e-19
1155.1534913547177,8.38e-19
1155.1635354650773,8.438e-19
1155.1735795754369,8.49e-19
1155.1836236857964,8.519e-19
1155.1936677961562,8.548e-19
1155.2037119065158,8.62e-19
1155.2137560168753,8.719e-19
1155.2238001272349,8.788e-19
1155.2338442375944,8.817e-19
1155.2438883479542,8.857e-19
1155.2539324583138,8.942e-19
1155.2639765686733,9.026e-19
1155.274020679033,9.062e-19
1155.2840647893927,9.101e-19
1155.2941088997522,9.194e-19
1155.3041530101118,9.283e-19
1155.3141971204714,9.321e-19
1155.324241230831,9.381e-19
1155.3342853411907,9.501e-19
1155.3443294515503,9.595e-19
1155.3543735619098,9.647e-19
1155.3644176722694,9.746e-19
1155.374461782629,9.869e-19
1155.3845058929887,9.939e-19
1155.3945500033483,1.003e-18
1155.4045941137078,1.02e-18
1155.4146382240674,1.034e-18
1155.424682334427,1.041e-18
1155.4347264447867,1.052e-18
1155.4447705551463,1.066e-18
1155.4548146655059,1.074e-18
1155.4648587758654,1.075e-18
1155.4749028862252,1.078e-18
1155.4849469965848,1.081e-18
1155.4949911069443,1.079e-18
1155.5050352173039,1.077e-18
1155.5150793276634,1.073e-18
1155.525123438023,1.066e-18
1155.5351675483828,1.064e-18
1155.5452116587423,1.068e-18
1155.555255769102,1.069e-18
1155.5652998794615,1.066e-18
1155.5753439898212,1.066e-18
1155.5853881001808,1.065e-18
1155.5954322105404,1.062e-18
1155.6054763209,1.062e-18
1155.6155204312595,1.063e-18
1155.6255645416193,1.058e-18
1155.6356086519788,1.051e-18
1155.6456527623384,1.049e-18
1155.655696872698,1.046e-18
1155.6657409830575,1.037e-18
1155.6757850934173,1.028e-18
1155.6858292037768,1.016e-18
1155.6958733141364,9.95e-19
1155.705917424496,9.706e-19
1155.7159615348555,9.499e-19
1155.7260056452153,9.288e-19
1155.7360497555749,9.068e-19
1155.7460938659344,8.894e-19
1155.756137976294,8.748e-19
1155.7661820866538,8.6e-19
1155.7762261970133,8.5e-19
1155.786270307373,8.437e-19
1155.7963144177324,8.335e-19
1155.806358528092,8.238e-19
1155.8164026384518,8.23e-19
1155.8264467488113,8.238e-19
1155.836490859171,8.172e-19
1155.8465349695305,8.102e-19
1155.85657907989,8.092e-19
1155.8666231902498,8.087e-19
1155.8766673006094,8.069e-19
1155.886711410969,8.068e-19
1155.8967555213285,8.058e-19
1155.906799631688,8.024e-19
1155.9168437420478,8.018e-19
1155.9268878524074,8.049e-19
1155.936931962767,8.069e-19
1155.9469760731265,8.083e-19
1155.9570201834863,8.1e-19
1155.9670642938459,8.093e-19
1155.9771084042054,8.093e-19
1155.987152514565,8.136e-19
1155.9971966249245,8.162e-19
1156.0072407352843,8.145e-19
1156.0172848456439,8.174e-19
1156.0273289560034,8.263e-19
1156.037373066363,8.308e-19
1156.0474171767225,8.312e-19
1156.0574612870823,8.356e-19
1156.067505397442,8.41e-19
1156.0775495078015,8.428e-19
1156.087593618161,8.472e-19
1156.0976377285206,8.563e-19
1156.1076818388804,8.632e-19
1156.11772594924,8.688e-19
1156.1277700595995,8.789e-19
1156.137814169959,8.9e-19
1156.1478582803188,8.981e-19
1156.1579023906784,9.069e-19
1156.167946501038,9.172e-19
1156.1779906113975,9.267e-19
1156.188034721757,9.382e-19
1156.1980788321168,9.522e-19
1156.2081229424764,9.628e-19
1156.218167052836,9.699e-19
1156.2282111631955,9.802e-19
1156.238255273555,9.936e-19
1156.2482993839149,1.006e-18
1156.2583434942744,1.016e-18
1156.268387604634,1.023e-18
1156.2784317149935,1.026e-18
1156.288475825353,1.026e-18
1156.2985199357129,1.029e-18
1156.3085640460724,1.034e-18
1156.318608156432,1.038e-18
1156.3286522667916,1.038e-18
1156.3386963771513,1.036e-18
1156.348740487511,1.036e-18
1156.3587845978705,1.04e-18
1156.36882870823,1.045e-18
1156.3788728185896,1.048e-18
1156.3889169289494,1.046e-18
1156.398961039309,1.037e-18
1156.4090051496685,1.023e-18
1156.419049260028,1.011e-18
1156.4290933703876,9.999e-19
1156.4391374807474,9.831e-19
1156.449181591107,9.68e-19
1156.4592257014665,9.624e-19
1156.469269811826,9.561e-19
1156.4793139221856,9.409e-19
1156.4893580325454,9.279e-19
1156.499402142905,9.233e-19
1156.5094462532645,9.188e-19
1156.519490363624,9.132e-19
1156.5295344739839,9.111e-19
1156.5395785843434,9.073e-19
1156.549622694703,8.997e-19
1156.5596668050625,8.982e-19
1156.569710915422,9.02e-19
1156.5797550257819,9.006e-19
1156.5897991361414,8.963e-19
1156.599843246501,8.963e-19
1156.6098873568606,8.97e-19
1156.61993146722,8.977e-19
1156.62997557758,9.048e-19
1156.6400196879395,9.129e-19
1156.650063798299,9.144e-19
1156.6601079086586,9.177e-19
1156.6701520190181,9.284e-19
1156.680196129378,9.376e-19
1156.6902402397375,9.441e-19
1156.700284350097,9.552e-19
1156.7103284604566,9.664e-19
1156.7203725708164,9.731e-19
1156.730416681176,9.845e-19
1156.7404607915355,1.001e-18
1156.750504901895,1.012e-18
1156.7605490122546,1.016e-18
1156.7705931226144,1.024e-18
1156.780637232974,1.035e-18
1156.7906813433335,1.038e-18
1156.800725453693,1.036e-18
1156.8107695640526,1.029e-18
1156.8208136744124,1.02e-18
1156.830857784772,1.015e-18
1156.8409018951315,1.014e-18
1156.850946005491,1.012e-18
1156.8609901158507,1.01e-18
1156.8710342262104,1.014e-18
1156.88107833657,1.021e-18
1156.8911224469296,1.028e-18
1156.9011665572891,1.04e-18
1156.911210667649,1.054e-18
1156.9212547780085,1.066e-18
1156.931298888368,1.08e-18
1156.9413429987276,1.097e-18
1156.9513871090871,1.109e-18
1156.9614312194467,1.117e-18
1156.9714753298065,1.13e-18
1156.981519440166,1.142e-18
1156.9915635505256,1.146e-18
1157.0016076608852,1.149e-18
1157.011651771245,1.153e-18
1157.0216958816045,1.153e-18
1157.031739991964,1.151e-18
1157.0417841023236,1.152e-18
1157.0518282126832,1.15e-18
1157.061872323043,1.138e-18
1157.0719164334025,1.124e-18
1157.081960543762,1.113e-18
1157.0920046541216,1.098e-18
1157.1020487644812,1.08e-18
1157.112092874841,1.067e-18
1157.1221369852005,1.058e-18
1157.13218109556,1.051e-18
1157.1422252059197,1.046e-18
1157.1522693162792,1.042e-18
1157.162313426639,1.035e-18
1157.1723575369986,1.029e-18
1157.1824016473581,1.025e-18
1157.1924457577177,1.02e-18
1157.2024898680775,1.011e-18
1157.212533978437,1.004e-18
1157.2225780887966,9.999e-19
1157.2326221991561,9.956e-19
1157.2426663095157,9.897e-19
1157.2527104198755,9.843e-19
1157.262754530235,9.807e-19
1157.2727986405946,9.779e-19
1157.2828427509542,9.742e-19
1157.2928868613137,9.692e-19
1157.3029309716735,9.632e-19
1157.312975082033,9.57e-19
1157.3230191923926,9.523e-19
1157.3330633027522,9.498e-19
1157.3431074131117,9.464e-19
1157.3531515234715,9.417e-19
1157.363195633831,9.392e-19
1157.3732397441906,9.382e-19
1157.3832838545502,9.346e-19
1157.39332796491,9.304e-19
1157.4033720752695,9.292e-19
1157.413416185629,9.267e-19
1157.4234602959887,9.212e-19
1157.4335044063482,9.191e-19
1157.443548516708,9.208e-19
1157.4535926270676,9.18e-19
1157.4636367374271,9.118e-19
1157.4736808477867,9.1e-19
1157.4837249581462,9.111e-19
1157.493769068506,9.099e-19
1157.5038131788656,9.085e-19
1157.5138572892251,9.082e-19
1157.5239013995847,9.073e-19
1157.5339455099443,9.088e-19
1157.543989620304,9.14e-19
1157.5540337306636,9.16e-19
1157.5640778410232,9.133e-19
1157.5741219513827,9.144e-19
1157.5841660617425,9.206e-19
1157.594210172102,9.238e-19
1157.6042542824616,9.238e-19
1157.6142983928212,9.259e-19
1157.6243425031807,9.291e-19
1157.6343866135405,9.307e-19
1157.6444307239,9.337e-19
1157.6544748342596,9.402e-19
1157.6645189446192,9.467e-19
1157.6745630549788,9.514e-19
1157.6846071653385,9.566e-19
1157.694651275698,9.645e-19
1157.7046953860577,9.741e-19
1157.7147394964172,9.828e-19
1157.7247836067768,9.902e-19
1157.7348277171366,9.993e-19
1157.7448718274961,1.011e-18
1157.7549159378557,1.023e-18
1157.7649600482152,1.035e-18
1157.775004158575,1.05e-18
1157.7850482689346,1.064e-18
1157.7950923792941,1.078e-18
1157.8051364896537,1.095e-18
1157.8151806000133,1.112e-18
1157.825224710373,1.127e-18
1157.8352688207326,1.145e-18
1157.8453129310922,1.171e-18
1157.8553570414517,1.199e-18
1157.8654011518113,1.225e-18
1157.875445262171,1.249e-18
1157.8854893725306,1.276e-18
1157.8955334828902,1.305e-18
1157.9055775932497,1.34e-18
1157.9156217036093,1.377e-18
1157.925665813969,1.412e-18
1157.9357099243286,1.448e-18
1157.9457540346882,1.491e-18
1157.9557981450478,1.536e-18
1157.9658422554076,1.577e-18
1157.975886365767,1.621e-18
1157.9859304761267,1.669e-18
1157.9959745864862,1.71e-18
1158.0060186968458,1.75e-18
1158.0160628072056,1.798e-18
1158.0261069175651,1.851e-18
1158.0361510279247,1.903e-18
1158.0461951382842,1.954e-18
1158.0562392486438,2.01e-18
1158.0662833590036,2.066e-18
1158.0763274693632,2.124e-18
1158.0863715797227,2.187e-18
1158.0964156900823,2.252e-18
1158.1064598004418,2.314e-18
1158.1165039108016,2.369e-18
1158.1265480211612,2.419e-18
1158.1365921315207,2.464e-18
1158.1466362418803,2.497e-18
1158.15668035224,2.509e-18
1158.1667244625996,2.507e-18
1158.1767685729592,2.508e-18
1158.1868126833187,2.508e-18
1158.1968567936783,2.492e-18
1158.2069009040379,2.474e-18
1158.2169450143977,2.475e-18
1158.2269891247572,2.484e-18
1158.2370332351168,2.487e-18
1158.2470773454763,2.502e-18
1158.257121455836,2.533e-18
1158.2671655661957,2.549e-18
1158.2772096765552,2.536e-18
1158.2872537869148,2.514e-18
1158.2972978972743,2.487e-18
1158.3073420076341,2.427e-18
1158.3173861179937,2.328e-18
1158.3274302283533,2.206e-18
1158.3374743387128,2.076e-18
1158.3475184490724,1.942e-18
1158.3575625594322,1.812e-18
1158.3676066697917,1.69e-18
1158.3776507801513,1.578e-18
1158.3876948905108,1.478e-18
1158.3977390008704,1.394e-18
1158.4077831112302,1.325e-18
1158.4178272215897,1.269e-18
1158.4278713319493,1.223e-18
1158.4379154423088,1.186e-18
1158.4479595526686,1.153e-18
1158.4580036630282,1.122e-18
1158.4680477733878,1.095e-18
1158.4780918837473,1.073e-18
1158.4881359941069,1.057e-18
1158.4981801044667,1.043e-18
1158.5082242148262,1.03e-18
1158.5182683251858,1.018e-18
1158.5283124355453,1.007e-18
1158.538356545905,9.961e-19
1158.5484006562647,9.891e-19
1158.5584447666242,9.844e-19
1158.5684888769838,9.766e-19
1158.5785329873434,9.675e-19
1158.588577097703,9.629e-19
1158.5986212080627,9.609e-19
1158.6086653184223,9.566e-19
1158.6187094287818,9.516e-19
1158.6287535391414,9.485e-19
1158.6387976495012,9.473e-19
1158.6488417598607,9.492e-19
1158.6588858702203,9.531e-19
1158.6689299805798,9.553e-19
1158.6789740909394,9.558e-19
1158.6890182012992,9.592e-19
1158.6990623116587,9.649e-19
1158.7091064220183,9.71e-19
1158.7191505323779,9.802e-19
1158.7291946427374,9.938e-19
1158.7392387530972,1.007e-18
1158.7492828634568,1.017e-18
1158.7593269738163,1.027e-18
1158.7693710841759,1.039e-18
1158.7794151945354,1.055e-18
1158.7894593048952,1.076e-18
1158.7995034152548,1.097e-18
1158.8095475256143,1.116e-18
1158.819591635974,1.139e-18
1158.8296357463337,1.168e-18
1158.8396798566932,1.196e-18
1158.8497239670528,1.223e-18
1158.8597680774124,1.257e-18
1158.869812187772,1.299e-18
1158.8798562981317,1.344e-18
1158.8899004084913,1.389e-18
1158.8999445188508,1.437e-18
1158.9099886292104,1.49e-18
1158.92003273957,1.548e-18
1158.9300768499297,1.612e-18
1158.9401209602893,1.677e-18
1158.9501650706488,1.739e-18
1158.9602091810084,1.802e-18
1158.970253291368,1.869e-18
1158.9802974017277,1.933e-18
1158.9903415120873,1.985e-18
1159.0003856224469,2.027e-18
1159.0104297328064,2.06e-18
1159.0204738431662,2.08e-18
1159.0305179535258,2.089e-18
1159.0405620638853,2.092e-18
1159.0506061742449,2.09e-18
1159.0606502846044,2.077e-18
1159.0706943949642,2.053e-18
1159.0807385053238,2.016e-18
1159.0907826156833,1.965e-18
1159.100826726043,1.899e-18
1159.1108708364025,1.817e-18
1159.1209149467622,1.72e-18
1159.1309590571218,1.616e-18
1159.1410031674814,1.522e-18
1159.151047277841,1.44e-18
1159.1610913882005,1.363e-18
1159.1711354985603,1.292e-18
1159.1811796089198,1.234e-18
1159.1912237192794,1.189e-18
1159.201267829639,1.149e-18
1159.2113119399987,1.112e-18
1159.2213560503583,1.081e-18
1159.2314001607178,1.055e-18
1159.2414442710774,1.033e-18
1159.251488381437,1.017e-18
1159.2615324917967,1.003e-18
1159.2715766021563,9.893e-19
1159.2816207125159,9.758e-19
1159.2916648228754,9.662e-19
1159.301708933235,9.591e-19
1159.3117530435948,9.517e-19
1159.3217971539543,9.438e-19
1159.3318412643139,9.364e-19
1159.3418853746734,9.305e-19
1159.351929485033,9.261e-19
1159.3619735953928,9.201e-19
1159.3720177057523,9.128e-19
1159.382061816112,9.095e-19
1159.3921059264715,9.092e-19
1159.4021500368312,9.055e-19
1159.4121941471908,9.01e-19
1159.4222382575504,9.021e-19
1159.43228236791,9.026e-19
1159.4423264782695,8.964e-19
1159.4523705886293,8.927e-19
1159.4624146989888,8.964e-19
1159.4724588093484,8.96e-19
1159.482502919708,8.879e-19
1159.4925470300675,8.825e-19
1159.5025911404273,8.83e-19
1159.5126352507868,8.83e-19
1159.5226793611464,8.825e-19
1159.532723471506,8.832e-19
1159.5427675818655,8.803e-19
1159.5528116922253,8.746e-19
1159.5628558025849,8.729e-19
1159.5728999129444,8.736e-19
1159.582944023304,8.708e-19
1159.5929881336638,8.67e-19
1159.6030322440233,8.673e-19
1159.6130763543829,8.691e-19
1159.6231204647424,8.689e-19
1159.633164575102,8.673e-19
1159.6432086854616,8.655e-19
1159.6532527958213,8.649e-19
1159.663296906181,8.663e-19
1159.6733410165405,8.681e-19
1159.6833851269,8.692e-19
1159.6934292372598,8.705e-19
1159.7034733476194,8.715e-19
1159.713517457979,8.724e-19
1159.7235615683385,8.756e-19
1159.733605678698,8.802e-19
1159.7436497890578,8.836e-19
1159.7536938994174,8.881e-19
1159.763738009777,8.951e-19
1159.7737821201365,8.992e-19
1159.783826230496,9.009e-19
1159.7938703408558,9.079e-19
1159.8039144512154,9.179e-19
1159.813958561575,9.221e-19
1159.8240026719345,9.243e-19
1159.834046782294,9.336e-19
1159.8440908926539,9.444e-19
1159.8541350030134,9.486e-19
1159.864179113373,9.515e-19
1159.8742232237325,9.578e-19
1159.8842673340923,9.62e-19
1159.894311444452,9.623e-19
1159.9043555548114,9.63e-19
1159.914399665171,9.641e-19
1159.9244437755306,9.618e-19
1159.9344878858903,9.575e-19
1159.94453199625,9.549e-19
1159.9545761066095,9.545e-19
1159.964620216969,9.531e-19
1159.9746643273286,9.476e-19
1159.9847084376884,9.407e-19
1159.994752548048,9.385e-19
1160.0047966584075,9.4e-19
1160.014840768767,9.376e-19
1160.0248848791266,9.318e-19
1160.0349289894864,9.303e-19
1160.044973099846,9.334e-19
1160.0550172102055,9.358e-19
1160.065061320565,9.38e-19
1160.0751054309249,9.424e-19
1160.0851495412844,9.455e-19
1160.095193651644,9.453e-19
1160.1052377620035,9.47e-19
1160.115281872363,9.529e-19
1160.1253259827229,9.575e-19
1160.1353700930824,9.587e-19
1160.145414203442,9.611e-19
1160.1554583138015,9.653e-19
1160.165502424161,9.665e-19
1160.175546534521,9.642e-19
1160.1855906448804,9.625e-19
1160.19563475524,9.613e-19
1160.2056788655996,9.574e-19
1160.2157229759591,9.54e-19
1160.225767086319,9.557e-19
1160.2358111966785,9.577e-19
1160.245855307038,9.544e-19
1160.2558994173976,9.512e-19
1160.2659435277574,9.546e-19
1160.275987638117,9.598e-19
1160.2860317484765,9.61e-19
1160.296075858836,9.626e-19
1160.3061199691956,9.696e-19
1160.3161640795554,9.781e-19
1160.326208189915,9.846e-19
1160.3362523002745,9.915e-19
1160.346296410634,1.002e-18
1160.3563405209936,1.014e-18
1160.3663846313534,1.028e-18
1160.376428741713,1.045e-18
1160.3864728520725,1.063e-18
1160.396516962432,1.079e-18
1160.4065610727916,1.094e-18
1160.4166051831514,1.114e-18
1160.426649293511,1.141e-18
1160.4366934038705,1.171e-18
1160.44673751423,1.2e-18
1160.45678162459,1.229e-18
1160.4668257349495,1.26e-18
1160.476869845309,1.295e-18
1160.4869139556686,1.335e-18
1160.4969580660281,1.381e-18
1160.507002176388,1.426e-18
1160.5170462867475,1.471e-18
1160.527090397107,1.523e-18
1160.5371345074666,1.584e-18
1160.5471786178261,1.653e-18
1160.557222728186,1.724e-18
1160.5672668385455,1.797e-18
1160.577310948905,1.872e-18
1160.5873550592646,1.957e-18
1160.5973991696242,2.056e-18
1160.607443279984,2.162e-18
1160.6174873903435,2.269e-18
1160.627531500703,2.386e-18
1160.6375756110626,2.515e-18
1160.6476197214224,2.657e-18
1160.657663831782,2.807e-18
1160.6677079421415,2.966e-18
1160.677752052501,3.139e-18
1160.6877961628606,3.333e-18
1160.6978402732204,3.549e-18
1160.70788438358,3.78e-18
1160.7179284939396,4.019e-18
1160.727972604299,4.267e-18
1160.7380167146587,4.525e-18
1160.7480608250185,4.809e-18
1160.758104935378,5.132e-18
1160.7681490457376,5.454e-18
1160.7781931560971,5.721e-18
1160.7882372664567,5.981e-18
1160.7982813768165,6.306e-18
1160.808325487176,6.657e-18
1160.8183695975356,6.994e-18
1160.8284137078952,7.37e-18
1160.838457818255,7.749e-18
1160.8485019286145,8.027e-18
1160.858546038974,8.314e-18
1160.8685901493336,8.692e-18
1160.8786342596932,9.03e-18
1160.8886783700527,9.398e-18
1160.8987224804125,9.799e-18
1160.908766590772,9.629e-18
1160.9188107011316,9.28e-18
1160.9288548114912,9.585e-18
1160.938898921851,1.035e-17
1160.9489430322105,1.015e-17
1160.95898714257,9.55e-18
1160.9690312529297,9.368e-18
1160.9790753632892,9.185e-18
1160.989119473649,8.981e-18
1160.9991635840086,9.181e-18
1161.0092076943681,9.523e-18
1161.0192518047277,9.195e-18
1161.0292959150872,8.567e-18
1161.039340025447,7.975e-18
1161.0493841358066,7.272e-18
1161.0594282461661,6.532e-18
1161.0694723565257,5.821e-18
1161.0795164668853,5.095e-18
1161.089560577245,4.404e-18
1161.0996046876046,3.826e-18
1161.1096487979642,3.359e-18
1161.1196929083237,2.97e-18
1161.1297370186835,2.646e-18
1161.139781129043,2.38e-18
1161.1498252394026,2.156e-18
1161.1598693497622,1.969e-18
1161.1699134601217,1.818e-18
1161.1799575704815,1.692e-18
1161.190001680841,1.581e-18
1161.2000457912006,1.486e-18
1161.2100899015602,1.407e-18
1161.2201340119198,1.337e-18
1161.2301781222795,1.275e-18
1161.240222232639,1.224e-18
1161.2502663429987,1.178e-18
1161.2603104533582,1.132e-18
1161.2703545637178,1.092e-18
1161.2803986740776,1.061e-18
1161.2904427844371,1.032e-18
1161.3004868947967,1.001e-18
1161.3105310051562,9.743e-19
1161.320575115516,9.554e-19
1161.3306192258756,9.382e-19
1161.3406633362351,9.167e-19
1161.3507074465947,8.956e-19
1161.3607515569543,8.813e-19
1161.370795667314,8.702e-19
1161.3808397776736,8.557e-19
1161.3908838880332,8.394e-19
1161.4009279983927,8.249e-19
1161.4109721087523,8.114e-19
1161.421016219112,7.995e-19
1161.4310603294716,7.902e-19
1161.4411044398312,7.809e-19
1161.4511485501907,7.706e-19
1161.4611926605503,7.625e-19
1161.47123677091,7.546e-19
1161.4812808812696,7.431e-19
1161.4913249916292,7.323e-19
1161.5013691019888,7.263e-19
1161.5114132123485,7.188e-19
1161.521457322708,7.07e-19
1161.5315014330677,6.974e-19
1161.5415455434272,6.913e-19
1161.5515896537868,6.837e-19
1161.5616337641466,6.756e-19
1161.5716778745061,6.698e-19
1161.5817219848657,6.641e-19
1161.5917660952252,6.581e-19
1161.6018102055848,6.531e-19
1161.6118543159446,6.464e-19
1161.6218984263041,6.382e-19
1161.6319425366637,6.345e-19
1161.6419866470233,6.338e-19
1161.6520307573828,6.285e-19
1161.6620748677426,6.188e-19
1161.6721189781022,6.09e-19
1161.6821630884617,5.984e-19
1161.6922071988213,5.874e-19
1161.702251309181,5.795e-19
1161.7122954195406,5.724e-19
1161.7223395299002,5.628e-19
1161.7323836402597,5.541e-19
1161.7424277506193,5.489e-19
1161.752471860979,5.44e-19
1161.7625159713386,5.39e-19
1161.7725600816982,5.369e-19
1161.7826041920578,5.357e-19
1161.7926483024173,5.321e-19
1161.802692412777,5.282e-19
1161.8127365231367,5.271e-19
1161.8227806334962,5.285e-19
1161.8328247438558,5.306e-19
1161.8428688542153,5.314e-19
1161.8529129645751,5.313e-19
1161.8629570749347,5.327e-19
1161.8730011852942,5.346e-19
1161.8830452956538,5.348e-19
1161.8930894060136,5.358e-19
1161.9031335163731,5.389e-19
1161.9131776267327,5.392e-19
1161.9232217370923,5.364e-19
1161.9332658474518,5.366e-19
1161.9433099578116,5.395e-19
1161.9533540681712,5.391e-19
1161.9633981785307,5.363e-19
1161.9734422888903,5.351e-19
1161.9834863992498,5.351e-19
1161.9935305096096,5.364e-19
1162.0035746199692,5.393e-19
1162.0136187303287,5.396e-19
1162.0236628406883,5.366e-19
1162.0337069510479,5.37e-19
1162.0437510614076,5.41e-19
1162.0537951717672,5.421e-19
1162.0638392821268,5.409e-19
1162.0738833924863,5.409e-19
1162.083927502846,5.405e-19
1162.0939716132057,5.404e-19
1162.1040157235652,5.442e-19
1162.1140598339248,5.482e-19
1162.1241039442843,5.477e-19
1162.1341480546441,5.475e-19
1162.1441921650037,5.519e-19
1162.1542362753632,5.557e-19
1162.1642803857228,5.555e-19
1162.1743244960824,5.54e-19
1162.1843686064421,5.532e-19
1162.1944127168017,5.541e-19
1162.2044568271613,5.574e-19
1162.2145009375208,5.589e-19
1162.2245450478804,5.562e-19
1162.2345891582402,5.548e-19
1162.2446332685997,5.576e-19
1162.2546773789593,5.596e-19
1162.2647214893188,5.587e-19
1162.2747655996786,5.586e-19
1162.2848097100382,5.608e-19
1162.2948538203977,5.63e-19
1162.3048979307573,5.635e-19
1162.3149420411169,5.621e-19
1162.3249861514764,5.617e-19
1162.3350302618362,5.646e-19
1162.3450743721958,5.672e-19
1162.3551184825553,5.662e-19
1162.3651625929149,5.661e-19
1162.3752067032747,5.692e-19
1162.3852508136342,5.71e-19
1162.3952949239938,5.701e-19
1162.4053390343533,5.709e-19
1162.415383144713,5.733e-19
1162.4254272550727,5.745e-19
1162.4354713654322,5.757e-19
1162.4455154757918,5.773e-19
1162.4555595861514,5.776e-19
1162.465603696511,5.779e-19
1162.4756478068707,5.79e-19
1162.4856919172303,5.784e-19
1162.4957360275898,5.782e-19
1162.5057801379494,5.822e-19
1162.515824248309,5.864e-19
1162.5258683586687,5.87e-19
1162.5359124690283,5.875e-19
1162.5459565793878,5.891e-19
1162.5560006897474,5.884e-19
1162.5660448001072,5.878e-19
1162.5760889104668,5.91e-19
1162.5861330208263,5.941e-19
1162.5961771311859,5.946e-19
1162.6062212415454,5.956e-19
1162.6162653519052,5.965e-19
1162.6263094622648,5.943e-19
1162.6363535726243,5.93e-19
1162.646397682984,5.951e-19
1162.6564417933434,5.965e-19
1162.6664859037032,5.956e-19
1162.6765300140628,5.965e-19
1162.6865741244223,5.992e-19
1162.696618234782,6.008e-19
1162.7066623451415,6.011e-19
1162.7167064555013,6.004e-19
1162.7267505658608,5.995e-19
1162.7367946762204,6.01e-19
1162.74683878658,6.045e-19
1162.7568828969397,6.052e-19
1162.7669270072993,6.028e-19
1162.7769711176588,6.017e-19
1162.7870152280184,6.032e-19
1162.797059338378,6.052e-19
1162.8071034487377,6.069e-19
1162.8171475590973,6.077e-19
1162.8271916694569,6.069e-19
1162.8372357798164,6.064e-19
1162.847279890176,6.074e-19
1162.8573240005358,6.084e-19
1162.8673681108953,6.075e-19
1162.8774122212549,6.055e-19
1162.8874563316144,6.062e-19
1162.897500441974,6.107e-19
1162.9075445523338,6.139e-19
1162.9175886626933,6.118e-19
1162.927632773053,6.1e-19
1162.9376768834125,6.123e-19
1162.9477209937722,6.13e-19
1162.9577651041318,6.1e-19
1162.9678092144914,6.103e-19
1162.977853324851,6.136e-19
1162.9878974352105,6.125e-19
1162.9979415455703,6.093e-19
1163.0079856559298,6.108e-19
1163.0180297662894,6.137e-19
1163.028073876649,6.135e-19
1163.0381179870085,6.135e-19
1163.0481620973683,6.143e-19
1163.0582062077278,6.137e-19
1163.0682503180874,6.145e-19
1163.078294428447,6.174e-19
1163.0883385388065,6.172e-19
1163.0983826491663,6.151e-19
1163.1084267595259,6.175e-19
1163.1184708698854,6.215e-19
1163.128514980245,6.211e-19
1163.1385590906048,6.191e-19
1163.1486032009643,6.191e-19
1163.1586473113239,6.185e-19
1163.1686914216834,6.171e-19
1163.178735532043,6.169e-19
1163.1887796424028,6.167e-19
1163.1988237527623,6.156e-19
1163.208867863122,6.156e-19
1163.2189119734815,6.169e-19
1163.228956083841,6.187e-19
1163.2390001942008,6.203e-19
1163.2490443045604,6.195e-19
1163.25908841492,6.167e-19
1163.2691325252795,6.158e-19
1163.279176635639,6.163e-19
1163.2892207459988,6.151e-19
1163.2992648563584,6.152e-19
1163.309308966718,6.18e-19
1163.3193530770775,6.178e-19
1163.3293971874373,6.152e-19
1163.3394412977968,6.167e-19
1163.3494854081564,6.185e-19
1163.359529518516,6.138e-19
1163.3695736288755,6.091e-19
1163.3796177392353,6.11e-19
1163.3896618495949,6.13e-19
1163.3997059599544,6.116e-19
1163.409750070314,6.123e-19
1163.4197941806735,6.144e-19
1163.4298382910333,6.136e-19
1163.4398824013929,6.129e-19
1163.4499265117524,6.136e-19
1163.459970622112,6.123e-19
1163.4700147324716,6.107e-19
1163.4800588428313,6.122e-19
1163.490102953191,6.125e-19
1163.5001470635505,6.091e-19
1163.51019117391,6.077e-19
1163.5202352842698,6.097e-19
1163.5302793946294,6.117e-19
1163.540323504989,6.13e-19
1163.5503676153485,6.13e-19
1163.560411725708,6.101e-19
1163.5704558360676,6.087e-19
1163.5804999464274,6.12e-19
1163.590544056787,6.145e-19
1163.6005881671465,6.124e-19
1163.610632277506,6.103e-19
1163.6206763878658,6.104e-19
1163.6307204982254,6.094e-19
1163.640764608585,6.072e-19
1163.6508087189445,6.062e-19
1163.660852829304,6.057e-19
1163.6708969396639,6.06e-19
1163.6809410500234,6.083e-19
1163.690985160383,6.096e-19
1163.7010292707425,6.077e-19
1163.711073381102,6.053e-19
1163.7211174914619,6.054e-19
1163.7311616018214,6.077e-19
1163.741205712181,6.088e-19
1163.7512498225406,6.055e-19
1163.7612939329001,6.007e-19
1163.77133804326,6.014e-19
1163.7813821536195,6.055e-19
1163.791426263979,6.04e-19
1163.8014703743386,5.997e-19
1163.8115144846984,6.012e-19
1163.821558595058,6.046e-19
1163.8316027054175,6.021e-19
1163.841646815777,5.987e-19
1163.8516909261366,6.001e-19
1163.8617350364964,6.015e-19
1163.871779146856,6.002e-19
1163.8818232572155,6.007e-19
1163.891867367575,6.023e-19
1163.9019114779346,6.01e-19
1163.9119555882944,5.997e-19
1163.921999698654,6.019e-19
1163.9320438090135,6.036e-19
1163.942087919373,6.016e-19
1163.9521320297326,5.992e-19
1163.9621761400924,5.991e-19
1163.972220250452,5.993e-19
1163.9822643608115,5.979e-19
1163.992308471171,5.962e-19
1164.0023525815309,5.956e-19
1164.0123966918904,5.947e-19
1164.02244080225,5.93e-19
1164.0324849126096,5.934e-19
1164.0425290229691,5.967e-19
1164.052573133329,5.983e-19
1164.0626172436885,5.961e-19
1164.072661354048,5.942e-19
1164.0827054644076,5.949e-19
1164.0927495747671,5.956e-19
1164.102793685127,5.951e-19
1164.1128377954865,5.943e-19
1164.122881905846,5.928e-19
1164.1329260162056,5.922e-19
1164.1429701265652,5.947e-19
1164.153014236925,5.971e-19
1164.1630583472845,5.95e-19
1164.173102457644,5.913e-19
1164.1831465680036,5.904e-19
1164.1931906783634,5.913e-19
1164.203234788723,5.915e-19
1164.2132788990825,5.909e-19
1164.223323009442,5.9e-19
1164.2333671198016,5.888e-19
1164.2434112301614,5.878e-19
1164.253455340521,5.881e-19
1164.2634994508805,5.902e-19
1164.27354356124,5.918e-19
1164.2835876715997,5.894e-19
1164.2936317819594,5.855e-19
1164.303675892319,5.862e-19
1164.3137200026786,5.896e-19
1164.3237641130381,5.892e-19
1164.3338082233977,5.871e-19
1164.3438523337575,5.876e-19
1164.353896444117,5.876e-19
1164.3639405544766,5.853e-19
1164.3739846648361,5.848e-19
1164.384028775196,5.854e-19
1164.3940728855555,5.835e-19
1164.404116995915,5.829e-19
1164.4141611062746,5.848e-19
1164.4242052166342,5.83e-19
1164.434249326994,5.788e-19
1164.4442934373535,5.791e-19
1164.454337547713,5.811e-19
1164.4643816580726,5.792e-19
1164.4744257684322,5.784e-19
1164.484469878792,5.811e-19
1164.4945139891515,5.813e-19
1164.504558099511,5.799e-19
1164.5146022098706,5.826e-19
1164.5246463202302,5.855e-19
1164.53469043059,5.83e-19
1164.5447345409495,5.803e-19
1164.554778651309,5.812e-19
1164.5648227616687,5.81e-19
1164.5748668720285,5.784e-19
1164.584910982388,5.773e-19
1164.5949550927476,5.786e-19
1164.6049992031071,5.806e-19
1164.6150433134667,5.825e-19
1164.6250874238265,5.818e-19
1164.635131534186,5.783e-19
1164.6451756445456,5.754e-19
1164.6552197549051,5.746e-19
1164.6652638652647,5.753e-19
1164.6753079756245,5.778e-19
1164.685352085984,5.81e-19
1164.6953961963436,5.817e-19
1164.7054403067032,5.805e-19
1164.7154844170627,5.795e-19
1164.7255285274225,5.789e-19
1164.735572637782,5.792e-19
1164.7456167481416,5.801e-19
1164.7556608585012,5.787e-19
1164.765704968861,5.761e-19
1164.7757490792205,5.779e-19
1164.78579318958,5.813e-19
1164.7958372999396,5.791e-19
1164.8058814102992,5.748e-19
1164.815925520659,5.756e-19
1164.8259696310186,5.783e-19
1164.836013741378,5.781e-19
1164.8460578517377,5.771e-19
1164.8561019620972,5.755e-19
1164.866146072457,5.725e-19
1164.8761901828166,5.723e-19
1164.8862342931761,5.757e-19
1164.8962784035357,5.764e-19
1164.9063225138952,5.74e-19
1164.916366624255,5.746e-19
1164.9264107346146,5.771e-19
1164.9364548449742,5.774e-19
1164.9464989553337,5.762e-19
1164.9565430656935,5.742e-19
1164.966587176053,5.709e-19
1164.9766312864126,5.705e-19
1164.9866753967722,5.737e-19
1164.9967195071317,5.744e-19
1165.0067636174913,5.718e-19
1165.016807727851,5.713e-19
1165.0268518382106,5.727e-19
1165.0368959485702,5.724e-19
1165.0469400589297,5.723e-19
1165.0569841692895,5.74e-19
1165.067028279649,5.747e-19
1165.0770723900087,5.74e-19
1165.0871165003682,5.729e-19
1165.0971606107278,5.714e-19
1165.1072047210876,5.712e-19
1165.1172488314471,5.728e-19
1165.1272929418067,5.714e-19
1165.1373370521662,5.671e-19
1165.1473811625258,5.665e-19
1165.1574252728856,5.699e-19
1165.1674693832451,5.704e-19
1165.1775134936047,5.682e-19
1165.1875576039643,5.681e-19
1165.1976017143238,5.693e-19
1165.2076458246836,5.697e-19
1165.2176899350432,5.705e-19
1165.2277340454027,5.705e-19
1165.2377781557623,5.691e-19
1165.247822266122,5.695e-19
1165.2578663764816,5.717e-19
1165.2679104868412,5.712e-19
1165.2779545972007,5.69e-19
1165.2879987075603,5.686e-19
1165.29804281792,5.68e-19
1165.3080869282796,5.671e-19
1165.3181310386392,5.702e-19
1165.3281751489988,5.746e-19
1165.3382192593583,5.724e-19
1165.348263369718,5.661e-19
1165.3583074800777,5.651e-19
1165.3683515904372,5.695e-19
1165.3783957007968,5.714e-19
1165.3884398111563,5.686e-19
1165.3984839215161,5.656e-19
1165.4085280318757,5.652e-19
1165.4185721422352,5.659e-19
1165.4286162525948,5.659e-19
1165.4386603629546,5.663e-19
1165.4487044733141,5.68e-19
1165.4587485836737,5.681e-19
1165.4687926940333,5.665e-19
1165.4788368043928,5.678e-19
1165.4888809147526,5.721e-19
1165.4989250251122,5.728e-19
1165.5089691354717,5.688e-19
1165.5190132458313,5.665e-19
1165.5290573561908,5.682e-19
1165.5391014665506,5.696e-19
1165.5491455769102,5.688e-19
1165.5591896872697,5.678e-19
1165.5692337976293,5.678e-19
1165.5792779079889,5.68e-19
1165.5893220183486,5.673e-19
1165.5993661287082,5.661e-19
1165.6094102390678,5.663e-19
1165.6194543494273,5.686e-19
1165.629498459787,5.7e-19
1165.6395425701467,5.693e-19
1165.6495866805062,5.686e-19
1165.6596307908658,5.686e-19
1165.6696749012253,5.683e-19
1165.6797190115851,5.679e-19
1165.6897631219447,5.674e-19
1165.6998072323042,5.656e-19
1165.7098513426638,5.63e-19
1165.7198954530234,5.621e-19
1165.7299395633831,5.632e-19
1165.7399836737427,5.649e-19
1165.7500277841023,5.662e-19
1165.7600718944618,5.667e-19
1165.7701160048214,5.669e-19
1165.7801601151812,5.672e-19
1165.7902042255407,5.674e-19
1165.8002483359003,5.681e-19
1165.8102924462598,5.692e-19
1165.8203365566196,5.677e-19
1165.8303806669792,5.64e-19
1165.8404247773387,5.646e-19
1165.8504688876983,5.701e-19
1165.8605129980579,5.72e-19
1165.8705571084176,5.69e-19
1165.8806012187772,5.683e-19
1165.8906453291368,5.688e-19
1165.9006894394963,5.65e-19
1165.9107335498559,5.628e-19
1165.9207776602157,5.673e-19
1165.9308217705752,5.7e-19
1165.9408658809348,5.673e-19
1165.9509099912943,5.678e-19
1165.960954101654,5.721e-19
1165.9709982120137,5.71e-19
1165.9810423223732,5.667e-19
1165.9910864327328,5.675e-19
1166.0011305430924,5.695e-19
1166.0111746534521,5.667e-19
1166.0212187638117,5.641e-19
1166.0312628741713,5.659e-19
1166.0413069845308,5.677e-19
1166.0513510948904,5.669e-19
1166.0613952052502,5.665e-19
1166.0714393156097,5.667e-19
1166.0814834259693,5.663e-19
1166.0915275363288,5.657e-19
1166.1015716466884,5.645e-19
1166.1116157570482,5.639e-19
1166.1216598674077,5.669e-19
1166.1317039777673,5.712e-19
1166.1417480881269,5.698e-19
1166.1517921984864,5.647e-19
1166.1618363088462,5.647e-19
1166.1718804192058,5.696e-19
1166.1819245295653,5.705e-19
1166.1919686399249,5.662e-19
1166.2020127502847,5.64e-19
1166.2120568606442,5.658e-19
1166.2221009710038,5.665e-19
1166.2321450813633,5.648e-19
1166.242189191723,5.65e-19
1166.2522333020825,5.671e-19
1166.2622774124422,5.677e-19
1166.2723215228018,5.676e-19
1166.2823656331614,5.685e-19
1166.292409743521,5.677e-19
1166.3024538538807,5.646e-19
1166.3124979642403,5.639e-19
1166.3225420745998,5.661e-19
1166.3325861849594,5.675e-19
1166.342630295319,5.682e-19
1166.3526744056787,5.691e-19
1166.3627185160383,5.675e-19
1166.3727626263978,5.646e-19
1166.3828067367574,5.666e-19
1166.392850847117,5.714e-19
1166.4028949574767,5.709e-19
1166.4129390678363,5.668e-19
1166.4229831781959,5.669e-19
1166.4330272885554,5.696e-19
1166.443071398915,5.697e-19
1166.4531155092748,5.686e-19
1166.4631596196343,5.686e-19
1166.4732037299939,5.686e-19
1166.4832478403534,5.69e-19
1166.4932919507132,5.711e-19
1166.5033360610728,5.725e-19
1166.5133801714323,5.715e-19
1166.523424281792,5.698e-19
1166.5334683921515,5.691e-19
1166.5435125025112,5.703e-19
1166.5535566128708,5.729e-19
1166.5636007232304,5.733e-19
1166.57364483359,5.698e-19
1166.5836889439495,5.676e-19
1166.5937330543093,5.704e-19
1166.6037771646688,5.74e-19
1166.6138212750284,5.74e-19
1166.623865385388,5.724e-19
1166.6339094957475,5.719e-19
1166.6439536061073,5.715e-19
1166.6539977164668,5.713e-19
1166.6640418268264,5.718e-19
1166.674085937186,5.721e-19
1166.6841300475458,5.718e-19
1166.6941741579053,5.716e-19
1166.7042182682649,5.71e-19
1166.7142623786244,5.692e-19
1166.724306488984,5.675e-19
1166.7343505993438,5.678e-19
1166.7443947097033,5.69e-19
1166.754438820063,5.687e-19
1166.7644829304224,5.674e-19
1166.774527040782,5.674e-19
1166.7845711511418,5.682e-19
1166.7946152615013,5.666e-19
1166.804659371861,5.638e-19
1166.8147034822205,5.654e-19
1166.82474759258,5.715e-19
1166.8347917029398,5.739e-19
1166.8448358132994,5.695e-19
1166.854879923659,5.653e-19
1166.8649240340185,5.675e-19
1166.8749681443783,5.723e-19
1166.8850122547378,5.735e-19
1166.8950563650974,5.71e-19
1166.905100475457,5.689e-19
1166.9151445858165,5.695e-19
1166.9251886961763,5.712e-19
1166.9352328065359,5.715e-19
1166.9452769168954,5.699e-19
1166.955321027255,5.681e-19
1166.9653651376145,5.675e-19
1166.9754092479743,5.687e-19
1166.9854533583339,5.704e-19
1166.9954974686934,5.703e-19
1167.005541579053,5.695e-19
1167.0155856894125,5.709e-19
1167.0256297997723,5.737e-19
1167.035673910132,5.737e-19
1167.0457180204914,5.705e-19
1167.055762130851,5.676e-19
1167.0658062412108,5.674e-19
1167.0758503515704,5.688e-19
1167.08589446193,5.7e-19
1167.0959385722895,5.701e-19
1167.105982682649,5.696e-19
1167.1160267930088,5.687e-19
1167.1260709033684,5.677e-19
1167.136115013728,5.688e-19
1167.1461591240875,5.727e-19
1167.156203234447,5.748e-19
1167.1662473448068,5.711e-19
1167.1762914551664,5.679e-19
1167.186335565526,5.712e-19
1167.1963796758855,5.751e-19
1167.206423786245,5.741e-19
1167.2164678966049,5.732e-19
1167.2265120069644,5.754e-19
1167.236556117324,5.755e-19
1167.2466002276835,5.734e-19
1167.2566443380433,5.735e-19
1167.2666884484029,5.729e-19
1167.2767325587624,5.694e-19
1167.286776669122,5.693e-19
1167.2968207794815,5.738e-19
1167.3068648898413,5.743e-19
1167.316909000201,5.695e-19
1167.3269531105605,5.674e-19
1167.33699722092,5.689e-19
1167.3470413312796,5.691e-19
1167.3570854416394,5.691e-19
1167.367129551999,5.713e-19
1167.3771736623585,5.728e-19
1167.387217772718,5.724e-19
1167.3972618830776,5.723e-19
1167.4073059934374,5.721e-19
1167.417350103797,5.71e-19
1167.4273942141565,5.712e-19
1167.437438324516,5.719e-19
1167.4474824348758,5.706e-19
1167.4575265452354,5.701e-19
1167.467570655595,5.73e-19
1167.4776147659545,5.752e-19
1167.487658876314,5.729e-19
1167.4977029866739,5.697e-19
1167.5077470970334,5.704e-19
1167.517791207393,5.736e-19
1167.5278353177525,5.751e-19
1167.537879428112,5.729e-19
1167.5479235384719,5.692e-19
1167.5579676488314,5.691e-19
1167.568011759191,5.728e-19
1167.5780558695506,5.751e-19
1167.58809997991,5.737e-19
1167.59814409027,5.723e-19
1167.6081882006295,5.731e-19
1167.618232310989,5.742e-19
1167.6282764213486,5.746e-19
1167.6383205317084,5.741e-19
1167.648364642068,5.725e-19
1167.6584087524275,5.713e-19
1167.668452862787,5.727e-19
1167.6784969731466,5.752e-19
1167.6885410835062,5.757e-19
1167.698585193866,5.741e-19
1167.7086293042255,5.723e-19
1167.718673414585,5.718e-19
1167.7287175249446,5.728e-19
1167.7387616353044,5.735e-19
1167.748805745664,5.718e-19
1167.7588498560235,5.697e-19
1167.768893966383,5.704e-19
1167.7789380767426,5.723e-19
1167.7889821871024,5.722e-19
1167.799026297462,5.714e-19
1167.8090704078215,5.719e-19
1167.819114518181,5.722e-19
1167.8291586285407,5.708e-19
1167.8392027389004,5.697e-19
1167.84924684926,5.702e-19
1167.8592909596196,5.717e-19
1167.8693350699791,5.729e-19
1167.8793791803387,5.719e-19
1167.8894232906985,5.694e-19
1167.899467401058,5.697e-19
1167.9095115114176,5.731e-19
1167.9195556217771,5.733e-19
1167.929599732137,5.709e-19
1167.9396438424965,5.737e-19
1167.949687952856,5.788e-19
1167.9597320632156,5.756e-19
1167.9697761735752,5.676e-19
1167.979820283935,5.679e-19
1167.9898643942945,5.736e-19
1167.999908504654,5.729e-19
1168.0099526150136,5.686e-19
1168.0199967253732,5.695e-19
1168.030040835733,5.722e-19
1168.0400849460925,5.718e-19
1168.050129056452,5.729e-19
1168.0601731668116,5.764e-19
1168.0702172771712,5.756e-19
1168.080261387531,5.713e-19
1168.0903054978905,5.697e-19
1168.10034960825,5.703e-19
1168.1103937186097,5.698e-19
1168.1204378289694,5.703e-19
1168.130481939329,5.721e-19
1168.1405260496886,5.711e-19
1168.1505701600481,5.697e-19
1168.1606142704077,5.726e-19
1168.1706583807675,5.756e-19
1168.180702491127,5.73e-19
1168.1907466014866,5.701e-19
1168.2007907118461,5.727e-19
1168.2108348222057,5.755e-19
1168.2208789325655,5.732e-19
1168.230923042925,5.7e-19
1168.2409671532846,5.708e-19
1168.2510112636442,5.733e-19
1168.2610553740037,5.74e-19
1168.2710994843635,5.735e-19
1168.281143594723,5.732e-19
1168.2911877050826,5.72e-19
1168.3012318154422,5.698e-19
1168.311275925802,5.688e-19
1168.3213200361615,5.696e-19
1168.331364146521,5.707e-19
1168.3414082568806,5.712e-19
1168.3514523672402,5.723e-19
1168.3614964776,5.746e-19
1168.3715405879595,5.756e-19
1168.381584698319,5.74e-19
1168.3916288086787,5.715e-19
1168.4016729190382,5.7e-19
1168.411717029398,5.682e-19
1168.4217611397576,5.654e-19
1168.4318052501171,5.649e-19
1168.4418493604767,5.677e-19
1168.4518934708362,5.692e-19
1168.461937581196,5.666e-19
1168.4719816915556,5.656e-19
1168.4820258019151,5.691e-19
1168.4920699122747,5.709e-19
1168.5021140226345,5.674e-19
1168.512158132994,5.647e-19
1168.5222022433536,5.672e-19
1168.5322463537132,5.704e-19
1168.5422904640727,5.713e-19
1168.5523345744325,5.715e-19
1168.562378684792,5.712e-19
1168.5724227951516,5.699e-19
1168.5824669055112,5.702e-19
1168.5925110158707,5.723e-19
1168.6025551262305,5.716e-19
1168.61259923659,5.687e-19
1168.6226433469496,5.681e-19
1168.6326874573092,5.696e-19
1168.6427315676688,5.697e-19
1168.6527756780285,5.684e-19
1168.662819788388,5.669e-19
1168.6728638987477,5.659e-19
1168.6829080091072,5.665e-19
1168.692952119467,5.678e-19
1168.7029962298266,5.658e-19
1168.7130403401861,5.623e-19
1168.7230844505457,5.629e-19
1168.7331285609052,5.664e-19
1168.743172671265,5.673e-19
1168.7532167816246,5.673e-19
1168.7632608919841,5.693e-19
1168.7733050023437,5.698e-19
1168.7833491127033,5.665e-19
1168.793393223063,5.643e-19
1168.8034373334226,5.661e-19
1168.8134814437822,5.68e-19
1168.8235255541417,5.679e-19
1168.8335696645013,5.67e-19
1168.843613774861,5.658e-19
1168.8536578852206,5.648e-19
1168.8637019955802,5.648e-19
1168.8737461059397,5.651e-19
1168.8837902162995,5.651e-19
1168.893834326659,5.661e-19
1168.9038784370186,5.669e-19
1168.9139225473782,5.651e-19
1168.9239666577378,5.638e-19
1168.9340107680973,5.664e-19
1168.944054878457,5.69e-19
1168.9540989888167,5.681e-19
1168.9641430991762,5.682e-19
1168.9741872095358,5.717e-19
1168.9842313198956,5.724e-19
1168.9942754302551,5.675e-19
1169.0043195406147,5.643e-19
1169.0143636509742,5.661e-19
1169.0244077613338,5.666e-19
1169.0344518716936,5.64e-19
1169.0444959820531,5.639e-19
1169.0545400924127,5.656e-19
1169.0645842027723,5.635e-19
1169.0746283131318,5.615e-19
1169.0846724234916,5.647e-19
1169.0947165338512,5.659e-19
1169.1047606442107,5.598e-19
1169.1148047545703,5.562e-19
1169.1248488649298,5.605e-19
1169.1348929752896,5.626e-19
1169.1449370856492,5.584e-19
1169.1549811960087,5.581e-19
1169.1650253063683,5.633e-19
1169.175069416728,5.641e-19
1169.1851135270877,5.599e-19
1169.1951576374472,5.584e-19
1169.2052017478068,5.591e-19
1169.2152458581663,5.588e-19
1169.225289968526,5.592e-19
1169.2353340788857,5.608e-19
1169.2453781892452,5.608e-19
1169.2554222996048,5.602e-19
1169.2654664099643,5.597e-19
1169.2755105203241,5.58e-19
1169.2855546306837,5.583e-19
1169.2955987410432,5.612e-19
1169.3056428514028,5.595e-19
1169.3156869617624,5.539e-19
1169.3257310721222,5.559e-19
1169.3357751824817,5.641e-19
1169.3458192928413,5.65e-19
1169.3558634032008,5.584e-19
1169.3659075135606,5.556e-19
1169.3759516239202,5.569e-19
1169.3859957342797,5.571e-19
1169.3960398446393,5.583e-19
1169.4060839549988,5.602e-19
1169.4161280653586,5.582e-19
1169.4261721757182,5.559e-19
1169.4362162860778,5.584e-19
1169.4462603964373,5.6e-19
1169.4563045067969,5.567e-19
1169.4663486171567,5.544e-19
1169.4763927275162,5.55e-19
1169.4864368378758,5.539e-19
1169.4964809482353,5.527e-19
1169.506525058595,5.546e-19
1169.5165691689547,5.558e-19
1169.5266132793142,5.544e-19
1169.5366573896738,5.545e-19
1169.5467015000334,5.563e-19
1169.5567456103931,5.568e-19
1169.5667897207527,5.566e-19
1169.5768338311123,5.561e-19
1169.5868779414718,5.538e-19
1169.5969220518314,5.532e-19
1169.6069661621912,5.569e-19
1169.6170102725507,5.588e-19
1169.6270543829103,5.546e-19
1169.6370984932698,5.501e-19
1169.6471426036294,5.501e-19
1169.6571867139892,5.521e-19
1169.6672308243487,5.528e-19
1169.6772749347083,5.518e-19
1169.6873190450679,5.496e-19
1169.6973631554274,5.487e-19
1169.7074072657872,5.512e-19
1169.7174513761468,5.538e-19
1169.7274954865063,5.528e-19
1169.7375395968659,5.499e-19
1169.7475837072257,5.486e-19
1169.7576278175852,5.487e-19
1169.7676719279448,5.487e-19
1169.7777160383043,5.486e-19
1169.787760148664,5.493e-19
1169.7978042590237,5.504e-19
1169.8078483693832,5.498e-19
1169.8178924797428,5.474e-19
1169.8279365901024,5.462e-19
1169.837980700462,5.476e-19
1169.8480248108217,5.483e-19
1169.8580689211813,5.467e-19
1169.8681130315408,5.464e-19
1169.8781571419004,5.489e-19
1169.88820125226,5.51e-19
1169.8982453626197,5.499e-19
1169.9082894729793,5.464e-19
1169.9183335833388,5.441e-19
1169.9283776936984,5.46e-19
1169.9384218040582,5.489e-19
1169.9484659144177,5.465e-19
1169.9585100247773,5.414e-19
1169.9685541351369,5.417e-19
1169.9785982454964,5.459e-19
1169.9886423558562,5.466e-19
1169.9986864662158,5.454e-19
1170.0087305765753,5.462e-19
1170.0187746869349,5.461e-19
1170.0288187972944,5.439e-19
1170.0388629076542,5.44e-19
1170.0489070180138,5.451e-19
1170.0589511283733,5.423e-19
1170.068995238733,5.394e-19
1170.0790393490925,5.411e-19
1170.0890834594522,5.429e-19
1170.0991275698118,5.411e-19
1170.1091716801714,5.397e-19
1170.119215790531,5.412e-19
1170.1292599008907,5.426e-19
1170.1393040112503,5.425e-19
1170.1493481216098,5.409e-19
1170.1593922319694,5.381e-19
1170.169436342329,5.372e-19
1170.1794804526887,5.394e-19
1170.1895245630483,5.396e-19
1170.1995686734078,5.361e-19
1170.2096127837674,5.35e-19
1170.219656894127,5.374e-19
1170.2297010044867,5.364e-19
1170.2397451148463,5.321e-19
1170.2497892252059,5.322e-19
1170.2598333355654,5.366e-19
1170.269877445925,5.376e-19
1170.2799215562848,5.347e-19
1170.2899656666443,5.34e-19
1170.3000097770039,5.358e-19
1170.3100538873634,5.357e-19
1170.3200979977232,5.344e-19
1170.3301421080828,5.353e-19
1170.3401862184423,5.364e-19
1170.350230328802,5.35e-19
1170.3602744391615,5.335e-19
1170.370318549521,5.341e-19
1170.3803626598808,5.335e-19
1170.3904067702404,5.308e-19
1170.4004508806,5.303e-19
1170.4104949909595,5.327e-19
1170.4205391013193,5.331e-19
1170.4305832116788,5.307e-19
1170.4406273220384,5.285e-19
1170.450671432398,5.269e-19
1170.4607155427575,5.261e-19
1170.4707596531173,5.281e-19
1170.4808037634768,5.309e-19
1170.4908478738364,5.304e-19
1170.500891984196,5.285e-19
1170.5109360945555,5.287e-19
1170.5209802049153,5.293e-19
1170.5310243152749,5.286e-19
1170.5410684256344,5.288e-19
1170.551112535994,5.296e-19
1170.5611566463535,5.286e-19
1170.5712007567133,5.272e-19
1170.5812448670729,5.279e-19
1170.5912889774324,5.289e-19
1170.601333087792,5.288e-19
1170.6113771981518,5.29e-19
1170.6214213085113,5.298e-19
1170.631465418871,5.294e-19
1170.6415095292305,5.283e-19
1170.65155363959,5.269e-19
1170.6615977499498,5.249e-19
1170.6716418603094,5.239e-19
1170.681685970669,5.256e-19
1170.6917300810285,5.27e-19
1170.701774191388,5.251e-19
1170.7118183017478,5.229e-19
1170.7218624121074,5.238e-19
1170.731906522467,5.258e-19
1170.7419506328265,5.25e-19
1170.751994743186,5.219e-19
1170.7620388535458,5.196e-19
1170.7720829639054,5.192e-19
1170.782127074265,5.196e-19
1170.7921711846245,5.196e-19
1170.8022152949843,5.195e-19
1170.8122594053439,5.189e-19
1170.8223035157034,5.178e-19
1170.832347626063,5.17e-19
1170.8423917364225,5.164e-19
1170.8524358467823,5.16e-19
1170.8624799571419,5.164e-19
1170.8725240675014,5.165e-19
1170.882568177861,5.147e-19
1170.8926122882206,5.134e-19
1170.9026563985803,5.153e-19
1170.91270050894,5.155e-19
1170.9227446192995,5.109e-19
1170.932788729659,5.093e-19
1170.9428328400186,5.15e-19
1170.9528769503784,5.19e-19
1170.962921060738,5.165e-19
1170.9729651710975,5.142e-19
1170.983009281457,5.146e-19
1170.9930533918168,5.138e-19
1171.0030975021764,5.137e-19
1171.013141612536,5.154e-19
1171.0231857228955,5.123e-19
1171.033229833255,5.056e-19
1171.0432739436148,5.057e-19
1171.0533180539744,5.116e-19
1171.063362164334,5.118e-19
1171.0734062746935,5.072e-19
1171.083450385053,5.066e-19
1171.0934944954129,5.079e-19
1171.1035386057724,5.056e-19
1171.113582716132,5.036e-19
1171.1236268264915,5.053e-19
1171.133670936851,5.059e-19
1171.143715047211,5.037e-19
1171.1537591575704,5.027e-19
1171.16380326793,5.038e-19
1171.1738473782896,5.038e-19
1171.1838914886494,5.017e-19
1171.193935599009,5.002e-19
1171.2039797093685,5.011e-19
1171.214023819728,5.026e-19
1171.2240679300876,5.018e-19
1171.2341120404474,4.999e-19
1171.244156150807,5.004e-19
1171.2542002611665,5.022e-19
1171.264244371526,5.021e-19
1171.2742884818856,5.015e-19
1171.2843325922454,5.022e-19
1171.294376702605,5.013e-19
1171.3044208129645,4.988e-19
1171.314464923324,4.982e-19
1171.3245090336836,4.993e-19
1171.3345531440434,4.992e-19
1171.344597254403,4.985e-19
1171.3546413647625,4.984e-19
1171.364685475122,4.986e-19
1171.3747295854819,4.997e-19
1171.3847736958414,5.016e-19
1171.394817806201,5.009e-19
1171.4048619165605,4.97e-19
1171.41490602692,4.948e-19
1171.42495013728,4.956e-19
1171.4349942476395,4.965e-19
1171.445038357999,4.958e-19
1171.4550824683586,4.934e-19
1171.4651265787181,4.901e-19
1171.475170689078,4.897e-19
1171.4852147994375,4.928e-19
1171.495258909797,4.942e-19
1171.5053030201566,4.915e-19
1171.5153471305161,4.889e-19
1171.525391240876,4.879e-19
1171.5354353512355,4.876e-19
1171.545479461595,4.899e-19
1171.5555235719546,4.925e-19
1171.5655676823144,4.891e-19
1171.575611792674,4.834e-19
1171.5856559030335,4.851e-19
1171.595700013393,4.909e-19
1171.6057441237526,4.912e-19
1171.6157882341122,4.889e-19
1171.625832344472,4.893e-19
1171.6358764548315,4.873e-19
1171.645920565191,4.821e-19
1171.6559646755506,4.827e-19
1171.6660087859104,4.878e-19
1171.67605289627,4.871e-19
1171.6860970066296,4.822e-19
1171.696141116989,4.824e-19
1171.7061852273487,4.855e-19
1171.7162293377085,4.847e-19
1171.726273448068,4.818e-19
1171.7363175584276,4.803e-19
1171.7463616687871,4.801e-19
1171.7564057791467,4.814e-19
1171.7664498895065,4.837e-19
1171.776493999866,4.826e-19
1171.7865381102256,4.786e-19
1171.7965822205852,4.773e-19
1171.8066263309447,4.792e-19
1171.8166704413045,4.794e-19
1171.826714551664,4.772e-19
1171.8367586620236,4.752e-19
1171.8468027723832,4.739e-19
1171.856846882743,4.736e-19
1171.8668909931025,4.752e-19
1171.876935103462,4.766e-19
1171.8869792138216,4.752e-19
1171.8970233241812,4.726e-19
1171.907067434541,4.722e-19
1171.9171115449005,4.741e-19
1171.92715565526,4.75e-19
1171.9371997656197,4.726e-19
1171.9472438759792,4.694e-19
1171.957287986339,4.702e-19
1171.9673320966986,4.737e-19
1171.9773762070581,4.736e-19
1171.9874203174177,4.7e-19
1171.9974644277772,4.673e-19
1172.007508538137,4.665e-19
1172.0175526484966,4.667e-19
1172.0275967588561,4.698e-19
1172.0376408692157,4.734e-19
1172.0476849795755,4.715e-19
1172.057729089935,4.661e-19
1172.0677732002946,4.646e-19
1172.0778173106542,4.665e-19
1172.0878614210137,4.66e-19
1172.0979055313735,4.629e-19
1172.107949641733,4.61e-19
1172.1179937520926,4.614e-19
1172.1280378624522,4.634e-19
1172.1380819728117,4.652e-19
1172.1481260831715,4.641e-19
1172.158170193531,4.618e-19
1172.1682143038906,4.616e-19
1172.1782584142502,4.615e-19
1172.1883025246098,4.6e-19
1172.1983466349695,4.6e-19
1172.208390745329,4.609e-19
1172.2184348556887,4.582e-19
1172.2284789660482,4.546e-19
1172.238523076408,4.561e-19
1172.2485671867676,4.592e-19
1172.2586112971271,4.584e-19
1172.2686554074867,4.567e-19
1172.2786995178462,4.57e-19
1172.288743628206,4.571e-19
1172.2987877385656,4.575e-19
1172.3088318489251,4.594e-19
1172.3188759592847,4.593e-19
1172.3289200696443,4.564e-19
1172.338964180004,4.556e-19
1172.3490082903636,4.567e-19
1172.3590524007232,4.559e-19
1172.3690965110827,4.546e-19
1172.3791406214423,4.544e-19
1172.389184731802,4.527e-19
1172.3992288421616,4.502e-19
1172.4092729525212,4.504e-19
1172.4193170628807,4.51e-19
1172.4293611732405,4.499e-19
1172.4394052836,4.503e-19
1172.4494493939596,4.523e-19
1172.4594935043192,4.512e-19
1172.4695376146788,4.477e-19
1172.4795817250385,4.466e-19
1172.489625835398,4.48e-19
1172.4996699457577,4.491e-19
1172.5097140561172,4.484e-19
1172.5197581664768,4.455e-19
1172.5298022768366,4.427e-19
1172.5398463871961,4.429e-19
1172.5498904975557,4.434e-19
1172.5599346079152,4.412e-19
1172.5699787182748,4.401e-19
1172.5800228286346,4.419e-19
1172.5900669389941,4.419e-19
1172.6001110493537,4.385e-19
1172.6101551597133,4.371e-19
1172.620199270073,4.388e-19
1172.6302433804326,4.399e-19
1172.6402874907922,4.396e-19
1172.6503316011517,4.386e-19
1172.6603757115113,4.375e-19
1172.670419821871,4.383e-19
1172.6804639322306,4.4e-19
1172.6905080425902,4.38e-19
1172.7005521529497,4.339e-19
1172.7105962633093,4.333e-19
1172.720640373669,4.351e-19
1172.7306844840286,4.351e-19
1172.7407285943882,4.346e-19
1172.7507727047478,4.345e-19
1172.7608168151073,4.331e-19
1172.770860925467,4.315e-19
1172.7809050358267,4.31e-19
1172.7909491461862,4.3e-19
1172.8009932565458,4.296e-19
1172.8110373669056,4.318e-19
1172.8210814772651,4.325e-19
1172.8311255876247,4.287e-19
1172.8411696979842,4.262e-19
1172.8512138083438,4.274e-19
1172.8612579187036,4.269e-19
1172.8713020290631,4.248e-19
1172.8813461394227,4.26e-19
1172.8913902497823,4.28e-19
1172.9014343601418,4.262e-19
1172.9114784705016,4.233e-19
1172.9215225808612,4.222e-19
1172.9315666912207,4.217e-19
1172.9416108015803,4.229e-19
1172.9516549119398,4.253e-19
1172.9616990222996,4.243e-19
1172.9717431326592,4.199e-19
1172.9817872430187,4.19e-19
1172.9918313533783,4.221e-19
1173.001875463738,4.235e-19
1173.0119195740976,4.218e-19
1173.0219636844572,4.198e-19
1173.0320077948168,4.189e-19
1173.0420519051763,4.194e-19
1173.0520960155359,4.215e-19
1173.0621401258957,4.23e-19
1173.0721842362552,4.219e-19
1173.0822283466148,4.191e-19
1173.0922724569743,4.175e-19
1173.1023165673341,4.186e-19
1173.1123606776937,4.196e-19
1173.1224047880532,4.163e-19
1173.1324488984128,4.12e-19
1173.1424930087724,4.131e-19
1173.1525371191321,4.163e-19
1173.1625812294917,4.138e-19
1173.1726253398513,4.085e-19
1173.1826694502108,4.077e-19
1173.1927135605704,4.098e-19
1173.2027576709302,4.102e-19
1173.2128017812897,4.094e-19
1173.2228458916493,4.079e-19
1173.2328900020088,4.05e-19
1173.2429341123684,4.033e-19
1173.2529782227282,4.037e-19
1173.2630223330877,4.046e-19
1173.2730664434473,4.068e-19
1173.2831105538069,4.09e-19
1173.2931546641667,4.068e-19
1173.3031987745262,4.028e-19
1173.3132428848858,4.048e-19
1173.3232869952453,4.088e-19
1173.3333311056049,4.057e-19
1173.3433752159647,4.003e-19
1173.3534193263242,4.011e-19
1173.3634634366838,4.033e-19
1173.3735075470433,4.015e-19
1173.383551657403,3.999e-19
1173.3935957677627,4.007e-19
1173.4036398781222,4.002e-19
1173.4136839884818,3.994e-19
1173.4237280988414,4.003e-19
1173.433772209201,3.993e-19
1173.4438163195607,3.953e-19
1173.4538604299203,3.928e-19
1173.4639045402798,3.935e-19
1173.4739486506394,3.95e-19
1173.4839927609992,3.961e-19
1173.4940368713587,3.958e-19
1173.5040809817183,3.932e-19
1173.5141250920778,3.907e-19
1173.5241692024374,3.901e-19
1173.5342133127972,3.909e-19
1173.5442574231568,3.918e-19
1173.5543015335163,3.916e-19
1173.5643456438759,3.894e-19
1173.5743897542354,3.88e-19
1173.5844338645952,3.898e-19
1173.5944779749548,3.901e-19
1173.6045220853143,3.866e-19
1173.614566195674,3.851e-19
1173.6246103060334,3.878e-19
1173.6346544163932,3.883e-19
1173.6446985267528,3.854e-19
1173.6547426371123,3.843e-19
1173.664786747472,3.845e-19
1173.6748308578317,3.829e-19
1173.6848749681913,3.831e-19
1173.6949190785508,3.867e-19
1173.7049631889104,3.882e-19
1173.71500729927,3.857e-19
1173.7250514096297,3.837e-19
1173.7350955199893,3.838e-19
1173.7451396303488,3.837e-19
1173.7551837407084,3.832e-19
1173.765227851068,3.827e-19
1173.7752719614277,3.809e-19
1173.7853160717873,3.789e-19
1173.7953601821469,3.786e-19
1173.8054042925064,3.775e-19
1173.815448402866,3.73e-19
1173.8254925132258,3.691e-19
1173.8355366235853,3.704e-19
1173.8455807339449,3.741e-19
1173.8556248443044,3.747e-19
1173.8656689546642,3.721e-19
1173.8757130650238,3.708e-19
1173.8857571753833,3.721e-19
1173.895801285743,3.737e-19
1173.9058453961024,3.737e-19
1173.9158895064622,3.725e-19
1173.9259336168218,3.709e-19
1173.9359777271814,3.708e-19
1173.946021837541,3.725e-19
1173.9560659479005,3.731e-19
1173.9661100582603,3.712e-19
1173.9761541686198,3.699e-19
1173.9861982789794,3.704e-19
1173.996242389339,3.701e-19
1174.0062864996985,3.689e-19
1174.0163306100583,3.698e-19
1174.0263747204178,3.71e-19
1174.0364188307774,3.692e-19
1174.046462941137,3.674e-19
1174.0565070514967,3.688e-19
1174.0665511618563,3.696e-19
1174.0765952722159,3.668e-19
1174.0866393825754,3.638e-19
1174.096683492935,3.634e-19
1174.1067276032948,3.649e-19
1174.1167717136543,3.662e-19
1174.1268158240139,3.66e-19
1174.1368599343734,3.639e-19
1174.146904044733,3.619e-19
1174.1569481550928,3.612e-19
1174.1669922654523,3.596e-19
1174.177036375812,3.571e-19
1174.1870804861715,3.567e-19
1174.197124596531,3.58e-19
1174.2071687068908,3.58e-19
1174.2172128172504,3.566e-19
1174.22725692761,3.561e-19
1174.2373010379695,3.554e-19
1174.2473451483293,3.533e-19
1174.2573892586888,3.52e-19
1174.2674333690484,3.535e-19
1174.277477479408,3.561e-19
1174.2875215897675,3.565e-19
1174.297565700127,3.537e-19
1174.3076098104868,3.5e-19
1174.3176539208464,3.487e-19
1174.327698031206,3.498e-19
1174.3377421415655,3.51e-19
1174.3477862519253,3.514e-19
1174.3578303622849,3.511e-19
1174.3678744726444,3.498e-19
1174.377918583004,3.485e-19
1174.3879626933635,3.485e-19
1174.3980068037233,3.478e-19
1174.4080509140829,3.44e-19
1174.4180950244424,3.395e-19
1174.428139134802,3.39e-19
1174.4381832451616,3.431e-19
1174.4482273555213,3.465e-19
1174.458271465881,3.44e-19
1174.4683155762405,3.378e-19
1174.4783596866,3.352e-19
1174.4884037969596,3.389e-19
1174.4984479073194,3.427e-19
1174.508492017679,3.415e-19
1174.5185361280385,3.396e-19
1174.528580238398,3.407e-19
1174.5386243487578,3.418e-19
1174.5486684591174,3.402e-19
1174.558712569477,3.38e-19
1174.5687566798365,3.366e-19
1174.578800790196,3.36e-19
1174.5888449005558,3.374e-19
1174.5988890109154,3.393e-19
1174.608933121275,3.375e-19
1174.6189772316345,3.333e-19
1174.629021341994,3.323e-19
1174.6390654523539,3.334e-19
1174.6491095627134,3.326e-19
1174.659153673073,3.317e-19
1174.6691977834325,3.328e-19
1174.679241893792,3.322e-19
1174.6892860041519,3.303e-19
1174.6993301145114,3.322e-19
1174.709374224871,3.352e-19
1174.7194183352306,3.324e-19
1174.7294624455903,3.28e-19
1174.73950655595,3.291e-19
1174.7495506663095,3.315e-19
1174.759594776669,3.301e-19
1174.7696388870286,3.29e-19
1174.7796829973884,3.295e-19
1174.789727107748,3.267e-19
1174.7997712181075,3.23e-19
1174.809815328467,3.248e-19
1174.8198594388266,3.278e-19
1174.8299035491864,3.262e-19
1174.839947659546,3.237e-19
1174.8499917699055,3.242e-19
1174.860035880265,3.237e-19
1174.8700799906246,3.215e-19
1174.8801241009844,3.215e-19
1174.890168211344,3.222e-19
1174.9002123217035,3.198e-19
1174.910256432063,3.168e-19
1174.9203005424229,3.167e-19
1174.9303446527824,3.176e-19
1174.940388763142,3.163e-19
1174.9504328735015,3.137e-19
1174.960476983861,3.118e-19
1174.9705210942209,3.119e-19
1174.9805652045804,3.134e-19
1174.99060931494,3.145e-19
1175.0006534252996,3.141e-19
1175.0106975356591,3.131e-19
1175.020741646019,3.124e-19
1175.0307857563785,3.127e-19
1175.040829866738,3.14e-19
1175.0508739770976,3.138e-19
1175.0609180874571,3.103e-19
1175.070962197817,3.076e-19
1175.0810063081765,3.093e-19
1175.091050418536,3.12e-19
1175.1010945288956,3.116e-19
1175.1111386392554,3.099e-19
1175.121182749615,3.098e-19
1175.1312268599745,3.096e-19
1175.141270970334,3.073e-19
1175.1513150806936,3.039e-19
1175.1613591910534,3.021e-19
1175.171403301413,3.029e-19
1175.1814474117725,3.047e-19
1175.191491522132,3.044e-19
1175.2015356324916,3.022e-19
1175.2115797428514,3.009e-19
1175.221623853211,3.01e-19
1175.2316679635705,3.011e-19
1175.24171207393,3.007e-19
1175.2517561842897,3e-19
1175.2618002946494,2.992e-19
1175.271844405009,2.99e-19
1175.2818885153686,2.989e-19
1175.2919326257281,2.979e-19
1175.301976736088,2.969e-19
1175.3120208464475,2.965e-19
1175.322064956807,2.949e-19
1175.3321090671666,2.925e-19
1175.3421531775261,2.926e-19
1175.352197287886,2.942e-19
1175.3622413982455,2.934e-19
1175.372285508605,2.919e-19
1175.3823296189646,2.926e-19
1175.3923737293242,2.934e-19
1175.402417839684,2.924e-19
1175.4124619500435,2.917e-19
1175.422506060403,2.916e-19
1175.4325501707626,2.908e-19
1175.4425942811222,2.904e-19
1175.452638391482,2.912e-19
1175.4626825018415,2.914e-19
1175.472726612201,2.901e-19
1175.4827707225606,2.886e-19
1175.4928148329204,2.868e-19
1175.50285894328,2.858e-19
1175.5129030536395,2.871e-19
1175.522947163999,2.879e-19
1175.5329912743587,2.856e-19
1175.5430353847185,2.834e-19
1175.553079495078,2.846e-19
1175.5631236054376,2.861e-19
1175.5731677157971,2.85e-19
1175.5832118261567,2.83e-19
1175.5932559365165,2.827e-19
1175.603300046876,2.842e-19
1175.6133441572356,2.853e-19
1175.6233882675951,2.842e-19
1175.6334323779547,2.819e-19
1175.6434764883145,2.802e-19
1175.653520598674,2.788e-19
1175.6635647090336,2.78e-19
1175.6736088193932,2.801e-19
1175.683652929753,2.826e-19
1175.6936970401125,2.805e-19
1175.703741150472,2.769e-19
1175.7137852608316,2.78e-19
1175.7238293711912,2.806e-19
1175.7338734815507,2.792e-19
1175.7439175919105,2.77e-19
1175.75396170227,2.768e-19
1175.7640058126296,2.756e-19
1175.7740499229892,2.74e-19
1175.784094033349,2.753e-19
1175.7941381437086,2.765e-19
1175.804182254068,2.737e-19
1175.8142263644277,2.711e-19
1175.8242704747872,2.725e-19
1175.834314585147,2.745e-19
1175.8443586955066,2.733e-19
1175.8544028058661,2.699e-19
1175.8644469162257,2.675e-19
1175.8744910265852,2.684e-19
1175.884535136945,2.709e-19
1175.8945792473046,2.708e-19
1175.9046233576641,2.685e-19
1175.9146674680237,2.675e-19
1175.9247115783833,2.67e-19
1175.934755688743,2.651e-19
1175.9447997991026,2.638e-19
1175.9548439094622,2.64e-19
1175.9648880198217,2.634e-19
1175.9749321301815,2.627e-19
1175.984976240541,2.634e-19
1175.9950203509006,2.631e-19
1176.0050644612602,2.606e-19
1176.0151085716197,2.58e-19
1176.0251526819795,2.567e-19
1176.035196792339,2.575e-19
1176.0452409026987,2.609e-19
1176.0552850130582,2.627e-19
1176.0653291234178,2.593e-19
1176.0753732337776,2.568e-19
1176.085417344137,2.593e-19
1176.0954614544967,2.605e-19
1176.1055055648562,2.573e-19
1176.1155496752158,2.559e-19
1176.1255937855756,2.566e-19
1176.1356378959351,2.544e-19
1176.1456820062947,2.522e-19
1176.1557261166543,2.543e-19
1176.165770227014,2.564e-19
1176.1758143373736,2.547e-19
1176.1858584477332,2.52e-19
1176.1959025580927,2.504e-19
1176.2059466684523,2.506e-19
1176.215990778812,2.525e-19
1176.2260348891716,2.53e-19
1176.2360789995312,2.503e-19
1176.2461231098907,2.486e-19
1176.2561672202503,2.495e-19
1176.26621133061,2.486e-19
1176.2762554409696,2.467e-19
1176.2862995513292,2.478e-19
1176.2963436616888,2.486e-19
1176.3063877720483,2.465e-19
1176.316431882408,2.469e-19
1176.3264759927677,2.504e-19
1176.3365201031272,2.504e-19
1176.3465642134868,2.467e-19
1176.3566083238466,2.455e-19
1176.3666524342061,2.467e-19
1176.3766965445657,2.47e-19
1176.3867406549252,2.464e-19
1176.3967847652848,2.452e-19
1176.4068288756446,2.429e-19
1176.4168729860041,2.419e-19
1176.4269170963637,2.429e-19
1176.4369612067233,2.439e-19
1176.4470053170828,2.433e-19
1176.4570494274426,2.406e-19
1176.4670935378022,2.377e-19
1176.4771376481617,2.386e-19
1176.4871817585213,2.421e-19
1176.4972258688808,2.412e-19
1176.5072699792406,2.37e-19
1176.5173140896002,2.371e-19
1176.5273581999597,2.398e-19
1176.5374023103193,2.381e-19
1176.547446420679,2.353e-19
1176.5574905310386,2.355e-19
1176.5675346413982,2.348e-19
1176.5775787517578,2.325e-19
1176.5876228621173,2.338e-19
1176.597666972477,2.352e-19
1176.6077110828367,2.315e-19
1176.6177551931962,2.283e-19
1176.6277993035558,2.305e-19
1176.6378434139153,2.328e-19
1176.6478875242751,2.317e-19
1176.6579316346347,2.298e-19
1176.6679757449942,2.279e-19
1176.6780198553538,2.269e-19
1176.6880639657134,2.29e-19
1176.6981080760731,2.309e-19
1176.7081521864327,2.282e-19
1176.7181962967923,2.251e-19
1176.7282404071518,2.265e-19
1176.7382845175116,2.282e-19
1176.7483286278712,2.272e-19
1176.7583727382307,2.259e-19
1176.7684168485903,2.243e-19
1176.7784609589498,2.218e-19
1176.7885050693096,2.211e-19
1176.7985491796692,2.228e-19
1176.8085932900287,2.244e-19
1176.8186374003883,2.255e-19
1176.8286815107479,2.244e-19
1176.8387256211076,2.2e-19
1176.8487697314672,2.182e-19
1176.8588138418268,2.222e-19
1176.8688579521863,2.232e-19
1176.8789020625459,2.174e-19
1176.8889461729057,2.156e-19
1176.8989902832652,2.202e-19
1176.9090343936248,2.201e-19
1176.9190785039843,2.151e-19
1176.9291226143441,2.156e-19
1176.9391667247037,2.196e-19
1176.9492108350632,2.179e-19
1176.9592549454228,2.139e-19
1176.9692990557824,2.146e-19
1176.979343166142,2.162e-19
1176.9893872765017,2.146e-19
1176.9994313868613,2.137e-19
1177.0094754972208,2.153e-19
1177.0195196075804,2.158e-19
1177.0295637179402,2.138e-19
1177.0396078282997,2.115e-19
1177.0496519386593,2.103e-19
1177.0596960490188,2.102e-19
1177.0697401593784,2.104e-19
1177.0797842697382,2.092e-19
1177.0898283800977,2.069e-19
1177.0998724904573,2.066e-19
1177.1099166008169,2.086e-19
1177.1199607111764,2.096e-19
1177.1300048215362,2.086e-19
1177.1400489318958,2.076e-19
1177.1500930422553,2.068e-19
1177.1601371526149,2.052e-19
1177.1701812629744,2.044e-19
1177.1802253733342,2.061e-19
1177.1902694836938,2.077e-19
1177.2003135940533,2.055e-19
1177.210357704413,2.011e-19
1177.2204018147727,2.002e-19
1177.2304459251322,2.04e-19
1177.2404900354918,2.078e-19
1177.2505341458514,2.073e-19
1177.260578256211,2.035e-19
1177.2706223665707,2.008e-19
1177.2806664769303,2.017e-19
1177.2907105872898,2.038e-19
1177.3007546976494,2.024e-19
1177.310798808009,1.982e-19
1177.3208429183687,1.969e-19
1177.3308870287283,1.999e-19
1177.3409311390878,2.022e-19
1177.3509752494474,2.004e-19
1177.361019359807,1.977e-19
1177.3710634701667,1.974e-19
1177.3811075805263,1.985e-19
1177.3911516908859,1.988e-19
1177.4011958012454,1.985e-19
1177.4112399116052,1.983e-19
1177.4212840219648,1.976e-19
1177.4313281323243,1.97e-19
1177.4413722426839,1.974e-19
1177.4514163530434,1.977e-19
1177.4614604634032,1.972e-19
1177.4715045737628,1.971e-19
1177.4815486841223,1.966e-19
1177.491592794482,1.935e-19
1177.5016369048415,1.905e-19
1177.5116810152012,1.908e-19
1177.5217251255608,1.909e-19
1177.5317692359204,1.873e-19
1177.54181334628,1.858e-19
1177.5518574566395,1.9e-19
1177.5619015669993,1.92e-19
1177.5719456773588,1.871e-19
1177.5819897877184,1.833e-19
1177.592033898078,1.859e-19
1177.6020780084377,1.892e-19
1177.6121221187973,1.886e-19
1177.6221662291568,1.863e-19
1177.6322103395164,1.847e-19
1177.642254449876,1.843e-19
1177.6522985602357,1.855e-19
1177.6623426705953,1.863e-19
1177.6723867809549,1.847e-19
1177.6824308913144,1.824e-19
1177.692475001674,1.812e-19
1177.7025191120338,1.813e-19
1177.7125632223933,1.836e-19
1177.722607332753,1.861e-19
1177.7326514431124,1.835e-19
1177.742695553472,1.771e-19
1177.7527396638318,1.757e-19
1177.7627837741913,1.802e-19
1177.772827884551,1.824e-19
1177.7828719949105,1.795e-19
1177.7929161052703,1.778e-19
1177.8029602156298,1.797e-19
1177.8130043259894,1.807e-19
1177.823048436349,1.79e-19
1177.8330925467085,1.776e-19
1177.8431366570683,1.774e-19
1177.8531807674278,1.766e-19
1177.8632248777874,1.756e-19
1177.873268988147,1.777e-19
1177.8833130985065,1.805e-19
1177.8933572088663,1.783e-19
1177.9034013192258,1.732e-19
1177.9134454295854,1.731e-19
1177.923489539945,1.765e-19
1177.9335336503045,1.755e-19
1177.9435777606643,1.721e-19
1177.9536218710239,1.73e-19
1177.9636659813834,1.756e-19
1177.973710091743,1.748e-19
1177.9837542021028,1.736e-19
1177.9937983124623,1.735e-19
1178.003842422822,1.715e-19
1178.0138865331814,1.699e-19
1178.023930643541,1.727e-19
1178.0339747539006,1.753e-19
1178.0440188642604,1.737e-19
1178.05406297462,1.72e-19
1178.0641070849795,1.718e-19
1178.074151195339,1.707e-19
1178.0841953056988,1.703e-19
1178.0942394160584,1.72e-19
1178.104283526418,1.713e-19
1178.1143276367775,1.678e-19
1178.124371747137,1.676e-19
1178.1344158574968,1.696e-19
1178.1444599678564,1.687e-19
1178.154504078216,1.666e-19
1178.1645481885755,1.665e-19
1178.1745922989353,1.644e-19
1178.1846364092949,1.603e-19
1178.1946805196544,1.606e-19
1178.204724630014,1.647e-19
1178.2147687403735,1.655e-19
1178.224812850733,1.625e-19
1178.2348569610929,1.615e-19
1178.2449010714524,1.631e-19
1178.254945181812,1.641e-19
1178.2649892921715,1.637e-19
1178.2750334025313,1.625e-19
1178.285077512891,1.606e-19
1178.2951216232505,1.586e-19
1178.30516573361,1.578e-19
1178.3152098439696,1.573e-19
1178.3252539543294,1.557e-19
1178.335298064689,1.543e-19
1178.3453421750485,1.555e-19
1178.355386285408,1.575e-19
1178.3654303957678,1.564e-19
1178.3754745061274,1.535e-19
1178.385518616487,1.529e-19
1178.3955627268465,1.538e-19
1178.405606837206,1.54e-19
1178.4156509475656,1.556e-19
1178.4256950579254,1.579e-19
1178.435739168285,1.558e-19
1178.4457832786445,1.507e-19
1178.455827389004,1.509e-19
1178.4658714993639,1.558e-19
1178.4759156097234,1.564e-19
1178.485959720083,1.526e-19
1178.4960038304425,1.513e-19
1178.506047940802,1.524e-19
1178.5160920511619,1.518e-19
1178.5261361615214,1.51e-19
1178.536180271881,1.514e-19
1178.5462243822406,1.499e-19
1178.5562684926003,1.465e-19
1178.56631260296,1.458e-19
1178.5763567133195,1.479e-19
1178.586400823679,1.484e-19
1178.5964449340386,1.467e-19
1178.6064890443981,1.461e-19
1178.616533154758,1.476e-19
1178.6265772651175,1.487e-19
1178.636621375477,1.483e-19
1178.6466654858366,1.472e-19
1178.6567095961964,1.47e-19
1178.666753706556,1.477e-19
1178.6767978169155,1.487e-19
1178.686841927275,1.481e-19
1178.6968860376346,1.445e-19
1178.7069301479944,1.411e-19
1178.716974258354,1.425e-19
1178.7270183687135,1.463e-19
1178.737062479073,1.458e-19
1178.7471065894329,1.412e-19
1178.7571506997924,1.391e-19
1178.767194810152,1.41e-19
1178.7772389205115,1.428e-19
1178.787283030871,1.429e-19
1178.7973271412307,1.409e-19
1178.8073712515904,1.373e-19
1178.81741536195,1.365e-19
1178.8274594723096,1.414e-19
1178.8375035826691,1.446e-19
1178.847547693029,1.398e-19
1178.8575918033885,1.339e-19
1178.867635913748,1.351e-19
1178.8776800241076,1.388e-19
1178.8877241344671,1.379e-19
1178.897768244827,1.352e-19
1178.9078123551865,1.357e-19
1178.917856465546,1.369e-19
1178.9279005759056,1.361e-19
1178.9379446862652,1.353e-19
1178.947988796625,1.362e-19
1178.9580329069845,1.375e-19
1178.968077017344,1.369e-19
1178.9781211277036,1.347e-19
1178.9881652380632,1.339e-19
1178.998209348423,1.364e-19
1179.0082534587825,1.388e-19
1179.018297569142,1.361e-19
1179.0283416795016,1.314e-19
1179.0383857898614,1.314e-19
1179.048429900221,1.349e-19
1179.0584740105805,1.358e-19
1179.06851812094,1.343e-19
1179.0785622312997,1.341e-19
1179.0886063416594,1.344e-19
1179.098650452019,1.329e-19
1179.1086945623786,1.324e-19
1179.1187386727381,1.339e-19
1179.1287827830977,1.331e-19
1179.1388268934575,1.292e-19
1179.148871003817,1.286e-19
1179.1589151141766,1.324e-19
1179.1689592245361,1.34e-19
1179.1790033348957,1.306e-19
1179.1890474452555,1.271e-19
1179.199091555615,1.264e-19
1179.2091356659746,1.262e-19
1179.2191797763342,1.258e-19
1179.229223886694,1.255e-19
1179.2392679970535,1.246e-19
1179.249312107413,1.232e-19
1179.2593562177726,1.234e-19
1179.2694003281322,1.244e-19
1179.2794444384917,1.237e-19
1179.2894885488515,1.222e-19
1179.299532659211,1.234e-19
1179.3095767695706,1.263e-19
1179.3196208799302,1.273e-19
1179.32966499029,1.263e-19
1179.3397091006495,1.239e-19
1179.349753211009,1.199e-19
1179.3597973213687,1.168e-19
1179.3698414317282,1.186e-19
1179.379885542088,1.227e-19
1179.3899296524476,1.218e-19
1179.3999737628071,1.173e-19
1179.4100178731667,1.167e-19
1179.4200619835265,1.196e-19
1179.430106093886,1.199e-19
1179.4401502042456,1.184e-19
1179.4501943146051,1.188e-19
1179.4602384249647,1.186e-19
1179.4702825353243,1.16e-19
1179.480326645684,1.158e-19
1179.4903707560436,1.185e-19
1179.5004148664032,1.185e-19
1179.5104589767627,1.155e-19
1179.5205030871225,1.151e-19
1179.530547197482,1.166e-19
1179.5405913078416,1.162e-19
1179.5506354182012,1.152e-19
1179.5606795285607,1.154e-19
1179.5707236389205,1.158e-19
1179.58076774928,1.163e-19
1179.5908118596396,1.169e-19
1179.6008559699992,1.145e-19
1179.610900080359,1.107e-19
1179.6209441907185,1.111e-19
1179.630988301078,1.144e-19
1179.6410324114377,1.143e-19
1179.6510765217972,1.129e-19
1179.6611206321568,1.148e-19
1179.6711647425166,1.158e-19
1179.6812088528761,1.132e-19
1179.6912529632357,1.13e-19
1179.7012970735952,1.164e-19
1179.711341183955,1.155e-19
1179.7213852943146,1.109e-19
1179.7314294046741,1.117e-19
1179.7414735150337,1.174e-19
1179.7515176253933,1.185e-19
1179.761561735753,1.137e-19
1179.7716058461126,1.103e-19
1179.7816499564722,1.095e-19
1179.7916940668317,1.087e-19
1179.8017381771915,1.084e-19
1179.811782287551,1.092e-19
1179.8218263979106,1.082e-19
1179.8318705082702,1.063e-19
1179.8419146186297,1.074e-19
1179.8519587289893,1.101e-19
1179.862002839349,1.098e-19
1179.8720469497086,1.062e-19
1179.8820910600682,1.032e-19
1179.8921351704278,1.025e-19
1179.9021792807875,1.039e-19
1179.912223391147,1.055e-19
1179.9222675015067,1.052e-19
1179.9323116118662,1.033e-19
1179.9423557222258,1.027e-19
1179.9523998325856,1.031e-19
1179.9624439429451,1.022e-19
1179.9724880533047,1.016e-19
1179.9825321636642,1.033e-19
1179.992576274024,1.036e-19
1180.0026203843836,1.011e-19
1180.0126644947431,1.004e-19
1180.0227086051027,1.037e-19
1180.0327527154623,1.055e-19
1180.0427968258218,1.029e-19
1180.0528409361816,9.938e-20
1180.0628850465412,9.874e-20
1180.0729291569007,1.01e-19
1180.0829732672603,1.025e-19
1180.09301737762,9.97e-20
1180.1030614879796,9.591e-20
1180.1131055983392,9.735e-20
1180.1231497086987,1.018e-19
1180.1331938190583,1.019e-19
1180.143237929418,9.872e-20
1180.1532820397777,9.804e-20
1180.1633261501372,9.855e-20
1180.1733702604968,9.722e-20
1180.1834143708563,9.698e-20
1180.193458481216,9.869e-20
1180.2035025915757,9.805e-20
1180.2135467019352,9.527e-20
1180.2235908122948,9.465e-20
1180.2336349226543,9.584e-20
1180.2436790330141,9.639e-20
1180.2537231433737,9.662e-20
1180.2637672537332,9.612e-20
1180.2738113640928,9.423e-20
1180.2838554744526,9.377e-20
1180.2938995848122,9.566e-20
1180.3039436951717,9.564e-20
1180.3139878055313,9.279e-20
1180.3240319158908,9.185e-20
1180.3340760262506,9.434e-20
1180.3441201366102,9.663e-20
1180.3541642469697,9.606e-20
1180.3642083573293,9.289e-20
1180.3742524676888,8.975e-20
1180.3842965780486,9.012e-20
1180.3943406884082,9.326e-20
1180.4043847987678,9.433e-20
1180.4144289091273,9.24e-20
1180.4244730194869,9.101e-20
1180.4345171298467,9.123e-20
1180.4445612402062,9.165e-20
1180.4546053505658,9.192e-20
1180.4646494609253,9.117e-20
1180.4746935712851,8.899e-20
1180.4847376816447,8.865e-20
1180.4947817920042,9.174e-20
1180.5048259023638,9.352e-20
1180.5148700127233,9.104e-20
1180.5249141230831,8.834e-20
1180.5349582334427,8.814e-20
1180.5450023438023,8.804e-20
1180.5550464541618,8.74e-20
1180.5650905645214,8.818e-20
1180.5751346748812,8.897e-20
1180.5851787852407,8.681e-20
1180.5952228956003,8.345e-20
1180.6052670059598,8.302e-20
1180.6153111163194,8.561e-20
1180.6253552266792,8.751e-20
1180.6353993370387,8.659e-20
1180.6454434473983,8.445e-20
1180.6554875577579,8.385e-20
1180.6655316681176,8.571e-20
1180.6755757784772,8.804e-20
1180.6856198888368,8.769e-20
1180.6956639991963,8.486e-20
1180.7057081095559,8.407e-20
1180.7157522199154,8.661e-20
1180.7257963302752,8.688e-20
1180.7358404406348,8.27e-20
1180.7458845509943,8.057e-20
1180.755928661354,8.324e-20
1180.7659727717137,8.454e-20
1180.7760168820732,8.306e-20
1180.7860609924328,8.445e-20
1180.7961051027924,8.714e-20
1180.806149213152,8.484e-20
1180.8161933235117,8.137e-20
1180.8262374338713,8.335e-20
1180.8362815442308,8.594e-20
1180.8463256545904,8.331e-20
1180.8563697649502,8.054e-20
1180.8664138753097,8.192e-20
1180.8764579856693,8.293e-20
1180.8865020960288,8.115e-20
1180.8965462063884,8.005e-20
1180.906590316748,8.022e-20
1180.9166344271077,7.943e-20
1180.9266785374673,7.836e-20
1180.9367226478269,7.806e-20
1180.9467667581864,7.74e-20
1180.9568108685462,7.576e-20
1180.9668549789058,7.372e-20
1180.9768990892653,7.235e-20
1180.9869431996249,7.361e-20
1180.9969873099844,7.686e-20
1181.0070314203442,7.774e-20
1181.0170755307038,7.576e-20
1181.0271196410633,7.592e-20
1181.037163751423,7.868e-20
1181.0472078617827,7.863e-20
1181.0572519721422,7.534e-20
1181.0672960825018,7.397e-20
1181.0773401928614,7.573e-20
1181.087384303221,7.74e-20
1181.0974284135805,7.759e-20
1181.1074725239403,7.611e-20
1181.1175166342998,7.291e-20
1181.1275607446594,7.079e-20
1181.137604855019,7.262e-20
1181.1476489653787,7.565e-20
1181.1576930757383,7.539e-20
1181.1677371860978,7.277e-20
1181.1777812964574,7.105e-20
1181.187825406817,7.033e-20
1181.1978695171767,7.041e-20
1181.2079136275363,7.26e-20
1181.2179577378959,7.472e-20
1181.2280018482554,7.272e-20
1181.2380459586152,6.915e-20
1181.2480900689748,7.011e-20
1181.2581341793343,7.378e-20
1181.2681782896939,7.359e-20
1181.2782224000534,7.06e-20
1181.288266510413,7.046e-20
1181.2983106207728,7.243e-20
1181.3083547311323,7.26e-20
1181.318398841492,7.152e-20
1181.3284429518515,7.051e-20
1181.3384870622112,6.867e-20
1181.3485311725708,6.778e-20
1181.3585752829304,7.055e-20
1181.36861939329,7.375e-20
1181.3786635036495,7.275e-20
1181.3887076140093,6.952e-20
1181.3987517243688,6.875e-20
1181.4087958347284,7.076e-20
1181.418839945088,7.276e-20
1181.4288840554477,7.242e-20
1181.4389281658073,6.989e-20
1181.4489722761668,6.877e-20
1181.4590163865264,7.147e-20
1181.469060496886,7.411e-20
1181.4791046072455,7.247e-20
1181.4891487176053,6.935e-20
1181.4991928279649,6.877e-20
1181.5092369383244,6.927e-20
1181.519281048684,6.867e-20
1181.5293251590438,6.784e-20
1181.5393692694033,6.699e-20
1181.5494133797629,6.582e-20
1181.5594574901224,6.591e-20
1181.569501600482,6.708e-20
1181.5795457108418,6.662e-20
1181.5895898212013,6.529e-20
1181.599633931561,6.586e-20
1181.6096780419205,6.639e-20
1181.61972215228,6.421e-20
1181.6297662626398,6.219e-20
1181.6398103729994,6.275e-20
1181.649854483359,6.296e-20
1181.6598985937185,6.172e-20
1181.669942704078,6.207e-20
1181.6799868144378,6.398e-20
1181.6900309247974,6.438e-20
1181.700075035157,6.307e-20
1181.7101191455165,6.097e-20
1181.7201632558763,5.813e-20
1181.7302073662358,5.729e-20
1181.7402514765954,6.075e-20
1181.750295586955,6.378e-20
1181.7603396973145,6.165e-20
1181.7703838076743,5.877e-20
1181.7804279180339,6.043e-20
1181.7904720283934,6.333e-20
1181.800516138753,6.302e-20
1181.8105602491125,6.118e-20
1181.8206043594723,6.028e-20
1181.8306484698319,6.021e-20
1181.8406925801914,6.095e-20
1181.850736690551,6.189e-20
1181.8607808009106,6.153e-20
1181.8708249112703,6.081e-20
1181.88086902163,6.116e-20
1181.8909131319895,6.105e-20
1181.900957242349,6.025e-20
1181.9110013527088,6.105e-20
1181.9210454630684,6.189e-20
1181.931089573428,5.974e-20
1181.9411336837875,5.781e-20
1181.951177794147,5.954e-20
1181.9612219045066,6.062e-20
1181.9712660148664,5.786e-20
1181.981310125226,5.557e-20
1181.9913542355855,5.619e-20
1182.001398345945,5.693e-20
1182.0114424563048,5.746e-20
1182.0214865666644,5.875e-20
1182.031530677024,5.841e-20
1182.0415747873835,5.656e-20
1182.051618897743,5.706e-20
1182.0616630081029,5.89e-20
1182.0717071184624,5.808e-20
1182.081751228822,5.609e-20
1182.0917953391815,5.575e-20
1182.1018394495413,5.559e-20
1182.111883559901,5.516e-20
1182.1219276702604,5.599e-20
1182.13197178062,5.608e-20
1182.1420158909796,5.406e-20
1182.1520600013391,5.368e-20
1182.162104111699,5.588e-20
1182.1721482220585,5.629e-20
1182.182192332418,5.464e-20
1182.1922364427776,5.473e-20
1182.2022805531374,5.56e-20
1182.212324663497,5.432e-20
1182.2223687738565,5.29e-20
1182.232412884216,5.358e-20
1182.2424569945756,5.432e-20
1182.2525011049354,5.351e-20
1182.262545215295,5.253e-20
1182.2725893256545,5.244e-20
1182.282633436014,5.269e-20
1182.2926775463739,5.18e-20
1182.3027216567334,4.922e-20
1182.312765767093,4.787e-20
1182.3228098774525,5.079e-20
1182.332853987812,5.465e-20
1182.3428980981716,5.409e-20
1182.3529422085314,5.09e-20
1182.362986318891,4.998e-20
1182.3730304292505,5.059e-20
1182.38307453961,5.009e-20
1182.39311864997,4.978e-20
1182.4031627603295,5.067e-20
1182.413206870689,5.099e-20
1182.4232509810486,5.089e-20
1182.4332950914081,5.21e-20
1182.443339201768,5.292e-20
1182.4533833121275,5.099e-20
1182.463427422487,4.863e-20
1182.4734715328466,4.91e-20
1182.4835156432064,5.05e-20
1182.493559753566,4.937e-20
1182.5036038639255,4.731e-20
1182.513647974285,4.822e-20
1182.5236920846446,5.104e-20
1182.5337361950042,5.109e-20
1182.543780305364,4.789e-20
1182.5538244157235,4.592e-20
1182.563868526083,4.721e-20
1182.5739126364426,4.876e-20
1182.5839567468024,4.837e-20
1182.594000857162,4.784e-20
1182.6040449675215,4.861e-20
1182.614089077881,4.908e-20
1182.6241331882406,4.831e-20
1182.6341772986004,4.799e-20
1182.64422140896,4.84e-20
1182.6542655193196,4.7e-20
1182.664309629679,4.373e-20
1182.674353740039,4.236e-20
1182.6843978503985,4.419e-20
1182.694441960758,4.632e-20
1182.7044860711176,4.732e-20
1182.7145301814771,4.765e-20
1182.7245742918367,4.611e-20
1182.7346184021965,4.306e-20
1182.744662512556,4.278e-20
1182.7547066229156,4.609e-20
1182.7647507332752,4.769e-20
1182.774794843635,4.551e-20
1182.7848389539945,4.398e-20
1182.794883064354,4.556e-20
1182.8049271747136,4.778e-20
1182.8149712850732,4.818e-20
1182.825015395433,4.615e-20
1182.8350595057925,4.282e-20
1182.845103616152,4.146e-20
1182.8551477265116,4.347e-20
1182.8651918368712,4.542e-20
1182.875235947231,4.456e-20
1182.8852800575905,4.285e-20
1182.89532416795,4.255e-20
1182.9053682783097,4.317e-20
1182.9154123886692,4.372e-20
1182.925456499029,4.375e-20
1182.9355006093886,4.339e-20
1182.945544719748,4.356e-20
1182.9555888301077,4.414e-20
1182.9656329404675,4.365e-20
1182.975677050827,4.258e-20
1182.9857211611866,4.243e-20
1182.9957652715461,4.214e-20
1183.0058093819057,4.097e-20
1183.0158534922655,4.094e-20
1183.025897602625,4.221e-20
1183.0359417129846,4.252e-20
1183.0459858233442,4.222e-20
1183.0560299337037,4.253e-20
1183.0660740440635,4.22e-20
1183.076118154423,4.178e-20
1183.0861622647826,4.332e-20
1183.0962063751422,4.421e-20
1183.1062504855017,4.168e-20
1183.1162945958615,4.013e-20
1183.126338706221,4.305e-20
1183.1363828165806,4.567e-20
1183.1464269269402,4.441e-20
1183.1564710373,4.283e-20
1183.1665151476595,4.357e-20
1183.176559258019,4.45e-20
1183.1866033683787,4.366e-20
1183.1966474787382,4.132e-20
1183.206691589098,3.968e-20
1183.2167356994576,4.123e-20
1183.2267798098171,4.397e-20
1183.2368239201767,4.293e-20
1183.2468680305362,3.913e-20
1183.256912140896,3.786e-20
1183.2669562512556,3.867e-20
1183.2770003616151,3.792e-20
1183.2870444719747,3.679e-20
1183.2970885823343,3.732e-20
1183.307132692694,3.775e-20
1183.3171768030536,3.68e-20
1183.3272209134132,3.527e-20
1183.3372650237727,3.367e-20
1183.3473091341325,3.348e-20
1183.357353244492,3.55e-20
1183.3673973548516,3.625e-20
1183.3774414652112,3.404e-20
1183.3874855755707,3.342e-20
1183.3975296859303,3.58e-20
1183.40757379629,3.633e-20
1183.4176179066496,3.496e-20
1183.4276620170092,3.628e-20
1183.4377061273688,3.859e-20
1183.4477502377285,3.78e-20
1183.457794348088,3.681e-20
1183.4678384584477,3.85e-20
1183.4778825688072,3.908e-20
1183.4879266791668,3.684e-20
1183.4979707895266,3.589e-20
1183.5080148998861,3.73e-20
1183.5180590102457,3.746e-20
1183.5281031206052,3.533e-20
1183.538147230965,3.349e-20
1183.5481913413246,3.395e-20
1183.5582354516841,3.623e-20
1183.5682795620437,3.767e-20
1183.5783236724033,3.618e-20
1183.5883677827628,3.388e-20
1183.5984118931226,3.42e-20
1183.6084560034822,3.586e-20
1183.6185001138417,3.527e-20
1183.6285442242013,3.32e-20
1183.638588334561,3.283e-20
1183.6486324449206,3.38e-20
1183.6586765552802,3.381e-20
1183.6687206656397,3.346e-20
1183.6787647759993,3.432e-20
1183.688808886359,3.465e-20
1183.6988529967186,3.222e-20
1183.7088971070782,2.959e-20
1183.7189412174378,3.083e-20
1183.7289853277975,3.466e-20
1183.739029438157,3.629e-20
1183.7490735485167,3.475e-20
1183.7591176588762,3.349e-20
1183.7691617692358,3.492e-20
1183.7792058795953,3.775e-20
1183.7892499899551,3.867e-20
1183.7992941003147,3.605e-20
1183.8093382106742,3.272e-20
1183.8193823210338,3.287e-20
1183.8294264313936,3.572e-20
1183.8394705417531,3.653e-20
1183.8495146521127,3.395e-20
1183.8595587624723,3.153e-20
1183.8696028728318,3.24e-20
1183.8796469831916,3.56e-20
1183.8896910935512,3.736e-20
1183.8997352039107,3.535e-20
1183.9097793142703,3.2e-20
1183.91982342463,3.134e-20
1183.9298675349896,3.342e-20
1183.9399116453492,3.515e-20
1183.9499557557087,3.453e-20
1183.9599998660683,3.14e-20
1183.9700439764279,2.798e-20
1183.9800880867876,2.815e-20
1183.9901321971472,3.113e-20
1184.0001763075068,3.088e-20
1184.0102204178663,2.705e-20
1184.020264528226,2.64e-20
1184.0303086385857,2.963e-20
1184.0403527489452,3.038e-20
1184.0503968593048,2.846e-20
1184.0604409696643,2.886e-20
1184.0704850800241,3.044e-20
1184.0805291903837,2.957e-20
1184.0905733007432,2.866e-20
1184.1006174111028,3.03e-20
1184.1106615214626,3.176e-20
1184.1207056318221,3.143e-20
1184.1307497421817,3.152e-20
1184.1407938525413,3.259e-20
1184.1508379629008,3.314e-20
1184.1608820732604,3.303e-20
1184.1709261836202,3.226e-20
1184.1809702939797,3.017e-20
1184.1910144043393,2.794e-20
1184.2010585146988,2.766e-20
1184.2111026250586,2.873e-20
1184.2211467354182,2.86e-20
1184.2311908457777,2.681e-20
1184.2412349561373,2.59e-20
1184.2512790664969,2.754e-20
1184.2613231768566,2.952e-20
1184.2713672872162,2.883e-20
1184.2814113975758,2.643e-20
1184.2914555079353,2.559e-20
1184.3014996182949,2.714e-20
1184.3115437286547,2.911e-20
1184.3215878390142,2.903e-20
1184.3316319493738,2.612e-20
1184.3416760597333,2.36e-20
1184.351720170093,2.549e-20
1184.3617642804527,2.941e-20
1184.3718083908122,2.961e-20
1184.3818525011718,2.692e-20
1184.3918966115314,2.586e-20
1184.4019407218912,2.557e-20
1184.4119848322507,2.415e-20
1184.4220289426103,2.474e-20
1184.4320730529698,2.81e-20
1184.4421171633294,2.906e-20
1184.4521612736892,2.645e-20
1184.4622053840487,2.525e-20
1184.4722494944083,2.699e-20
1184.4822936047678,2.852e-20
1184.4923377151274,2.828e-20
1184.5023818254872,2.693e-20
1184.5124259358467,2.583e-20
1184.5224700462063,2.68e-20
1184.5325141565659,2.866e-20
1184.5425582669254,2.777e-20
1184.5526023772852,2.498e-20
1184.5626464876448,2.495e-20
1184.5726905980043,2.747e-20
1184.582734708364,2.826e-20
1184.5927788187237,2.677e-20
1184.6028229290832,2.565e-20
1184.6128670394428,2.62e-20
1184.6229111498023,2.81e-20
1184.632955260162,2.922e-20
1184.6429993705215,2.681e-20
1184.6530434808813,2.281e-20
1184.6630875912408,2.238e-20
1184.6731317016004,2.474e-20
1184.68317581196,2.467e-20
1184.6932199223197,2.291e-20
1184.7032640326793,2.368e-20
1184.7133081430388,2.486e-20
1184.7233522533984,2.266e-20
1184.733396363758,2.056e-20
1184.7434404741177,2.263e-20
1184.7534845844773,2.502e-20
1184.7635286948369,2.36e-20
1184.7735728051964,2.157e-20
1184.7836169155562,2.262e-20
1184.7936610259158,2.491e-20
1184.8037051362753,2.599e-20
1184.8137492466349,2.599e-20
1184.8237933569944,2.518e-20
1184.833837467354,2.454e-20
1184.8438815777138,2.587e-20
1184.8539256880733,2.722e-20
1184.863969798433,2.51e-20
1184.8740139087924,2.237e-20
1184.8840580191522,2.384e-20
1184.8941021295118,2.64e-20
1184.9041462398714,2.497e-20
1184.914190350231,2.261e-20
1184.9242344605905,2.342e-20
1184.9342785709503,2.45e-20
1184.9443226813098,2.366e-20
1184.9543667916694,2.364e-20
1184.964410902029,2.413e-20
1184.9744550123887,2.207e-20
1184.9844991227483,1.986e-20
1184.9945432331078,2.139e-20
1185.0045873434674,2.419e-20
1185.014631453827,2.446e-20
1185.0246755641865,2.311e-20
1185.0347196745463,2.185e-20
1185.0447637849059,2.083e-20
1185.0548078952654,2.062e-20
1185.064852005625,2.072e-20
1185.0748961159848,1.935e-20
1185.0849402263443,1.76e-20
1185.0949843367039,1.797e-20
1185.1050284470634,1.969e-20
1185.115072557423,2.133e-20
1185.1251166677828,2.343e-20
1185.1351607781423,2.453e-20
1185.145204888502,2.217e-20
1185.1552489988615,1.917e-20
1185.1652931092212,2.029e-20
1185.1753372195808,2.367e-20
1185.1853813299404,2.374e-20
1185.1954254403,2.057e-20
1185.2054695506595,1.902e-20
1185.215513661019,2.09e-20
1185.2255577713788,2.329e-20
1185.2356018817384,2.376e-20
1185.245645992098,2.307e-20
1185.2556901024575,2.222e-20
1185.2657342128173,2.077e-20
1185.2757783231768,1.933e-20
1185.2858224335364,1.963e-20
1185.295866543896,2.091e-20
1185.3059106542555,2.077e-20
1185.3159547646153,1.953e-20
1185.3259988749749,1.918e-20
1185.3360429853344,1.955e-20
1185.346087095694,1.917e-20
1185.3561312060538,1.795e-20
1185.3661753164133,1.717e-20
1185.3762194267729,1.828e-20
1185.3862635371324,2.068e-20
1185.396307647492,2.145e-20
1185.4063517578516,2.012e-20
1185.4163958682113,1.99e-20
1185.426439978571,2.076e-20
1185.4364840889305,1.945e-20
1185.44652819929,1.781e-20
1185.4565723096498,1.967e-20
1185.4666164200094,2.168e-20
1185.476660530369,2.03e-20
1185.4867046407285,2.036e-20
1185.496748751088,2.397e-20
1185.5067928614478,2.433e-20
1185.5168369718074,1.985e-20
1185.526881082167,1.818e-20
1185.5369251925265,2.13e-20
1185.546969302886,2.337e-20
1185.5570134132458,2.251e-20
1185.5670575236054,2.109e-20
1185.577101633965,1.97e-20
1185.5871457443245,1.908e-20
1185.597189854684,2.03e-20
1185.6072339650439,2.131e-20
1185.6172780754034,2.083e-20
1185.627322185763,2.089e-20
1185.6373662961225,2.117e-20
1185.6474104064823,1.937e-20
1185.6574545168419,1.761e-20
1185.6674986272014,1.851e-20
1185.677542737561,1.883e-20
1185.6875868479206,1.614e-20
1185.6976309582803,1.459e-20
1185.70767506864,1.724e-20
1185.7177191789995,2.033e-20
1185.727763289359,1.973e-20
1185.7378073997186,1.706e-20
1185.7478515100784,1.631e-20
1185.757895620438,1.777e-20
1185.7679397307975,1.787e-20
1185.777983841157,1.577e-20
1185.7880279515166,1.519e-20
1185.7980720618764,1.712e-20
1185.808116172236,1.778e-20
1185.8181602825955,1.698e-20
1185.828204392955,1.802e-20
1185.8382485033148,1.867e-20
1185.8482926136744,1.556e-20
1185.858336724034,1.372e-20
1185.8683808343935,1.747e-20
1185.878424944753,2.021e-20
1185.8884690551129,1.7e-20
1185.8985131654724,1.432e-20
1185.908557275832,1.616e-20
1185.9186013861915,1.672e-20
1185.928645496551,1.411e-20
1185.9386896069109,1.372e-20
1185.9487337172704,1.564e-20
1185.95877782763,1.534e-20
1185.9688219379896,1.449e-20
1185.9788660483491,1.64e-20
1185.988910158709,1.739e-20
1185.9989542690685,1.477e-20
1186.008998379428,1.349e-20
1186.0190424897876,1.628e-20
1186.0290866001474,1.836e-20
1186.039130710507,1.708e-20
1186.0491748208665,1.513e-20
1186.059218931226,1.346e-20
1186.0692630415856,1.195e-20
1186.0793071519452,1.319e-20
1186.089351262305,1.64e-20
1186.0993953726645,1.561e-20
1186.109439483024,1.104e-20
1186.1194835933836,1.037e-20
1186.1295277037434,1.47e-20
1186.139571814103,1.72e-20
1186.1496159244625,1.627e-20
1186.159660034822,1.585e-20
1186.1697041451816,1.598e-20
1186.1797482555414,1.514e-20
1186.189792365901,1.551e-20
1186.1998364762605,1.739e-20
1186.20988058662,1.729e-20
1186.21992469698,1.52e-20
1186.2299688073394,1.481e-20
1186.240012917699,1.648e-20
1186.2500570280586,1.761e-20
1186.2601011384181,1.726e-20
1186.2701452487777,1.623e-20
1186.2801893591375,1.58e-20
1186.290233469497,1.674e-20
1186.3002775798566,1.746e-20
1186.3103216902161,1.645e-20
1186.320365800576,1.544e-20
1186.3304099109355,1.558e-20
1186.340454021295,1.488e-20
1186.3504981316546,1.366e-20
1186.3605422420142,1.46e-20
1186.370586352374,1.613e-20
1186.3806304627335,1.527e-20
1186.390674573093,1.448e-20
1186.4007186834526,1.607e-20
1186.4107627938124,1.646e-20
1186.420806904172,1.401e-20
1186.4308510145315,1.264e-20
1186.440895124891,1.324e-20
1186.4509392352506,1.289e-20
1186.4609833456102,1.256e-20
1186.47102745597,1.428e-20
1186.4810715663295,1.499e-20
1186.491115676689,1.287e-20
1186.5011597870487,1.22e-20
1186.5112038974084,1.478e-20
1186.521248007768,1.595e-20
1186.5312921181276,1.355e-20
1186.5413362284871,1.18e-20
1186.5513803388467,1.374e-20
1186.5614244492065,1.712e-20
1186.571468559566,1.858e-20
1186.5815126699256,1.742e-20
1186.5915567802851,1.537e-20
1186.601600890645,1.45e-20
1186.6116450010045,1.53e-20
1186.621689111364,1.646e-20
1186.6317332217236,1.639e-20
1186.6417773320832,1.446e-20
1186.6518214424427,1.205e-20
1186.6618655528025,1.212e-20
1186.671909663162,1.503e-20
1186.6819537735216,1.637e-20
1186.6919978838812,1.343e-20
1186.702041994241,1.061e-20
1186.7120861046005,1.218e-20
1186.72213021496,1.499e-20
1186.7321743253196,1.468e-20
1186.7422184356792,1.29e-20
1186.752262546039,1.219e-20
1186.7623066563986,1.16e-20
1186.772350766758,1.148e-20
1186.7823948771177,1.348e-20
1186.7924389874775,1.48e-20
1186.802483097837,1.231e-20
1186.8125272081966,9.833e-21
1186.8225713185561,1.151e-20
1186.8326154289157,1.395e-20
1186.8426595392752,1.341e-20
1186.852703649635,1.238e-20
1186.8627477599946,1.303e-20
1186.8727918703541,1.366e-20
1186.8828359807137,1.384e-20
1186.8928800910735,1.452e-20
1186.902924201433,1.45e-20
1186.9129683117926,1.327e-20
1186.9230124221522,1.277e-20
1186.9330565325117,1.317e-20
1186.9431006428715,1.31e-20
1186.953144753231,1.313e-20
1186.9631888635906,1.364e-20
1186.9732329739502,1.336e-20
1186.9832770843097,1.303e-20
1186.9933211946695,1.425e-20
1187.003365305029,1.455e-20
1187.0134094153887,1.14e-20
1187.0234535257482,8.508e-21
1187.0334976361078,1.046e-20
1187.0435417464676,1.454e-20
1187.053585856827,1.462e-20
1187.0636299671867,1.06e-20
1187.0736740775462,8.328e-21
1187.083718187906,1.065e-20
1187.0937622982656,1.349e-20
1187.1038064086251,1.294e-20
1187.1138505189847,1.106e-20
1187.1238946293442,1.066e-20
1187.133938739704,1.081e-20
1187.1439828500636,1.134e-20
1187.1540269604232,1.363e-20
1187.1640710707827,1.504e-20
1187.1741151811423,1.27e-20
1187.184159291502,1.075e-20
1187.1942034018616,1.343e-20
1187.2042475122212,1.677e-20
1187.2142916225807,1.651e-20
1187.2243357329403,1.468e-20
1187.2343798433,1.294e-20
1187.2444239536596,1.068e-20
1187.2544680640192,1.022e-20
1187.2645121743788,1.3e-20
1187.2745562847385,1.496e-20
1187.284600395098,1.389e-20
1187.2946445054577,1.297e-20
1187.3046886158172,1.337e-20
1187.3147327261768,1.299e-20
1187.3247768365363,1.194e-20
1187.3348209468961,1.12e-20
1187.3448650572557,1.029e-20
1187.3549091676152,1.027e-20
1187.3649532779748,1.253e-20
1187.3749973883346,1.452e-20
1187.3850414986941,1.343e-20
1187.3950856090537,1.092e-20
1187.4051297194133,9.894e-21
1187.4151738297728,1.086e-20
1187.4252179401326,1.251e-20
1187.4352620504922,1.264e-20
1187.4453061608517,1.077e-20
1187.4553502712113,9.871e-21
1187.465394381571,1.106e-20
1187.4754384919306,1.091e-20
1187.4854826022902,8.866e-21
1187.4955267126497,8.901e-21
1187.5055708230093,1.045e-20
1187.5156149333689,9.108e-21
1187.5256590437286,6.923e-21
1187.5357031540882,9.15e-21
1187.5457472644478,1.305e-20
1187.5557913748073,1.233e-20
1187.565835485167,8.424e-21
1187.5758795955267,7.381e-21
1187.5859237058862,1.013e-20
1187.5959678162458,1.268e-20
1187.6060119266053,1.214e-20
1187.6160560369651,9.546e-21
1187.6261001473247,8.393e-21
1187.6361442576842,1.006e-20
1187.6461883680438,1.148e-20
1187.6562324784036,9.892e-21
1187.6662765887631,7.613e-21
1187.6763206991227,7.903e-21
1187.6863648094823,9.317e-21
1187.6964089198418,8.955e-21
1187.7064530302014,7.898e-21
1187.7164971405612,8.414e-21
1187.7265412509207,9.209e-21
1187.7365853612803,8.572e-21
1187.7466294716398,8.461e-21
1187.7566735819996,1.015e-20
1187.7667176923592,1.051e-20
1187.7767618027187,8.347e-21
1187.7868059130783,8.24e-21
1187.7968500234379,1.218e-20
1187.8068941337976,1.454e-20
1187.8169382441572,1.139e-20
1187.8269823545168,7.267e-21
1187.8370264648763,7.527e-21
1187.847070575236,1.071e-20
1187.8571146855957,1.238e-20
1187.8671587959552,1.147e-20
1187.8772029063148,1.033e-20
1187.8872470166743,1.1e-20
1187.897291127034,1.264e-20
1187.9073352373937,1.306e-20
1187.9173793477532,1.219e-20
1187.9274234581128,1.156e-20
1187.9374675684724,1.119e-20
1187.9475116788321,1.045e-20
1187.9575557891917,1.075e-20
1187.9675998995513,1.316e-20
1187.9776440099108,1.519e-20
1187.9876881202704,1.396e-20
1187.9977322306302,1.093e-20
1188.0077763409897,9.959e-21
1188.0178204513493,1.115e-20
1188.0278645617088,1.06e-20
1188.0379086720686,7.716e-21
1188.0479527824282,7.252e-21
1188.0579968927877,1.075e-20
1188.0680410031473,1.277e-20
1188.0780851135069,1.046e-20
1188.0881292238664,8.183e-21
1188.0981733342262,8.749e-21
1188.1082174445858,9.632e-21
1188.1182615549453,1.004e-20
1188.1283056653049,1.131e-20
1188.1383497756647,1.153e-20
1188.1483938860242,9.303e-21
1188.1584379963838,8.09e-21
1188.1684821067433,9.58e-21
1188.178526217103,1.039e-20
1188.1885703274627,9.161e-21
1188.1986144378222,8.253e-21
1188.2086585481818,8.078e-21
1188.2187026585414,7.75e-21
1188.2287467689011,8.351e-21
1188.2387908792607,9.853e-21
1188.2488349896203,9.816e-21
1188.2588790999798,8.126e-21
1188.2689232103394,7.773e-21
1188.278967320699,9.848e-21
1188.2890114310587,1.14e-20
1188.2990555414183,9.138e-21
1188.3090996517778,4.909e-21
1188.3191437621374,4.912e-21
1188.3291878724972,1.02e-20
1188.3392319828567,1.34e-20
1188.3492760932163,1.051e-20
1188.3593202035759,7.166e-21
1188.3693643139354,7.271e-21
1188.3794084242952,7.362e-21
1188.3894525346548,6.486e-21
1188.3994966450143,7.739e-21
1188.4095407553739,9.089e-21
1188.4195848657334,6.692e-21
1188.4296289760932,4.357e-21
1188.4396730864528,6.976e-21
1188.4497171968123,1.055e-20
1188.459761307172,9.14e-21
1188.4698054175315,4.735e-21
1188.4798495278912,3.122e-21
1188.4898936382508,5.894e-21
1188.4999377486104,1.012e-20
1188.50998185897,1.194e-20
1188.5200259693297,9.819e-21
1188.5300700796893,6.297e-21
1188.5401141900488,5.647e-21
1188.5501583004084,8.941e-21
1188.560202410768,1.252e-20
1188.5702465211277,1.207e-20
1188.5802906314873,8.124e-21
1188.5903347418468,5.664e-21
1188.6003788522064,7.254e-21
1188.610422962566,9.893e-21
1188.6204670729257,1.067e-20
1188.6305111832853,1.04e-20
1188.6405552936449,1.005e-20
1188.6505994040044,9.406e-21
1188.660643514364,9.416e-21
1188.6706876247238,1.017e-20
1188.6807317350833,9.294e-21
1188.6907758454429,7.125e-21
1188.7008199558024,7.679e-21
1188.7108640661622,1.078e-20
1188.7209081765218,1.113e-20
1188.7309522868813,7.522e-21
1188.740996397241,4.83e-21
1188.7510405076005,5.899e-21
1188.76108461796,8.535e-21
1188.7711287283198,9.748e-21
1188.7811728386794,8.5e-21
1188.791216949039,6.348e-21
1188.8012610593985,6.638e-21
1188.8113051697583,9.771e-21
1188.8213492801178,1.129e-20
1188.8313933904774,8.747e-21
1188.841437500837,5.895e-21
1188.8514816111965,5.977e-21
1188.8615257215563,7.332e-21
1188.8715698319158,8.552e-21
1188.8816139422754,1.029e-20
1188.891658052635,1.103e-20
1188.9017021629948,9.214e-21
1188.9117462733543,7.751e-21
1188.9217903837139,8.947e-21
1188.9318344940734,9.875e-21
1188.941878604433,8.86e-21
1188.9519227147925,8.745e-21
1188.9619668251523,1.005e-20
1188.972010935512,1.035e-20
1188.9820550458714,1.049e-20
1188.992099156231,1.197e-20
1189.0021432665908,1.199e-20
1189.0121873769504,9.477e-21
1189.02223148731,8.649e-21
1189.0322755976695,1.076e-20
1189.042319708029,1.141e-20
1189.0523638183888,8.961e-21
1189.0624079287484,6.636e-21
1189.072452039108,6.751e-21
1189.0824961494675,8.678e-21
1189.0925402598273,1.016e-20
1189.1025843701868,8.903e-21
1189.1126284805464,6.214e-21
1189.122672590906,6.089e-21
1189.1327167012655,8.368e-21
1189.142760811625,9.15e-21
1189.1528049219849,8.014e-21
1189.1628490323444,7.17e-21
1189.172893142704,6.734e-21
1189.1829372530635,7.038e-21
1189.1929813634233,9.133e-21
1189.2030254737829,1.042e-20
1189.2130695841424,8.235e-21
1189.223113694502,5.943e-21
1189.2331578048615,7.013e-21
1189.2432019152213,9.053e-21
1189.253246025581,9.491e-21
1189.2632901359405,8.823e-21
1189.2733342463,6.9e-21
1189.2833783566598,4.53e-21
1189.2934224670194,5.14e-21
1189.303466577379,8.405e-21
1189.3135106877385,9.456e-21
1189.323554798098,7.031e-21
1189.3335989084576,4.33e-21
1189.3436430188174,3.409e-21
1189.353687129177,4.751e-21
1189.3637312395365,7.382e-21
1189.373775349896,7.831e-21
1189.3838194602558,5.256e-21
1189.3938635706154,4.031e-21
1189.403907680975,6.246e-21
1189.4139517913345,8.958e-21
1189.423995901694,1.002e-20
1189.4340400120539,8.85e-21
1189.4440841224134,5.566e-21
1189.454128232773,4.252e-21
1189.4641723431325,7.906e-21
1189.4742164534923,1.057e-20
1189.4842605638519,7.079e-21
1189.4943046742114,3.758e-21
1189.504348784571,6.241e-21
1189.5143928949306,9.064e-21
1189.52443700529,7.401e-21
1189.53448111565,4.699e-21
1189.5445252260095,4.169e-21
1189.554569336369,5.744e-21
1189.5646134467286,8.948e-21
1189.5746575570884,1.047e-20
1189.584701667448,7.334e-21
1189.5947457778075,4.195e-21
1189.604789888167,5.85e-21
1189.6148339985266,8.165e-21
1189.6248781088864,7.339e-21
1189.634922219246,6.943e-21
1189.6449663296055,8.381e-21
1189.655010439965,8.313e-21
1189.6650545503246,7.506e-21
1189.6750986606844,9.074e-21
1189.685142771044,1.1e-20
1189.6951868814035,1.012e-20
1189.705230991763,7.865e-21
1189.7152751021226,7.179e-21
1189.7253192124824,8.358e-21
1189.735363322842,8.554e-21
1189.7454074332015,5.298e-21
1189.755451543561,2.114e-21
1189.7654956539209,4.444e-21
1189.7755397642804,8.821e-21
1189.78558387464,7.91e-21
1189.7956279849996,4.281e-21
1189.8056720953591,4.315e-21
1189.815716205719,5.711e-21
1189.8257603160785,5.176e-21
1189.835804426438,5.948e-21
1189.8458485367976,7.881e-21
1189.8558926471571,6.114e-21
1189.865936757517,2.661e-21
1189.8759808678765,3.045e-21
1189.886024978236,5.605e-21
1189.8960690885956,6.797e-21
1189.9061131989552,7.154e-21
1189.916157309315,6.216e-21
1189.9262014196745,4.094e-21
1189.936245530034,5.223e-21
1189.9462896403936,9.34e-21
1189.9563337507534,9.642e-21
1189.966377861113,6.189e-21
1189.9764219714725,5.137e-21
1189.986466081832,5.734e-21
1189.9965101921916,4.934e-21
1190.0065543025512,5.836e-21
1190.016598412911,8.252e-21
1190.0266425232705,6.434e-21
1190.03668663363,2.64e-21
1190.0467307439897,4.089e-21
1190.0567748543494,7.91e-21
1190.066818964709,7.321e-21
1190.0768630750686,4.614e-21
1190.0869071854281,4.455e-21
1190.0969512957877,5.928e-21
1190.1069954061475,7.568e-21
1190.117039516507,8.638e-21
1190.1270836268666,7.027e-21
1190.1371277372261,4.617e-21
1190.147171847586,6.32e-21
1190.1572159579455,9.75e-21
1190.167260068305,8.329e-21
1190.1773041786646,4.031e-21
1190.1873482890242,3.66e-21
1190.1973923993837,6.654e-21
1190.2074365097435,8.068e-21
1190.217480620103,7.67e-21
1190.2275247304626,7.554e-21
1190.2375688408222,7.053e-21
1190.247612951182,5.696e-21
1190.2576570615415,5.907e-21
1190.267701171901,8.688e-21
1190.2777452822606,1.058e-20
1190.2877893926202,8.903e-21
1190.29783350298,6.761e-21
1190.3078776133395,7.752e-21
1190.317921723699,9.316e-21
1190.3279658340587,8.026e-21
1190.3380099444184,6.158e-21
1190.348054054778,6.068e-21
1190.3580981651376,5.792e-21
1190.3681422754971,5.476e-21
1190.3781863858567,7.496e-21
1190.3882304962162,8.636e-21
1190.398274606576,5.133e-21
1190.4083187169356,2.185e-21
1190.4183628272951,4.906e-21
1190.4284069376547,7.97e-21
1190.4384510480145,6.057e-21
1190.448495158374,3.093e-21
1190.4585392687336,3.105e-21
1190.4685833790932,4.49e-21
1190.4786274894527,5.962e-21
1190.4886715998125,7.028e-21
1190.498715710172,5.667e-21
1190.5087598205316,3.322e-21
1190.5188039308912,4.41e-21
1190.528848041251,7.608e-21
1190.5388921516105,7.95e-21
1190.54893626197,6.258e-21
1190.5589803723296,6.135e-21
1190.5690244826892,6.657e-21
1190.5790685930488,6.451e-21
1190.5891127034085,7.557e-21
1190.599156813768,9.709e-21
1190.6092009241277,9.035e-21
1190.6192450344872,5.425e-21
1190.629289144847,3.669e-21
1190.6393332552066,5.83e-21
1190.6493773655661,8.213e-21
1190.6594214759257,7.475e-21
1190.6694655862852,5.805e-21
1190.679509696645,6.959e-21
1190.6895538070046,9.494e-21
1190.6995979173641,9.127e-21
1190.7096420277237,6.329e-21
1190.7196861380835,5.014e-21
1190.729730248443,5.766e-21
1190.7397743588026,6.927e-21
1190.7498184691622,8.452e-21
1190.7598625795217,9.145e-21
1190.7699066898813,6.434e-21
1190.779950800241,2.629e-21
1190.7899949106006,3.079e-21
1190.8000390209602,6.862e-21
1190.8100831313197,8.27e-21
1190.8201272416795,6.438e-21
1190.830171352039,5.111e-21
1190.8402154623986,5.565e-21
1190.8502595727582,6.485e-21
1190.8603036831178,7.126e-21
1190.8703477934775,6.715e-21
1190.880391903837,4.713e-21
1190.8904360141967,2.833e-21
1190.9004801245562,3.054e-21
1190.910524234916,4.54e-21
1190.9205683452756,5.301e-21
1190.9306124556351,4.957e-21
1190.9406565659947,4.563e-21
1190.9507006763542,5.568e-21
1190.9607447867138,7.969e-21
1190.9707888970736,8.565e-21
1190.9808330074331,4.979e-21
1190.9908771177927,1.223e-21
1191.0009212281523,2.549e-21
1191.010965338512,6.349e-21
1191.0210094488716,6.667e-21
1191.0310535592312,4.284e-21
1191.0410976695907,3.192e-21
1191.0511417799503,2.988e-21
1191.06118589031,2.886e-21
1191.0712300006696,4.717e-21
1191.0812741110292,6.532e-21
1191.0913182213887,4.255e-21
1191.1013623317483,9.657e-22
1191.111406442108,2.138e-21
1191.1214505524676,5.245e-21
1191.1314946628272,5.866e-21
1191.1415387731868,5.754e-21
1191.1515828835463,6.238e-21
1191.161626993906,5.436e-21
1191.1716711042657,5.14e-21
1191.1817152146252,7.301e-21
1191.1917593249848,7.654e-21
1191.2018034353446,4.851e-21
1191.2118475457041,4.888e-21
1191.2218916560637,8.086e-21
1191.2319357664232,7.824e-21
1191.2419798767828,4.986e-21
1191.2520239871426,5.681e-21
1191.2620680975022,8.274e-21
1191.2721122078617,8.541e-21
1191.2821563182213,8.309e-21
1191.2922004285808,8.657e-21
1191.3022445389406,7.423e-21
1191.3122886493002,6.283e-21
1191.3223327596597,7.411e-21
1191.3323768700193,8.146e-21
1191.3424209803788,7.839e-21
1191.3524650907386,8.733e-21
1191.3625092010982,8.115e-21
1191.3725533114578,4.115e-21
1191.3825974218173,3.068e-21
1191.392641532177,7.213e-21
1191.4026856425367,8.586e-21
1191.4127297528962,4.858e-21
1191.4227738632558,3.577e-21
1191.4328179736153,6.749e-21
1191.442862083975,8.965e-21
1191.4529061943347,8.597e-21
1191.4629503046942,7.234e-21
1191.4729944150538,4.953e-21
1191.4830385254133,3.399e-21
1191.4930826357731,4.763e-21
1191.5031267461327,6.841e-21
1191.5131708564923,6.334e-21
1191.5232149668518,3.672e-21
1191.5332590772114,1.284e-21
1191.5433031875712,1.534e-21
1191.5533472979307,4.723e-21
1191.5633914082903,6.973e-21
1191.5734355186498,5.39e-21
1191.5834796290096,3.159e-21
1191.5935237393692,3.305e-21
1191.6035678497287,4.239e-21
1191.6136119600883,5.312e-21
1191.6236560704479,6.655e-21
1191.6337001808074,5.302e-21
1191.6437442911672,1.81e-21
1191.6537884015268,2.197e-21
1191.6638325118863,5.862e-21
1191.6738766222459,5.987e-21
1191.6839207326057,3.6e-21
1191.6939648429652,4.214e-21
1191.7040089533248,5.867e-21
1191.7140530636843,5.651e-21
1191.724097174044,6.266e-21
1191.7341412844037,7.177e-21
1191.7441853947632,5.108e-21
1191.7542295051228,3.493e-21
1191.7642736154824,5.436e-21
1191.7743177258421,5.917e-21
1191.7843618362017,3.276e-21
1191.7944059465613,3.215e-21
1191.8044500569208,6.02e-21
1191.8144941672804,6.887e-21
1191.82453827764,6.407e-21
1191.8345823879997,6.244e-21
1191.8446264983593,4.121e-21
1191.8546706087188,1.55e-21
1191.8647147190784,2.744e-21
1191.8747588294382,4.957e-21
1191.8848029397977,3.886e-21
1191.8948470501573,2.603e-21
1191.9048911605169,4.222e-21
1191.9149352708764,6.038e-21
1191.9249793812362,6.471e-21
1191.9350234915958,6.686e-21
1191.9450676019553,6.067e-21
1191.9551117123149,4.875e-21
1191.9651558226747,5.482e-21
1191.9751999330342,6.674e-21
1191.9852440433938,5.735e-21
1191.9952881537533,4.923e-21
1192.005332264113,6.254e-21
1192.0153763744725,6.146e-21
1192.0254204848322,3.52e-21
1192.0354645951918,3.295e-21
1192.0455087055514,6.159e-21
1192.055552815911,6.457e-21
1192.0655969262707,3.173e-21
1192.0756410366303,1.675e-21
1192.0856851469898,3.817e-21
1192.0957292573494,6.01e-21
1192.105773367709,6.041e-21
1192.1158174780687,4.691e-21
1192.1258615884283,3.041e-21
1192.1359056987878,2.753e-21
1192.1459498091474,4.964e-21
1192.1559939195072,6.75e-21
1192.1660380298667,4.73e-21
1192.1760821402263,2.112e-21
1192.1861262505859,3.884e-21
1192.1961703609454,7.314e-21
1192.206214471305,7.129e-21
1192.2162585816648,5.468e-21
1192.2263026920243,6.314e-21
1192.2363468023839,7.366e-21
1192.2463909127434,6.493e-21
1192.2564350231032,6.474e-21
1192.2664791334628,7.642e-21
1192.2765232438223,7.188e-21
1192.286567354182,6.605e-21
1192.2966114645415,8.206e-21
1192.3066555749012,8.709e-21
1192.3166996852608,6.293e-21
1192.3267437956204,5.12e-21
1192.33678790598,6.223e-21
1192.3468320163395,5.629e-21
1192.3568761266993,3.696e-21
1192.3669202370588,4.051e-21
1192.3769643474184,5.341e-21
1192.387008457778,4.428e-21
1192.3970525681375,2.761e-21
1192.4070966784973,2.912e-21
1192.4171407888568,4.543e-21
1192.4271848992164,6.016e-21
1192.437229009576,5.742e-21
1192.4472731199357,3.676e-21
1192.4573172302953,2.658e-21
1192.4673613406549,4.23e-21
1192.4774054510144,5.427e-21
1192.487449561374,4.081e-21
1192.4974936717338,2.574e-21
1192.5075377820933,3.295e-21
1192.5175818924529,5.459e-21
1192.5276260028124,6.903e-21
1192.537670113172,5.91e-21
1192.5477142235318,3.563e-21
1192.5577583338913,3.792e-21
1192.567802444251,7.005e-21
1192.5778465546105,8.055e-21
1192.58789066497,4.915e-21
1192.5979347753298,2.12e-21
1192.6079788856894,2.58e-21
1192.618022996049,4.308e-21
1192.6280671064085,5.521e-21
1192.6381112167683,5.734e-21
1192.6481553271278,4.497e-21
1192.6581994374874,3.375e-21
1192.668243547847,4.144e-21
1192.6782876582065,4.856e-21
1192.688331768566,3.776e-21
1192.6983758789258,3.388e-21
1192.7084199892854,4.968e-21
1192.718464099645,5.843e-21
1192.7285082100045,5.331e-21
1192.7385523203643,5.49e-21
1192.7485964307239,5.807e-21
1192.7586405410834,4.815e-21
1192.768684651443,4.083e-21
1192.7787287618025,4.78e-21
1192.7887728721623,5.17e-21
1192.7988169825219,4.614e-21
1192.8088610928814,4.392e-21
1192.818905203241,4.603e-21
1192.8289493136008,5.294e-21
1192.8389934239603,7.504e-21
1192.84903753432,9.393e-21
1192.8590816446795,7.311e-21
1192.869125755039,3.23e-21
1192.8791698653986,3.28e-21
1192.8892139757584,7.43e-21
1192.899258086118,9.392e-21
1192.9093021964775,7.358e-21
1192.919346306837,5.683e-21
1192.9293904171968,6.232e-21
1192.9394345275564,6.936e-21
1192.949478637916,7.712e-21
1192.9595227482755,9.566e-21
1192.969566858635,1.016e-20
1192.9796109689948,7.522e-21
1192.9896550793544,4.768e-21
1192.999699189714,5.213e-21
1193.0097433000735,6.868e-21
1193.0197874104333,6.483e-21
1193.0298315207929,5.031e-21
1193.0398756311524,5.418e-21
1193.049919741512,7.531e-21
1193.0599638518715,8.503e-21
1193.070007962231,7.149e-21
1193.080052072591,5.652e-21
1193.0900961829504,5.78e-21
1193.10014029331,6.231e-21
1193.1101844036696,5.911e-21
1193.1202285140293,5.774e-21
1193.130272624389,5.383e-21
1193.1403167347485,3.366e-21
1193.150360845108,1.976e-21
1193.1604049554676,3.917e-21
1193.1704490658274,6.158e-21
1193.180493176187,4.599e-21
1193.1905372865465,1.464e-21
1193.200581396906,1.499e-21
1193.2106255072658,5.119e-21
1193.2206696176254,8.725e-21
1193.230713727985,8.244e-21
1193.2407578383445,3.51e-21
1193.250801948704,5.325e-22
1193.2608460590636,3.922e-21
1193.2708901694234,8.944e-21
1193.280934279783,9.092e-21
1193.2909783901425,6.057e-21
1193.301022500502,4.343e-21
1193.3110666108619,4.196e-21
1193.3211107212214,5.078e-21
1193.331154831581,6.645e-21
1193.3411989419405,6.124e-21
1193.3512430523,3.192e-21
1193.36128716266,2.231e-21
1193.3713312730195,4.233e-21
1193.381375383379,5.575e-21
1193.3914194937386,5.652e-21
1193.4014636040984,5.861e-21
1193.411507714458,5.356e-21
1193.4215518248175,4.923e-21
1193.431595935177,6.349e-21
1193.4416400455366,6.507e-21
1193.4516841558961,3.066e-21
1193.461728266256,9.197e-22
1193.4717723766155,2.962e-21
1193.481816486975,5.083e-21
1193.4918605973346,5.428e-21
1193.5019047076944,5.278e-21
1193.511948818054,3.099e-21
1193.5219929284135,3.351e-22
1193.532037038773,2.89e-21
1193.5420811491326,8.308e-21
1193.5521252594924,7.816e-21
1193.562169369852,3.299e-21
1193.5722134802115,3.168e-21
1193.582257590571,6.024e-21
1193.5923017009309,5.992e-21
1193.6023458112904,4.581e-21
1193.61238992165,4.448e-21
1193.6224340320096,3.713e-21
1193.632478142369,2.546e-21
1193.6425222527287,3.418e-21
1193.6525663630885,4.877e-21
1193.662610473448,4.346e-21
1193.6726545838076,3.24e-21
1193.6826986941671,3.914e-21
1193.692742804527,5.898e-21
1193.7027869148865,6.809e-21
1193.712831025246,5.226e-21
1193.7228751356056,3.199e-21
1193.7329192459651,3.622e-21
1193.742963356325,4.987e-21
1193.7530074666845,4.787e-21
1193.763051577044,4.891e-21
1193.7730956874036,5.699e-21
1193.7831397977632,3.511e-21
1193.793183908123,3.767e-22
1193.8032280184825,2.485e-21
1193.813272128842,6.477e-21
1193.8233162392016,5.27e-21
1193.8333603495612,2.81e-21
1193.843404459921,4.658e-21
1193.8534485702805,5.981e-21
1193.86349268064,3.981e-21
1193.8735367909997,4.303e-21
1193.8835809013594,6.778e-21
1193.893625011719,5.7e-21
1193.9036691220786,3.918e-21
1193.913713232438,6.596e-21
1193.9237573427977,9.284e-21
1193.9338014531575,7.8e-21
1193.943845563517,6.141e-21
1193.9538896738766,6.369e-21
1193.9639337842361,6.313e-21
1193.9739778945957,7.069e-21
1193.9840220049555,8.782e-21
1193.994066115315,7.053e-21
1194.0041102256746,3.265e-21
1194.0141543360342,4.509e-21
1194.0241984463937,9.017e-21
1194.0342425567535,8.59e-21
1194.044286667113,4.602e-21
1194.0543307774726,4.471e-21
1194.0643748878322,7.23e-21
1194.074418998192,7.498e-21
1194.0844631085515,6.415e-21
1194.094507218911,6.812e-21
1194.1045513292706,6.287e-21
1194.1145954396302,3.7e-21
1194.1246395499898,3.341e-21
1194.1346836603495,6.309e-21
1194.144727770709,7.033e-21
1194.1547718810687,3.504e-21
1194.1648159914282,1.528e-21
1194.174860101788,4.239e-21
1194.1849042121476,6.837e-21
1194.1949483225071,5.644e-21
1194.2049924328667,3.148e-21
1194.2150365432262,1.865e-21
1194.225080653586,1.986e-21
1194.2351247639456,4.266e-21
1194.2451688743051,7.273e-21
1194.2552129846647,6.508e-21
1194.2652570950245,2.907e-21
1194.275301205384,3.365e-21
1194.2853453157436,7.783e-21
1194.2953894261032,7.933e-21
1194.3054335364627,2.684e-21
1194.3154776468223,3.262e-22
1194.325521757182,3.594e-21
1194.3355658675416,6.27e-21
1194.3456099779012,5.157e-21
1194.3556540882607,3.401e-21
1194.3656981986205,2.8e-21
1194.37574230898,2.527e-21
1194.3857864193396,3.267e-21
1194.3958305296992,5.27e-21
1194.4058746400588,5.765e-21
1194.4159187504185,3.724e-21
1194.425962860778,2.605e-21
1194.4360069711377,4.289e-21
1194.4460510814972,5.852e-21
1194.456095191857,5.282e-21
1194.4661393022166,4.202e-21
1194.4761834125761,3.509e-21
1194.4862275229357,2.873e-21
1194.4962716332952,3.63e-21
1194.5063157436548,5.912e-21
1194.5163598540146,6.629e-21
1194.5264039643741,5.274e-21
1194.5364480747337,5.191e-21
1194.5464921850933,6.521e-21
1194.556536295453,6.65e-21
1194.5665804058126,6.67e-21
1194.5766245161722,8.006e-21
1194.5866686265317,7.695e-21
1194.5967127368913,5.285e-21
1194.606756847251,5.474e-21
1194.6168009576106,8.386e-21
1194.6268450679702,8.709e-21
1194.6368891783297,6.275e-21
1194.6469332886895,5.582e-21
1194.656977399049,6.891e-21
1194.6670215094086,7.823e-21
1194.6770656197682,8.537e-21
1194.6871097301278,8.873e-21
1194.6971538404873,7.427e-21
1194.707197950847,5.803e-21
1194.7172420612067,6.515e-21
1194.7272861715662,7.905e-21
1194.7373302819258,6.988e-21
1194.7473743922856,4.31e-21
1194.7574185026451,2.617e-21
1194.7674626130047,3.615e-21
1194.7775067233642,6.6e-21
1194.7875508337238,8.581e-21
1194.7975949440836,7.251e-21
1194.8076390544431,3.933e-21
1194.8176831648027,1.984e-21
1194.8277272751623,3.272e-21
1194.837771385522,6.327e-21
1194.8478154958816,7.205e-21
1194.8578596062412,4.488e-21
1194.8679037166007,2.254e-21
1194.8779478269603,3.504e-21
1194.8879919373198,5.048e-21
1194.8980360476796,4.379e-21
1194.9080801580392,3.842e-21
1194.9181242683987,4.019e-21
1194.9281683787583,3.006e-21
1194.938212489118,2.252e-21
1194.9482565994776,3.073e-21
1194.9583007098372,2.773e-21
1194.9683448201968,1.749e-21
1194.9783889305563,3.723e-21
1194.988433040916,6.174e-21
1194.9984771512757,4.522e-21
1195.0085212616352,2.53e-21
1195.0185653719948,4.403e-21
1195.0286094823543,5.894e-21
1195.0386535927141,4.333e-21
1195.0486977030737,3.961e-21
1195.0587418134332,5.497e-21
1195.0687859237928,5.127e-21
1195.0788300341524,3.706e-21
1195.0888741445121,4.136e-21
1195.0989182548717,4.84e-21
1195.1089623652313,4.242e-21
1195.1190064755908,4.06e-21
1195.1290505859506,4.99e-21
1195.1390946963102,5.945e-21
1195.1491388066697,6.172e-21
1195.1591829170293,4.924e-21
1195.1692270273888,2.83e-21
1195.1792711377486,2.121e-21
1195.1893152481082,2.651e-21
1195.1993593584677,3.031e-21
1195.2094034688273,4.288e-21
1195.2194475791869,5.574e-21
1195.2294916895466,3.571e-21
1195.2395357999062,1.157e-21
1195.2495799102658,3.834e-21
1195.2596240206253,7.698e-21
1195.2696681309849,6.663e-21
1195.2797122413447,4.624e-21
1195.2897563517042,5.737e-21
1195.2998004620638,6.219e-21
1195.3098445724233,5.351e-21
1195.3198886827831,6.796e-21
1195.3299327931427,7.488e-21
1195.3399769035022,3.783e-21
1195.3500210138618,1.702e-21
1195.3600651242214,5.463e-21
1195.370109234581,8.841e-21
1195.3801533449407,7.446e-21
1195.3901974553003,4.435e-21
1195.4002415656598,2.312e-21
1195.4102856760194,1.904e-21
1195.4203297863792,4.289e-21
1195.4303738967387,6.585e-21
1195.4404180070983,5.2e-21
1195.4504621174578,2.889e-21
1195.4605062278174,2.833e-21
1195.4705503381772,3.192e-21
1195.4805944485367,3.472e-21
1195.4906385588963,4.755e-21
1195.5006826692559,4.403e-21
1195.5107267796157,2.233e-21
1195.5207708899752,3.389e-21
1195.5308150003348,6.97e-21
1195.5408591106943,6.488e-21
1195.5509032210539,3.492e-21
1195.5609473314134,3.76e-21
1195.5709914417732,5.43e-21
1195.5810355521328,5.363e-21
1195.5910796624923,5.754e-21
1195.601123772852,6.318e-21
1195.6111678832117,4.45e-21
1195.6212119935713,3.248e-21
1195.6312561039308,5.589e-21
1195.6413002142904,7.484e-21
1195.65134432465,6.663e-21
1195.6613884350097,6.066e-21
1195.6714325453693,6.005e-21
1195.6814766557288,5.096e-21
1195.6915207660884,5.14e-21
1195.7015648764482,6.113e-21
1195.7116089868077,5.144e-21
1195.7216530971673,3.755e-21
1195.7316972075268,5.042e-21
1195.7417413178864,6.355e-21
1195.751785428246,4.827e-21
1195.7618295386058,3.064e-21
1195.7718736489653,3.125e-21
1195.7819177593249,3.678e-21
1195.7919618696844,4.203e-21
1195.8020059800442,4.23e-21
1195.8120500904038,2.411e-21
1195.8220942007633,5.269e-22
1195.832138311123,1.351e-21
1195.8421824214824,3.052e-21
1195.8522265318422,3.18e-21
1195.8622706422018,2.863e-21
1195.8723147525614,2.129e-21
1195.882358862921,0.0
1195.8924029732807,0.0
1195.9024470836403,4.199e-21
1195.9124911939998,7.609e-21
1195.9225353043594,5.678e-21
1195.932579414719,2.81e-21
1195.9426235250785,3.676e-21
1195.9526676354383,5.801e-21
1195.9627117457978,5.373e-21
1195.9727558561574,2.566e-21
1195.982799966517,0.0
1195.9928440768767,2.16e-22
1196.0028881872363,3.732e-21
1196.0129322975959,6.386e-21
1196.0229764079554,4.809e-21
1196.033020518315,1.948e-21
1196.0430646286748,2.602e-21
1196.0531087390343,6.019e-21
1196.0631528493939,7.48e-21
1196.0731969597534,4.959e-21
1196.0832410701132,1.214e-21
1196.0932851804728,1.865e-22
1196.1033292908323,2.432e-21
1196.113373401192,4.633e-21
1196.1234175115515,4.01e-21
1196.133461621911,1.72e-21
1196.1435057322708,7.861e-22
1196.1535498426304,2.208e-21
1196.16359395299,4.126e-21
1196.1736380633495,4.159e-21
1196.1836821737093,2.489e-21
1196.1937262840688,1.875e-21
1196.2037703944284,3.641e-21
1196.213814504788,5.853e-21
1196.2238586151475,6.885e-21
1196.2339027255073,7.304e-21
1196.2439468358668,7.175e-21
1196.2539909462264,5.936e-21
1196.264035056586,5.056e-21
1196.2740791669457,6.084e-21
1196.2841232773053,7.262e-21
1196.2941673876649,6.526e-21
1196.3042114980244,5.307e-21
1196.314255608384,5.628e-21
1196.3242997187435,6.724e-21
1196.3343438291033,7.12e-21
1196.3443879394629,6.768e-21
1196.3544320498224,6.119e-21
1196.364476160182,5.825e-21
1196.3745202705418,6.675e-21
1196.3845643809013,7.764e-21
1196.394608491261,7.036e-21
1196.4046526016205,5.073e-21
1196.41469671198,4.913e-21
1196.4247408223398,6.935e-21
1196.4347849326994,7.783e-21
1196.444829043059,5.517e-21
1196.4548731534185,2.311e-21
1196.464917263778,9.875e-22
1196.4749613741378,1.656e-21
1196.4850054844974,2.665e-21
1196.495049594857,2.821e-21
1196.5050937052165,1.915e-21
1196.515137815576,5.422e-22
1196.5251819259358,0.0
1196.5352260362954,1.197e-21
1196.545270146655,3.446e-21
1196.5553142570145,4.636e-21
1196.5653583673743,3.71e-21
1196.5754024777339,2.02e-21
1196.5854465880934,1.804e-21
1196.595490698453,3.632e-21
1196.6055348088125,5.738e-21
1196.6155789191723,5.676e-21
1196.6256230295319,3.014e-21
1196.6356671398914,6.428e-22
1196.645711250251,1.871e-21
1196.6557553606106,5.229e-21
1196.6657994709703,5.432e-21
1196.67584358133,1.812e-21
1196.6858876916895,5.499e-22
1196.695931802049,4.469e-21
1196.7059759124086,7.638e-21
1196.7160200227684,5.847e-21
1196.726064133128,3.666e-21
1196.7361082434875,4.776e-21
1196.746152353847,5.679e-21
1196.7561964642068,4.657e-21
1196.7662405745664,4.915e-21
1196.776284684926,5.634e-21
1196.7863287952855,3.294e-21
1196.796372905645,1.366e-21
1196.8064170160046,4.419e-21
1196.8164611263644,7.381e-21
1196.826505236724,4.823e-21
1196.8365493470835,1.709e-21
1196.846593457443,2.84e-21
1196.8566375678029,4.112e-21
1196.8666816781624,2.947e-21
1196.876725788522,2.675e-21
1196.8867698988815,2.951e-21
1196.896814009241,7.041e-22
1196.9068581196009,0.0
1196.9169022299604,2.286e-21
1196.92694634032,6.543e-21
1196.9369904506796,7.139e-21
1196.9470345610393,5.547e-21
1196.957078671399,4.914e-21
1196.9671227817585,5.76e-21
1196.977166892118,7.148e-21
1196.9872110024776,7.196e-21
1196.9972551128371,5.197e-21
1197.007299223197,4.022e-21
1197.0173433335565,5.542e-21
1197.027387443916,6.668e-21
1197.0374315542756,4.946e-21
1197.0474756646354,2.755e-21
1197.057519774995,2.825e-21
1197.0675638853545,4.899e-21
1197.077607995714,7.155e-21
1197.0876521060736,7.393e-21
1197.0976962164334,5.109e-21
1197.107740326793,2.871e-21
1197.1177844371525,2.659e-21
1197.127828547512,3.584e-21
1197.1378726578719,4.854e-21
1197.1479167682314,5.777e-21
1197.157960878591,4.252e-21
1197.1680049889505,1.047e-21
1197.17804909931,3.702e-22
1197.1880932096697,2.413e-21
1197.1981373200294,3.339e-21
1197.208181430389,2.662e-21
1197.2182255407486,2.026e-21
1197.2282696511081,1.374e-21
1197.238313761468,2.127e-21
1197.2483578718275,5.062e-21
1197.258401982187,5.247e-21
1197.2684460925466,9.028e-22
1197.2784902029061,0.0
1197.288534313266,3.925e-21
1197.2985784236255,5.649e-21
1197.308622533985,2.448e-21
1197.3186666443446,1.449e-21
1197.3287107547044,3.706e-21
1197.338754865064,4.463e-21
1197.3487989754235,4.594e-21
1197.358843085783,6.046e-21
1197.3688871961426,5.628e-21
1197.3789313065022,2.904e-21
1197.388975416862,2.365e-21
1197.3990195272215,4.959e-21
1197.409063637581,7.344e-21
1197.4191077479406,7.072e-21
1197.4291518583004,4.154e-21
1197.43919596866,2.057e-21
1197.4492400790195,4.354e-21
1197.459284189379,7.356e-21
1197.4693282997387,5.584e-21
1197.4793724100984,2.651e-21
1197.489416520458,3.444e-21
1197.4994606308176,4.031e-21
1197.5095047411771,2.04e-21
1197.519548851537,2.209e-21
1197.5295929618965,3.91e-21
1197.539637072256,2.182e-21
1197.5496811826156,6.67e-22
1197.5597252929751,3.691e-21
1197.5697694033347,5.139e-21
1197.5798135136945,1.697e-21
1197.589857624054,2.079e-22
1197.5999017344136,2.553e-21
1197.6099458447732,3.472e-21
1197.619989955133,3.6e-21
1197.6300340654925,5.45e-21
1197.640078175852,5.028e-21
1197.6501222862116,1.39e-21
1197.6601663965712,3.718e-22
1197.670210506931,2.822e-21
1197.6802546172905,4.381e-21
1197.69029872765,4.645e-21
1197.7003428380096,4.706e-21
1197.7103869483692,4.088e-21
1197.720431058729,4.675e-21
1197.7304751690885,6.608e-21
1197.740519279448,4.837e-21
1197.7505633898077,1.692e-22
1197.7606075001672,8.741e-22
1197.770651610527,6.437e-21
1197.7806957208866,7.478e-21
1197.7907398312461,3.656e-21
1197.8007839416057,2.439e-21
1197.8108280519655,3.815e-21
1197.820872162325,3.269e-21
1197.8309162726846,2.245e-21
1197.8409603830441,3.113e-21
1197.8510044934037,3.568e-21
1197.8610486037635,2.858e-21
1197.871092714123,3.503e-21
1197.8811368244826,4.991e-21
1197.8911809348422,4.558e-21
1197.9012250452017,2.927e-21
1197.9112691555615,2.833e-21
1197.921313265921,4.461e-21
1197.9313573762806,6.077e-21
1197.9414014866402,6.633e-21
1197.9514455969997,6.189e-21
1197.9614897073595,5.442e-21
1197.971533817719,5.136e-21
1197.9815779280787,5.406e-21
1197.9916220384382,5.893e-21
1198.001666148798,6.247e-21
1198.0117102591576,6.38e-21
1198.021754369517,6.575e-21
1198.0317984798767,6.999e-21
1198.0418425902362,7.011e-21
1198.051886700596,5.934e-21
1198.0619308109556,4.47e-21
1198.0719749213151,4.125e-21
1198.0820190316747,5.35e-21
1198.0920631420342,7.118e-21
1198.102107252394,7.87e-21
1198.1121513627536,6.599e-21
1198.1221954731132,4.121e-21
1198.1322395834727,2.999e-21
1198.1422836938323,4.341e-21
1198.152327804192,5.694e-21
1198.1623719145516,4.966e-21
1198.1724160249112,4.163e-21
1198.1824601352707,5.158e-21
1198.1925042456305,5.375e-21
1198.20254835599,2.951e-21
1198.2125924663496,1.125e-21
1198.2226365767092,1.972e-21
1198.2326806870688,2.254e-21
1198.2427247974283,5.341e-22
1198.252768907788,4.469e-22
1198.2628130181477,2.917e-21
1198.2728571285072,3.806e-21
1198.2829012388668,1.965e-21
1198.2929453492266,1.388e-21
1198.3029894595861,3.88e-21
1198.3130335699457,6.325e-21
1198.3230776803052,5.975e-21
1198.3331217906648,3.867e-21
1198.3431659010246,2.394e-21
1198.3532100113841,2.162e-21
1198.3632541217437,2.497e-21
1198.3732982321033,3.345e-21
1198.383342342463,4.282e-21
1198.3933864528226,3.763e-21
1198.4034305631822,2.589e-21
1198.4134746735417,4.017e-21
1198.4235187839013,6.919e-21
1198.4335628942608,5.972e-21
1198.4436070046206,1.676e-21
1198.4536511149802,5.091e-22
1198.4636952253397,3.592e-21
1198.4737393356993,5.967e-21
1198.483783446059,5.901e-21
1198.4938275564186,4.961e-21
1198.5038716667782,3.064e-21
1198.5139157771378,1.187e-21
1198.5239598874973,2.253e-21
1198.534003997857,5.148e-21
1198.5440481082167,5.585e-21
1198.5540922185762,3.451e-21
1198.5641363289358,2.204e-21
1198.5741804392956,3.212e-21
1198.5842245496551,5.232e-21
1198.5942686600147,6.105e-21
1198.6043127703742,4.43e-21
1198.6143568807338,2.466e-21
1198.6244009910934,3.731e-21
1198.6344451014531,6.666e-21
1198.6444892118127,7.272e-21
1198.6545333221723,6.249e-21
1198.6645774325318,6.247e-21
1198.6746215428916,6.748e-21
1198.6846656532512,7.276e-21
1198.6947097636107,8.548e-21
1198.7047538739703,8.53e-21
1198.7147979843298,5.733e-21
1198.7248420946896,4.014e-21
1198.7348862050492,6.105e-21
1198.7449303154087,8.317e-21
1198.7549744257683,7.476e-21
1198.765018536128,5.523e-21
1198.7750626464876,4.839e-21
1198.7851067568472,6.044e-21
1198.7951508672068,8.616e-21
1198.8051949775663,9.41e-21
1198.8152390879259,6.226e-21
1198.8252831982857,3.307e-21
1198.8353273086452,4.855e-21
1198.8453714190048,7.113e-21
1198.8554155293643,5.73e-21
1198.8654596397241,3.131e-21
1198.8755037500837,1.544e-21
1198.8855478604432,0.0
1198.8955919708028,0.0
1198.9056360811624,4.328e-21
1198.9156801915221,7.177e-21
1198.9257243018817,3.755e-21
1198.9357684122413,1.53e-22
1198.9458125226008,2.253e-21
1198.9558566329606,5.922e-21
1198.9659007433202,6.593e-21
1198.9759448536797,5.548e-21
1198.9859889640393,3.865e-21
1198.9960330743988,2.723e-21
1199.0060771847584,5.491e-21
1199.0161212951182,9.722e-21
1199.0261654054777,8.193e-21
1199.0362095158373,2.869e-21
1199.0462536261969,2.113e-21
1199.0562977365566,5.029e-21
1199.0663418469162,5.629e-21
1199.0763859572758,4.906e-21
1199.0864300676353,4.73e-21
1199.0964741779949,3.006e-21
1199.1065182883547,2.359e-21
1199.1165623987142,6.476e-21
1199.1266065090738,9.047e-21
1199.1366506194333,4.458e-21
1199.146694729793,1.894e-22
1199.1567388401527,2.632e-21
1199.1667829505122,6.025e-21
1199.1768270608718,5.692e-21
1199.1868711712314,4.625e-21
1199.196915281591,3.947e-21
1199.2069593919507,2.748e-21
1199.2170035023103,3.116e-21
1199.2270476126698,4.718e-21
1199.2370917230294,4.061e-21
1199.2471358333892,2.444e-21
1199.2571799437487,2.963e-21
1199.2672240541083,3.71e-21
1199.2772681644678,3.645e-21
1199.2873122748274,5.108e-21
1199.2973563851872,6.175e-21
1199.3074004955467,3.779e-21
1199.3174446059063,2.184e-21
1199.3274887162659,5.32e-21
1199.3375328266254,8.692e-21
1199.3475769369852,8.046e-21
1199.3576210473448,5.505e-21
1199.3676651577043,3.995e-21
1199.3777092680639,4.96e-21
1199.3877533784234,8.143e-21
1199.3977974887832,9.041e-21
1199.4078415991428,5.124e-21
1199.4178857095023,2.347e-21
1199.427929819862,4.798e-21
1199.4379739302217,6.929e-21
1199.4480180405812,5.199e-21
1199.4580621509408,3.775e-21
1199.4681062613004,3.932e-21
1199.47815037166,2.963e-21
1199.4881944820195,2.491e-21
1199.4982385923793,4.279e-21
1199.5082827027388,4.487e-21
1199.5183268130984,1.974e-21
1199.528370923458,1.839e-21
1199.5384150338177,5.043e-21
1199.5484591441773,6.08e-21
1199.5585032545368,3.322e-21
1199.5685473648964,1.526e-21
1199.578591475256,3.409e-21
1199.5886355856157,6.077e-21
1199.5986796959753,6.336e-21
1199.6087238063349,4.96e-21
1199.6187679166944,4.176e-21
1199.6288120270542,3.934e-21
1199.6388561374138,3.6e-21
1199.6489002477733,4.36e-21
1199.6589443581329,6.206e-21
1199.6689884684924,6.598e-21
1199.679032578852,5.234e-21
1199.6890766892118,4.796e-21
1199.6991207995713,5.947e-21
1199.709164909931,7.35e-21
1199.7192090202905,8.595e-21
1199.7292531306502,8.544e-21
1199.7392972410098,6.167e-21
1199.7493413513694,4.762e-21
1199.759385461729,7.567e-21
1199.7694295720885,1.071e-20
1199.7794736824483,9.097e-21
1199.7895177928078,5.144e-21
1199.7995619031674,4.152e-21
1199.809606013527,6.275e-21
1199.8196501238867,8.028e-21
1199.8296942342463,7.294e-21
1199.8397383446058,4.823e-21
1199.8497824549654,2.977e-21
1199.859826565325,3.069e-21
1199.8698706756845,4.336e-21
1199.8799147860443,5.702e-21
1199.8899588964039,5.999e-21
1199.9000030067634,3.991e-21
1199.910047117123,1.574e-21
1199.9200912274828,2.479e-21
1199.9301353378423,5.266e-21
1199.940179448202,4.985e-21
1199.9502235585614,2.464e-21
1199.960267668921,2.556e-21
1199.9703117792808,4.724e-21
1199.9803558896404,4.821e-21
1199.9904,3.108e-21