wavenumber (1/cm),cross section (cm^2)
9405.000,0.000E+00
9406.000,0.000E+00
9407.000,9.666E-25
9408.000,1.018E-24
9409.000,1.069E-24
9410.000,1.120E-24
9411.000,1.171E-24
9412.000,1.222E-24
9413.000,1.273E-24
9414.000,1.248E-24
9415.000,1.223E-24
9416.000,1.198E-24
9417.000,1.173E-24
9418.000,1.148E-24
9419.000,1.123E-24
9420.000,1.098E-24
9421.000,1.173E-24
9422.000,1.247E-24
9423.000,1.322E-24
9424.000,1.396E-24
9425.000,1.471E-24
9426.000,1.545E-24
9427.000,1.620E-24
9428.000,1.588E-24
9429.000,1.556E-24
9430.000,1.524E-24
9431.000,1.492E-24
9432.000,1.460E-24
9433.000,1.428E-24
9434.000,1.396E-24
9435.000,1.363E-24
9436.000,1.329E-24
9437.000,1.296E-24
9438.000,1.263E-24
9439.000,1.230E-24
9440.000,1.196E-24
9441.000,1.163E-24
9442.000,1.183E-24
9443.000,1.203E-24
9444.000,1.223E-24
9445.000,1.242E-24
9446.000,1.262E-24
9447.000,1.282E-24
9448.000,1.302E-24
9449.000,1.305E-24
9450.000,1.308E-24
9451.000,1.311E-24
9452.000,1.314E-24
9453.000,1.317E-24
9454.000,1.320E-24
9455.000,1.323E-24
9456.000,1.326E-24
9457.000,1.330E-24
9458.000,1.333E-24
9459.000,1.337E-24
9460.000,1.340E-24
9461.000,1.344E-24
9462.000,1.347E-24
9463.000,1.399E-24
9464.000,1.450E-24
9465.000,1.502E-24
9466.000,1.553E-24
9467.000,1.605E-24
9468.000,1.656E-24
9469.000,1.708E-24
9470.000,1.741E-24
9471.000,1.774E-24
9472.000,1.807E-24
9473.000,1.840E-24
9474.000,1.873E-24
9475.000,1.906E-24
9476.000,1.939E-24
9477.000,1.976E-24
9478.000,2.012E-24
9479.000,2.049E-24
9480.000,2.085E-24
9481.000,2.122E-24
9482.000,2.158E-24
9483.000,2.195E-24
9484.000,2.191E-24
9485.000,2.187E-24
9486.000,2.183E-24
9487.000,2.179E-24
9488.000,2.175E-24
9489.000,2.171E-24
9490.000,2.167E-24
9491.000,2.212E-24
9492.000,2.258E-24
9493.000,2.303E-24
9494.000,2.348E-24
9495.000,2.393E-24
9496.000,2.439E-24
9497.000,2.484E-24
9498.000,2.503E-24
9499.000,2.522E-24
9500.000,2.541E-24
9501.000,2.560E-24
9502.000,2.579E-24
9503.000,2.598E-24
9504.000,2.878E-24
9505.000,3.158E-24
9506.000,3.322E-24
9507.000,3.486E-24
9508.000,3.650E-24
9509.000,3.925E-24
9510.000,4.200E-24
9511.000,4.475E-24
9512.000,4.324E-24
9513.000,4.173E-24
9514.000,4.270E-24
9515.000,4.367E-24
9516.000,4.464E-24
9517.000,4.645E-24
9518.000,4.826E-24
9519.000,5.128E-24
9520.000,5.431E-24
9521.000,5.733E-24
9522.000,5.853E-24
9523.000,5.972E-24
9524.000,6.092E-24
9525.000,6.162E-24
9526.000,6.232E-24
9527.000,6.111E-24
9528.000,5.989E-24
9529.000,5.868E-24
9530.000,6.152E-24
9531.000,6.435E-24
9532.000,6.440E-24
9533.000,6.445E-24
9534.000,6.450E-24
9535.000,6.513E-24
9536.000,6.576E-24
9537.000,6.639E-24
9538.000,6.537E-24
9539.000,6.435E-24
9540.000,6.504E-24
9541.000,6.573E-24
9542.000,6.642E-24
9543.000,6.646E-24
9544.000,6.649E-24
9545.000,6.764E-24
9546.000,6.878E-24
9547.000,6.993E-24
9548.000,7.323E-24
9549.000,7.653E-24
9550.000,8.196E-24
9551.000,8.738E-24
9552.000,9.281E-24
9553.000,9.597E-24
9554.000,9.914E-24
9555.000,1.023E-23
9556.000,1.021E-23
9557.000,1.019E-23
9558.000,9.754E-24
9559.000,9.319E-24
9560.000,8.883E-24
9561.000,8.216E-24
9562.000,7.549E-24
9563.000,7.061E-24
9564.000,6.572E-24
9565.000,6.084E-24
9566.000,5.848E-24
9567.000,5.613E-24
9568.000,5.377E-24
9569.000,5.023E-24
9570.000,4.670E-24
9571.000,4.598E-24
9572.000,4.527E-24
9573.000,4.455E-24
9574.000,4.234E-24
9575.000,4.012E-24
9576.000,3.791E-24
9577.000,3.806E-24
9578.000,3.820E-24
9579.000,3.777E-24
9580.000,3.734E-24
9581.000,3.691E-24
9582.000,3.745E-24
9583.000,3.800E-24
9584.000,3.669E-24
9585.000,3.537E-24
9586.000,3.406E-24
9587.000,3.357E-24
9588.000,3.307E-24
9589.000,3.258E-24
9590.000,3.058E-24
9591.000,2.858E-24
9592.000,2.886E-24
9593.000,2.914E-24
9594.000,2.942E-24
9595.000,2.770E-24
9596.000,2.597E-24
9597.000,2.631E-24
9598.000,2.664E-24
9599.000,2.698E-24
9600.000,2.556E-24
9601.000,2.415E-24
9602.000,2.273E-24
9603.000,2.383E-24
9604.000,2.494E-24
9605.000,2.334E-24
9606.000,2.174E-24
9607.000,2.014E-24
9608.000,1.982E-24
9609.000,1.951E-24
9610.000,1.944E-24
9611.000,1.938E-24
9612.000,1.931E-24
9613.000,2.039E-24
9614.000,2.147E-24
9615.000,2.255E-24
9616.000,2.185E-24
9617.000,2.115E-24
9618.000,2.113E-24
9619.000,2.111E-24
9620.000,2.109E-24
9621.000,2.042E-24
9622.000,1.975E-24
9623.000,1.908E-24
9624.000,1.953E-24
9625.000,1.997E-24
9626.000,1.921E-24
9627.000,1.846E-24
9628.000,1.770E-24
9629.000,1.791E-24
9630.000,1.812E-24
9631.000,1.717E-24
9632.000,1.622E-24
9633.000,1.527E-24
9634.000,1.566E-24
9635.000,1.605E-24
9636.000,1.644E-24
9637.000,1.500E-24
9638.000,1.355E-24
9639.000,1.413E-24
9640.000,1.470E-24
9641.000,1.528E-24
9642.000,1.435E-24
9643.000,1.343E-24
9644.000,1.250E-24
9645.000,1.231E-24
9646.000,1.212E-24
9647.000,1.223E-24
9648.000,1.234E-24
9649.000,1.245E-24
9650.000,1.281E-24
9651.000,1.318E-24
9652.000,1.354E-24
9653.000,1.262E-24
9654.000,1.169E-24
9655.000,1.211E-24
9656.000,1.252E-24
9657.000,1.294E-24
9658.000,1.135E-24
9659.000,9.756E-25
9660.000,1.053E-24
9661.000,1.131E-24
9662.000,1.208E-24
9663.000,1.233E-24
9664.000,1.259E-24
9665.000,1.284E-24
9666.000,1.411E-24
9667.000,1.539E-24
9668.000,1.440E-24
9669.000,1.341E-24
9670.000,1.242E-24
9671.000,1.226E-24
9672.000,1.210E-24
9673.000,1.194E-24
9674.000,1.069E-24
9675.000,9.448E-25
9676.000,9.317E-25
9677.000,9.185E-25
9678.000,9.054E-25
9679.000,8.858E-25
9680.000,8.663E-25
9681.000,8.467E-25
9682.000,9.524E-25
9683.000,1.058E-24
9684.000,1.076E-24
9685.000,1.093E-24
9686.000,1.111E-24
9687.000,1.129E-24
9688.000,1.146E-24
9689.000,1.164E-24
9690.000,1.043E-24
9691.000,9.215E-25
9692.000,8.937E-25
9693.000,8.658E-25
9694.000,8.380E-25
9695.000,8.662E-25
9696.000,8.944E-25
9697.000,9.689E-25
9698.000,1.043E-24
9699.000,1.118E-24
9700.000,1.075E-24
9701.000,1.033E-24
9702.000,9.899E-25
9703.000,9.683E-25
9704.000,9.466E-25
9705.000,9.761E-25
9706.000,1.006E-24
9707.000,1.035E-24
9708.000,1.049E-24
9709.000,1.063E-24
9710.000,1.077E-24
9711.000,1.060E-24
9712.000,1.043E-24
9713.000,1.089E-24
9714.000,1.134E-24
9715.000,1.180E-24
9716.000,1.152E-24
9717.000,1.123E-24
9718.000,1.095E-24
9719.000,1.190E-24
9720.000,1.284E-24
9721.000,1.212E-24
9722.000,1.140E-24
9723.000,1.068E-24
9724.000,1.112E-24
9725.000,1.155E-24
9726.000,1.199E-24
9727.000,1.198E-24
9728.000,1.197E-24
9729.000,1.184E-24
9730.000,1.172E-24
9731.000,1.159E-24
9732.000,1.127E-24
9733.000,1.096E-24
9734.000,1.064E-24
9735.000,1.106E-24
9736.000,1.147E-24
9737.000,1.088E-24
9738.000,1.029E-24
9739.000,9.702E-25
9740.000,1.022E-24
9741.000,1.074E-24
9742.000,1.126E-24
9743.000,1.146E-24
9744.000,1.166E-24
9745.000,1.150E-24
9746.000,1.135E-24
9747.000,1.119E-24
9748.000,1.094E-24
9749.000,1.069E-24
9750.000,1.044E-24
9751.000,1.161E-24
9752.000,1.278E-24
9753.000,1.236E-24
9754.000,1.193E-24
9755.000,1.151E-24
9756.000,1.145E-24
9757.000,1.139E-24
9758.000,1.133E-24
9759.000,1.069E-24
9760.000,1.004E-24
9761.000,1.058E-24
9762.000,1.113E-24
9763.000,1.167E-24
9764.000,1.193E-24
9765.000,1.220E-24
9766.000,1.246E-24
9767.000,1.288E-24
9768.000,1.331E-24
9769.000,1.373E-24
9770.000,1.295E-24
9771.000,1.218E-24
9772.000,1.248E-24
9773.000,1.279E-24
9774.000,1.309E-24
9775.000,1.311E-24
9776.000,1.312E-24
9777.000,1.314E-24
9778.000,1.348E-24
9779.000,1.383E-24
9780.000,1.364E-24
9781.000,1.345E-24
9782.000,1.326E-24
9783.000,1.321E-24
9784.000,1.316E-24
9785.000,1.311E-24
9786.000,1.192E-24
9787.000,1.072E-24
9788.000,1.108E-24
9789.000,1.143E-24
9790.000,1.179E-24
9791.000,1.190E-24
9792.000,1.200E-24
9793.000,1.211E-24
9794.000,1.266E-24
9795.000,1.321E-24
9796.000,1.294E-24
9797.000,1.268E-24
9798.000,1.241E-24
9799.000,1.259E-24
9800.000,1.277E-24
9801.000,1.295E-24
9802.000,1.299E-24
9803.000,1.302E-24
9804.000,1.306E-24
9805.000,1.388E-24
9806.000,1.470E-24
9807.000,1.489E-24
9808.000,1.508E-24
9809.000,1.527E-24
9810.000,1.484E-24
9811.000,1.440E-24
9812.000,1.397E-24
9813.000,1.305E-24
9814.000,1.212E-24
9815.000,1.215E-24
9816.000,1.218E-24
9817.000,1.221E-24
9818.000,1.170E-24
9819.000,1.119E-24
9820.000,1.068E-24
9821.000,1.046E-24
9822.000,1.024E-24
9823.000,1.047E-24
9824.000,1.071E-24
9825.000,1.094E-24
9826.000,1.116E-24
9827.000,1.138E-24
9828.000,1.160E-24
9829.000,1.185E-24
9830.000,1.210E-24
9831.000,1.235E-24
9832.000,1.242E-24
9833.000,1.250E-24
9834.000,1.232E-24
9835.000,1.215E-24
9836.000,1.197E-24
9837.000,1.205E-24
9838.000,1.213E-24
9839.000,1.221E-24
9840.000,1.219E-24
9841.000,1.217E-24
9842.000,1.227E-24
9843.000,1.237E-24
9844.000,1.247E-24
9845.000,1.272E-24
9846.000,1.296E-24
9847.000,1.321E-24
9848.000,1.287E-24
9849.000,1.252E-24
9850.000,1.218E-24
9851.000,1.096E-24
9852.000,9.746E-25
9853.000,1.019E-24
9854.000,1.064E-24
9855.000,1.108E-24
9856.000,1.135E-24
9857.000,1.162E-24
9858.000,1.189E-24
9859.000,1.246E-24
9860.000,1.304E-24
9861.000,1.281E-24
9862.000,1.258E-24
9863.000,1.235E-24
9864.000,1.191E-24
9865.000,1.146E-24
9866.000,1.102E-24
9867.000,1.119E-24
9868.000,1.136E-24
9869.000,1.153E-24
9870.000,1.201E-24
9871.000,1.248E-24
9872.000,1.282E-24
9873.000,1.317E-24
9874.000,1.351E-24
9875.000,1.415E-24
9876.000,1.479E-24
9877.000,1.543E-24
9878.000,1.509E-24
9879.000,1.474E-24
9880.000,1.440E-24
9881.000,1.370E-24
9882.000,1.299E-24
9883.000,1.296E-24
9884.000,1.293E-24
9885.000,1.290E-24
9886.000,1.323E-24
9887.000,1.355E-24
9888.000,1.388E-24
9889.000,1.413E-24
9890.000,1.439E-24
9891.000,1.482E-24
9892.000,1.526E-24
9893.000,1.569E-24
9894.000,1.649E-24
9895.000,1.729E-24
9896.000,1.809E-24
9897.000,1.894E-24
9898.000,1.979E-24
9899.000,2.064E-24
9900.000,1.961E-24
9901.000,1.857E-24
9902.000,1.811E-24
9903.000,1.765E-24
9904.000,1.719E-24
9905.000,1.804E-24
9906.000,1.890E-24
9907.000,1.975E-24
9908.000,2.153E-24
9909.000,2.330E-24
9910.000,2.508E-24
9911.000,2.367E-24
9912.000,2.225E-24
9913.000,2.117E-24
9914.000,2.009E-24
9915.000,1.901E-24
9916.000,1.845E-24
9917.000,1.788E-24
9918.000,1.732E-24
9919.000,1.807E-24
9920.000,1.882E-24
9921.000,1.957E-24
9922.000,2.079E-24
9923.000,2.202E-24
9924.000,2.183E-24
9925.000,2.165E-24
9926.000,2.146E-24
9927.000,2.177E-24
9928.000,2.209E-24
9929.000,2.240E-24
9930.000,2.329E-24
9931.000,2.417E-24
9932.000,2.506E-24
9933.000,2.477E-24
9934.000,2.449E-24
9935.000,2.676E-24
9936.000,2.902E-24
9937.000,3.129E-24
9938.000,3.199E-24
9939.000,3.268E-24
9940.000,3.338E-24
9941.000,3.226E-24
9942.000,3.113E-24
9943.000,3.001E-24
9944.000,2.863E-24
9945.000,2.725E-24
9946.000,2.680E-24
9947.000,2.635E-24
9948.000,2.590E-24
9949.000,2.672E-24
9950.000,2.755E-24
9951.000,2.837E-24
9952.000,2.895E-24
9953.000,2.954E-24
9954.000,3.012E-24
9955.000,3.100E-24
9956.000,3.189E-24
9957.000,3.277E-24
9958.000,3.532E-24
9959.000,3.787E-24
9960.000,3.934E-24
9961.000,4.082E-24
9962.000,4.229E-24
9963.000,4.444E-24
9964.000,4.659E-24
9965.000,4.874E-24
9966.000,4.755E-24
9967.000,4.636E-24
9968.000,4.517E-24
9969.000,4.102E-24
9970.000,3.688E-24
9971.000,3.599E-24
9972.000,3.510E-24
9973.000,3.421E-24
9974.000,3.553E-24
9975.000,3.685E-24
9976.000,3.817E-24
9977.000,4.103E-24
9978.000,4.389E-24
9979.000,4.675E-24
9980.000,5.296E-24
9981.000,5.918E-24
9982.000,6.153E-24
9983.000,6.389E-24
9984.000,6.624E-24
9985.000,6.491E-24
9986.000,6.358E-24
9987.000,6.225E-24
9988.000,6.138E-24
9989.000,6.052E-24
9990.000,5.965E-24
9991.000,5.971E-24
9992.000,5.977E-24
9993.000,5.983E-24
9994.000,5.826E-24
9995.000,5.669E-24
9996.000,5.807E-24
9997.000,5.944E-24
9998.000,6.082E-24
9999.000,6.637E-24
10000.000,7.191E-24
10001.000,7.746E-24
10002.000,8.316E-24
10003.000,8.885E-24
10004.000,9.455E-24
10005.000,9.173E-24
10006.000,8.891E-24
10007.000,8.614E-24
10008.000,8.337E-24
10009.000,8.060E-24
10010.000,8.133E-24
10011.000,8.207E-24
10012.000,8.280E-24
10013.000,8.376E-24
10014.000,8.473E-24
10015.000,8.569E-24
10016.000,8.881E-24
10017.000,9.194E-24
10018.000,9.506E-24
10019.000,1.111E-23
10020.000,1.272E-23
10021.000,1.327E-23
10022.000,1.383E-23
10023.000,1.438E-23
10024.000,1.369E-23
10025.000,1.301E-23
10026.000,1.232E-23
10027.000,1.195E-23
10028.000,1.158E-23
10029.000,1.121E-23
10030.000,1.163E-23
10031.000,1.205E-23
10032.000,1.247E-23
10033.000,1.400E-23
10034.000,1.553E-23
10035.000,1.661E-23
10036.000,1.769E-23
10037.000,1.877E-23
10038.000,1.893E-23
10039.000,1.910E-23
10040.000,1.926E-23
10041.000,1.903E-23
10042.000,1.881E-23
10043.000,1.858E-23
10044.000,1.950E-23
10045.000,2.042E-23
10046.000,2.134E-23
10047.000,2.365E-23
10048.000,2.596E-23
10049.000,2.658E-23
10050.000,2.719E-23
10051.000,2.781E-23
10052.000,2.762E-23
10053.000,2.742E-23
10054.000,2.723E-23
10055.000,2.720E-23
10056.000,2.718E-23
10057.000,2.715E-23
10058.000,2.768E-23
10059.000,2.820E-23
10060.000,2.873E-23
10061.000,2.897E-23
10062.000,2.921E-23
10063.000,2.945E-23
10064.000,2.876E-23
10065.000,2.806E-23
10066.000,2.799E-23
10067.000,2.793E-23
10068.000,2.786E-23
10069.000,2.808E-23
10070.000,2.831E-23
10071.000,2.853E-23
10072.000,2.842E-23
10073.000,2.831E-23
10074.000,2.820E-23
10075.000,2.886E-23
10076.000,2.951E-23
10077.000,3.017E-23
10078.000,3.400E-23
10079.000,3.784E-23
10080.000,4.153E-23
10081.000,4.523E-23
10082.000,4.892E-23
10083.000,5.022E-23
10084.000,5.151E-23
10085.000,5.281E-23
10086.000,5.032E-23
10087.000,4.783E-23
10088.000,4.534E-23
10089.000,4.192E-23
10090.000,3.849E-23
10091.000,3.507E-23
10092.000,3.242E-23
10093.000,2.977E-23
10094.000,2.712E-23
10095.000,2.452E-23
10096.000,2.191E-23
10097.000,2.091E-23
10098.000,1.991E-23
10099.000,1.891E-23
10100.000,1.831E-23
10101.000,1.771E-23
10102.000,1.711E-23
10103.000,1.660E-23
10104.000,1.610E-23
10105.000,1.559E-23
10106.000,1.523E-23
10107.000,1.486E-23
10108.000,1.450E-23
10109.000,1.421E-23
10110.000,1.391E-23
10111.000,1.362E-23
10112.000,1.330E-23
10113.000,1.298E-23
10114.000,1.264E-23
10115.000,1.230E-23
10116.000,1.196E-23
10117.000,1.166E-23
10118.000,1.137E-23
10119.000,1.107E-23
10120.000,1.089E-23
10121.000,1.070E-23
10122.000,1.052E-23
10123.000,1.024E-23
10124.000,9.962E-24
10125.000,9.683E-24
10126.000,9.458E-24
10127.000,9.232E-24
10128.000,9.007E-24
10129.000,8.725E-24
10130.000,8.442E-24
10131.000,8.160E-24
10132.000,7.778E-24
10133.000,7.395E-24
10134.000,7.168E-24
10135.000,6.940E-24
10136.000,6.713E-24
10137.000,6.447E-24
10138.000,6.181E-24
10139.000,5.915E-24
10140.000,5.837E-24
10141.000,5.759E-24
10142.000,5.681E-24
10143.000,5.466E-24
10144.000,5.250E-24
10145.000,5.035E-24
10146.000,4.873E-24
10147.000,4.710E-24
10148.000,4.548E-24
10149.000,4.384E-24
10150.000,4.221E-24
10151.000,4.057E-24
10152.000,3.848E-24
10153.000,3.638E-24
10154.000,3.678E-24
10155.000,3.717E-24
10156.000,3.757E-24
10157.000,3.664E-24
10158.000,3.571E-24
10159.000,3.478E-24
10160.000,3.333E-24
10161.000,3.188E-24
10162.000,3.043E-24
10163.000,2.973E-24
10164.000,2.902E-24
10165.000,2.832E-24
10166.000,2.751E-24
10167.000,2.671E-24
10168.000,2.590E-24
10169.000,2.640E-24
10170.000,2.689E-24
10171.000,2.739E-24
10172.000,2.669E-24
10173.000,2.599E-24
10174.000,2.496E-24
10175.000,2.392E-24
10176.000,2.289E-24
10177.000,2.248E-24
10178.000,2.207E-24
10179.000,2.166E-24
10180.000,2.095E-24
10181.000,2.023E-24
10182.000,1.952E-24
10183.000,1.868E-24
10184.000,1.783E-24
10185.000,1.699E-24
10186.000,1.707E-24
10187.000,1.714E-24
10188.000,1.722E-24
10189.000,1.634E-24
10190.000,1.547E-24
10191.000,1.459E-24
10192.000,1.392E-24
10193.000,1.326E-24
10194.000,1.259E-24
10195.000,1.213E-24
10196.000,1.167E-24
10197.000,1.077E-24
10198.000,9.873E-25
10199.000,8.974E-25
10200.000,9.227E-25
10201.000,9.479E-25
10202.000,9.732E-25
10203.000,1.007E-24
10204.000,1.041E-24
10205.000,1.075E-24
10206.000,1.154E-24
10207.000,1.234E-24
10208.000,1.313E-24
10209.000,1.369E-24
10210.000,1.424E-24
10211.000,1.480E-24
10212.000,1.433E-24
10213.000,1.386E-24
10214.000,1.339E-24
10215.000,1.353E-24
10216.000,1.367E-24
10217.000,1.381E-24
10218.000,1.444E-24
10219.000,1.508E-24
10220.000,1.571E-24
10221.000,1.520E-24
10222.000,1.469E-24
10223.000,1.463E-24
10224.000,1.458E-24
10225.000,1.452E-24
10226.000,1.483E-24
10227.000,1.515E-24
10228.000,1.546E-24
10229.000,1.614E-24
10230.000,1.683E-24
10231.000,1.751E-24
10232.000,1.832E-24
10233.000,1.912E-24
10234.000,1.993E-24
10235.000,2.002E-24
10236.000,2.011E-24
10237.000,2.020E-24
10238.000,2.065E-24
10239.000,2.110E-24
10240.000,2.155E-24
10241.000,2.179E-24
10242.000,2.203E-24
10243.000,2.227E-24
10244.000,2.234E-24
10245.000,2.240E-24
10246.000,2.247E-24
10247.000,2.164E-24
10248.000,2.081E-24
10249.000,1.998E-24
10250.000,2.056E-24
10251.000,2.114E-24
10252.000,2.145E-24
10253.000,2.175E-24
10254.000,2.206E-24
10255.000,2.132E-24
10256.000,2.057E-24
10257.000,1.983E-24
10258.000,1.950E-24
10259.000,1.917E-24
10260.000,1.884E-24
10261.000,1.928E-24
10262.000,1.971E-24
10263.000,2.015E-24
10264.000,2.040E-24
10265.000,2.066E-24
10266.000,2.091E-24
10267.000,2.112E-24
10268.000,2.134E-24
10269.000,2.155E-24
10270.000,2.169E-24
10271.000,2.184E-24
10272.000,2.198E-24
10273.000,2.218E-24
10274.000,2.239E-24
10275.000,2.259E-24
10276.000,2.258E-24
10277.000,2.256E-24
10278.000,2.255E-24
10279.000,2.304E-24
10280.000,2.352E-24
10281.000,2.401E-24
10282.000,2.402E-24
10283.000,2.402E-24
10284.000,2.403E-24
10285.000,2.427E-24
10286.000,2.451E-24
10287.000,2.475E-24
10288.000,2.517E-24
10289.000,2.558E-24
10290.000,2.549E-24
10291.000,2.541E-24
10292.000,2.532E-24
10293.000,2.605E-24
10294.000,2.679E-24
10295.000,2.752E-24
10296.000,2.757E-24
10297.000,2.761E-24
10298.000,2.766E-24
10299.000,2.774E-24
10300.000,2.783E-24
10301.000,2.791E-24
10302.000,2.824E-24
10303.000,2.858E-24
10304.000,2.891E-24
10305.000,2.965E-24
10306.000,3.039E-24
10307.000,3.113E-24
10308.000,3.191E-24
10309.000,3.270E-24
10310.000,3.348E-24
10311.000,3.502E-24
10312.000,3.657E-24
10313.000,3.811E-24
10314.000,3.870E-24
10315.000,3.928E-24
10316.000,3.987E-24
10317.000,4.011E-24
10318.000,4.035E-24
10319.000,4.059E-24
10320.000,4.154E-24
10321.000,4.250E-24
10322.000,4.345E-24
10323.000,4.376E-24
10324.000,4.407E-24
10325.000,4.438E-24
10326.000,4.516E-24
10327.000,4.593E-24
10328.000,4.671E-24
10329.000,4.768E-24
10330.000,4.865E-24
10331.000,4.962E-24
10332.000,5.035E-24
10333.000,5.108E-24
10334.000,5.181E-24
10335.000,5.296E-24
10336.000,5.412E-24
10337.000,5.527E-24
10338.000,5.674E-24
10339.000,5.822E-24
10340.000,5.969E-24
10341.000,6.087E-24
10342.000,6.204E-24
10343.000,6.270E-24
10344.000,6.335E-24
10345.000,6.401E-24
10346.000,6.512E-24
10347.000,6.622E-24
10348.000,6.733E-24
10349.000,6.777E-24
10350.000,6.820E-24
10351.000,6.864E-24
10352.000,6.931E-24
10353.000,6.997E-24
10354.000,7.064E-24
10355.000,7.151E-24
10356.000,7.237E-24
10357.000,7.324E-24
10358.000,7.395E-24
10359.000,7.466E-24
10360.000,7.537E-24
10361.000,7.582E-24
10362.000,7.627E-24
10363.000,7.672E-24
10364.000,7.642E-24
10365.000,7.612E-24
10366.000,7.582E-24
10367.000,7.590E-24
10368.000,7.597E-24
10369.000,7.605E-24
10370.000,7.590E-24
10371.000,7.574E-24
10372.000,7.559E-24
10373.000,7.496E-24
10374.000,7.433E-24
10375.000,7.370E-24
10376.000,7.389E-24
10377.000,7.407E-24
10378.000,7.426E-24
10379.000,7.477E-24
10380.000,7.527E-24
10381.000,7.578E-24
10382.000,7.588E-24
10383.000,7.598E-24
10384.000,7.608E-24
10385.000,7.576E-24
10386.000,7.545E-24
10387.000,7.513E-24
10388.000,7.536E-24
10389.000,7.559E-24
10390.000,7.582E-24
10391.000,7.682E-24
10392.000,7.783E-24
10393.000,7.883E-24
10394.000,7.849E-24
10395.000,7.816E-24
10396.000,7.782E-24
10397.000,7.859E-24
10398.000,7.935E-24
10399.000,8.012E-24
10400.000,8.079E-24
10401.000,8.147E-24
10402.000,8.214E-24
10403.000,8.155E-24
10404.000,8.097E-24
10405.000,8.038E-24
10406.000,8.129E-24
10407.000,8.221E-24
10408.000,8.312E-24
10409.000,8.484E-24
10410.000,8.656E-24
10411.000,8.828E-24
10412.000,8.922E-24
10413.000,9.016E-24
10414.000,9.110E-24
10415.000,9.261E-24
10416.000,9.412E-24
10417.000,9.563E-24
10418.000,9.568E-24
10419.000,9.573E-24
10420.000,9.578E-24
10421.000,9.679E-24
10422.000,9.781E-24
10423.000,9.882E-24
10424.000,9.971E-24
10425.000,1.006E-23
10426.000,1.015E-23
10427.000,1.029E-23
10428.000,1.042E-23
10429.000,1.056E-23
10430.000,1.074E-23
10431.000,1.091E-23
10432.000,1.109E-23
10433.000,1.124E-23
10434.000,1.139E-23
10435.000,1.154E-23
10436.000,1.175E-23
10437.000,1.197E-23
10438.000,1.218E-23
10439.000,1.231E-23
10440.000,1.244E-23
10441.000,1.257E-23
10442.000,1.259E-23
10443.000,1.262E-23
10444.000,1.264E-23
10445.000,1.282E-23
10446.000,1.300E-23
10447.000,1.318E-23
10448.000,1.331E-23
10449.000,1.344E-23
10450.000,1.357E-23
10451.000,1.351E-23
10452.000,1.344E-23
10453.000,1.338E-23
10454.000,1.336E-23
10455.000,1.334E-23
10456.000,1.332E-23
10457.000,1.332E-23
10458.000,1.331E-23
10459.000,1.331E-23
10460.000,1.335E-23
10461.000,1.340E-23
10462.000,1.344E-23
10463.000,1.344E-23
10464.000,1.345E-23
10465.000,1.345E-23
10466.000,1.362E-23
10467.000,1.378E-23
10468.000,1.395E-23
10469.000,1.406E-23
10470.000,1.416E-23
10471.000,1.427E-23
10472.000,1.397E-23
10473.000,1.368E-23
10474.000,1.338E-23
10475.000,1.302E-23
10476.000,1.266E-23
10477.000,1.230E-23
10478.000,1.235E-23
10479.000,1.241E-23
10480.000,1.246E-23
10481.000,1.274E-23
10482.000,1.302E-23
10483.000,1.330E-23
10484.000,1.354E-23
10485.000,1.377E-23
10486.000,1.401E-23
10487.000,1.416E-23
10488.000,1.431E-23
10489.000,1.446E-23
10490.000,1.464E-23
10491.000,1.483E-23
10492.000,1.501E-23
10493.000,1.523E-23
10494.000,1.546E-23
10495.000,1.569E-23
10496.000,1.591E-23
10497.000,1.632E-23
10498.000,1.674E-23
10499.000,1.715E-23
10500.000,1.735E-23
10501.000,1.756E-23
10502.000,1.776E-23
10503.000,1.784E-23
10504.000,1.793E-23
10505.000,1.801E-23
10506.000,1.817E-23
10507.000,1.833E-23
10508.000,1.849E-23
10509.000,1.868E-23
10510.000,1.888E-23
10511.000,1.907E-23
10512.000,1.928E-23
10513.000,1.950E-23
10514.000,1.971E-23
10515.000,2.000E-23
10516.000,2.028E-23
10517.000,2.057E-23
10518.000,2.081E-23
10519.000,2.105E-23
10520.000,2.129E-23
10521.000,2.159E-23
10522.000,2.189E-23
10523.000,2.219E-23
10524.000,2.262E-23
10525.000,2.306E-23
10526.000,2.349E-23
10527.000,2.381E-23
10528.000,2.414E-23
10529.000,2.446E-23
10530.000,2.493E-23
10531.000,2.539E-23
10532.000,2.586E-23
10533.000,2.635E-23
10534.000,2.685E-23
10535.000,2.734E-23
10536.000,2.784E-23
10537.000,2.834E-23
10538.000,2.884E-23
10539.000,2.934E-23
10540.000,2.985E-23
10541.000,3.035E-23
10542.000,3.096E-23
10543.000,3.158E-23
10544.000,3.219E-23
10545.000,3.263E-23
10546.000,3.306E-23
10547.000,3.350E-23
10548.000,3.393E-23
10549.000,3.452E-23
10550.000,3.512E-23
10551.000,3.571E-23
10552.000,3.626E-23
10553.000,3.681E-23
10554.000,3.736E-23
10555.000,3.788E-23
10556.000,3.839E-23
10557.000,3.891E-23
10558.000,3.950E-23
10559.000,4.009E-23
10560.000,4.068E-23
10561.000,4.121E-23
10562.000,4.173E-23
10563.000,4.226E-23
10564.000,4.275E-23
10565.000,4.325E-23
10566.000,4.374E-23
10567.000,4.418E-23
10568.000,4.461E-23
10569.000,4.505E-23
10570.000,4.547E-23
10571.000,4.588E-23
10572.000,4.630E-23
10573.000,4.670E-23
10574.000,4.711E-23
10575.000,4.751E-23
10576.000,4.776E-23
10577.000,4.801E-23
10578.000,4.826E-23
10579.000,4.841E-23
10580.000,4.855E-23
10581.000,4.870E-23
10582.000,4.882E-23
10583.000,4.894E-23
10584.000,4.906E-23
10585.000,4.918E-23
10586.000,4.929E-23
10587.000,4.939E-23
10588.000,4.950E-23
10589.000,4.950E-23
10590.000,4.951E-23
10591.000,4.951E-23
10592.000,4.929E-23
10593.000,4.906E-23
10594.000,4.884E-23
10595.000,4.861E-23
10596.000,4.839E-23
10597.000,4.816E-23
10598.000,4.792E-23
10599.000,4.768E-23
10600.000,4.744E-23
10601.000,4.721E-23
10602.000,4.698E-23
10603.000,4.675E-23
10604.000,4.634E-23
10605.000,4.592E-23
10606.000,4.551E-23
10607.000,4.512E-23
10608.000,4.473E-23
10609.000,4.434E-23
10610.000,4.407E-23
10611.000,4.381E-23
10612.000,4.354E-23
10613.000,4.327E-23
10614.000,4.271E-23
10615.000,4.214E-23
10616.000,4.158E-23
10617.000,4.111E-23
10618.000,4.063E-23
10619.000,4.016E-23
10620.000,3.969E-23
10621.000,3.922E-23
10622.000,3.875E-23
10623.000,3.828E-23
10624.000,3.782E-23
10625.000,3.735E-23
10626.000,3.690E-23
10627.000,3.644E-23
10628.000,3.599E-23
10629.000,3.553E-23
10630.000,3.508E-23
10631.000,3.462E-23
10632.000,3.408E-23
10633.000,3.354E-23
10634.000,3.300E-23
10635.000,3.267E-23
10636.000,3.235E-23
10637.000,3.202E-23
10638.000,3.169E-23
10639.000,3.133E-23
10640.000,3.096E-23
10641.000,3.060E-23
10642.000,3.027E-23
10643.000,2.995E-23
10644.000,2.962E-23
10645.000,2.916E-23
10646.000,2.871E-23
10647.000,2.825E-23
10648.000,2.784E-23
10649.000,2.743E-23
10650.000,2.702E-23
10651.000,2.662E-23
10652.000,2.623E-23
10653.000,2.583E-23
10654.000,2.536E-23
10655.000,2.488E-23
10656.000,2.441E-23
10657.000,2.401E-23
10658.000,2.360E-23
10659.000,2.320E-23
10660.000,2.297E-23
10661.000,2.274E-23
10662.000,2.251E-23
10663.000,2.228E-23
10664.000,2.195E-23
10665.000,2.162E-23
10666.000,2.129E-23
10667.000,2.095E-23
10668.000,2.061E-23
10669.000,2.027E-23
10670.000,1.989E-23
10671.000,1.951E-23
10672.000,1.913E-23
10673.000,1.893E-23
10674.000,1.872E-23
10675.000,1.852E-23
10676.000,1.825E-23
10677.000,1.798E-23
10678.000,1.771E-23
10679.000,1.751E-23
10680.000,1.730E-23
10681.000,1.709E-23
10682.000,1.689E-23
10683.000,1.676E-23
10684.000,1.664E-23
10685.000,1.651E-23
10686.000,1.631E-23
10687.000,1.612E-23
10688.000,1.592E-23
10689.000,1.578E-23
10690.000,1.564E-23
10691.000,1.550E-23
10692.000,1.538E-23
10693.000,1.527E-23
10694.000,1.515E-23
10695.000,1.500E-23
10696.000,1.486E-23
10697.000,1.471E-23
10698.000,1.465E-23
10699.000,1.458E-23
10700.000,1.452E-23
10701.000,1.453E-23
10702.000,1.454E-23
10703.000,1.455E-23
10704.000,1.456E-23
10705.000,1.454E-23
10706.000,1.452E-23
10707.000,1.450E-23
10708.000,1.446E-23
10709.000,1.442E-23
10710.000,1.438E-23
10711.000,1.449E-23
10712.000,1.461E-23
10713.000,1.472E-23
10714.000,1.483E-23
10715.000,1.493E-23
10716.000,1.504E-23
10717.000,1.512E-23
10718.000,1.520E-23
10719.000,1.528E-23
10720.000,1.536E-23
10721.000,1.541E-23
10722.000,1.546E-23
10723.000,1.551E-23
10724.000,1.559E-23
10725.000,1.566E-23
10726.000,1.574E-23
10727.000,1.576E-23
10728.000,1.577E-23
10729.000,1.579E-23
10730.000,1.584E-23
10731.000,1.589E-23
10732.000,1.594E-23
10733.000,1.603E-23
10734.000,1.611E-23
10735.000,1.620E-23
10736.000,1.623E-23
10737.000,1.626E-23
10738.000,1.629E-23
10739.000,1.632E-23
10740.000,1.634E-23
10741.000,1.636E-23
10742.000,1.638E-23
10743.000,1.636E-23
10744.000,1.633E-23
10745.000,1.631E-23
10746.000,1.637E-23
10747.000,1.642E-23
10748.000,1.648E-23
10749.000,1.648E-23
10750.000,1.649E-23
10751.000,1.649E-23
10752.000,1.651E-23
10753.000,1.654E-23
10754.000,1.657E-23
10755.000,1.659E-23
10756.000,1.658E-23
10757.000,1.656E-23
10758.000,1.655E-23
10759.000,1.650E-23
10760.000,1.646E-23
10761.000,1.641E-23
10762.000,1.642E-23
10763.000,1.644E-23
10764.000,1.645E-23
10765.000,1.643E-23
10766.000,1.641E-23
10767.000,1.639E-23
10768.000,1.631E-23
10769.000,1.623E-23
10770.000,1.615E-23
10771.000,1.607E-23
10772.000,1.607E-23
10773.000,1.606E-23
10774.000,1.606E-23
10775.000,1.602E-23
10776.000,1.599E-23
10777.000,1.595E-23
10778.000,1.586E-23
10779.000,1.577E-23
10780.000,1.568E-23
10781.000,1.567E-23
10782.000,1.566E-23
10783.000,1.566E-23
10784.000,1.565E-23
10785.000,1.562E-23
10786.000,1.560E-23
10787.000,1.557E-23
10788.000,1.554E-23
10789.000,1.550E-23
10790.000,1.547E-23
10791.000,1.537E-23
10792.000,1.527E-23
10793.000,1.517E-23
10794.000,1.514E-23
10795.000,1.512E-23
10796.000,1.509E-23
10797.000,1.509E-23
10798.000,1.509E-23
10799.000,1.509E-23
10800.000,1.509E-23
10801.000,1.500E-23
10802.000,1.492E-23
10803.000,1.483E-23
10804.000,1.475E-23
10805.000,1.466E-23
10806.000,1.458E-23
10807.000,1.461E-23
10808.000,1.465E-23
10809.000,1.468E-23
10810.000,1.468E-23
10811.000,1.469E-23
10812.000,1.469E-23
10813.000,1.469E-23
10814.000,1.460E-23
10815.000,1.452E-23
10816.000,1.443E-23
10817.000,1.435E-23
10818.000,1.426E-23
10819.000,1.418E-23
10820.000,1.420E-23
10821.000,1.421E-23
10822.000,1.423E-23
10823.000,1.427E-23
10824.000,1.430E-23
10825.000,1.434E-23
10826.000,1.438E-23
10827.000,1.439E-23
10828.000,1.441E-23
10829.000,1.442E-23
10830.000,1.438E-23
10831.000,1.433E-23
10832.000,1.429E-23
10833.000,1.428E-23
10834.000,1.428E-23
10835.000,1.427E-23
10836.000,1.429E-23
10837.000,1.430E-23
10838.000,1.431E-23
10839.000,1.433E-23
10840.000,1.441E-23
10841.000,1.448E-23
10842.000,1.456E-23
10843.000,1.454E-23
10844.000,1.453E-23
10845.000,1.451E-23
10846.000,1.453E-23
10847.000,1.456E-23
10848.000,1.458E-23
10849.000,1.456E-23
10850.000,1.454E-23
10851.000,1.452E-23
10852.000,1.450E-23
10853.000,1.452E-23
10854.000,1.454E-23
10855.000,1.456E-23
10856.000,1.460E-23
10857.000,1.463E-23
10858.000,1.467E-23
10859.000,1.470E-23
10860.000,1.473E-23
10861.000,1.476E-23
10862.000,1.478E-23
10863.000,1.479E-23
10864.000,1.481E-23
10865.000,1.482E-23
10866.000,1.481E-23
10867.000,1.479E-23
10868.000,1.478E-23
10869.000,1.481E-23
10870.000,1.484E-23
10871.000,1.487E-23
10872.000,1.491E-23
10873.000,1.495E-23
10874.000,1.499E-23
10875.000,1.501E-23
10876.000,1.502E-23
10877.000,1.504E-23
10878.000,1.506E-23
10879.000,1.505E-23
10880.000,1.503E-23
10881.000,1.502E-23
10882.000,1.494E-23
10883.000,1.486E-23
10884.000,1.478E-23
10885.000,1.478E-23
10886.000,1.479E-23
10887.000,1.479E-23
10888.000,1.480E-23
10889.000,1.479E-23
10890.000,1.477E-23
10891.000,1.476E-23
10892.000,1.482E-23
10893.000,1.487E-23
10894.000,1.493E-23
10895.000,1.497E-23
10896.000,1.501E-23
10897.000,1.505E-23
10898.000,1.497E-23
10899.000,1.489E-23
10900.000,1.482E-23
10901.000,1.474E-23
10902.000,1.226E-23
10903.000,9.773E-24
10904.000,7.290E-24
10905.000,7.451E-24
10906.000,7.613E-24
10907.000,7.774E-24
10908.000,9.768E-24
10909.000,1.176E-23
10910.000,1.376E-23
10911.000,1.575E-23
10912.000,1.585E-23
10913.000,1.596E-23
10914.000,1.606E-23
10915.000,1.613E-23
10916.000,1.621E-23
10917.000,1.628E-23
10918.000,1.637E-23
10919.000,1.647E-23
10920.000,1.657E-23
10921.000,1.666E-23
10922.000,1.678E-23
10923.000,1.689E-23
10924.000,1.701E-23
10925.000,1.715E-23
10926.000,1.728E-23
10927.000,1.742E-23
10928.000,1.758E-23
10929.000,1.773E-23
10930.000,1.788E-23
10931.000,1.804E-23
10932.000,1.816E-23
10933.000,1.828E-23
10934.000,1.840E-23
10935.000,1.846E-23
10936.000,1.853E-23
10937.000,1.859E-23
10938.000,1.870E-23
10939.000,1.881E-23
10940.000,1.892E-23
10941.000,1.897E-23
10942.000,1.902E-23
10943.000,1.907E-23
10944.000,1.912E-23
10945.000,1.920E-23
10946.000,1.928E-23
10947.000,1.936E-23
10948.000,1.946E-23
10949.000,1.955E-23
10950.000,1.965E-23
10951.000,1.972E-23
10952.000,1.979E-23
10953.000,1.985E-23
10954.000,1.992E-23
10955.000,2.005E-23
10956.000,2.017E-23
10957.000,2.030E-23
10958.000,2.050E-23
10959.000,2.071E-23
10960.000,2.091E-23
10961.000,2.106E-23
10962.000,2.122E-23
10963.000,2.138E-23
10964.000,2.153E-23
10965.000,2.166E-23
10966.000,2.178E-23
10967.000,2.191E-23
10968.000,2.207E-23
10969.000,2.222E-23
10970.000,2.238E-23
10971.000,2.255E-23
10972.000,2.271E-23
10973.000,2.287E-23
10974.000,2.304E-23
10975.000,2.330E-23
10976.000,2.357E-23
10977.000,2.383E-23
10978.000,2.404E-23
10979.000,2.425E-23
10980.000,2.446E-23
10981.000,2.467E-23
10982.000,2.487E-23
10983.000,2.506E-23
10984.000,2.526E-23
10985.000,2.551E-23
10986.000,2.575E-23
10987.000,2.600E-23
10988.000,2.617E-23
10989.000,2.633E-23
10990.000,2.649E-23
10991.000,2.666E-23
10992.000,2.685E-23
10993.000,2.703E-23
10994.000,2.722E-23
10995.000,2.748E-23
10996.000,2.773E-23
10997.000,2.799E-23
10998.000,2.819E-23
10999.000,2.838E-23
11000.000,2.857E-23
11001.000,2.877E-23
11002.000,2.906E-23
11003.000,2.934E-23
11004.000,2.963E-23
11005.000,2.997E-23
11006.000,3.030E-23
11007.000,3.064E-23
11008.000,3.085E-23
11009.000,3.106E-23
11010.000,3.128E-23
11011.000,3.149E-23
11012.000,3.196E-23
11013.000,3.243E-23
11014.000,3.290E-23
11015.000,3.325E-23
11016.000,3.360E-23
11017.000,3.394E-23
11018.000,3.429E-23
11019.000,3.470E-23
11020.000,3.511E-23
11021.000,3.552E-23
11022.000,3.582E-23
11023.000,3.611E-23
11024.000,3.641E-23
11025.000,3.669E-23
11026.000,3.697E-23
11027.000,3.724E-23
11028.000,3.752E-23
11029.000,3.786E-23
11030.000,3.820E-23
11031.000,3.854E-23
11032.000,3.883E-23
11033.000,3.912E-23
11034.000,3.941E-23
11035.000,3.968E-23
11036.000,3.995E-23
11037.000,4.021E-23
11038.000,4.048E-23
11039.000,4.082E-23
11040.000,4.116E-23
11041.000,4.150E-23
11042.000,4.178E-23
11043.000,4.206E-23
11044.000,4.234E-23
11045.000,4.262E-23
11046.000,4.297E-23
11047.000,4.331E-23
11048.000,4.366E-23
11049.000,4.409E-23
11050.000,4.451E-23
11051.000,4.494E-23
11052.000,4.537E-23
11053.000,4.580E-23
11054.000,4.624E-23
11055.000,4.667E-23
11056.000,4.741E-23
11057.000,4.816E-23
11058.000,4.890E-23
11059.000,4.932E-23
11060.000,4.974E-23
11061.000,5.016E-23
11062.000,5.058E-23
11063.000,5.078E-23
11064.000,5.098E-23
11065.000,5.118E-23
11066.000,5.143E-23
11067.000,5.169E-23
11068.000,5.194E-23
11069.000,5.224E-23
11070.000,5.253E-23
11071.000,5.283E-23
11072.000,5.313E-23
11073.000,5.364E-23
11074.000,5.416E-23
11075.000,5.467E-23
11076.000,5.501E-23
11077.000,5.535E-23
11078.000,5.570E-23
11079.000,5.604E-23
11080.000,5.658E-23
11081.000,5.713E-23
11082.000,5.767E-23
11083.000,5.818E-23
11084.000,5.869E-23
11085.000,5.920E-23
11086.000,5.960E-23
11087.000,6.000E-23
11088.000,6.041E-23
11089.000,6.081E-23
11090.000,6.121E-23
11091.000,6.161E-23
11092.000,6.201E-23
11093.000,6.235E-23
11094.000,6.268E-23
11095.000,6.301E-23
11096.000,6.335E-23
11097.000,6.374E-23
11098.000,6.412E-23
11099.000,6.451E-23
11100.000,6.489E-23
11101.000,6.526E-23
11102.000,6.564E-23
11103.000,6.602E-23
11104.000,6.633E-23
11105.000,6.664E-23
11106.000,6.695E-23
11107.000,6.725E-23
11108.000,6.754E-23
11109.000,6.784E-23
11110.000,6.799E-23
11111.000,6.815E-23
11112.000,6.831E-23
11113.000,6.846E-23
11114.000,6.881E-23
11115.000,6.917E-23
11116.000,6.952E-23
11117.000,6.968E-23
11118.000,6.983E-23
11119.000,6.999E-23
11120.000,7.015E-23
11121.000,7.039E-23
11122.000,7.064E-23
11123.000,7.088E-23
11124.000,7.109E-23
11125.000,7.131E-23
11126.000,7.153E-23
11127.000,7.174E-23
11128.000,7.198E-23
11129.000,7.222E-23
11130.000,7.246E-23
11131.000,7.255E-23
11132.000,7.263E-23
11133.000,7.272E-23
11134.000,7.281E-23
11135.000,7.288E-23
11136.000,7.295E-23
11137.000,7.302E-23
11138.000,7.303E-23
11139.000,7.304E-23
11140.000,7.304E-23
11141.000,7.305E-23
11142.000,7.292E-23
11143.000,7.280E-23
11144.000,7.267E-23
11145.000,7.239E-23
11146.000,7.210E-23
11147.000,7.182E-23
11148.000,7.152E-23
11149.000,7.122E-23
11150.000,7.092E-23
11151.000,7.062E-23
11152.000,7.015E-23
11153.000,6.967E-23
11154.000,6.920E-23
11155.000,6.887E-23
11156.000,6.855E-23
11157.000,6.822E-23
11158.000,6.790E-23
11159.000,6.744E-23
11160.000,6.698E-23
11161.000,6.652E-23
11162.000,6.621E-23
11163.000,6.590E-23
11164.000,6.560E-23
11165.000,6.529E-23
11166.000,6.491E-23
11167.000,6.453E-23
11168.000,6.415E-23
11169.000,6.388E-23
11170.000,6.361E-23
11171.000,6.334E-23
11172.000,6.307E-23
11173.000,6.257E-23
11174.000,6.206E-23
11175.000,6.156E-23
11176.000,6.115E-23
11177.000,6.074E-23
11178.000,6.032E-23
11179.000,5.991E-23
11180.000,5.912E-23
11181.000,5.832E-23
11182.000,5.753E-23
11183.000,5.702E-23
11184.000,5.651E-23
11185.000,5.601E-23
11186.000,5.550E-23
11187.000,5.494E-23
11188.000,5.437E-23
11189.000,5.381E-23
11190.000,5.360E-23
11191.000,5.340E-23
11192.000,5.319E-23
11193.000,5.298E-23
11194.000,5.273E-23
11195.000,5.247E-23
11196.000,5.222E-23
11197.000,5.206E-23
11198.000,5.189E-23
11199.000,5.173E-23
11200.000,5.157E-23
11201.000,5.137E-23
11202.000,5.116E-23
11203.000,5.096E-23
11204.000,5.088E-23
11205.000,5.080E-23
11206.000,5.072E-23
11207.000,5.064E-23
11208.000,5.056E-23
11209.000,5.047E-23
11210.000,5.039E-23
11211.000,5.045E-23
11212.000,5.052E-23
11213.000,5.058E-23
11214.000,5.064E-23
11215.000,5.088E-23
11216.000,5.113E-23
11217.000,5.137E-23
11218.000,5.169E-23
11219.000,5.201E-23
11220.000,5.234E-23
11221.000,5.266E-23
11222.000,5.312E-23
11223.000,5.358E-23
11224.000,5.404E-23
11225.000,5.432E-23
11226.000,5.459E-23
11227.000,5.486E-23
11228.000,5.514E-23
11229.000,5.530E-23
11230.000,5.547E-23
11231.000,5.563E-23
11232.000,5.573E-23
11233.000,5.584E-23
11234.000,5.594E-23
11235.000,5.604E-23
11236.000,5.603E-23
11237.000,5.603E-23
11238.000,5.602E-23
11239.000,5.605E-23
11240.000,5.608E-23
11241.000,5.611E-23
11242.000,5.614E-23
11243.000,5.614E-23
11244.000,5.613E-23
11245.000,5.613E-23
11246.000,5.608E-23
11247.000,5.603E-23
11248.000,5.599E-23
11249.000,5.594E-23
11250.000,5.590E-23
11251.000,5.586E-23
11252.000,5.582E-23
11253.000,5.578E-23
11254.000,5.572E-23
11255.000,5.565E-23
11256.000,5.559E-23
11257.000,5.550E-23
11258.000,5.542E-23
11259.000,5.534E-23
11260.000,5.525E-23
11261.000,5.509E-23
11262.000,5.494E-23
11263.000,5.478E-23
11264.000,5.466E-23
11265.000,5.455E-23
11266.000,5.443E-23
11267.000,5.432E-23
11268.000,5.430E-23
11269.000,5.427E-23
11270.000,5.425E-23
11271.000,5.417E-23
11272.000,5.410E-23
11273.000,5.403E-23
11274.000,5.395E-23
11275.000,5.387E-23
11276.000,5.380E-23
11277.000,5.372E-23
11278.000,5.360E-23
11279.000,5.348E-23
11280.000,5.336E-23
11281.000,5.324E-23
11282.000,5.307E-23
11283.000,5.289E-23
11284.000,5.272E-23
11285.000,5.255E-23
11286.000,5.227E-23
11287.000,5.200E-23
11288.000,5.172E-23
11289.000,5.156E-23
11290.000,5.139E-23
11291.000,5.122E-23
11292.000,5.106E-23
11293.000,5.074E-23
11294.000,5.043E-23
11295.000,5.011E-23
11296.000,4.986E-23
11297.000,4.962E-23
11298.000,4.937E-23
11299.000,4.912E-23
11300.000,4.881E-23
11301.000,4.851E-23
11302.000,4.820E-23
11303.000,4.798E-23
11304.000,4.777E-23
11305.000,4.755E-23
11306.000,4.733E-23
11307.000,4.718E-23
11308.000,4.703E-23
11309.000,4.687E-23
11310.000,4.672E-23
11311.000,4.644E-23
11312.000,4.615E-23
11313.000,4.587E-23
11314.000,4.571E-23
11315.000,4.555E-23
11316.000,4.539E-23
11317.000,4.523E-23
11318.000,4.497E-23
11319.000,4.470E-23
11320.000,4.444E-23
11321.000,4.428E-23
11322.000,4.412E-23
11323.000,4.396E-23
11324.000,4.380E-23
11325.000,4.368E-23
11326.000,4.357E-23
11327.000,4.346E-23
11328.000,4.334E-23
11329.000,4.318E-23
11330.000,4.303E-23
11331.000,4.287E-23
11332.000,4.274E-23
11333.000,4.262E-23
11334.000,4.250E-23
11335.000,4.237E-23
11336.000,4.219E-23
11337.000,4.202E-23
11338.000,4.184E-23
11339.000,4.177E-23
11340.000,4.170E-23
11341.000,4.162E-23
11342.000,4.155E-23
11343.000,4.153E-23
11344.000,4.151E-23
11345.000,4.150E-23
11346.000,4.148E-23
11347.000,4.144E-23
11348.000,4.139E-23
11349.000,4.135E-23
11350.000,4.129E-23
11351.000,4.122E-23
11352.000,4.116E-23
11353.000,4.110E-23
11354.000,4.097E-23
11355.000,4.084E-23
11356.000,4.071E-23
11357.000,4.037E-23
11358.000,4.003E-23
11359.000,3.969E-23
11360.000,3.935E-23
11361.000,3.907E-23
11362.000,3.879E-23
11363.000,3.851E-23
11364.000,3.823E-23
11365.000,3.817E-23
11366.000,3.811E-23
11367.000,3.805E-23
11368.000,3.805E-23
11369.000,3.805E-23
11370.000,3.804E-23
11371.000,3.804E-23
11372.000,3.805E-23
11373.000,3.806E-23
11374.000,3.806E-23
11375.000,3.807E-23
11376.000,3.801E-23
11377.000,3.794E-23
11378.000,3.788E-23
11379.000,3.789E-23
11380.000,3.790E-23
11381.000,3.791E-23
11382.000,3.792E-23
11383.000,3.786E-23
11384.000,3.780E-23
11385.000,3.774E-23
11386.000,3.765E-23
11387.000,3.757E-23
11388.000,3.748E-23
11389.000,3.739E-23
11390.000,3.737E-23
11391.000,3.734E-23
11392.000,3.732E-23
11393.000,3.729E-23
11394.000,3.722E-23
11395.000,3.715E-23
11396.000,3.708E-23
11397.000,3.709E-23
11398.000,3.709E-23
11399.000,3.710E-23
11400.000,3.711E-23
11401.000,3.703E-23
11402.000,3.695E-23
11403.000,3.687E-23
11404.000,3.679E-23
11405.000,3.680E-23
11406.000,3.682E-23
11407.000,3.683E-23
11408.000,3.685E-23
11409.000,3.688E-23
11410.000,3.690E-23
11411.000,3.692E-23
11412.000,3.692E-23
11413.000,3.691E-23
11414.000,3.691E-23
11415.000,3.690E-23
11416.000,3.692E-23
11417.000,3.695E-23
11418.000,3.697E-23
11419.000,3.698E-23
11420.000,3.699E-23
11421.000,3.701E-23
11422.000,3.702E-23
11423.000,3.704E-23
11424.000,3.706E-23
11425.000,3.708E-23
11426.000,3.710E-23
11427.000,3.712E-23
11428.000,3.715E-23
11429.000,3.717E-23
11430.000,3.718E-23
11431.000,3.720E-23
11432.000,3.721E-23
11433.000,3.723E-23
11434.000,3.729E-23
11435.000,3.735E-23
11436.000,3.742E-23
11437.000,3.748E-23
11438.000,3.760E-23
11439.000,3.772E-23
11440.000,3.784E-23
11441.000,3.794E-23
11442.000,3.805E-23
11443.000,3.815E-23
11444.000,3.825E-23
11445.000,3.830E-23
11446.000,3.835E-23
11447.000,3.840E-23
11448.000,3.845E-23
11449.000,3.857E-23
11450.000,3.868E-23
11451.000,3.880E-23
11452.000,3.890E-23
11453.000,3.900E-23
11454.000,3.911E-23
11455.000,3.921E-23
11456.000,3.934E-23
11457.000,3.946E-23
11458.000,3.959E-23
11459.000,3.972E-23
11460.000,3.985E-23
11461.000,3.998E-23
11462.000,4.012E-23
11463.000,4.025E-23
11464.000,4.040E-23
11465.000,4.055E-23
11466.000,4.070E-23
11467.000,4.079E-23
11468.000,4.089E-23
11469.000,4.099E-23
11470.000,4.108E-23
11471.000,4.129E-23
11472.000,4.150E-23
11473.000,4.171E-23
11474.000,4.192E-23
11475.000,4.209E-23
11476.000,4.226E-23
11477.000,4.243E-23
11478.000,4.265E-23
11479.000,4.287E-23
11480.000,4.308E-23
11481.000,4.330E-23
11482.000,4.351E-23
11483.000,4.371E-23
11484.000,4.392E-23
11485.000,4.413E-23
11486.000,4.434E-23
11487.000,4.455E-23
11488.000,4.475E-23
11489.000,4.496E-23
11490.000,4.520E-23
11491.000,4.543E-23
11492.000,4.567E-23
11493.000,4.586E-23
11494.000,4.605E-23
11495.000,4.625E-23
11496.000,4.644E-23
11497.000,4.671E-23
11498.000,4.699E-23
11499.000,4.726E-23
11500.000,4.753E-23
11501.000,4.785E-23
11502.000,4.817E-23
11503.000,4.849E-23
11504.000,4.876E-23
11505.000,4.904E-23
11506.000,4.931E-23
11507.000,4.959E-23
11508.000,4.990E-23
11509.000,5.022E-23
11510.000,5.053E-23
11511.000,5.085E-23
11512.000,5.114E-23
11513.000,5.142E-23
11514.000,5.171E-23
11515.000,5.200E-23
11516.000,5.236E-23
11517.000,5.272E-23
11518.000,5.308E-23
11519.000,5.340E-23
11520.000,5.371E-23
11521.000,5.403E-23
11522.000,5.435E-23
11523.000,5.470E-23
11524.000,5.506E-23
11525.000,5.542E-23
11526.000,5.577E-23
11527.000,5.611E-23
11528.000,5.645E-23
11529.000,5.679E-23
11530.000,5.713E-23
11531.000,5.764E-23
11532.000,5.814E-23
11533.000,5.865E-23
11534.000,5.905E-23
11535.000,5.945E-23
11536.000,5.986E-23
11537.000,6.026E-23
11538.000,6.065E-23
11539.000,6.104E-23
11540.000,6.142E-23
11541.000,6.181E-23
11542.000,6.222E-23
11543.000,6.263E-23
11544.000,6.304E-23
11545.000,6.345E-23
11546.000,6.407E-23
11547.000,6.469E-23
11548.000,6.531E-23
11549.000,6.575E-23
11550.000,6.619E-23
11551.000,6.663E-23
11552.000,6.707E-23
11553.000,6.753E-23
11554.000,6.798E-23
11555.000,6.844E-23
11556.000,6.889E-23
11557.000,6.937E-23
11558.000,6.985E-23
11559.000,7.032E-23
11560.000,7.080E-23
11561.000,7.132E-23
11562.000,7.184E-23
11563.000,7.236E-23
11564.000,7.288E-23
11565.000,7.361E-23
11566.000,7.435E-23
11567.000,7.508E-23
11568.000,7.554E-23
11569.000,7.601E-23
11570.000,7.647E-23
11571.000,7.694E-23
11572.000,7.754E-23
11573.000,7.814E-23
11574.000,7.873E-23
11575.000,7.933E-23
11576.000,7.997E-23
11577.000,8.062E-23
11578.000,8.126E-23
11579.000,8.190E-23
11580.000,8.275E-23
11581.000,8.359E-23
11582.000,8.444E-23
11583.000,8.511E-23
11584.000,8.578E-23
11585.000,8.645E-23
11586.000,8.712E-23
11587.000,8.792E-23
11588.000,8.872E-23
11589.000,8.953E-23
11590.000,9.033E-23
11591.000,9.115E-23
11592.000,9.196E-23
11593.000,9.278E-23
11594.000,9.360E-23
11595.000,9.445E-23
11596.000,9.530E-23
11597.000,9.616E-23
11598.000,9.701E-23
11599.000,9.783E-23
11600.000,9.865E-23
11601.000,9.948E-23
11602.000,1.003E-22
11603.000,1.014E-22
11604.000,1.026E-22
11605.000,1.037E-22
11606.000,1.045E-22
11607.000,1.054E-22
11608.000,1.062E-22
11609.000,1.070E-22
11610.000,1.078E-22
11611.000,1.086E-22
11612.000,1.093E-22
11613.000,1.101E-22
11614.000,1.109E-22
11615.000,1.117E-22
11616.000,1.125E-22
11617.000,1.133E-22
11618.000,1.140E-22
11619.000,1.147E-22
11620.000,1.153E-22
11621.000,1.160E-22
11622.000,1.169E-22
11623.000,1.179E-22
11624.000,1.188E-22
11625.000,1.195E-22
11626.000,1.201E-22
11627.000,1.208E-22
11628.000,1.215E-22
11629.000,1.221E-22
11630.000,1.228E-22
11631.000,1.234E-22
11632.000,1.240E-22
11633.000,1.246E-22
11634.000,1.253E-22
11635.000,1.260E-22
11636.000,1.266E-22
11637.000,1.272E-22
11638.000,1.279E-22
11639.000,1.285E-22
11640.000,1.291E-22
11641.000,1.297E-22
11642.000,1.302E-22
11643.000,1.308E-22
11644.000,1.314E-22
11645.000,1.322E-22
11646.000,1.329E-22
11647.000,1.337E-22
11648.000,1.343E-22
11649.000,1.349E-22
11650.000,1.356E-22
11651.000,1.362E-22
11652.000,1.367E-22
11653.000,1.372E-22
11654.000,1.377E-22
11655.000,1.382E-22
11656.000,1.387E-22
11657.000,1.392E-22
11658.000,1.396E-22
11659.000,1.401E-22
11660.000,1.407E-22
11661.000,1.413E-22
11662.000,1.418E-22
11663.000,1.424E-22
11664.000,1.430E-22
11665.000,1.435E-22
11666.000,1.440E-22
11667.000,1.446E-22
11668.000,1.452E-22
11669.000,1.458E-22
11670.000,1.463E-22
11671.000,1.469E-22
11672.000,1.476E-22
11673.000,1.484E-22
11674.000,1.491E-22
11675.000,1.497E-22
11676.000,1.502E-22
11677.000,1.507E-22
11678.000,1.513E-22
11679.000,1.519E-22
11680.000,1.524E-22
11681.000,1.529E-22
11682.000,1.535E-22
11683.000,1.540E-22
11684.000,1.544E-22
11685.000,1.549E-22
11686.000,1.554E-22
11687.000,1.560E-22
11688.000,1.566E-22
11689.000,1.572E-22
11690.000,1.578E-22
11691.000,1.582E-22
11692.000,1.587E-22
11693.000,1.591E-22
11694.000,1.595E-22
11695.000,1.600E-22
11696.000,1.604E-22
11697.000,1.609E-22
11698.000,1.613E-22
11699.000,1.617E-22
11700.000,1.622E-22
11701.000,1.626E-22
11702.000,1.630E-22
11703.000,1.634E-22
11704.000,1.637E-22
11705.000,1.641E-22
11706.000,1.645E-22
11707.000,1.649E-22
11708.000,1.654E-22
11709.000,1.658E-22
11710.000,1.660E-22
11711.000,1.661E-22
11712.000,1.662E-22
11713.000,1.664E-22
11714.000,1.664E-22
11715.000,1.664E-22
11716.000,1.664E-22
11717.000,1.664E-22
11718.000,1.662E-22
11719.000,1.661E-22
11720.000,1.659E-22
11721.000,1.657E-22
11722.000,1.653E-22
11723.000,1.648E-22
11724.000,1.644E-22
11725.000,1.640E-22
11726.000,1.635E-22
11727.000,1.629E-22
11728.000,1.624E-22
11729.000,1.618E-22
11730.000,1.611E-22
11731.000,1.604E-22
11732.000,1.597E-22
11733.000,1.590E-22
11734.000,1.581E-22
11735.000,1.572E-22
11736.000,1.564E-22
11737.000,1.555E-22
11738.000,1.546E-22
11739.000,1.536E-22
11740.000,1.527E-22
11741.000,1.518E-22
11742.000,1.508E-22
11743.000,1.498E-22
11744.000,1.489E-22
11745.000,1.479E-22
11746.000,1.469E-22
11747.000,1.460E-22
11748.000,1.451E-22
11749.000,1.441E-22
11750.000,1.430E-22
11751.000,1.420E-22
11752.000,1.409E-22
11753.000,1.398E-22
11754.000,1.385E-22
11755.000,1.371E-22
11756.000,1.358E-22
11757.000,1.348E-22
11758.000,1.339E-22
11759.000,1.329E-22
11760.000,1.319E-22
11761.000,1.310E-22
11762.000,1.302E-22
11763.000,1.293E-22
11764.000,1.284E-22
11765.000,1.275E-22
11766.000,1.265E-22
11767.000,1.256E-22
11768.000,1.246E-22
11769.000,1.237E-22
11770.000,1.229E-22
11771.000,1.220E-22
11772.000,1.211E-22
11773.000,1.202E-22
11774.000,1.194E-22
11775.000,1.186E-22
11776.000,1.177E-22
11777.000,1.169E-22
11778.000,1.162E-22
11779.000,1.154E-22
11780.000,1.147E-22
11781.000,1.140E-22
11782.000,1.132E-22
11783.000,1.125E-22
11784.000,1.118E-22
11785.000,1.111E-22
11786.000,1.104E-22
11787.000,1.097E-22
11788.000,1.090E-22
11789.000,1.084E-22
11790.000,1.077E-22
11791.000,1.071E-22
11792.000,1.064E-22
11793.000,1.058E-22
11794.000,1.052E-22
11795.000,1.046E-22
11796.000,1.040E-22
11797.000,1.034E-22
11798.000,1.028E-22
11799.000,1.022E-22
11800.000,1.016E-22
11801.000,1.011E-22
11802.000,1.006E-22
11803.000,1.001E-22
11804.000,9.955E-23
11805.000,9.905E-23
11806.000,9.854E-23
11807.000,9.803E-23
11808.000,9.753E-23
11809.000,9.704E-23
11810.000,9.656E-23
11811.000,9.608E-23
11812.000,9.559E-23
11813.000,9.516E-23
11814.000,9.474E-23
11815.000,9.432E-23
11816.000,9.389E-23
11817.000,9.348E-23
11818.000,9.306E-23
11819.000,9.265E-23
11820.000,9.224E-23
11821.000,9.192E-23
11822.000,9.161E-23
11823.000,9.129E-23
11824.000,9.097E-23
11825.000,9.067E-23
11826.000,9.038E-23
11827.000,9.008E-23
11828.000,8.978E-23
11829.000,8.949E-23
11830.000,8.919E-23
11831.000,8.889E-23
11832.000,8.860E-23
11833.000,8.825E-23
11834.000,8.791E-23
11835.000,8.756E-23
11836.000,8.722E-23
11837.000,8.693E-23
11838.000,8.664E-23
11839.000,8.635E-23
11840.000,8.606E-23
11841.000,8.581E-23
11842.000,8.555E-23
11843.000,8.530E-23
11844.000,8.505E-23
11845.000,8.484E-23
11846.000,8.463E-23
11847.000,8.443E-23
11848.000,8.422E-23
11849.000,8.393E-23
11850.000,8.364E-23
11851.000,8.336E-23
11852.000,8.307E-23
11853.000,8.282E-23
11854.000,8.257E-23
11855.000,8.232E-23
11856.000,8.207E-23
11857.000,8.192E-23
11858.000,8.177E-23
11859.000,8.161E-23
11860.000,8.146E-23
11861.000,8.126E-23
11862.000,8.107E-23
11863.000,8.088E-23
11864.000,8.068E-23
11865.000,8.045E-23
11866.000,8.021E-23
11867.000,7.997E-23
11868.000,7.974E-23
11869.000,7.953E-23
11870.000,7.931E-23
11871.000,7.910E-23
11872.000,7.889E-23
11873.000,7.871E-23
11874.000,7.854E-23
11875.000,7.836E-23
11876.000,7.818E-23
11877.000,7.799E-23
11878.000,7.780E-23
11879.000,7.760E-23
11880.000,7.741E-23
11881.000,7.726E-23
11882.000,7.710E-23
11883.000,7.695E-23
11884.000,7.680E-23
11885.000,7.671E-23
11886.000,7.661E-23
11887.000,7.652E-23
11888.000,7.643E-23
11889.000,7.631E-23
11890.000,7.619E-23
11891.000,7.608E-23
11892.000,7.596E-23
11893.000,7.586E-23
11894.000,7.577E-23
11895.000,7.567E-23
11896.000,7.557E-23
11897.000,7.549E-23
11898.000,7.540E-23
11899.000,7.531E-23
11900.000,7.523E-23
11901.000,7.517E-23
11902.000,7.511E-23
11903.000,7.506E-23
11904.000,7.500E-23
11905.000,7.492E-23
11906.000,7.485E-23
11907.000,7.477E-23
11908.000,7.470E-23
11909.000,7.462E-23
11910.000,7.452E-23
11911.000,7.442E-23
11912.000,7.432E-23
11913.000,7.422E-23
11914.000,7.419E-23
11915.000,7.415E-23
11916.000,7.411E-23
11917.000,7.408E-23
11918.000,7.414E-23
11919.000,7.420E-23
11920.000,7.426E-23
11921.000,7.432E-23
11922.000,7.428E-23
11923.000,7.424E-23
11924.000,7.421E-23
11925.000,7.417E-23
11926.000,7.414E-23
11927.000,7.411E-23
11928.000,7.409E-23
11929.000,7.406E-23
11930.000,7.407E-23
11931.000,7.407E-23
11932.000,7.407E-23
11933.000,7.408E-23
11934.000,7.407E-23
11935.000,7.407E-23
11936.000,7.407E-23
11937.000,7.406E-23
11938.000,7.408E-23
11939.000,7.409E-23
11940.000,7.410E-23
11941.000,7.412E-23
11942.000,7.412E-23
11943.000,7.411E-23
11944.000,7.411E-23
11945.000,7.411E-23
11946.000,7.416E-23
11947.000,7.421E-23
11948.000,7.427E-23
11949.000,7.432E-23
11950.000,7.436E-23
11951.000,7.439E-23
11952.000,7.443E-23
11953.000,7.446E-23
11954.000,7.450E-23
11955.000,7.458E-23
11956.000,7.466E-23
11957.000,7.474E-23
11958.000,7.482E-23
11959.000,7.490E-23
11960.000,7.497E-23
11961.000,7.505E-23
11962.000,7.513E-23
11963.000,7.520E-23
11964.000,7.528E-23
11965.000,7.535E-23
11966.000,7.542E-23
11967.000,7.550E-23
11968.000,7.557E-23
11969.000,7.565E-23
11970.000,7.573E-23
11971.000,7.585E-23
11972.000,7.598E-23
11973.000,7.611E-23
11974.000,7.623E-23
11975.000,7.627E-23
11976.000,7.632E-23
11977.000,7.636E-23
11978.000,7.640E-23
11979.000,7.653E-23
11980.000,7.666E-23
11981.000,7.679E-23
11982.000,7.692E-23
11983.000,7.704E-23
11984.000,7.716E-23
11985.000,7.727E-23
11986.000,7.739E-23
11987.000,7.752E-23
11988.000,7.765E-23
11989.000,7.779E-23
11990.000,7.792E-23
11991.000,7.805E-23
11992.000,7.823E-23
11993.000,7.842E-23
11994.000,7.861E-23
11995.000,7.879E-23
11996.000,7.900E-23
11997.000,7.921E-23
11998.000,7.943E-23
11999.000,7.964E-23
12000.000,7.981E-23
12001.000,7.999E-23
12002.000,8.016E-23
12003.000,8.033E-23
12004.000,8.055E-23
12005.000,8.078E-23
12006.000,8.100E-23
12007.000,8.122E-23
12008.000,8.146E-23
12009.000,8.170E-23
12010.000,8.193E-23
12011.000,8.217E-23
12012.000,8.237E-23
12013.000,8.257E-23
12014.000,8.278E-23
12015.000,8.298E-23
12016.000,8.318E-23
12017.000,8.346E-23
12018.000,8.373E-23
12019.000,8.400E-23
12020.000,8.428E-23
12021.000,8.461E-23
12022.000,8.493E-23
12023.000,8.526E-23
12024.000,8.559E-23
12025.000,8.592E-23
12026.000,8.626E-23
12027.000,8.659E-23
12028.000,8.692E-23
12029.000,8.731E-23
12030.000,8.770E-23
12031.000,8.809E-23
12032.000,8.848E-23
12033.000,8.884E-23
12034.000,8.921E-23
12035.000,8.958E-23
12036.000,8.994E-23
12037.000,9.025E-23
12038.000,9.056E-23
12039.000,9.088E-23
12040.000,9.119E-23
12041.000,9.150E-23
12042.000,9.194E-23
12043.000,9.237E-23
12044.000,9.281E-23
12045.000,9.325E-23
12046.000,9.372E-23
12047.000,9.419E-23
12048.000,9.465E-23
12049.000,9.512E-23
12050.000,9.559E-23
12051.000,9.605E-23
12052.000,9.652E-23
12053.000,9.698E-23
12054.000,9.748E-23
12055.000,9.799E-23
12056.000,9.849E-23
12057.000,9.899E-23
12058.000,9.937E-23
12059.000,9.975E-23
12060.000,1.001E-22
12061.000,1.005E-22
12062.000,1.009E-22
12063.000,1.013E-22
12064.000,1.016E-22
12065.000,1.019E-22
12066.000,1.023E-22
12067.000,1.028E-22
12068.000,1.032E-22
12069.000,1.037E-22
12070.000,1.041E-22
12071.000,1.048E-22
12072.000,1.056E-22
12073.000,1.063E-22
12074.000,1.070E-22
12075.000,1.077E-22
12076.000,1.083E-22
12077.000,1.090E-22
12078.000,1.097E-22
12079.000,1.102E-22
12080.000,1.107E-22
12081.000,1.113E-22
12082.000,1.118E-22
12083.000,1.123E-22
12084.000,1.130E-22
12085.000,1.136E-22
12086.000,1.143E-22
12087.000,1.150E-22
12088.000,1.158E-22
12089.000,1.165E-22
12090.000,1.173E-22
12091.000,1.181E-22
12092.000,1.189E-22
12093.000,1.198E-22
12094.000,1.206E-22
12095.000,1.214E-22
12096.000,1.221E-22
12097.000,1.228E-22
12098.000,1.235E-22
12099.000,1.242E-22
12100.000,1.249E-22
12101.000,1.258E-22
12102.000,1.266E-22
12103.000,1.275E-22
12104.000,1.284E-22
12105.000,1.293E-22
12106.000,1.302E-22
12107.000,1.311E-22
12108.000,1.320E-22
12109.000,1.329E-22
12110.000,1.339E-22
12111.000,1.348E-22
12112.000,1.357E-22
12113.000,1.366E-22
12114.000,1.374E-22
12115.000,1.383E-22
12116.000,1.391E-22
12117.000,1.397E-22
12118.000,1.403E-22
12119.000,1.410E-22
12120.000,1.416E-22
12121.000,1.422E-22
12122.000,1.430E-22
12123.000,1.438E-22
12124.000,1.446E-22
12125.000,1.454E-22
12126.000,1.463E-22
12127.000,1.472E-22
12128.000,1.481E-22
12129.000,1.490E-22
12130.000,1.498E-22
12131.000,1.506E-22
12132.000,1.515E-22
12133.000,1.523E-22
12134.000,1.531E-22
12135.000,1.542E-22
12136.000,1.554E-22
12137.000,1.565E-22
12138.000,1.576E-22
12139.000,1.588E-22
12140.000,1.601E-22
12141.000,1.614E-22
12142.000,1.626E-22
12143.000,1.641E-22
12144.000,1.656E-22
12145.000,1.671E-22
12146.000,1.686E-22
12147.000,1.699E-22
12148.000,1.711E-22
12149.000,1.724E-22
12150.000,1.736E-22
12151.000,1.749E-22
12152.000,1.762E-22
12153.000,1.774E-22
12154.000,1.786E-22
12155.000,1.799E-22
12156.000,1.811E-22
12157.000,1.823E-22
12158.000,1.834E-22
12159.000,1.846E-22
12160.000,1.859E-22
12161.000,1.871E-22
12162.000,1.884E-22
12163.000,1.896E-22
12164.000,1.906E-22
12165.000,1.915E-22
12166.000,1.925E-22
12167.000,1.934E-22
12168.000,1.944E-22
12169.000,1.956E-22
12170.000,1.968E-22
12171.000,1.980E-22
12172.000,1.992E-22
12173.000,2.004E-22
12174.000,2.017E-22
12175.000,2.029E-22
12176.000,2.041E-22
12177.000,2.050E-22
12178.000,2.058E-22
12179.000,2.067E-22
12180.000,2.075E-22
12181.000,2.084E-22
12182.000,2.095E-22
12183.000,2.106E-22
12184.000,2.116E-22
12185.000,2.127E-22
12186.000,2.137E-22
12187.000,2.147E-22
12188.000,2.157E-22
12189.000,2.167E-22
12190.000,2.175E-22
12191.000,2.182E-22
12192.000,2.190E-22
12193.000,2.197E-22
12194.000,2.205E-22
12195.000,2.213E-22
12196.000,2.222E-22
12197.000,2.231E-22
12198.000,2.239E-22
12199.000,2.248E-22
12200.000,2.256E-22
12201.000,2.264E-22
12202.000,2.273E-22
12203.000,2.279E-22
12204.000,2.286E-22
12205.000,2.292E-22
12206.000,2.299E-22
12207.000,2.305E-22
12208.000,2.312E-22
12209.000,2.319E-22
12210.000,2.326E-22
12211.000,2.333E-22
12212.000,2.339E-22
12213.000,2.345E-22
12214.000,2.351E-22
12215.000,2.357E-22
12216.000,2.362E-22
12217.000,2.366E-22
12218.000,2.371E-22
12219.000,2.375E-22
12220.000,2.380E-22
12221.000,2.385E-22
12222.000,2.389E-22
12223.000,2.394E-22
12224.000,2.399E-22
12225.000,2.403E-22
12226.000,2.408E-22
12227.000,2.413E-22
12228.000,2.417E-22
12229.000,2.419E-22
12230.000,2.422E-22
12231.000,2.424E-22
12232.000,2.427E-22
12233.000,2.429E-22
12234.000,2.431E-22
12235.000,2.432E-22
12236.000,2.434E-22
12237.000,2.436E-22
12238.000,2.437E-22
12239.000,2.439E-22
12240.000,2.440E-22
12241.000,2.441E-22
12242.000,2.441E-22
12243.000,2.441E-22
12244.000,2.442E-22
12245.000,2.442E-22
12246.000,2.442E-22
12247.000,2.441E-22
12248.000,2.440E-22
12249.000,2.438E-22
12250.000,2.437E-22
12251.000,2.436E-22
12252.000,2.434E-22
12253.000,2.433E-22
12254.000,2.431E-22
12255.000,2.430E-22
12256.000,2.427E-22
12257.000,2.425E-22
12258.000,2.423E-22
12259.000,2.420E-22
12260.000,2.417E-22
12261.000,2.415E-22
12262.000,2.413E-22
12263.000,2.410E-22
12264.000,2.407E-22
12265.000,2.403E-22
12266.000,2.400E-22
12267.000,2.396E-22
12268.000,2.393E-22
12269.000,2.388E-22
12270.000,2.383E-22
12271.000,2.379E-22
12272.000,2.374E-22
12273.000,2.369E-22
12274.000,2.364E-22
12275.000,2.358E-22
12276.000,2.353E-22
12277.000,2.348E-22
12278.000,2.344E-22
12279.000,2.339E-22
12280.000,2.335E-22
12281.000,2.330E-22
12282.000,2.324E-22
12283.000,2.319E-22
12284.000,2.313E-22
12285.000,2.307E-22
12286.000,2.302E-22
12287.000,2.296E-22
12288.000,2.291E-22
12289.000,2.285E-22
12290.000,2.280E-22
12291.000,2.273E-22
12292.000,2.266E-22
12293.000,2.259E-22
12294.000,2.252E-22
12295.000,2.247E-22
12296.000,2.242E-22
12297.000,2.236E-22
12298.000,2.231E-22
12299.000,2.226E-22
12300.000,2.218E-22
12301.000,2.211E-22
12302.000,2.203E-22
12303.000,2.196E-22
12304.000,2.188E-22
12305.000,2.180E-22
12306.000,2.173E-22
12307.000,2.165E-22
12308.000,2.159E-22
12309.000,2.153E-22
12310.000,2.147E-22
12311.000,2.141E-22
12312.000,2.135E-22
12313.000,2.128E-22
12314.000,2.121E-22
12315.000,2.114E-22
12316.000,2.107E-22
12317.000,2.101E-22
12318.000,2.095E-22
12319.000,2.089E-22
12320.000,2.083E-22
12321.000,2.077E-22
12322.000,2.069E-22
12323.000,2.061E-22
12324.000,2.054E-22
12325.000,2.046E-22
12326.000,2.040E-22
12327.000,2.033E-22
12328.000,2.027E-22
12329.000,2.020E-22
12330.000,2.014E-22
12331.000,2.007E-22
12332.000,2.000E-22
12333.000,1.993E-22
12334.000,1.986E-22
12335.000,1.978E-22
12336.000,1.971E-22
12337.000,1.963E-22
12338.000,1.956E-22
12339.000,1.950E-22
12340.000,1.944E-22
12341.000,1.937E-22
12342.000,1.931E-22
12343.000,1.925E-22
12344.000,1.918E-22
12345.000,1.910E-22
12346.000,1.903E-22
12347.000,1.895E-22
12348.000,1.889E-22
12349.000,1.883E-22
12350.000,1.877E-22
12351.000,1.871E-22
12352.000,1.865E-22
12353.000,1.857E-22
12354.000,1.849E-22
12355.000,1.842E-22
12356.000,1.834E-22
12357.000,1.828E-22
12358.000,1.823E-22
12359.000,1.817E-22
12360.000,1.812E-22
12361.000,1.806E-22
12362.000,1.799E-22
12363.000,1.793E-22
12364.000,1.786E-22
12365.000,1.779E-22
12366.000,1.773E-22
12367.000,1.767E-22
12368.000,1.761E-22
12369.000,1.755E-22
12370.000,1.749E-22
12371.000,1.742E-22
12372.000,1.735E-22
12373.000,1.728E-22
12374.000,1.721E-22
12375.000,1.715E-22
12376.000,1.710E-22
12377.000,1.704E-22
12378.000,1.699E-22
12379.000,1.693E-22
12380.000,1.687E-22
12381.000,1.681E-22
12382.000,1.674E-22
12383.000,1.668E-22
12384.000,1.663E-22
12385.000,1.658E-22
12386.000,1.652E-22
12387.000,1.647E-22
12388.000,1.642E-22
12389.000,1.637E-22
12390.000,1.631E-22
12391.000,1.625E-22
12392.000,1.620E-22
12393.000,1.616E-22
12394.000,1.612E-22
12395.000,1.609E-22
12396.000,1.605E-22
12397.000,1.601E-22
12398.000,1.595E-22
12399.000,1.590E-22
12400.000,1.585E-22
12401.000,1.579E-22
12402.000,1.576E-22
12403.000,1.573E-22
12404.000,1.569E-22
12405.000,1.566E-22
12406.000,1.563E-22
12407.000,1.560E-22
12408.000,1.557E-22
12409.000,1.553E-22
12410.000,1.550E-22
12411.000,1.548E-22
12412.000,1.546E-22
12413.000,1.543E-22
12414.000,1.541E-22
12415.000,1.539E-22
12416.000,1.536E-22
12417.000,1.534E-22
12418.000,1.532E-22
12419.000,1.529E-22
12420.000,1.527E-22
12421.000,1.525E-22
12422.000,1.524E-22
12423.000,1.522E-22
12424.000,1.520E-22
12425.000,1.518E-22
12426.000,1.517E-22
12427.000,1.516E-22
12428.000,1.514E-22
12429.000,1.513E-22
12430.000,1.512E-22
12431.000,1.510E-22
12432.000,1.509E-22
12433.000,1.508E-22
12434.000,1.507E-22
12435.000,1.507E-22
12436.000,1.506E-22
12437.000,1.506E-22
12438.000,1.505E-22
12439.000,1.505E-22
12440.000,1.505E-22
12441.000,1.504E-22
12442.000,1.504E-22
12443.000,1.504E-22
12444.000,1.503E-22
12445.000,1.503E-22
12446.000,1.502E-22
12447.000,1.502E-22
12448.000,1.502E-22
12449.000,1.503E-22
12450.000,1.503E-22
12451.000,1.503E-22
12452.000,1.503E-22
12453.000,1.503E-22
12454.000,1.503E-22
12455.000,1.503E-22
12456.000,1.503E-22
12457.000,1.503E-22
12458.000,1.504E-22
12459.000,1.505E-22
12460.000,1.505E-22
12461.000,1.506E-22
12462.000,1.506E-22
12463.000,1.507E-22
12464.000,1.507E-22
12465.000,1.508E-22
12466.000,1.509E-22
12467.000,1.509E-22
12468.000,1.509E-22
12469.000,1.510E-22
12470.000,1.510E-22
12471.000,1.511E-22
12472.000,1.511E-22
12473.000,1.512E-22
12474.000,1.512E-22
12475.000,1.513E-22
12476.000,1.514E-22
12477.000,1.514E-22
12478.000,1.515E-22
12479.000,1.516E-22
12480.000,1.517E-22
12481.000,1.519E-22
12482.000,1.520E-22
12483.000,1.521E-22
12484.000,1.522E-22
12485.000,1.523E-22
12486.000,1.523E-22
12487.000,1.524E-22
12488.000,1.525E-22
12489.000,1.527E-22
12490.000,1.528E-22
12491.000,1.530E-22
12492.000,1.532E-22
12493.000,1.533E-22
12494.000,1.534E-22
12495.000,1.535E-22
12496.000,1.536E-22
12497.000,1.537E-22
12498.000,1.538E-22
12499.000,1.539E-22
12500.000,1.541E-22
12501.000,1.542E-22
12502.000,1.543E-22
12503.000,1.545E-22
12504.000,1.547E-22
12505.000,1.548E-22
12506.000,1.550E-22
12507.000,1.551E-22
12508.000,1.553E-22
12509.000,1.554E-22
12510.000,1.556E-22
12511.000,1.557E-22
12512.000,1.559E-22
12513.000,1.560E-22
12514.000,1.562E-22
12515.000,1.563E-22
12516.000,1.565E-22
12517.000,1.567E-22
12518.000,1.569E-22
12519.000,1.570E-22
12520.000,1.572E-22
12521.000,1.573E-22
12522.000,1.575E-22
12523.000,1.576E-22
12524.000,1.578E-22
12525.000,1.579E-22
12526.000,1.581E-22
12527.000,1.583E-22
12528.000,1.584E-22
12529.000,1.586E-22
12530.000,1.588E-22
12531.000,1.590E-22
12532.000,1.591E-22
12533.000,1.593E-22
12534.000,1.595E-22
12535.000,1.596E-22
12536.000,1.598E-22
12537.000,1.599E-22
12538.000,1.601E-22
12539.000,1.602E-22
12540.000,1.604E-22
12541.000,1.606E-22
12542.000,1.608E-22
12543.000,1.610E-22
12544.000,1.612E-22
12545.000,1.613E-22
12546.000,1.615E-22
12547.000,1.616E-22
12548.000,1.618E-22
12549.000,1.620E-22
12550.000,1.622E-22
12551.000,1.624E-22
12552.000,1.626E-22
12553.000,1.628E-22
12554.000,1.631E-22
12555.000,1.634E-22
12556.000,1.637E-22
12557.000,1.640E-22
12558.000,1.643E-22
12559.000,1.646E-22
12560.000,1.649E-22
12561.000,1.652E-22
12562.000,1.655E-22
12563.000,1.658E-22
12564.000,1.661E-22
12565.000,1.663E-22
12566.000,1.666E-22
12567.000,1.669E-22
12568.000,1.673E-22
12569.000,1.676E-22
12570.000,1.680E-22
12571.000,1.683E-22
12572.000,1.686E-22
12573.000,1.689E-22
12574.000,1.691E-22
12575.000,1.694E-22
12576.000,1.697E-22
12577.000,1.700E-22
12578.000,1.704E-22
12579.000,1.707E-22
12580.000,1.711E-22
12581.000,1.714E-22
12582.000,1.719E-22
12583.000,1.724E-22
12584.000,1.729E-22
12585.000,1.734E-22
12586.000,1.738E-22
12587.000,1.742E-22
12588.000,1.746E-22
12589.000,1.750E-22
12590.000,1.754E-22
12591.000,1.758E-22
12592.000,1.763E-22
12593.000,1.767E-22
12594.000,1.772E-22
12595.000,1.776E-22
12596.000,1.780E-22
12597.000,1.784E-22
12598.000,1.788E-22
12599.000,1.792E-22
12600.000,1.796E-22
12601.000,1.801E-22
12602.000,1.807E-22
12603.000,1.812E-22
12604.000,1.817E-22
12605.000,1.822E-22
12606.000,1.827E-22
12607.000,1.831E-22
12608.000,1.836E-22
12609.000,1.841E-22
12610.000,1.846E-22
12611.000,1.850E-22
12612.000,1.855E-22
12613.000,1.859E-22
12614.000,1.864E-22
12615.000,1.869E-22
12616.000,1.875E-22
12617.000,1.881E-22
12618.000,1.886E-22
12619.000,1.891E-22
12620.000,1.896E-22
12621.000,1.901E-22
12622.000,1.906E-22
12623.000,1.911E-22
12624.000,1.916E-22
12625.000,1.921E-22
12626.000,1.925E-22
12627.000,1.930E-22
12628.000,1.935E-22
12629.000,1.940E-22
12630.000,1.945E-22
12631.000,1.950E-22
12632.000,1.955E-22
12633.000,1.960E-22
12634.000,1.966E-22
12635.000,1.972E-22
12636.000,1.978E-22
12637.000,1.984E-22
12638.000,1.989E-22
12639.000,1.993E-22
12640.000,1.998E-22
12641.000,2.002E-22
12642.000,2.007E-22
12643.000,2.012E-22
12644.000,2.017E-22
12645.000,2.023E-22
12646.000,2.028E-22
12647.000,2.033E-22
12648.000,2.038E-22
12649.000,2.043E-22
12650.000,2.047E-22
12651.000,2.052E-22
12652.000,2.057E-22
12653.000,2.063E-22
12654.000,2.068E-22
12655.000,2.074E-22
12656.000,2.080E-22
12657.000,2.085E-22
12658.000,2.090E-22
12659.000,2.094E-22
12660.000,2.099E-22
12661.000,2.104E-22
12662.000,2.109E-22
12663.000,2.114E-22
12664.000,2.119E-22
12665.000,2.124E-22
12666.000,2.129E-22
12667.000,2.134E-22
12668.000,2.140E-22
12669.000,2.145E-22
12670.000,2.151E-22
12671.000,2.156E-22
12672.000,2.162E-22
12673.000,2.167E-22
12674.000,2.173E-22
12675.000,2.178E-22
12676.000,2.184E-22
12677.000,2.191E-22
12678.000,2.197E-22
12679.000,2.204E-22
12680.000,2.211E-22
12681.000,2.217E-22
12682.000,2.223E-22
12683.000,2.229E-22
12684.000,2.235E-22
12685.000,2.241E-22
12686.000,2.247E-22
12687.000,2.253E-22
12688.000,2.260E-22
12689.000,2.266E-22
12690.000,2.272E-22
12691.000,2.278E-22
12692.000,2.284E-22
12693.000,2.290E-22
12694.000,2.296E-22
12695.000,2.302E-22
12696.000,2.310E-22
12697.000,2.317E-22
12698.000,2.325E-22
12699.000,2.333E-22
12700.000,2.340E-22
12701.000,2.348E-22
12702.000,2.355E-22
12703.000,2.363E-22
12704.000,2.370E-22
12705.000,2.377E-22
12706.000,2.384E-22
12707.000,2.390E-22
12708.000,2.397E-22
12709.000,2.404E-22
12710.000,2.412E-22
12711.000,2.420E-22
12712.000,2.427E-22
12713.000,2.435E-22
12714.000,2.443E-22
12715.000,2.451E-22
12716.000,2.460E-22
12717.000,2.468E-22
12718.000,2.477E-22
12719.000,2.485E-22
12720.000,2.494E-22
12721.000,2.502E-22
12722.000,2.511E-22
12723.000,2.519E-22
12724.000,2.528E-22
12725.000,2.539E-22
12726.000,2.550E-22
12727.000,2.560E-22
12728.000,2.571E-22
12729.000,2.580E-22
12730.000,2.590E-22
12731.000,2.599E-22
12732.000,2.609E-22
12733.000,2.618E-22
12734.000,2.628E-22
12735.000,2.638E-22
12736.000,2.649E-22
12737.000,2.659E-22
12738.000,2.669E-22
12739.000,2.679E-22
12740.000,2.689E-22
12741.000,2.699E-22
12742.000,2.709E-22
12743.000,2.719E-22
12744.000,2.730E-22
12745.000,2.741E-22
12746.000,2.751E-22
12747.000,2.762E-22
12748.000,2.773E-22
12749.000,2.784E-22
12750.000,2.795E-22
12751.000,2.806E-22
12752.000,2.817E-22
12753.000,2.828E-22
12754.000,2.839E-22
12755.000,2.849E-22
12756.000,2.860E-22
12757.000,2.870E-22
12758.000,2.881E-22
12759.000,2.895E-22
12760.000,2.909E-22
12761.000,2.924E-22
12762.000,2.938E-22
12763.000,2.949E-22
12764.000,2.960E-22
12765.000,2.972E-22
12766.000,2.983E-22
12767.000,2.994E-22
12768.000,3.005E-22
12769.000,3.016E-22
12770.000,3.027E-22
12771.000,3.038E-22
12772.000,3.049E-22
12773.000,3.059E-22
12774.000,3.069E-22
12775.000,3.080E-22
12776.000,3.090E-22
12777.000,3.100E-22
12778.000,3.112E-22
12779.000,3.124E-22
12780.000,3.135E-22
12781.000,3.147E-22
12782.000,3.159E-22
12783.000,3.169E-22
12784.000,3.180E-22
12785.000,3.190E-22
12786.000,3.201E-22
12787.000,3.211E-22
12788.000,3.221E-22
12789.000,3.231E-22
12790.000,3.241E-22
12791.000,3.251E-22
12792.000,3.261E-22
12793.000,3.269E-22
12794.000,3.277E-22
12795.000,3.285E-22
12796.000,3.293E-22
12797.000,3.300E-22
12798.000,3.308E-22
12799.000,3.316E-22
12800.000,3.323E-22
12801.000,3.331E-22
12802.000,3.338E-22
12803.000,3.346E-22
12804.000,3.353E-22
12805.000,3.361E-22
12806.000,3.367E-22
12807.000,3.374E-22
12808.000,3.380E-22
12809.000,3.386E-22
12810.000,3.391E-22
12811.000,3.396E-22
12812.000,3.401E-22
12813.000,3.407E-22
12814.000,3.412E-22
12815.000,3.418E-22
12816.000,3.420E-22
12817.000,3.422E-22
12818.000,3.424E-22
12819.000,3.426E-22
12820.000,3.431E-22
12821.000,3.435E-22
12822.000,3.440E-22
12823.000,3.441E-22
12824.000,3.442E-22
12825.000,3.444E-22
12826.000,3.445E-22
12827.000,3.448E-22
12828.000,3.450E-22
12829.000,3.453E-22
12830.000,3.453E-22
12831.000,3.453E-22
12832.000,3.453E-22
12833.000,3.453E-22
12834.000,3.453E-22
12835.000,3.453E-22
12836.000,3.453E-22
12837.000,3.452E-22
12838.000,3.451E-22
12839.000,3.449E-22
12840.000,3.448E-22
12841.000,3.447E-22
12842.000,3.447E-22
12843.000,3.446E-22
12844.000,3.441E-22
12845.000,3.437E-22
12846.000,3.432E-22
12847.000,3.430E-22
12848.000,3.427E-22
12849.000,3.425E-22
12850.000,3.423E-22
12851.000,3.417E-22
12852.000,3.411E-22
12853.000,3.405E-22
12854.000,3.401E-22
12855.000,3.398E-22
12856.000,3.394E-22
12857.000,3.390E-22
12858.000,3.383E-22
12859.000,3.375E-22
12860.000,3.368E-22
12861.000,3.363E-22
12862.000,3.359E-22
12863.000,3.354E-22
12864.000,3.349E-22
12865.000,3.340E-22
12866.000,3.332E-22
12867.000,3.323E-22
12868.000,3.317E-22
12869.000,3.311E-22
12870.000,3.306E-22
12871.000,3.300E-22
12872.000,3.291E-22
12873.000,3.281E-22
12874.000,3.272E-22
12875.000,3.266E-22
12876.000,3.260E-22
12877.000,3.254E-22
12878.000,3.248E-22
12879.000,3.238E-22
12880.000,3.228E-22
12881.000,3.218E-22
12882.000,3.211E-22
12883.000,3.204E-22
12884.000,3.197E-22
12885.000,3.190E-22
12886.000,3.179E-22
12887.000,3.168E-22
12888.000,3.157E-22
12889.000,3.150E-22
12890.000,3.143E-22
12891.000,3.136E-22
12892.000,3.129E-22
12893.000,3.118E-22
12894.000,3.107E-22
12895.000,3.096E-22
12896.000,3.087E-22
12897.000,3.077E-22
12898.000,3.068E-22
12899.000,3.060E-22
12900.000,3.052E-22
12901.000,3.044E-22
12902.000,3.036E-22
12903.000,3.027E-22
12904.000,3.017E-22
12905.000,3.008E-22
12906.000,3.000E-22
12907.000,2.992E-22
12908.000,2.985E-22
12909.000,2.977E-22
12910.000,2.968E-22
12911.000,2.959E-22
12912.000,2.950E-22
12913.000,2.942E-22
12914.000,2.935E-22
12915.000,2.927E-22
12916.000,2.919E-22
12917.000,2.911E-22
12918.000,2.902E-22
12919.000,2.894E-22
12920.000,2.887E-22
12921.000,2.880E-22
12922.000,2.874E-22
12923.000,2.867E-22
12924.000,2.859E-22
12925.000,2.852E-22
12926.000,2.844E-22
12927.000,2.838E-22
12928.000,2.832E-22
12929.000,2.825E-22
12930.000,2.819E-22
12931.000,2.812E-22
12932.000,2.804E-22
12933.000,2.797E-22
12934.000,2.791E-22
12935.000,2.785E-22
12936.000,2.779E-22
12937.000,2.773E-22
12938.000,2.767E-22
12939.000,2.761E-22
12940.000,2.755E-22
12941.000,2.749E-22
12942.000,2.743E-22
12943.000,2.738E-22
12944.000,2.732E-22
12945.000,2.726E-22
12946.000,2.720E-22
12947.000,2.714E-22
12948.000,2.709E-22
12949.000,2.705E-22
12950.000,2.700E-22
12951.000,2.695E-22
12952.000,2.690E-22
12953.000,2.685E-22
12954.000,2.680E-22
12955.000,2.677E-22
12956.000,2.673E-22
12957.000,2.669E-22
12958.000,2.666E-22
12959.000,2.662E-22
12960.000,2.657E-22
12961.000,2.653E-22
12962.000,2.650E-22
12963.000,2.646E-22
12964.000,2.642E-22
12965.000,2.639E-22
12966.000,2.636E-22
12967.000,2.632E-22
12968.000,2.629E-22
12969.000,2.626E-22
12970.000,2.623E-22
12971.000,2.620E-22
12972.000,2.617E-22
12973.000,2.614E-22
12974.000,2.611E-22
12975.000,2.608E-22
12976.000,2.605E-22
12977.000,2.603E-22
12978.000,2.601E-22
12979.000,2.598E-22
12980.000,2.595E-22
12981.000,2.593E-22
12982.000,2.590E-22
12983.000,2.588E-22
12984.000,2.586E-22
12985.000,2.583E-22
12986.000,2.581E-22
12987.000,2.580E-22
12988.000,2.579E-22
12989.000,2.578E-22
12990.000,2.576E-22
12991.000,2.575E-22
12992.000,2.573E-22
12993.000,2.571E-22
12994.000,2.569E-22
12995.000,2.568E-22
12996.000,2.566E-22
12997.000,2.564E-22
12998.000,2.563E-22
12999.000,2.561E-22
13000.000,2.559E-22
13001.000,2.558E-22
13002.000,2.556E-22
13003.000,2.555E-22
13004.000,2.554E-22
13005.000,2.554E-22
13006.000,2.553E-22
13007.000,2.553E-22
13008.000,2.552E-22
13009.000,2.551E-22
13010.000,2.551E-22
13011.000,2.550E-22
13012.000,2.548E-22
13013.000,2.547E-22
13014.000,2.545E-22
13015.000,2.545E-22
13016.000,2.545E-22
13017.000,2.545E-22
13018.000,2.545E-22
13019.000,2.543E-22
13020.000,2.542E-22
13021.000,2.540E-22
13022.000,2.539E-22
13023.000,2.539E-22
13024.000,2.538E-22
13025.000,2.538E-22
13026.000,2.537E-22
13027.000,2.535E-22
13028.000,2.534E-22
13029.000,2.534E-22
13030.000,2.534E-22
13031.000,2.533E-22
13032.000,2.533E-22
13033.000,2.532E-22
13034.000,2.532E-22
13035.000,2.531E-22
13036.000,2.530E-22
13037.000,2.530E-22
13038.000,2.529E-22
13039.000,2.528E-22
13040.000,2.527E-22
13041.000,2.527E-22
13042.000,2.526E-22
13043.000,2.527E-22
13044.000,2.527E-22
13045.000,2.528E-22
13046.000,2.528E-22
13047.000,2.530E-22
13048.000,2.531E-22
13049.000,2.533E-22
13050.000,2.535E-22
13051.000,2.537E-22
13052.000,2.539E-22
13053.000,2.541E-22
13054.000,2.544E-22
13055.000,2.546E-22
13056.000,2.549E-22
13057.000,2.551E-22
13058.000,2.552E-22
13059.000,2.554E-22
13060.000,2.556E-22
13061.000,2.559E-22
13062.000,2.561E-22
13063.000,2.564E-22
13064.000,2.566E-22
13065.000,2.570E-22
13066.000,2.573E-22
13067.000,2.577E-22
13068.000,2.580E-22
13069.000,2.582E-22
13070.000,2.585E-22
13071.000,2.588E-22
13072.000,2.590E-22
13073.000,2.591E-22
13074.000,2.593E-22
13075.000,2.592E-22
13076.000,2.591E-22
13077.000,2.591E-22
13078.000,2.590E-22
13079.000,2.589E-22
13080.000,2.587E-22
13081.000,2.586E-22
13082.000,2.585E-22
13083.000,2.583E-22
13084.000,2.582E-22
13085.000,2.581E-22
13086.000,2.582E-22
13087.000,2.582E-22
13088.000,2.582E-22
13089.000,2.583E-22
13090.000,2.584E-22
13091.000,2.585E-22
13092.000,2.586E-22
13093.000,2.588E-22
13094.000,2.590E-22
13095.000,2.592E-22
13096.000,2.594E-22
13097.000,2.598E-22
13098.000,2.603E-22
13099.000,2.607E-22
13100.000,2.610E-22
13101.000,2.612E-22
13102.000,2.615E-22
13103.000,2.618E-22
13104.000,2.621E-22
13105.000,2.625E-22
13106.000,2.628E-22
13107.000,2.631E-22
13108.000,2.635E-22
13109.000,2.638E-22
13110.000,2.641E-22
13111.000,2.643E-22
13112.000,2.646E-22
13113.000,2.649E-22
13114.000,2.651E-22
13115.000,2.656E-22
13116.000,2.662E-22
13117.000,2.667E-22
13118.000,2.670E-22
13119.000,2.672E-22
13120.000,2.675E-22
13121.000,2.678E-22
13122.000,2.681E-22
13123.000,2.685E-22
13124.000,2.688E-22
13125.000,2.689E-22
13126.000,2.690E-22
13127.000,2.691E-22
13128.000,2.692E-22
13129.000,2.694E-22
13130.000,2.695E-22
13131.000,2.697E-22
13132.000,2.698E-22
13133.000,2.698E-22
13134.000,2.699E-22
13135.000,2.699E-22
13136.000,2.701E-22
13137.000,2.703E-22
13138.000,2.706E-22
13139.000,2.708E-22
13140.000,2.711E-22
13141.000,2.715E-22
13142.000,2.718E-22
13143.000,2.721E-22
13144.000,2.723E-22
13145.000,2.725E-22
13146.000,2.728E-22
13147.000,2.731E-22
13148.000,2.735E-22
13149.000,2.738E-22
13150.000,2.742E-22
13151.000,2.747E-22
13152.000,2.752E-22
13153.000,2.756E-22
13154.000,2.760E-22
13155.000,2.765E-22
13156.000,2.770E-22
13157.000,2.774E-22
13158.000,2.780E-22
13159.000,2.787E-22
13160.000,2.793E-22
13161.000,2.797E-22
13162.000,2.801E-22
13163.000,2.805E-22
13164.000,2.809E-22
13165.000,2.816E-22
13166.000,2.822E-22
13167.000,2.829E-22
13168.000,2.832E-22
13169.000,2.835E-22
13170.000,2.838E-22
13171.000,2.841E-22
13172.000,2.845E-22
13173.000,2.849E-22
13174.000,2.853E-22
13175.000,2.857E-22
13176.000,2.862E-22
13177.000,2.867E-22
13178.000,2.872E-22
13179.000,2.876E-22
13180.000,2.880E-22
13181.000,2.885E-22
13182.000,2.889E-22
13183.000,2.894E-22
13184.000,2.899E-22
13185.000,2.904E-22
13186.000,2.908E-22
13187.000,2.913E-22
13188.000,2.918E-22
13189.000,2.922E-22
13190.000,2.926E-22
13191.000,2.930E-22
13192.000,2.934E-22
13193.000,2.938E-22
13194.000,2.945E-22
13195.000,2.952E-22
13196.000,2.959E-22
13197.000,2.963E-22
13198.000,2.968E-22
13199.000,2.973E-22
13200.000,2.977E-22
13201.000,2.984E-22
13202.000,2.992E-22
13203.000,2.999E-22
13204.000,3.004E-22
13205.000,3.009E-22
13206.000,3.015E-22
13207.000,3.020E-22
13208.000,3.026E-22
13209.000,3.033E-22
13210.000,3.039E-22
13211.000,3.045E-22
13212.000,3.052E-22
13213.000,3.060E-22
13214.000,3.067E-22
13215.000,3.073E-22
13216.000,3.080E-22
13217.000,3.087E-22
13218.000,3.093E-22
13219.000,3.099E-22
13220.000,3.106E-22
13221.000,3.112E-22
13222.000,3.118E-22
13223.000,3.127E-22
13224.000,3.136E-22
13225.000,3.145E-22
13226.000,3.152E-22
13227.000,3.158E-22
13228.000,3.164E-22
13229.000,3.171E-22
13230.000,3.182E-22
13231.000,3.193E-22
13232.000,3.204E-22
13233.000,3.211E-22
13234.000,3.218E-22
13235.000,3.224E-22
13236.000,3.231E-22
13237.000,3.239E-22
13238.000,3.248E-22
13239.000,3.256E-22
13240.000,3.264E-22
13241.000,3.275E-22
13242.000,3.285E-22
13243.000,3.296E-22
13244.000,3.305E-22
13245.000,3.314E-22
13246.000,3.322E-22
13247.000,3.331E-22
13248.000,3.340E-22
13249.000,3.350E-22
13250.000,3.359E-22
13251.000,3.368E-22
13252.000,3.381E-22
13253.000,3.393E-22
13254.000,3.406E-22
13255.000,3.415E-22
13256.000,3.425E-22
13257.000,3.435E-22
13258.000,3.444E-22
13259.000,3.454E-22
13260.000,3.464E-22
13261.000,3.474E-22
13262.000,3.484E-22
13263.000,3.497E-22
13264.000,3.510E-22
13265.000,3.523E-22
13266.000,3.534E-22
13267.000,3.546E-22
13268.000,3.557E-22
13269.000,3.568E-22
13270.000,3.579E-22
13271.000,3.590E-22
13272.000,3.600E-22
13273.000,3.611E-22
13274.000,3.626E-22
13275.000,3.641E-22
13276.000,3.656E-22
13277.000,3.667E-22
13278.000,3.679E-22
13279.000,3.691E-22
13280.000,3.702E-22
13281.000,3.714E-22
13282.000,3.727E-22
13283.000,3.740E-22
13284.000,3.752E-22
13285.000,3.768E-22
13286.000,3.785E-22
13287.000,3.801E-22
13288.000,3.814E-22
13289.000,3.827E-22
13290.000,3.840E-22
13291.000,3.853E-22
13292.000,3.865E-22
13293.000,3.877E-22
13294.000,3.890E-22
13295.000,3.902E-22
13296.000,3.920E-22
13297.000,3.938E-22
13298.000,3.956E-22
13299.000,3.969E-22
13300.000,3.981E-22
13301.000,3.994E-22
13302.000,4.007E-22
13303.000,4.020E-22
13304.000,4.034E-22
13305.000,4.047E-22
13306.000,4.060E-22
13307.000,4.077E-22
13308.000,4.094E-22
13309.000,4.111E-22
13310.000,4.124E-22
13311.000,4.137E-22
13312.000,4.150E-22
13313.000,4.163E-22
13314.000,4.175E-22
13315.000,4.187E-22
13316.000,4.199E-22
13317.000,4.211E-22
13318.000,4.228E-22
13319.000,4.246E-22
13320.000,4.263E-22
13321.000,4.274E-22
13322.000,4.286E-22
13323.000,4.298E-22
13324.000,4.309E-22
13325.000,4.320E-22
13326.000,4.332E-22
13327.000,4.344E-22
13328.000,4.355E-22
13329.000,4.369E-22
13330.000,4.383E-22
13331.000,4.397E-22
13332.000,4.407E-22
13333.000,4.417E-22
13334.000,4.427E-22
13335.000,4.437E-22
13336.000,4.446E-22
13337.000,4.455E-22
13338.000,4.465E-22
13339.000,4.474E-22
13340.000,4.486E-22
13341.000,4.497E-22
13342.000,4.509E-22
13343.000,4.516E-22
13344.000,4.524E-22
13345.000,4.532E-22
13346.000,4.539E-22
13347.000,4.547E-22
13348.000,4.555E-22
13349.000,4.563E-22
13350.000,4.571E-22
13351.000,4.579E-22
13352.000,4.588E-22
13353.000,4.596E-22
13354.000,4.601E-22
13355.000,4.607E-22
13356.000,4.612E-22
13357.000,4.617E-22
13358.000,4.621E-22
13359.000,4.625E-22
13360.000,4.629E-22
13361.000,4.633E-22
13362.000,4.637E-22
13363.000,4.641E-22
13364.000,4.644E-22
13365.000,4.648E-22
13366.000,4.652E-22
13367.000,4.655E-22
13368.000,4.659E-22
13369.000,4.662E-22
13370.000,4.666E-22
13371.000,4.669E-22
13372.000,4.672E-22
13373.000,4.673E-22
13374.000,4.674E-22
13375.000,4.675E-22
13376.000,4.676E-22
13377.000,4.677E-22
13378.000,4.679E-22
13379.000,4.680E-22
13380.000,4.680E-22
13381.000,4.680E-22
13382.000,4.680E-22
13383.000,4.680E-22
13384.000,4.680E-22
13385.000,4.680E-22
13386.000,4.680E-22
13387.000,4.680E-22
13388.000,4.679E-22
13389.000,4.678E-22
13390.000,4.677E-22
13391.000,4.676E-22
13392.000,4.675E-22
13393.000,4.675E-22
13394.000,4.674E-22
13395.000,4.672E-22
13396.000,4.671E-22
13397.000,4.669E-22
13398.000,4.667E-22
13399.000,4.665E-22
13400.000,4.662E-22
13401.000,4.660E-22
13402.000,4.658E-22
13403.000,4.653E-22
13404.000,4.649E-22
13405.000,4.644E-22
13406.000,4.640E-22
13407.000,4.637E-22
13408.000,4.633E-22
13409.000,4.630E-22
13410.000,4.626E-22
13411.000,4.622E-22
13412.000,4.618E-22
13413.000,4.614E-22
13414.000,4.610E-22
13415.000,4.607E-22
13416.000,4.603E-22
13417.000,4.600E-22
13418.000,4.594E-22
13419.000,4.588E-22
13420.000,4.582E-22
13421.000,4.578E-22
13422.000,4.574E-22
13423.000,4.571E-22
13424.000,4.567E-22
13425.000,4.562E-22
13426.000,4.558E-22
13427.000,4.553E-22
13428.000,4.548E-22
13429.000,4.544E-22
13430.000,4.539E-22
13431.000,4.535E-22
13432.000,4.531E-22
13433.000,4.525E-22
13434.000,4.519E-22
13435.000,4.513E-22
13436.000,4.508E-22
13437.000,4.504E-22
13438.000,4.499E-22
13439.000,4.495E-22
13440.000,4.491E-22
13441.000,4.486E-22
13442.000,4.481E-22
13443.000,4.477E-22
13444.000,4.471E-22
13445.000,4.466E-22
13446.000,4.460E-22
13447.000,4.456E-22
13448.000,4.451E-22
13449.000,4.447E-22
13450.000,4.443E-22
13451.000,4.439E-22
13452.000,4.436E-22
13453.000,4.432E-22
13454.000,4.428E-22
13455.000,4.424E-22
13456.000,4.420E-22
13457.000,4.417E-22
13458.000,4.413E-22
13459.000,4.408E-22
13460.000,4.403E-22
13461.000,4.398E-22
13462.000,4.394E-22
13463.000,4.390E-22
13464.000,4.387E-22
13465.000,4.383E-22
13466.000,4.380E-22
13467.000,4.378E-22
13468.000,4.376E-22
13469.000,4.373E-22
13470.000,4.370E-22
13471.000,4.366E-22
13472.000,4.363E-22
13473.000,4.360E-22
13474.000,4.358E-22
13475.000,4.355E-22
13476.000,4.352E-22
13477.000,4.350E-22
13478.000,4.346E-22
13479.000,4.342E-22
13480.000,4.338E-22
13481.000,4.336E-22
13482.000,4.334E-22
13483.000,4.332E-22
13484.000,4.330E-22
13485.000,4.328E-22
13486.000,4.326E-22
13487.000,4.323E-22
13488.000,4.321E-22
13489.000,4.319E-22
13490.000,4.318E-22
13491.000,4.316E-22
13492.000,4.314E-22
13493.000,4.312E-22
13494.000,4.309E-22
13495.000,4.307E-22
13496.000,4.305E-22
13497.000,4.303E-22
13498.000,4.302E-22
13499.000,4.300E-22
13500.000,4.299E-22
13501.000,4.298E-22
13502.000,4.296E-22
13503.000,4.295E-22
13504.000,4.294E-22
13505.000,4.293E-22
13506.000,4.293E-22
13507.000,4.292E-22
13508.000,4.291E-22
13509.000,4.289E-22
13510.000,4.288E-22
13511.000,4.287E-22
13512.000,4.287E-22
13513.000,4.287E-22
13514.000,4.286E-22
13515.000,4.285E-22
13516.000,4.285E-22
13517.000,4.284E-22
13518.000,4.283E-22
13519.000,4.283E-22
13520.000,4.284E-22
13521.000,4.284E-22
13522.000,4.284E-22
13523.000,4.284E-22
13524.000,4.284E-22
13525.000,4.284E-22
13526.000,4.284E-22
13527.000,4.284E-22
13528.000,4.284E-22
13529.000,4.284E-22
13530.000,4.284E-22
13531.000,4.284E-22
13532.000,4.283E-22
13533.000,4.283E-22
13534.000,4.284E-22
13535.000,4.284E-22
13536.000,4.285E-22
13537.000,4.285E-22
13538.000,4.286E-22
13539.000,4.287E-22
13540.000,4.288E-22
13541.000,4.289E-22
13542.000,4.290E-22
13543.000,4.291E-22
13544.000,4.292E-22
13545.000,4.293E-22
13546.000,4.293E-22
13547.000,4.293E-22
13548.000,4.293E-22
13549.000,4.294E-22
13550.000,4.296E-22
13551.000,4.297E-22
13552.000,4.298E-22
13553.000,4.299E-22
13554.000,4.300E-22
13555.000,4.301E-22
13556.000,4.302E-22
13557.000,4.303E-22
13558.000,4.304E-22
13559.000,4.306E-22
13560.000,4.307E-22
13561.000,4.308E-22
13562.000,4.310E-22
13563.000,4.312E-22
13564.000,4.313E-22
13565.000,4.315E-22
13566.000,4.316E-22
13567.000,4.318E-22
13568.000,4.319E-22
13569.000,4.320E-22
13570.000,4.321E-22
13571.000,4.322E-22
13572.000,4.323E-22
13573.000,4.325E-22
13574.000,4.326E-22
13575.000,4.327E-22
13576.000,4.328E-22
13577.000,4.329E-22
13578.000,4.330E-22
13579.000,4.331E-22
13580.000,4.332E-22
13581.000,4.333E-22
13582.000,4.334E-22
13583.000,4.335E-22
13584.000,4.337E-22
13585.000,4.338E-22
13586.000,4.340E-22
13587.000,4.342E-22
13588.000,4.343E-22
13589.000,4.345E-22
13590.000,4.346E-22
13591.000,4.347E-22
13592.000,4.348E-22
13593.000,4.349E-22
13594.000,4.350E-22
13595.000,4.351E-22
13596.000,4.352E-22
13597.000,4.354E-22
13598.000,4.355E-22
13599.000,4.356E-22
13600.000,4.357E-22
13601.000,4.357E-22
13602.000,4.358E-22
13603.000,4.359E-22
13604.000,4.359E-22
13605.000,4.360E-22
13606.000,4.361E-22
13607.000,4.363E-22
13608.000,4.365E-22
13609.000,4.367E-22
13610.000,4.369E-22
13611.000,4.371E-22
13612.000,4.372E-22
13613.000,4.374E-22
13614.000,4.376E-22
13615.000,4.378E-22
13616.000,4.379E-22
13617.000,4.381E-22
13618.000,4.383E-22
13619.000,4.385E-22
13620.000,4.386E-22
13621.000,4.388E-22
13622.000,4.390E-22
13623.000,4.391E-22
13624.000,4.392E-22
13625.000,4.394E-22
13626.000,4.396E-22
13627.000,4.398E-22
13628.000,4.400E-22
13629.000,4.402E-22
13630.000,4.404E-22
13631.000,4.407E-22
13632.000,4.409E-22
13633.000,4.411E-22
13634.000,4.414E-22
13635.000,4.417E-22
13636.000,4.419E-22
13637.000,4.422E-22
13638.000,4.424E-22
13639.000,4.426E-22
13640.000,4.429E-22
13641.000,4.432E-22
13642.000,4.434E-22
13643.000,4.436E-22
13644.000,4.439E-22
13645.000,4.442E-22
13646.000,4.445E-22
13647.000,4.447E-22
13648.000,4.450E-22
13649.000,4.453E-22
13650.000,4.456E-22
13651.000,4.460E-22
13652.000,4.463E-22
13653.000,4.466E-22
13654.000,4.470E-22
13655.000,4.473E-22
13656.000,4.476E-22
13657.000,4.481E-22
13658.000,4.486E-22
13659.000,4.491E-22
13660.000,4.495E-22
13661.000,4.499E-22
13662.000,4.502E-22
13663.000,4.506E-22
13664.000,4.510E-22
13665.000,4.513E-22
13666.000,4.517E-22
13667.000,4.521E-22
13668.000,4.525E-22
13669.000,4.530E-22
13670.000,4.534E-22
13671.000,4.538E-22
13672.000,4.542E-22
13673.000,4.546E-22
13674.000,4.551E-22
13675.000,4.555E-22
13676.000,4.559E-22
13677.000,4.564E-22
13678.000,4.568E-22
13679.000,4.573E-22
13680.000,4.578E-22
13681.000,4.584E-22
13682.000,4.589E-22
13683.000,4.594E-22
13684.000,4.600E-22
13685.000,4.605E-22
13686.000,4.611E-22
13687.000,4.617E-22
13688.000,4.625E-22
13689.000,4.632E-22
13690.000,4.640E-22
13691.000,4.646E-22
13692.000,4.652E-22
13693.000,4.657E-22
13694.000,4.663E-22
13695.000,4.669E-22
13696.000,4.675E-22
13697.000,4.681E-22
13698.000,4.687E-22
13699.000,4.693E-22
13700.000,4.700E-22
13701.000,4.706E-22
13702.000,4.712E-22
13703.000,4.719E-22
13704.000,4.726E-22
13705.000,4.733E-22
13706.000,4.740E-22
13707.000,4.746E-22
13708.000,4.752E-22
13709.000,4.759E-22
13710.000,4.765E-22
13711.000,4.772E-22
13712.000,4.779E-22
13713.000,4.786E-22
13714.000,4.793E-22
13715.000,4.800E-22
13716.000,4.807E-22
13717.000,4.815E-22
13718.000,4.822E-22
13719.000,4.829E-22
13720.000,4.836E-22
13721.000,4.844E-22
13722.000,4.851E-22
13723.000,4.861E-22
13724.000,4.870E-22
13725.000,4.880E-22
13726.000,4.888E-22
13727.000,4.895E-22
13728.000,4.902E-22
13729.000,4.910E-22
13730.000,4.918E-22
13731.000,4.926E-22
13732.000,4.934E-22
13733.000,4.942E-22
13734.000,4.950E-22
13735.000,4.958E-22
13736.000,4.966E-22
13737.000,4.974E-22
13738.000,4.981E-22
13739.000,4.989E-22
13740.000,4.997E-22
13741.000,5.004E-22
13742.000,5.012E-22
13743.000,5.020E-22
13744.000,5.028E-22
13745.000,5.036E-22
13746.000,5.043E-22
13747.000,5.051E-22
13748.000,5.059E-22
13749.000,5.066E-22
13750.000,5.074E-22
13751.000,5.083E-22
13752.000,5.091E-22
13753.000,5.099E-22
13754.000,5.106E-22
13755.000,5.114E-22
13756.000,5.122E-22
13757.000,5.129E-22
13758.000,5.137E-22
13759.000,5.145E-22
13760.000,5.152E-22
13761.000,5.160E-22
13762.000,5.167E-22
13763.000,5.174E-22
13764.000,5.180E-22
13765.000,5.187E-22
13766.000,5.194E-22
13767.000,5.201E-22
13768.000,5.207E-22
13769.000,5.214E-22
13770.000,5.223E-22
13771.000,5.232E-22
13772.000,5.241E-22
13773.000,5.248E-22
13774.000,5.255E-22
13775.000,5.262E-22
13776.000,5.269E-22
13777.000,5.275E-22
13778.000,5.281E-22
13779.000,5.288E-22
13780.000,5.294E-22
13781.000,5.301E-22
13782.000,5.308E-22
13783.000,5.314E-22
13784.000,5.321E-22
13785.000,5.327E-22
13786.000,5.332E-22
13787.000,5.338E-22
13788.000,5.344E-22
13789.000,5.350E-22
13790.000,5.357E-22
13791.000,5.363E-22
13792.000,5.369E-22
13793.000,5.375E-22
13794.000,5.381E-22
13795.000,5.387E-22
13796.000,5.393E-22
13797.000,5.399E-22
13798.000,5.405E-22
13799.000,5.411E-22
13800.000,5.417E-22
13801.000,5.423E-22
13802.000,5.428E-22
13803.000,5.434E-22
13804.000,5.440E-22
13805.000,5.446E-22
13806.000,5.452E-22
13807.000,5.459E-22
13808.000,5.465E-22
13809.000,5.472E-22
13810.000,5.478E-22
13811.000,5.485E-22
13812.000,5.492E-22
13813.000,5.498E-22
13814.000,5.505E-22
13815.000,5.511E-22
13816.000,5.517E-22
13817.000,5.523E-22
13818.000,5.530E-22
13819.000,5.537E-22
13820.000,5.543E-22
13821.000,5.551E-22
13822.000,5.559E-22
13823.000,5.567E-22
13824.000,5.575E-22
13825.000,5.582E-22
13826.000,5.590E-22
13827.000,5.598E-22
13828.000,5.605E-22
13829.000,5.613E-22
13830.000,5.621E-22
13831.000,5.629E-22
13832.000,5.637E-22
13833.000,5.645E-22
13834.000,5.653E-22
13835.000,5.660E-22
13836.000,5.668E-22
13837.000,5.677E-22
13838.000,5.686E-22
13839.000,5.694E-22
13840.000,5.703E-22
13841.000,5.711E-22
13842.000,5.719E-22
13843.000,5.728E-22
13844.000,5.736E-22
13845.000,5.745E-22
13846.000,5.755E-22
13847.000,5.764E-22
13848.000,5.774E-22
13849.000,5.784E-22
13850.000,5.794E-22
13851.000,5.804E-22
13852.000,5.814E-22
13853.000,5.828E-22
13854.000,5.842E-22
13855.000,5.856E-22
13856.000,5.866E-22
13857.000,5.876E-22
13858.000,5.887E-22
13859.000,5.897E-22
13860.000,5.908E-22
13861.000,5.920E-22
13862.000,5.931E-22
13863.000,5.942E-22
13864.000,5.953E-22
13865.000,5.964E-22
13866.000,5.975E-22
13867.000,5.986E-22
13868.000,5.998E-22
13869.000,6.010E-22
13870.000,6.021E-22
13871.000,6.033E-22
13872.000,6.045E-22
13873.000,6.058E-22
13874.000,6.071E-22
13875.000,6.083E-22
13876.000,6.096E-22
13877.000,6.109E-22
13878.000,6.121E-22
13879.000,6.134E-22
13880.000,6.146E-22
13881.000,6.159E-22
13882.000,6.171E-22
13883.000,6.183E-22
13884.000,6.196E-22
13885.000,6.209E-22
13886.000,6.222E-22
13887.000,6.235E-22
13888.000,6.247E-22
13889.000,6.260E-22
13890.000,6.273E-22
13891.000,6.285E-22
13892.000,6.298E-22
13893.000,6.311E-22
13894.000,6.323E-22
13895.000,6.336E-22
13896.000,6.349E-22
13897.000,6.362E-22
13898.000,6.375E-22
13899.000,6.388E-22
13900.000,6.401E-22
13901.000,6.413E-22
13902.000,6.426E-22
13903.000,6.439E-22
13904.000,6.452E-22
13905.000,6.464E-22
13906.000,6.476E-22
13907.000,6.489E-22
13908.000,6.499E-22
13909.000,6.510E-22
13910.000,6.520E-22
13911.000,6.530E-22
13912.000,6.542E-22
13913.000,6.554E-22
13914.000,6.565E-22
13915.000,6.577E-22
13916.000,6.586E-22
13917.000,6.595E-22
13918.000,6.605E-22
13919.000,6.614E-22
13920.000,6.626E-22
13921.000,6.639E-22
13922.000,6.652E-22
13923.000,6.664E-22
13924.000,6.674E-22
13925.000,6.683E-22
13926.000,6.693E-22
13927.000,6.703E-22
13928.000,6.715E-22
13929.000,6.728E-22
13930.000,6.741E-22
13931.000,6.753E-22
13932.000,6.760E-22
13933.000,6.767E-22
13934.000,6.774E-22
13935.000,6.781E-22
13936.000,6.788E-22
13937.000,6.794E-22
13938.000,6.799E-22
13939.000,6.805E-22
13940.000,6.811E-22
13941.000,6.819E-22
13942.000,6.826E-22
13943.000,6.833E-22
13944.000,6.841E-22
13945.000,6.849E-22
13946.000,6.857E-22
13947.000,6.866E-22
13948.000,6.874E-22
13949.000,6.883E-22
13950.000,6.893E-22
13951.000,6.903E-22
13952.000,6.912E-22
13953.000,6.917E-22
13954.000,6.923E-22
13955.000,6.929E-22
13956.000,6.934E-22
13957.000,6.936E-22
13958.000,6.939E-22
13959.000,6.942E-22
13960.000,6.944E-22
13961.000,6.950E-22
13962.000,6.956E-22
13963.000,6.961E-22
13964.000,6.967E-22
13965.000,6.972E-22
13966.000,6.976E-22
13967.000,6.980E-22
13968.000,6.985E-22
13969.000,6.987E-22
13970.000,6.989E-22
13971.000,6.991E-22
13972.000,6.993E-22
13973.000,7.000E-22
13974.000,7.006E-22
13975.000,7.012E-22
13976.000,7.019E-22
13977.000,7.023E-22
13978.000,7.027E-22
13979.000,7.032E-22
13980.000,7.036E-22
13981.000,7.034E-22
13982.000,7.031E-22
13983.000,7.029E-22
13984.000,7.027E-22
13985.000,7.030E-22
13986.000,7.033E-22
13987.000,7.037E-22
13988.000,7.040E-22
13989.000,7.042E-22
13990.000,7.044E-22
13991.000,7.045E-22
13992.000,7.047E-22
13993.000,7.047E-22
13994.000,7.047E-22
13995.000,7.047E-22
13996.000,7.047E-22
13997.000,7.046E-22
13998.000,7.046E-22
13999.000,7.045E-22
14000.000,7.044E-22
14001.000,7.044E-22
14002.000,7.044E-22
14003.000,7.044E-22
14004.000,7.044E-22
14005.000,7.043E-22
14006.000,7.042E-22
14007.000,7.041E-22
14008.000,7.040E-22
14009.000,7.041E-22
14010.000,7.042E-22
14011.000,7.043E-22
14012.000,7.044E-22
14013.000,7.046E-22
14014.000,7.047E-22
14015.000,7.049E-22
14016.000,7.050E-22
14017.000,7.052E-22
14018.000,7.051E-22
14019.000,7.051E-22
14020.000,7.051E-22
14021.000,7.050E-22
14022.000,7.047E-22
14023.000,7.044E-22
14024.000,7.040E-22
14025.000,7.037E-22
14026.000,7.040E-22
14027.000,7.042E-22
14028.000,7.045E-22
14029.000,7.048E-22
14030.000,7.049E-22
14031.000,7.049E-22
14032.000,7.050E-22
14033.000,7.050E-22
14034.000,7.054E-22
14035.000,7.059E-22
14036.000,7.063E-22
14037.000,7.067E-22
14038.000,7.069E-22
14039.000,7.071E-22
14040.000,7.074E-22
14041.000,7.076E-22
14042.000,7.076E-22
14043.000,7.077E-22
14044.000,7.077E-22
14045.000,7.077E-22
14046.000,7.080E-22
14047.000,7.083E-22
14048.000,7.086E-22
14049.000,7.089E-22
14050.000,7.094E-22
14051.000,7.099E-22
14052.000,7.105E-22
14053.000,7.110E-22
14054.000,7.113E-22
14055.000,7.116E-22
14056.000,7.119E-22
14057.000,7.122E-22
14058.000,7.123E-22
14059.000,7.124E-22
14060.000,7.124E-22
14061.000,7.125E-22
14062.000,7.126E-22
14063.000,7.129E-22
14064.000,7.132E-22
14065.000,7.135E-22
14066.000,7.138E-22
14067.000,7.144E-22
14068.000,7.149E-22
14069.000,7.154E-22
14070.000,7.160E-22
14071.000,7.164E-22
14072.000,7.167E-22
14073.000,7.170E-22
14074.000,7.174E-22
14075.000,7.177E-22
14076.000,7.180E-22
14077.000,7.184E-22
14078.000,7.187E-22
14079.000,7.192E-22
14080.000,7.198E-22
14081.000,7.203E-22
14082.000,7.208E-22
14083.000,7.213E-22
14084.000,7.218E-22
14085.000,7.224E-22
14086.000,7.229E-22
14087.000,7.233E-22
14088.000,7.236E-22
14089.000,7.240E-22
14090.000,7.244E-22
14091.000,7.247E-22
14092.000,7.251E-22
14093.000,7.255E-22
14094.000,7.258E-22
14095.000,7.261E-22
14096.000,7.264E-22
14097.000,7.268E-22
14098.000,7.271E-22
14099.000,7.274E-22
14100.000,7.282E-22
14101.000,7.289E-22
14102.000,7.297E-22
14103.000,7.305E-22
14104.000,7.309E-22
14105.000,7.314E-22
14106.000,7.318E-22
14107.000,7.323E-22
14108.000,7.327E-22
14109.000,7.331E-22
14110.000,7.335E-22
14111.000,7.339E-22
14112.000,7.342E-22
14113.000,7.346E-22
14114.000,7.349E-22
14115.000,7.352E-22
14116.000,7.359E-22
14117.000,7.366E-22
14118.000,7.374E-22
14119.000,7.381E-22
14120.000,7.386E-22
14121.000,7.390E-22
14122.000,7.395E-22
14123.000,7.400E-22
14124.000,7.407E-22
14125.000,7.413E-22
14126.000,7.420E-22
14127.000,7.426E-22
14128.000,7.433E-22
14129.000,7.435E-22
14130.000,7.437E-22
14131.000,7.438E-22
14132.000,7.440E-22
14133.000,7.445E-22
14134.000,7.449E-22
14135.000,7.454E-22
14136.000,7.459E-22
14137.000,7.462E-22
14138.000,7.464E-22
14139.000,7.466E-22
14140.000,7.469E-22
14141.000,7.477E-22
14142.000,7.485E-22
14143.000,7.493E-22
14144.000,7.501E-22
14145.000,7.507E-22
14146.000,7.512E-22
14147.000,7.517E-22
14148.000,7.523E-22
14149.000,7.530E-22
14150.000,7.536E-22
14151.000,7.542E-22
14152.000,7.549E-22
14153.000,7.554E-22
14154.000,7.559E-22
14155.000,7.563E-22
14156.000,7.568E-22
14157.000,7.573E-22
14158.000,7.579E-22
14159.000,7.585E-22
14160.000,7.591E-22
14161.000,7.597E-22
14162.000,7.604E-22
14163.000,7.611E-22
14164.000,7.617E-22
14165.000,7.624E-22
14166.000,7.630E-22
14167.000,7.635E-22
14168.000,7.641E-22
14169.000,7.647E-22
14170.000,7.652E-22
14171.000,7.656E-22
14172.000,7.661E-22
14173.000,7.666E-22
14174.000,7.672E-22
14175.000,7.677E-22
14176.000,7.683E-22
14177.000,7.688E-22
14178.000,7.691E-22
14179.000,7.694E-22
14180.000,7.698E-22
14181.000,7.701E-22
14182.000,7.704E-22
14183.000,7.709E-22
14184.000,7.715E-22
14185.000,7.720E-22
14186.000,7.725E-22
14187.000,7.734E-22
14188.000,7.743E-22
14189.000,7.751E-22
14190.000,7.760E-22
14191.000,7.766E-22
14192.000,7.773E-22
14193.000,7.779E-22
14194.000,7.785E-22
14195.000,7.794E-22
14196.000,7.803E-22
14197.000,7.811E-22
14198.000,7.820E-22
14199.000,7.825E-22
14200.000,7.830E-22
14201.000,7.836E-22
14202.000,7.841E-22
14203.000,7.846E-22
14204.000,7.850E-22
14205.000,7.853E-22
14206.000,7.856E-22
14207.000,7.860E-22
14208.000,7.871E-22
14209.000,7.882E-22
14210.000,7.892E-22
14211.000,7.903E-22
14212.000,7.911E-22
14213.000,7.920E-22
14214.000,7.928E-22
14215.000,7.936E-22
14216.000,7.943E-22
14217.000,7.949E-22
14218.000,7.955E-22
14219.000,7.962E-22
14220.000,7.966E-22
14221.000,7.970E-22
14222.000,7.973E-22
14223.000,7.977E-22
14224.000,7.981E-22
14225.000,7.988E-22
14226.000,7.995E-22
14227.000,8.002E-22
14228.000,8.009E-22
14229.000,8.016E-22
14230.000,8.023E-22
14231.000,8.031E-22
14232.000,8.038E-22
14233.000,8.045E-22
14234.000,8.052E-22
14235.000,8.059E-22
14236.000,8.066E-22
14237.000,8.075E-22
14238.000,8.084E-22
14239.000,8.092E-22
14240.000,8.101E-22
14241.000,8.109E-22
14242.000,8.117E-22
14243.000,8.124E-22
14244.000,8.132E-22
14245.000,8.140E-22
14246.000,8.149E-22
14247.000,8.157E-22
14248.000,8.165E-22
14249.000,8.174E-22
14250.000,8.186E-22
14251.000,8.198E-22
14252.000,8.211E-22
14253.000,8.223E-22
14254.000,8.229E-22
14255.000,8.235E-22
14256.000,8.240E-22
14257.000,8.246E-22
14258.000,8.254E-22
14259.000,8.263E-22
14260.000,8.271E-22
14261.000,8.280E-22
14262.000,8.288E-22
14263.000,8.298E-22
14264.000,8.308E-22
14265.000,8.318E-22
14266.000,8.328E-22
14267.000,8.335E-22
14268.000,8.342E-22
14269.000,8.349E-22
14270.000,8.356E-22
14271.000,8.368E-22
14272.000,8.380E-22
14273.000,8.392E-22
14274.000,8.404E-22
14275.000,8.414E-22
14276.000,8.424E-22
14277.000,8.433E-22
14278.000,8.443E-22
14279.000,8.453E-22
14280.000,8.463E-22
14281.000,8.473E-22
14282.000,8.483E-22
14283.000,8.493E-22
14284.000,8.503E-22
14285.000,8.513E-22
14286.000,8.524E-22
14287.000,8.534E-22
14288.000,8.543E-22
14289.000,8.552E-22
14290.000,8.560E-22
14291.000,8.569E-22
14292.000,8.578E-22
14293.000,8.587E-22
14294.000,8.596E-22
14295.000,8.605E-22
14296.000,8.614E-22
14297.000,8.627E-22
14298.000,8.640E-22
14299.000,8.654E-22
14300.000,8.667E-22
14301.000,8.681E-22
14302.000,8.695E-22
14303.000,8.710E-22
14304.000,8.724E-22
14305.000,8.732E-22
14306.000,8.740E-22
14307.000,8.749E-22
14308.000,8.757E-22
14309.000,8.767E-22
14310.000,8.776E-22
14311.000,8.786E-22
14312.000,8.795E-22
14313.000,8.805E-22
14314.000,8.815E-22
14315.000,8.825E-22
14316.000,8.836E-22
14317.000,8.846E-22
14318.000,8.858E-22
14319.000,8.869E-22
14320.000,8.881E-22
14321.000,8.893E-22
14322.000,8.908E-22
14323.000,8.923E-22
14324.000,8.937E-22
14325.000,8.952E-22
14326.000,8.960E-22
14327.000,8.969E-22
14328.000,8.977E-22
14329.000,8.986E-22
14330.000,8.994E-22
14331.000,9.010E-22
14332.000,9.025E-22
14333.000,9.040E-22
14334.000,9.056E-22
14335.000,9.071E-22
14336.000,9.086E-22
14337.000,9.101E-22
14338.000,9.116E-22
14339.000,9.127E-22
14340.000,9.139E-22
14341.000,9.150E-22
14342.000,9.162E-22
14343.000,9.173E-22
14344.000,9.190E-22
14345.000,9.206E-22
14346.000,9.222E-22
14347.000,9.239E-22
14348.000,9.249E-22
14349.000,9.260E-22
14350.000,9.270E-22
14351.000,9.280E-22
14352.000,9.295E-22
14353.000,9.310E-22
14354.000,9.324E-22
14355.000,9.339E-22
14356.000,9.349E-22
14357.000,9.359E-22
14358.000,9.368E-22
14359.000,9.378E-22
14360.000,9.388E-22
14361.000,9.403E-22
14362.000,9.418E-22
14363.000,9.434E-22
14364.000,9.449E-22
14365.000,9.463E-22
14366.000,9.477E-22
14367.000,9.491E-22
14368.000,9.505E-22
14369.000,9.516E-22
14370.000,9.526E-22
14371.000,9.537E-22
14372.000,9.547E-22
14373.000,9.558E-22
14374.000,9.573E-22
14375.000,9.589E-22
14376.000,9.605E-22
14377.000,9.620E-22
14378.000,9.638E-22
14379.000,9.657E-22
14380.000,9.676E-22
14381.000,9.694E-22
14382.000,9.705E-22
14383.000,9.716E-22
14384.000,9.728E-22
14385.000,9.739E-22
14386.000,9.750E-22
14387.000,9.763E-22
14388.000,9.776E-22
14389.000,9.789E-22
14390.000,9.802E-22
14391.000,9.815E-22
14392.000,9.827E-22
14393.000,9.840E-22
14394.000,9.853E-22
14395.000,9.866E-22
14396.000,9.880E-22
14397.000,9.893E-22
14398.000,9.907E-22
14399.000,9.920E-22
14400.000,9.933E-22
14401.000,9.947E-22
14402.000,9.961E-22
14403.000,9.974E-22
14404.000,9.990E-22
14405.000,1.001E-21
14406.000,1.002E-21
14407.000,1.004E-21
14408.000,1.005E-21
14409.000,1.006E-21
14410.000,1.008E-21
14411.000,1.009E-21
14412.000,1.010E-21
14413.000,1.012E-21
14414.000,1.014E-21
14415.000,1.015E-21
14416.000,1.017E-21
14417.000,1.018E-21
14418.000,1.020E-21
14419.000,1.021E-21
14420.000,1.022E-21
14421.000,1.023E-21
14422.000,1.024E-21
14423.000,1.026E-21
14424.000,1.027E-21
14425.000,1.028E-21
14426.000,1.029E-21
14427.000,1.030E-21
14428.000,1.032E-21
14429.000,1.033E-21
14430.000,1.034E-21
14431.000,1.036E-21
14432.000,1.037E-21
14433.000,1.038E-21
14434.000,1.039E-21
14435.000,1.041E-21
14436.000,1.042E-21
14437.000,1.044E-21
14438.000,1.045E-21
14439.000,1.047E-21
14440.000,1.048E-21
14441.000,1.049E-21
14442.000,1.051E-21
14443.000,1.053E-21
14444.000,1.054E-21
14445.000,1.055E-21
14446.000,1.057E-21
14447.000,1.058E-21
14448.000,1.059E-21
14449.000,1.061E-21
14450.000,1.062E-21
14451.000,1.063E-21
14452.000,1.065E-21
14453.000,1.066E-21
14454.000,1.067E-21
14455.000,1.069E-21
14456.000,1.071E-21
14457.000,1.072E-21
14458.000,1.073E-21
14459.000,1.075E-21
14460.000,1.076E-21
14461.000,1.077E-21
14462.000,1.079E-21
14463.000,1.080E-21
14464.000,1.081E-21
14465.000,1.083E-21
14466.000,1.084E-21
14467.000,1.085E-21
14468.000,1.087E-21
14469.000,1.089E-21
14470.000,1.090E-21
14471.000,1.091E-21
14472.000,1.093E-21
14473.000,1.094E-21
14474.000,1.096E-21
14475.000,1.097E-21
14476.000,1.099E-21
14477.000,1.100E-21
14478.000,1.102E-21
14479.000,1.103E-21
14480.000,1.105E-21
14481.000,1.107E-21
14482.000,1.108E-21
14483.000,1.109E-21
14484.000,1.111E-21
14485.000,1.112E-21
14486.000,1.113E-21
14487.000,1.115E-21
14488.000,1.116E-21
14489.000,1.118E-21
14490.000,1.120E-21
14491.000,1.121E-21
14492.000,1.123E-21
14493.000,1.125E-21
14494.000,1.126E-21
14495.000,1.127E-21
14496.000,1.128E-21
14497.000,1.130E-21
14498.000,1.131E-21
14499.000,1.132E-21
14500.000,1.134E-21
14501.000,1.137E-21
14502.000,1.139E-21
14503.000,1.141E-21
14504.000,1.142E-21
14505.000,1.143E-21
14506.000,1.144E-21
14507.000,1.145E-21
14508.000,1.146E-21
14509.000,1.148E-21
14510.000,1.150E-21
14511.000,1.152E-21
14512.000,1.154E-21
14513.000,1.156E-21
14514.000,1.157E-21
14515.000,1.159E-21
14516.000,1.161E-21
14517.000,1.162E-21
14518.000,1.163E-21
14519.000,1.164E-21
14520.000,1.165E-21
14521.000,1.166E-21
14522.000,1.168E-21
14523.000,1.170E-21
14524.000,1.172E-21
14525.000,1.174E-21
14526.000,1.175E-21
14527.000,1.177E-21
14528.000,1.178E-21
14529.000,1.180E-21
14530.000,1.181E-21
14531.000,1.183E-21
14532.000,1.185E-21
14533.000,1.186E-21
14534.000,1.188E-21
14535.000,1.190E-21
14536.000,1.191E-21
14537.000,1.192E-21
14538.000,1.194E-21
14539.000,1.195E-21
14540.000,1.197E-21
14541.000,1.198E-21
14542.000,1.200E-21
14543.000,1.201E-21
14544.000,1.203E-21
14545.000,1.204E-21
14546.000,1.206E-21
14547.000,1.208E-21
14548.000,1.209E-21
14549.000,1.210E-21
14550.000,1.212E-21
14551.000,1.213E-21
14552.000,1.214E-21
14553.000,1.215E-21
14554.000,1.217E-21
14555.000,1.219E-21
14556.000,1.220E-21
14557.000,1.221E-21
14558.000,1.223E-21
14559.000,1.224E-21
14560.000,1.226E-21
14561.000,1.227E-21
14562.000,1.229E-21
14563.000,1.231E-21
14564.000,1.232E-21
14565.000,1.234E-21
14566.000,1.235E-21
14567.000,1.237E-21
14568.000,1.238E-21
14569.000,1.239E-21
14570.000,1.240E-21
14571.000,1.241E-21
14572.000,1.243E-21
14573.000,1.244E-21
14574.000,1.245E-21
14575.000,1.246E-21
14576.000,1.247E-21
14577.000,1.249E-21
14578.000,1.250E-21
14579.000,1.251E-21
14580.000,1.252E-21
14581.000,1.254E-21
14582.000,1.255E-21
14583.000,1.256E-21
14584.000,1.257E-21
14585.000,1.258E-21
14586.000,1.260E-21
14587.000,1.261E-21
14588.000,1.262E-21
14589.000,1.263E-21
14590.000,1.264E-21
14591.000,1.265E-21
14592.000,1.266E-21
14593.000,1.267E-21
14594.000,1.268E-21
14595.000,1.269E-21
14596.000,1.270E-21
14597.000,1.271E-21
14598.000,1.272E-21
14599.000,1.274E-21
14600.000,1.275E-21
14601.000,1.276E-21
14602.000,1.277E-21
14603.000,1.278E-21
14604.000,1.279E-21
14605.000,1.280E-21
14606.000,1.281E-21
14607.000,1.282E-21
14608.000,1.284E-21
14609.000,1.285E-21
14610.000,1.286E-21
14611.000,1.287E-21
14612.000,1.288E-21
14613.000,1.289E-21
14614.000,1.290E-21
14615.000,1.291E-21
14616.000,1.292E-21
14617.000,1.292E-21
14618.000,1.293E-21
14619.000,1.294E-21
14620.000,1.295E-21
14621.000,1.295E-21
14622.000,1.296E-21
14623.000,1.297E-21
14624.000,1.298E-21
14625.000,1.299E-21
14626.000,1.299E-21
14627.000,1.300E-21
14628.000,1.301E-21
14629.000,1.302E-21
14630.000,1.303E-21
14631.000,1.304E-21
14632.000,1.305E-21
14633.000,1.306E-21
14634.000,1.308E-21
14635.000,1.309E-21
14636.000,1.310E-21
14637.000,1.311E-21
14638.000,1.311E-21
14639.000,1.312E-21
14640.000,1.312E-21
14641.000,1.313E-21
14642.000,1.314E-21
14643.000,1.315E-21
14644.000,1.315E-21
14645.000,1.316E-21
14646.000,1.317E-21
14647.000,1.318E-21
14648.000,1.319E-21
14649.000,1.320E-21
14650.000,1.321E-21
14651.000,1.322E-21
14652.000,1.323E-21
14653.000,1.324E-21
14654.000,1.325E-21
14655.000,1.326E-21
14656.000,1.326E-21
14657.000,1.327E-21
14658.000,1.327E-21
14659.000,1.328E-21
14660.000,1.329E-21
14661.000,1.330E-21
14662.000,1.332E-21
14663.000,1.333E-21
14664.000,1.334E-21
14665.000,1.335E-21
14666.000,1.335E-21
14667.000,1.336E-21
14668.000,1.337E-21
14669.000,1.338E-21
14670.000,1.339E-21
14671.000,1.340E-21
14672.000,1.341E-21
14673.000,1.342E-21
14674.000,1.343E-21
14675.000,1.344E-21
14676.000,1.344E-21
14677.000,1.345E-21
14678.000,1.346E-21
14679.000,1.346E-21
14680.000,1.347E-21
14681.000,1.347E-21
14682.000,1.348E-21
14683.000,1.349E-21
14684.000,1.351E-21
14685.000,1.352E-21
14686.000,1.353E-21
14687.000,1.354E-21
14688.000,1.355E-21
14689.000,1.357E-21
14690.000,1.358E-21
14691.000,1.359E-21
14692.000,1.360E-21
14693.000,1.362E-21
14694.000,1.363E-21
14695.000,1.364E-21
14696.000,1.365E-21
14697.000,1.366E-21
14698.000,1.368E-21
14699.000,1.369E-21
14700.000,1.370E-21
14701.000,1.371E-21
14702.000,1.373E-21
14703.000,1.375E-21
14704.000,1.376E-21
14705.000,1.377E-21
14706.000,1.378E-21
14707.000,1.378E-21
14708.000,1.379E-21
14709.000,1.380E-21
14710.000,1.382E-21
14711.000,1.383E-21
14712.000,1.385E-21
14713.000,1.387E-21
14714.000,1.388E-21
14715.000,1.389E-21
14716.000,1.391E-21
14717.000,1.392E-21
14718.000,1.393E-21
14719.000,1.394E-21
14720.000,1.395E-21
14721.000,1.396E-21
14722.000,1.397E-21
14723.000,1.399E-21
14724.000,1.400E-21
14725.000,1.402E-21
14726.000,1.403E-21
14727.000,1.405E-21
14728.000,1.406E-21
14729.000,1.407E-21
14730.000,1.409E-21
14731.000,1.410E-21
14732.000,1.411E-21
14733.000,1.412E-21
14734.000,1.414E-21
14735.000,1.416E-21
14736.000,1.417E-21
14737.000,1.418E-21
14738.000,1.419E-21
14739.000,1.421E-21
14740.000,1.422E-21
14741.000,1.423E-21
14742.000,1.425E-21
14743.000,1.427E-21
14744.000,1.428E-21
14745.000,1.430E-21
14746.000,1.431E-21
14747.000,1.433E-21
14748.000,1.434E-21
14749.000,1.436E-21
14750.000,1.437E-21
14751.000,1.439E-21
14752.000,1.440E-21
14753.000,1.442E-21
14754.000,1.444E-21
14755.000,1.445E-21
14756.000,1.446E-21
14757.000,1.448E-21
14758.000,1.449E-21
14759.000,1.450E-21
14760.000,1.452E-21
14761.000,1.453E-21
14762.000,1.455E-21
14763.000,1.456E-21
14764.000,1.458E-21
14765.000,1.460E-21
14766.000,1.461E-21
14767.000,1.463E-21
14768.000,1.465E-21
14769.000,1.466E-21
14770.000,1.468E-21
14771.000,1.469E-21
14772.000,1.471E-21
14773.000,1.472E-21
14774.000,1.474E-21
14775.000,1.476E-21
14776.000,1.477E-21
14777.000,1.479E-21
14778.000,1.480E-21
14779.000,1.482E-21
14780.000,1.483E-21
14781.000,1.485E-21
14782.000,1.486E-21
14783.000,1.488E-21
14784.000,1.489E-21
14785.000,1.490E-21
14786.000,1.492E-21
14787.000,1.494E-21
14788.000,1.495E-21
14789.000,1.497E-21
14790.000,1.498E-21
14791.000,1.500E-21
14792.000,1.502E-21
14793.000,1.503E-21
14794.000,1.505E-21
14795.000,1.506E-21
14796.000,1.508E-21
14797.000,1.510E-21
14798.000,1.512E-21
14799.000,1.513E-21
14800.000,1.515E-21
14801.000,1.516E-21
14802.000,1.518E-21
14803.000,1.519E-21
14804.000,1.521E-21
14805.000,1.522E-21
14806.000,1.524E-21
14807.000,1.525E-21
14808.000,1.527E-21
14809.000,1.529E-21
14810.000,1.530E-21
14811.000,1.532E-21
14812.000,1.533E-21
14813.000,1.535E-21
14814.000,1.536E-21
14815.000,1.537E-21
14816.000,1.539E-21
14817.000,1.540E-21
14818.000,1.542E-21
14819.000,1.543E-21
14820.000,1.545E-21
14821.000,1.547E-21
14822.000,1.548E-21
14823.000,1.550E-21
14824.000,1.552E-21
14825.000,1.553E-21
14826.000,1.555E-21
14827.000,1.556E-21
14828.000,1.558E-21
14829.000,1.559E-21
14830.000,1.561E-21
14831.000,1.562E-21
14832.000,1.564E-21
14833.000,1.565E-21
14834.000,1.567E-21
14835.000,1.569E-21
14836.000,1.571E-21
14837.000,1.573E-21
14838.000,1.575E-21
14839.000,1.576E-21
14840.000,1.578E-21
14841.000,1.579E-21
14842.000,1.581E-21
14843.000,1.583E-21
14844.000,1.584E-21
14845.000,1.586E-21
14846.000,1.587E-21
14847.000,1.589E-21
14848.000,1.591E-21
14849.000,1.593E-21
14850.000,1.595E-21
14851.000,1.597E-21
14852.000,1.599E-21
14853.000,1.600E-21
14854.000,1.602E-21
14855.000,1.603E-21
14856.000,1.605E-21
14857.000,1.607E-21
14858.000,1.609E-21
14859.000,1.611E-21
14860.000,1.613E-21
14861.000,1.614E-21
14862.000,1.616E-21
14863.000,1.617E-21
14864.000,1.619E-21
14865.000,1.620E-21
14866.000,1.621E-21
14867.000,1.623E-21
14868.000,1.624E-21
14869.000,1.626E-21
14870.000,1.627E-21
14871.000,1.630E-21
14872.000,1.632E-21
14873.000,1.635E-21
14874.000,1.637E-21
14875.000,1.639E-21
14876.000,1.640E-21
14877.000,1.642E-21
14878.000,1.643E-21
14879.000,1.645E-21
14880.000,1.647E-21
14881.000,1.648E-21
14882.000,1.650E-21
14883.000,1.651E-21
14884.000,1.653E-21
14885.000,1.655E-21
14886.000,1.657E-21
14887.000,1.660E-21
14888.000,1.662E-21
14889.000,1.664E-21
14890.000,1.665E-21
14891.000,1.667E-21
14892.000,1.668E-21
14893.000,1.670E-21
14894.000,1.672E-21
14895.000,1.674E-21
14896.000,1.675E-21
14897.000,1.677E-21
14898.000,1.679E-21
14899.000,1.681E-21
14900.000,1.682E-21
14901.000,1.684E-21
14902.000,1.685E-21
14903.000,1.687E-21
14904.000,1.689E-21
14905.000,1.692E-21
14906.000,1.694E-21
14907.000,1.696E-21
14908.000,1.698E-21
14909.000,1.700E-21
14910.000,1.701E-21
14911.000,1.703E-21
14912.000,1.705E-21
14913.000,1.706E-21
14914.000,1.708E-21
14915.000,1.709E-21
14916.000,1.711E-21
14917.000,1.712E-21
14918.000,1.714E-21
14919.000,1.717E-21
14920.000,1.720E-21
14921.000,1.722E-21
14922.000,1.724E-21
14923.000,1.726E-21
14924.000,1.727E-21
14925.000,1.729E-21
14926.000,1.731E-21
14927.000,1.733E-21
14928.000,1.734E-21
14929.000,1.736E-21
14930.000,1.737E-21
14931.000,1.739E-21
14932.000,1.741E-21
14933.000,1.744E-21
14934.000,1.746E-21
14935.000,1.748E-21
14936.000,1.750E-21
14937.000,1.752E-21
14938.000,1.754E-21
14939.000,1.756E-21
14940.000,1.758E-21
14941.000,1.760E-21
14942.000,1.761E-21
14943.000,1.763E-21
14944.000,1.764E-21
14945.000,1.766E-21
14946.000,1.768E-21
14947.000,1.770E-21
14948.000,1.772E-21
14949.000,1.774E-21
14950.000,1.776E-21
14951.000,1.779E-21
14952.000,1.781E-21
14953.000,1.783E-21
14954.000,1.786E-21
14955.000,1.788E-21
14956.000,1.789E-21
14957.000,1.791E-21
14958.000,1.792E-21
14959.000,1.794E-21
14960.000,1.796E-21
14961.000,1.798E-21
14962.000,1.799E-21
14963.000,1.801E-21
14964.000,1.803E-21
14965.000,1.805E-21
14966.000,1.808E-21
14967.000,1.810E-21
14968.000,1.812E-21
14969.000,1.814E-21
14970.000,1.816E-21
14971.000,1.818E-21
14972.000,1.820E-21
14973.000,1.822E-21
14974.000,1.824E-21
14975.000,1.826E-21
14976.000,1.827E-21
14977.000,1.829E-21
14978.000,1.831E-21
14979.000,1.833E-21
14980.000,1.835E-21
14981.000,1.836E-21
14982.000,1.838E-21
14983.000,1.840E-21
14984.000,1.842E-21
14985.000,1.844E-21
14986.000,1.847E-21
14987.000,1.849E-21
14988.000,1.851E-21
14989.000,1.853E-21
14990.000,1.855E-21
14991.000,1.857E-21
14992.000,1.859E-21
14993.000,1.861E-21
14994.000,1.863E-21
14995.000,1.864E-21
14996.000,1.866E-21
14997.000,1.868E-21
14998.000,1.870E-21
14999.000,1.872E-21
15000.000,1.874E-21
15001.000,1.876E-21
15002.000,1.878E-21
15003.000,1.880E-21
15004.000,1.882E-21
15005.000,1.884E-21
15006.000,1.886E-21
15007.000,1.888E-21
15008.000,1.890E-21
15009.000,1.893E-21
15010.000,1.895E-21
15011.000,1.897E-21
15012.000,1.899E-21
15013.000,1.900E-21
15014.000,1.902E-21
15015.000,1.903E-21
15016.000,1.905E-21
15017.000,1.907E-21
15018.000,1.909E-21
15019.000,1.910E-21
15020.000,1.912E-21
15021.000,1.914E-21
15022.000,1.916E-21
15023.000,1.918E-21
15024.000,1.920E-21
15025.000,1.922E-21
15026.000,1.924E-21
15027.000,1.926E-21
15028.000,1.928E-21
15029.000,1.931E-21
15030.000,1.933E-21
15031.000,1.935E-21
15032.000,1.937E-21
15033.000,1.938E-21
15034.000,1.940E-21
15035.000,1.942E-21
15036.000,1.944E-21
15037.000,1.946E-21
15038.000,1.947E-21
15039.000,1.949E-21
15040.000,1.951E-21
15041.000,1.953E-21
15042.000,1.955E-21
15043.000,1.956E-21
15044.000,1.958E-21
15045.000,1.960E-21
15046.000,1.962E-21
15047.000,1.964E-21
15048.000,1.966E-21
15049.000,1.968E-21
15050.000,1.970E-21
15051.000,1.972E-21
15052.000,1.975E-21
15053.000,1.977E-21
15054.000,1.979E-21
15055.000,1.981E-21
15056.000,1.983E-21
15057.000,1.984E-21
15058.000,1.986E-21
15059.000,1.988E-21
15060.000,1.990E-21
15061.000,1.992E-21
15062.000,1.993E-21
15063.000,1.995E-21
15064.000,1.997E-21
15065.000,1.999E-21
15066.000,2.001E-21
15067.000,2.002E-21
15068.000,2.004E-21
15069.000,2.006E-21
15070.000,2.008E-21
15071.000,2.009E-21
15072.000,2.011E-21
15073.000,2.012E-21
15074.000,2.014E-21
15075.000,2.016E-21
15076.000,2.018E-21
15077.000,2.019E-21
15078.000,2.021E-21
15079.000,2.023E-21
15080.000,2.025E-21
15081.000,2.026E-21
15082.000,2.028E-21
15083.000,2.030E-21
15084.000,2.032E-21
15085.000,2.033E-21
15086.000,2.035E-21
15087.000,2.036E-21
15088.000,2.038E-21
15089.000,2.040E-21
15090.000,2.041E-21
15091.000,2.043E-21
15092.000,2.044E-21
15093.000,2.046E-21
15094.000,2.047E-21
15095.000,2.049E-21
15096.000,2.050E-21
15097.000,2.052E-21
15098.000,2.053E-21
15099.000,2.055E-21
15100.000,2.058E-21
15101.000,2.060E-21
15102.000,2.062E-21
15103.000,2.063E-21
15104.000,2.064E-21
15105.000,2.065E-21
15106.000,2.066E-21
15107.000,2.067E-21
15108.000,2.069E-21
15109.000,2.071E-21
15110.000,2.072E-21
15111.000,2.074E-21
15112.000,2.076E-21
15113.000,2.078E-21
15114.000,2.079E-21
15115.000,2.081E-21
15116.000,2.082E-21
15117.000,2.084E-21
15118.000,2.086E-21
15119.000,2.087E-21
15120.000,2.089E-21
15121.000,2.090E-21
15122.000,2.092E-21
15123.000,2.093E-21
15124.000,2.094E-21
15125.000,2.096E-21
15126.000,2.097E-21
15127.000,2.098E-21
15128.000,2.100E-21
15129.000,2.101E-21
15130.000,2.103E-21
15131.000,2.104E-21
15132.000,2.106E-21
15133.000,2.108E-21
15134.000,2.111E-21
15135.000,2.113E-21
15136.000,2.115E-21
15137.000,2.116E-21
15138.000,2.118E-21
15139.000,2.119E-21
15140.000,2.121E-21
15141.000,2.122E-21
15142.000,2.124E-21
15143.000,2.125E-21
15144.000,2.127E-21
15145.000,2.128E-21
15146.000,2.130E-21
15147.000,2.132E-21
15148.000,2.133E-21
15149.000,2.135E-21
15150.000,2.136E-21
15151.000,2.138E-21
15152.000,2.140E-21
15153.000,2.141E-21
15154.000,2.143E-21
15155.000,2.144E-21
15156.000,2.146E-21
15157.000,2.148E-21
15158.000,2.150E-21
15159.000,2.152E-21
15160.000,2.154E-21
15161.000,2.156E-21
15162.000,2.157E-21
15163.000,2.159E-21
15164.000,2.160E-21
15165.000,2.162E-21
15166.000,2.163E-21
15167.000,2.165E-21
15168.000,2.166E-21
15169.000,2.168E-21
15170.000,2.169E-21
15171.000,2.171E-21
15172.000,2.173E-21
15173.000,2.174E-21
15174.000,2.176E-21
15175.000,2.177E-21
15176.000,2.179E-21
15177.000,2.181E-21
15178.000,2.183E-21
15179.000,2.185E-21
15180.000,2.187E-21
15181.000,2.189E-21
15182.000,2.191E-21
15183.000,2.192E-21
15184.000,2.194E-21
15185.000,2.196E-21
15186.000,2.198E-21
15187.000,2.199E-21
15188.000,2.201E-21
15189.000,2.202E-21
15190.000,2.204E-21
15191.000,2.206E-21
15192.000,2.208E-21
15193.000,2.209E-21
15194.000,2.211E-21
15195.000,2.213E-21
15196.000,2.214E-21
15197.000,2.216E-21
15198.000,2.217E-21
15199.000,2.219E-21
15200.000,2.220E-21
15201.000,2.222E-21
15202.000,2.224E-21
15203.000,2.226E-21
15204.000,2.228E-21
15205.000,2.230E-21
15206.000,2.232E-21
15207.000,2.233E-21
15208.000,2.235E-21
15209.000,2.236E-21
15210.000,2.238E-21
15211.000,2.240E-21
15212.000,2.242E-21
15213.000,2.243E-21
15214.000,2.245E-21
15215.000,2.247E-21
15216.000,2.249E-21
15217.000,2.251E-21
15218.000,2.252E-21
15219.000,2.254E-21
15220.000,2.256E-21
15221.000,2.258E-21
15222.000,2.260E-21
15223.000,2.261E-21
15224.000,2.263E-21
15225.000,2.265E-21
15226.000,2.267E-21
15227.000,2.269E-21
15228.000,2.270E-21
15229.000,2.272E-21
15230.000,2.274E-21
15231.000,2.276E-21
15232.000,2.277E-21
15233.000,2.279E-21
15234.000,2.280E-21
15235.000,2.282E-21
15236.000,2.284E-21
15237.000,2.286E-21
15238.000,2.288E-21
15239.000,2.290E-21
15240.000,2.292E-21
15241.000,2.294E-21
15242.000,2.295E-21
15243.000,2.297E-21
15244.000,2.299E-21
15245.000,2.301E-21
15246.000,2.303E-21
15247.000,2.304E-21
15248.000,2.306E-21
15249.000,2.308E-21
15250.000,2.310E-21
15251.000,2.311E-21
15252.000,2.313E-21
15253.000,2.314E-21
15254.000,2.316E-21
15255.000,2.318E-21
15256.000,2.320E-21
15257.000,2.321E-21
15258.000,2.323E-21
15259.000,2.325E-21
15260.000,2.327E-21
15261.000,2.329E-21
15262.000,2.332E-21
15263.000,2.334E-21
15264.000,2.336E-21
15265.000,2.338E-21
15266.000,2.340E-21
15267.000,2.341E-21
15268.000,2.343E-21
15269.000,2.345E-21
15270.000,2.347E-21
15271.000,2.349E-21
15272.000,2.350E-21
15273.000,2.352E-21
15274.000,2.354E-21
15275.000,2.356E-21
15276.000,2.358E-21
15277.000,2.360E-21
15278.000,2.362E-21
15279.000,2.364E-21
15280.000,2.365E-21
15281.000,2.367E-21
15282.000,2.368E-21
15283.000,2.370E-21
15284.000,2.371E-21
15285.000,2.373E-21
15286.000,2.375E-21
15287.000,2.377E-21
15288.000,2.379E-21
15289.000,2.381E-21
15290.000,2.383E-21
15291.000,2.385E-21
15292.000,2.386E-21
15293.000,2.388E-21
15294.000,2.390E-21
15295.000,2.392E-21
15296.000,2.394E-21
15297.000,2.396E-21
15298.000,2.398E-21
15299.000,2.400E-21
15300.000,2.402E-21
15301.000,2.404E-21
15302.000,2.405E-21
15303.000,2.407E-21
15304.000,2.409E-21
15305.000,2.410E-21
15306.000,2.412E-21
15307.000,2.413E-21
15308.000,2.415E-21
15309.000,2.416E-21
15310.000,2.418E-21
15311.000,2.420E-21
15312.000,2.421E-21
15313.000,2.423E-21
15314.000,2.425E-21
15315.000,2.427E-21
15316.000,2.429E-21
15317.000,2.432E-21
15318.000,2.434E-21
15319.000,2.436E-21
15320.000,2.438E-21
15321.000,2.440E-21
15322.000,2.441E-21
15323.000,2.443E-21
15324.000,2.445E-21
15325.000,2.447E-21
15326.000,2.449E-21
15327.000,2.450E-21
15328.000,2.452E-21
15329.000,2.454E-21
15330.000,2.456E-21
15331.000,2.457E-21
15332.000,2.459E-21
15333.000,2.460E-21
15334.000,2.462E-21
15335.000,2.464E-21
15336.000,2.466E-21
15337.000,2.467E-21
15338.000,2.469E-21
15339.000,2.471E-21
15340.000,2.473E-21
15341.000,2.475E-21
15342.000,2.476E-21
15343.000,2.478E-21
15344.000,2.480E-21
15345.000,2.481E-21
15346.000,2.483E-21
15347.000,2.484E-21
15348.000,2.486E-21
15349.000,2.487E-21
15350.000,2.489E-21
15351.000,2.491E-21
15352.000,2.492E-21
15353.000,2.494E-21
15354.000,2.496E-21
15355.000,2.498E-21
15356.000,2.500E-21
15357.000,2.501E-21
15358.000,2.503E-21
15359.000,2.505E-21
15360.000,2.507E-21
15361.000,2.508E-21
15362.000,2.510E-21
15363.000,2.511E-21
15364.000,2.513E-21
15365.000,2.515E-21
15366.000,2.516E-21
15367.000,2.518E-21
15368.000,2.519E-21
15369.000,2.521E-21
15370.000,2.522E-21
15371.000,2.524E-21
15372.000,2.525E-21
15373.000,2.526E-21
15374.000,2.528E-21
15375.000,2.529E-21
15376.000,2.531E-21
15377.000,2.532E-21
15378.000,2.534E-21
15379.000,2.535E-21
15380.000,2.537E-21
15381.000,2.539E-21
15382.000,2.540E-21
15383.000,2.542E-21
15384.000,2.543E-21
15385.000,2.545E-21
15386.000,2.547E-21
15387.000,2.549E-21
15388.000,2.551E-21
15389.000,2.553E-21
15390.000,2.555E-21
15391.000,2.557E-21
15392.000,2.559E-21
15393.000,2.560E-21
15394.000,2.562E-21
15395.000,2.564E-21
15396.000,2.566E-21
15397.000,2.567E-21
15398.000,2.569E-21
15399.000,2.570E-21
15400.000,2.572E-21
15401.000,2.574E-21
15402.000,2.575E-21
15403.000,2.577E-21
15404.000,2.578E-21
15405.000,2.580E-21
15406.000,2.582E-21
15407.000,2.584E-21
15408.000,2.586E-21
15409.000,2.588E-21
15410.000,2.590E-21
15411.000,2.592E-21
15412.000,2.594E-21
15413.000,2.595E-21
15414.000,2.597E-21
15415.000,2.599E-21
15416.000,2.601E-21
15417.000,2.602E-21
15418.000,2.604E-21
15419.000,2.605E-21
15420.000,2.607E-21
15421.000,2.609E-21
15422.000,2.611E-21
15423.000,2.613E-21
15424.000,2.615E-21
15425.000,2.617E-21
15426.000,2.619E-21
15427.000,2.620E-21
15428.000,2.622E-21
15429.000,2.623E-21
15430.000,2.625E-21
15431.000,2.627E-21
15432.000,2.629E-21
15433.000,2.631E-21
15434.000,2.633E-21
15435.000,2.635E-21
15436.000,2.637E-21
15437.000,2.639E-21
15438.000,2.641E-21
15439.000,2.642E-21
15440.000,2.644E-21
15441.000,2.646E-21
15442.000,2.648E-21
15443.000,2.650E-21
15444.000,2.651E-21
15445.000,2.653E-21
15446.000,2.655E-21
15447.000,2.657E-21
15448.000,2.659E-21
15449.000,2.661E-21
15450.000,2.663E-21
15451.000,2.665E-21
15452.000,2.667E-21
15453.000,2.669E-21
15454.000,2.670E-21
15455.000,2.672E-21
15456.000,2.674E-21
15457.000,2.676E-21
15458.000,2.678E-21
15459.000,2.681E-21
15460.000,2.683E-21
15461.000,2.685E-21
15462.000,2.687E-21
15463.000,2.689E-21
15464.000,2.692E-21
15465.000,2.694E-21
15466.000,2.696E-21
15467.000,2.698E-21
15468.000,2.700E-21
15469.000,2.701E-21
15470.000,2.703E-21
15471.000,2.705E-21
15472.000,2.707E-21
15473.000,2.709E-21
15474.000,2.711E-21
15475.000,2.713E-21
15476.000,2.715E-21
15477.000,2.717E-21
15478.000,2.719E-21
15479.000,2.720E-21
15480.000,2.722E-21
15481.000,2.724E-21
15482.000,2.726E-21
15483.000,2.728E-21
15484.000,2.730E-21
15485.000,2.732E-21
15486.000,2.734E-21
15487.000,2.736E-21
15488.000,2.738E-21
15489.000,2.740E-21
15490.000,2.743E-21
15491.000,2.745E-21
15492.000,2.747E-21
15493.000,2.749E-21
15494.000,2.751E-21
15495.000,2.754E-21
15496.000,2.756E-21
15497.000,2.758E-21
15498.000,2.760E-21
15499.000,2.761E-21
15500.000,2.763E-21
15501.000,2.764E-21
15502.000,2.766E-21
15503.000,2.768E-21
15504.000,2.770E-21
15505.000,2.772E-21
15506.000,2.774E-21
15507.000,2.776E-21
15508.000,2.778E-21
15509.000,2.780E-21
15510.000,2.782E-21
15511.000,2.783E-21
15512.000,2.785E-21
15513.000,2.787E-21
15514.000,2.789E-21
15515.000,2.791E-21
15516.000,2.793E-21
15517.000,2.795E-21
15518.000,2.797E-21
15519.000,2.799E-21
15520.000,2.801E-21
15521.000,2.803E-21
15522.000,2.805E-21
15523.000,2.807E-21
15524.000,2.809E-21
15525.000,2.811E-21
15526.000,2.813E-21
15527.000,2.815E-21
15528.000,2.817E-21
15529.000,2.819E-21
15530.000,2.821E-21
15531.000,2.823E-21
15532.000,2.825E-21
15533.000,2.827E-21
15534.000,2.829E-21
15535.000,2.831E-21
15536.000,2.833E-21
15537.000,2.835E-21
15538.000,2.837E-21
15539.000,2.839E-21
15540.000,2.841E-21
15541.000,2.843E-21
15542.000,2.844E-21
15543.000,2.846E-21
15544.000,2.848E-21
15545.000,2.850E-21
15546.000,2.852E-21
15547.000,2.854E-21
15548.000,2.856E-21
15549.000,2.858E-21
15550.000,2.860E-21
15551.000,2.862E-21
15552.000,2.865E-21
15553.000,2.867E-21
15554.000,2.869E-21
15555.000,2.872E-21
15556.000,2.874E-21
15557.000,2.877E-21
15558.000,2.879E-21
15559.000,2.882E-21
15560.000,2.884E-21
15561.000,2.886E-21
15562.000,2.889E-21
15563.000,2.891E-21
15564.000,2.893E-21
15565.000,2.895E-21
15566.000,2.897E-21
15567.000,2.898E-21
15568.000,2.900E-21
15569.000,2.902E-21
15570.000,2.904E-21
15571.000,2.906E-21
15572.000,2.909E-21
15573.000,2.911E-21
15574.000,2.914E-21
15575.000,2.916E-21
15576.000,2.919E-21
15577.000,2.921E-21
15578.000,2.924E-21
15579.000,2.926E-21
15580.000,2.929E-21
15581.000,2.931E-21
15582.000,2.934E-21
15583.000,2.936E-21
15584.000,2.939E-21
15585.000,2.941E-21
15586.000,2.943E-21
15587.000,2.945E-21
15588.000,2.947E-21
15589.000,2.949E-21
15590.000,2.951E-21
15591.000,2.953E-21
15592.000,2.956E-21
15593.000,2.958E-21
15594.000,2.961E-21
15595.000,2.963E-21
15596.000,2.966E-21
15597.000,2.969E-21
15598.000,2.972E-21
15599.000,2.974E-21
15600.000,2.977E-21
15601.000,2.980E-21
15602.000,2.982E-21
15603.000,2.985E-21
15604.000,2.987E-21
15605.000,2.990E-21
15606.000,2.992E-21
15607.000,2.994E-21
15608.000,2.997E-21
15609.000,2.999E-21
15610.000,3.001E-21
15611.000,3.004E-21
15612.000,3.006E-21
15613.000,3.009E-21
15614.000,3.011E-21
15615.000,3.014E-21
15616.000,3.016E-21
15617.000,3.019E-21
15618.000,3.022E-21
15619.000,3.025E-21
15620.000,3.027E-21
15621.000,3.030E-21
15622.000,3.033E-21
15623.000,3.036E-21
15624.000,3.039E-21
15625.000,3.041E-21
15626.000,3.044E-21
15627.000,3.047E-21
15628.000,3.049E-21
15629.000,3.052E-21
15630.000,3.054E-21
15631.000,3.056E-21
15632.000,3.059E-21
15633.000,3.061E-21
15634.000,3.064E-21
15635.000,3.066E-21
15636.000,3.069E-21
15637.000,3.071E-21
15638.000,3.074E-21
15639.000,3.077E-21
15640.000,3.080E-21
15641.000,3.083E-21
15642.000,3.086E-21
15643.000,3.089E-21
15644.000,3.092E-21
15645.000,3.094E-21
15646.000,3.097E-21
15647.000,3.099E-21
15648.000,3.102E-21
15649.000,3.104E-21
15650.000,3.107E-21
15651.000,3.109E-21
15652.000,3.111E-21
15653.000,3.114E-21
15654.000,3.116E-21
15655.000,3.119E-21
15656.000,3.122E-21
15657.000,3.124E-21
15658.000,3.127E-21
15659.000,3.130E-21
15660.000,3.133E-21
15661.000,3.136E-21
15662.000,3.138E-21
15663.000,3.141E-21
15664.000,3.144E-21
15665.000,3.146E-21
15666.000,3.149E-21
15667.000,3.151E-21
15668.000,3.153E-21
15669.000,3.156E-21
15670.000,3.158E-21
15671.000,3.161E-21
15672.000,3.163E-21
15673.000,3.166E-21
15674.000,3.168E-21
15675.000,3.171E-21
15676.000,3.174E-21
15677.000,3.176E-21
15678.000,3.179E-21
15679.000,3.181E-21
15680.000,3.184E-21
15681.000,3.186E-21
15682.000,3.189E-21
15683.000,3.191E-21
15684.000,3.193E-21
15685.000,3.196E-21
15686.000,3.198E-21
15687.000,3.201E-21
15688.000,3.203E-21
15689.000,3.206E-21
15690.000,3.208E-21
15691.000,3.211E-21
15692.000,3.214E-21
15693.000,3.217E-21
15694.000,3.219E-21
15695.000,3.222E-21
15696.000,3.225E-21
15697.000,3.227E-21
15698.000,3.229E-21
15699.000,3.231E-21
15700.000,3.234E-21
15701.000,3.236E-21
15702.000,3.238E-21
15703.000,3.241E-21
15704.000,3.244E-21
15705.000,3.246E-21
15706.000,3.249E-21
15707.000,3.252E-21
15708.000,3.255E-21
15709.000,3.257E-21
15710.000,3.260E-21
15711.000,3.262E-21
15712.000,3.265E-21
15713.000,3.268E-21
15714.000,3.270E-21
15715.000,3.272E-21
15716.000,3.275E-21
15717.000,3.278E-21
15718.000,3.280E-21
15719.000,3.283E-21
15720.000,3.286E-21
15721.000,3.288E-21
15722.000,3.291E-21
15723.000,3.294E-21
15724.000,3.297E-21
15725.000,3.300E-21
15726.000,3.302E-21
15727.000,3.305E-21
15728.000,3.308E-21
15729.000,3.310E-21
15730.000,3.312E-21
15731.000,3.314E-21
15732.000,3.317E-21
15733.000,3.319E-21
15734.000,3.321E-21
15735.000,3.324E-21
15736.000,3.327E-21
15737.000,3.329E-21
15738.000,3.332E-21
15739.000,3.335E-21
15740.000,3.337E-21
15741.000,3.340E-21
15742.000,3.342E-21
15743.000,3.345E-21
15744.000,3.347E-21
15745.000,3.349E-21
15746.000,3.352E-21
15747.000,3.354E-21
15748.000,3.356E-21
15749.000,3.359E-21
15750.000,3.361E-21
15751.000,3.364E-21
15752.000,3.367E-21
15753.000,3.369E-21
15754.000,3.372E-21
15755.000,3.375E-21
15756.000,3.378E-21
15757.000,3.380E-21
15758.000,3.383E-21
15759.000,3.385E-21
15760.000,3.388E-21
15761.000,3.390E-21
15762.000,3.393E-21
15763.000,3.395E-21
15764.000,3.397E-21
15765.000,3.400E-21
15766.000,3.402E-21
15767.000,3.404E-21
15768.000,3.407E-21
15769.000,3.409E-21
15770.000,3.412E-21
15771.000,3.414E-21
15772.000,3.416E-21
15773.000,3.418E-21
15774.000,3.421E-21
15775.000,3.423E-21
15776.000,3.425E-21
15777.000,3.427E-21
15778.000,3.429E-21
15779.000,3.432E-21
15780.000,3.434E-21
15781.000,3.437E-21
15782.000,3.439E-21
15783.000,3.441E-21
15784.000,3.444E-21
15785.000,3.446E-21
15786.000,3.449E-21
15787.000,3.451E-21
15788.000,3.453E-21
15789.000,3.455E-21
15790.000,3.458E-21
15791.000,3.460E-21
15792.000,3.462E-21
15793.000,3.464E-21
15794.000,3.466E-21
15795.000,3.469E-21
15796.000,3.471E-21
15797.000,3.474E-21
15798.000,3.476E-21
15799.000,3.478E-21
15800.000,3.480E-21
15801.000,3.483E-21
15802.000,3.485E-21
15803.000,3.487E-21
15804.000,3.489E-21
15805.000,3.491E-21
15806.000,3.494E-21
15807.000,3.496E-21
15808.000,3.499E-21
15809.000,3.501E-21
15810.000,3.503E-21
15811.000,3.505E-21
15812.000,3.508E-21
15813.000,3.510E-21
15814.000,3.512E-21
15815.000,3.514E-21
15816.000,3.516E-21
15817.000,3.518E-21
15818.000,3.519E-21
15819.000,3.521E-21
15820.000,3.523E-21
15821.000,3.525E-21
15822.000,3.528E-21
15823.000,3.530E-21
15824.000,3.533E-21
15825.000,3.535E-21
15826.000,3.537E-21
15827.000,3.539E-21
15828.000,3.541E-21
15829.000,3.543E-21
15830.000,3.545E-21
15831.000,3.547E-21
15832.000,3.550E-21
15833.000,3.552E-21
15834.000,3.555E-21
15835.000,3.557E-21
15836.000,3.560E-21
15837.000,3.562E-21
15838.000,3.564E-21
15839.000,3.566E-21
15840.000,3.567E-21
15841.000,3.569E-21
15842.000,3.571E-21
15843.000,3.573E-21
15844.000,3.576E-21
15845.000,3.578E-21
15846.000,3.581E-21
15847.000,3.583E-21
15848.000,3.585E-21
15849.000,3.587E-21
15850.000,3.589E-21
15851.000,3.590E-21
15852.000,3.592E-21
15853.000,3.594E-21
15854.000,3.596E-21
15855.000,3.598E-21
15856.000,3.601E-21
15857.000,3.603E-21
15858.000,3.605E-21
15859.000,3.607E-21
15860.000,3.609E-21
15861.000,3.612E-21
15862.000,3.614E-21
15863.000,3.616E-21
15864.000,3.618E-21
15865.000,3.620E-21
15866.000,3.623E-21
15867.000,3.625E-21
15868.000,3.628E-21
15869.000,3.630E-21
15870.000,3.632E-21
15871.000,3.635E-21
15872.000,3.637E-21
15873.000,3.640E-21
15874.000,3.642E-21
15875.000,3.644E-21
15876.000,3.646E-21
15877.000,3.648E-21
15878.000,3.649E-21
15879.000,3.651E-21
15880.000,3.653E-21
15881.000,3.656E-21
15882.000,3.658E-21
15883.000,3.661E-21
15884.000,3.663E-21
15885.000,3.666E-21
15886.000,3.668E-21
15887.000,3.670E-21
15888.000,3.672E-21
15889.000,3.673E-21
15890.000,3.675E-21
15891.000,3.677E-21
15892.000,3.680E-21
15893.000,3.682E-21
15894.000,3.685E-21
15895.000,3.687E-21
15896.000,3.690E-21
15897.000,3.692E-21
15898.000,3.694E-21
15899.000,3.697E-21
15900.000,3.699E-21
15901.000,3.701E-21
15902.000,3.703E-21
15903.000,3.705E-21
15904.000,3.707E-21
15905.000,3.710E-21
15906.000,3.712E-21
15907.000,3.714E-21
15908.000,3.716E-21
15909.000,3.718E-21
15910.000,3.720E-21
15911.000,3.722E-21
15912.000,3.724E-21
15913.000,3.726E-21
15914.000,3.729E-21
15915.000,3.731E-21
15916.000,3.734E-21
15917.000,3.736E-21
15918.000,3.739E-21
15919.000,3.741E-21
15920.000,3.743E-21
15921.000,3.745E-21
15922.000,3.746E-21
15923.000,3.748E-21
15924.000,3.750E-21
15925.000,3.752E-21
15926.000,3.754E-21
15927.000,3.756E-21
15928.000,3.758E-21
15929.000,3.760E-21
15930.000,3.762E-21
15931.000,3.765E-21
15932.000,3.767E-21
15933.000,3.770E-21
15934.000,3.772E-21
15935.000,3.775E-21
15936.000,3.777E-21
15937.000,3.779E-21
15938.000,3.781E-21
15939.000,3.783E-21
15940.000,3.785E-21
15941.000,3.787E-21
15942.000,3.789E-21
15943.000,3.791E-21
15944.000,3.793E-21
15945.000,3.795E-21
15946.000,3.797E-21
15947.000,3.799E-21
15948.000,3.801E-21
15949.000,3.803E-21
15950.000,3.804E-21
15951.000,3.806E-21
15952.000,3.808E-21
15953.000,3.811E-21
15954.000,3.813E-21
15955.000,3.816E-21
15956.000,3.818E-21
15957.000,3.821E-21
15958.000,3.823E-21
15959.000,3.825E-21
15960.000,3.827E-21
15961.000,3.828E-21
15962.000,3.830E-21
15963.000,3.832E-21
15964.000,3.834E-21
15965.000,3.837E-21
15966.000,3.839E-21
15967.000,3.842E-21
15968.000,3.844E-21
15969.000,3.846E-21
15970.000,3.847E-21
15971.000,3.849E-21
15972.000,3.851E-21
15973.000,3.852E-21
15974.000,3.854E-21
15975.000,3.856E-21
15976.000,3.859E-21
15977.000,3.861E-21
15978.000,3.864E-21
15979.000,3.866E-21
15980.000,3.868E-21
15981.000,3.869E-21
15982.000,3.871E-21
15983.000,3.873E-21
15984.000,3.874E-21
15985.000,3.876E-21
15986.000,3.878E-21
15987.000,3.880E-21
15988.000,3.882E-21
15989.000,3.883E-21
15990.000,3.885E-21
15991.000,3.887E-21
15992.000,3.889E-21
15993.000,3.891E-21
15994.000,3.894E-21
15995.000,3.896E-21
15996.000,3.898E-21
15997.000,3.900E-21
15998.000,3.902E-21
15999.000,3.903E-21
16000.000,3.905E-21
16001.000,3.907E-21
16002.000,3.909E-21
16003.000,3.911E-21
16004.000,3.913E-21
16005.000,3.914E-21
16006.000,3.916E-21
16007.000,3.918E-21
16008.000,3.920E-21
16009.000,3.922E-21
16010.000,3.924E-21
16011.000,3.926E-21
16012.000,3.928E-21
16013.000,3.930E-21
16014.000,3.932E-21
16015.000,3.933E-21
16016.000,3.935E-21
16017.000,3.937E-21
16018.000,3.938E-21
16019.000,3.940E-21
16020.000,3.942E-21
16021.000,3.944E-21
16022.000,3.946E-21
16023.000,3.948E-21
16024.000,3.950E-21
16025.000,3.952E-21
16026.000,3.953E-21
16027.000,3.955E-21
16028.000,3.957E-21
16029.000,3.958E-21
16030.000,3.960E-21
16031.000,3.962E-21
16032.000,3.964E-21
16033.000,3.967E-21
16034.000,3.969E-21
16035.000,3.971E-21
16036.000,3.973E-21
16037.000,3.974E-21
16038.000,3.976E-21
16039.000,3.978E-21
16040.000,3.979E-21
16041.000,3.981E-21
16042.000,3.983E-21
16043.000,3.984E-21
16044.000,3.986E-21
16045.000,3.988E-21
16046.000,3.989E-21
16047.000,3.991E-21
16048.000,3.993E-21
16049.000,3.995E-21
16050.000,3.997E-21
16051.000,3.999E-21
16052.000,4.001E-21
16053.000,4.003E-21
16054.000,4.004E-21
16055.000,4.006E-21
16056.000,4.008E-21
16057.000,4.009E-21
16058.000,4.011E-21
16059.000,4.013E-21
16060.000,4.014E-21
16061.000,4.016E-21
16062.000,4.018E-21
16063.000,4.019E-21
16064.000,4.021E-21
16065.000,4.023E-21
16066.000,4.025E-21
16067.000,4.028E-21
16068.000,4.030E-21
16069.000,4.032E-21
16070.000,4.034E-21
16071.000,4.035E-21
16072.000,4.037E-21
16073.000,4.039E-21
16074.000,4.040E-21
16075.000,4.042E-21
16076.000,4.044E-21
16077.000,4.045E-21
16078.000,4.047E-21
16079.000,4.049E-21
16080.000,4.050E-21
16081.000,4.052E-21
16082.000,4.054E-21
16083.000,4.056E-21
16084.000,4.058E-21
16085.000,4.060E-21
16086.000,4.062E-21
16087.000,4.064E-21
16088.000,4.065E-21
16089.000,4.067E-21
16090.000,4.069E-21
16091.000,4.070E-21
16092.000,4.072E-21
16093.000,4.074E-21
16094.000,4.076E-21
16095.000,4.077E-21
16096.000,4.079E-21
16097.000,4.081E-21
16098.000,4.083E-21
16099.000,4.085E-21
16100.000,4.087E-21
16101.000,4.089E-21
16102.000,4.091E-21
16103.000,4.093E-21
16104.000,4.095E-21
16105.000,4.097E-21
16106.000,4.099E-21
16107.000,4.100E-21
16108.000,4.102E-21
16109.000,4.104E-21
16110.000,4.106E-21
16111.000,4.108E-21
16112.000,4.110E-21
16113.000,4.112E-21
16114.000,4.114E-21
16115.000,4.116E-21
16116.000,4.118E-21
16117.000,4.120E-21
16118.000,4.122E-21
16119.000,4.124E-21
16120.000,4.126E-21
16121.000,4.128E-21
16122.000,4.130E-21
16123.000,4.132E-21
16124.000,4.134E-21
16125.000,4.136E-21
16126.000,4.138E-21
16127.000,4.140E-21
16128.000,4.142E-21
16129.000,4.144E-21
16130.000,4.145E-21
16131.000,4.147E-21
16132.000,4.149E-21
16133.000,4.151E-21
16134.000,4.153E-21
16135.000,4.155E-21
16136.000,4.156E-21
16137.000,4.158E-21
16138.000,4.160E-21
16139.000,4.162E-21
16140.000,4.164E-21
16141.000,4.167E-21
16142.000,4.169E-21
16143.000,4.171E-21
16144.000,4.173E-21
16145.000,4.176E-21
16146.000,4.178E-21
16147.000,4.180E-21
16148.000,4.183E-21
16149.000,4.185E-21
16150.000,4.187E-21
16151.000,4.189E-21
16152.000,4.191E-21
16153.000,4.192E-21
16154.000,4.194E-21
16155.000,4.196E-21
16156.000,4.199E-21
16157.000,4.201E-21
16158.000,4.204E-21
16159.000,4.206E-21
16160.000,4.209E-21
16161.000,4.211E-21
16162.000,4.213E-21
16163.000,4.215E-21
16164.000,4.217E-21
16165.000,4.219E-21
16166.000,4.221E-21
16167.000,4.223E-21
16168.000,4.225E-21
16169.000,4.228E-21
16170.000,4.230E-21
16171.000,4.232E-21
16172.000,4.234E-21
16173.000,4.236E-21
16174.000,4.238E-21
16175.000,4.241E-21
16176.000,4.243E-21
16177.000,4.245E-21
16178.000,4.247E-21
16179.000,4.249E-21
16180.000,4.252E-21
16181.000,4.254E-21
16182.000,4.257E-21
16183.000,4.259E-21
16184.000,4.261E-21
16185.000,4.264E-21
16186.000,4.266E-21
16187.000,4.268E-21
16188.000,4.271E-21
16189.000,4.273E-21
16190.000,4.276E-21
16191.000,4.278E-21
16192.000,4.280E-21
16193.000,4.283E-21
16194.000,4.286E-21
16195.000,4.288E-21
16196.000,4.290E-21
16197.000,4.293E-21
16198.000,4.295E-21
16199.000,4.297E-21
16200.000,4.300E-21
16201.000,4.302E-21
16202.000,4.305E-21
16203.000,4.308E-21
16204.000,4.310E-21
16205.000,4.313E-21
16206.000,4.316E-21
16207.000,4.318E-21
16208.000,4.321E-21
16209.000,4.323E-21
16210.000,4.325E-21
16211.000,4.328E-21
16212.000,4.330E-21
16213.000,4.333E-21
16214.000,4.335E-21
16215.000,4.338E-21
16216.000,4.341E-21
16217.000,4.343E-21
16218.000,4.346E-21
16219.000,4.348E-21
16220.000,4.351E-21
16221.000,4.353E-21
16222.000,4.356E-21
16223.000,4.359E-21
16224.000,4.361E-21
16225.000,4.364E-21
16226.000,4.366E-21
16227.000,4.369E-21
16228.000,4.372E-21
16229.000,4.374E-21
16230.000,4.377E-21
16231.000,4.380E-21
16232.000,4.383E-21
16233.000,4.386E-21
16234.000,4.389E-21
16235.000,4.392E-21
16236.000,4.394E-21
16237.000,4.397E-21
16238.000,4.399E-21
16239.000,4.401E-21
16240.000,4.404E-21
16241.000,4.406E-21
16242.000,4.409E-21
16243.000,4.411E-21
16244.000,4.414E-21
16245.000,4.417E-21
16246.000,4.419E-21
16247.000,4.422E-21
16248.000,4.425E-21
16249.000,4.428E-21
16250.000,4.431E-21
16251.000,4.433E-21
16252.000,4.436E-21
16253.000,4.439E-21
16254.000,4.442E-21
16255.000,4.444E-21
16256.000,4.447E-21
16257.000,4.450E-21
16258.000,4.452E-21
16259.000,4.455E-21
16260.000,4.458E-21
16261.000,4.461E-21
16262.000,4.464E-21
16263.000,4.467E-21
16264.000,4.470E-21
16265.000,4.473E-21
16266.000,4.476E-21
16267.000,4.479E-21
16268.000,4.483E-21
16269.000,4.486E-21
16270.000,4.489E-21
16271.000,4.492E-21
16272.000,4.495E-21
16273.000,4.498E-21
16274.000,4.502E-21
16275.000,4.505E-21
16276.000,4.508E-21
16277.000,4.511E-21
16278.000,4.513E-21
16279.000,4.516E-21
16280.000,4.519E-21
16281.000,4.521E-21
16282.000,4.524E-21
16283.000,4.527E-21
16284.000,4.530E-21
16285.000,4.532E-21
16286.000,4.535E-21
16287.000,4.538E-21
16288.000,4.541E-21
16289.000,4.544E-21
16290.000,4.546E-21
16291.000,4.549E-21
16292.000,4.552E-21
16293.000,4.554E-21
16294.000,4.557E-21
16295.000,4.560E-21
16296.000,4.563E-21
16297.000,4.566E-21
16298.000,4.570E-21
16299.000,4.573E-21
16300.000,4.576E-21
16301.000,4.579E-21
16302.000,4.582E-21
16303.000,4.586E-21
16304.000,4.589E-21
16305.000,4.592E-21
16306.000,4.595E-21
16307.000,4.599E-21
16308.000,4.602E-21
16309.000,4.606E-21
16310.000,4.609E-21
16311.000,4.613E-21
16312.000,4.616E-21
16313.000,4.619E-21
16314.000,4.622E-21
16315.000,4.625E-21
16316.000,4.628E-21
16317.000,4.631E-21
16318.000,4.634E-21
16319.000,4.637E-21
16320.000,4.640E-21
16321.000,4.644E-21
16322.000,4.647E-21
16323.000,4.650E-21
16324.000,4.653E-21
16325.000,4.657E-21
16326.000,4.660E-21
16327.000,4.663E-21
16328.000,4.667E-21
16329.000,4.670E-21
16330.000,4.673E-21
16331.000,4.676E-21
16332.000,4.679E-21
16333.000,4.682E-21
16334.000,4.685E-21
16335.000,4.688E-21
16336.000,4.691E-21
16337.000,4.694E-21
16338.000,4.697E-21
16339.000,4.701E-21
16340.000,4.704E-21
16341.000,4.707E-21
16342.000,4.710E-21
16343.000,4.714E-21
16344.000,4.717E-21
16345.000,4.721E-21
16346.000,4.724E-21
16347.000,4.728E-21
16348.000,4.731E-21
16349.000,4.734E-21
16350.000,4.738E-21
16351.000,4.741E-21
16352.000,4.744E-21
16353.000,4.747E-21
16354.000,4.750E-21
16355.000,4.754E-21
16356.000,4.757E-21
16357.000,4.760E-21
16358.000,4.764E-21
16359.000,4.767E-21
16360.000,4.770E-21
16361.000,4.774E-21
16362.000,4.777E-21
16363.000,4.780E-21
16364.000,4.784E-21
16365.000,4.787E-21
16366.000,4.791E-21
16367.000,4.795E-21
16368.000,4.799E-21
16369.000,4.803E-21
16370.000,4.807E-21
16371.000,4.811E-21
16372.000,4.814E-21
16373.000,4.817E-21
16374.000,4.821E-21
16375.000,4.825E-21
16376.000,4.828E-21
16377.000,4.831E-21
16378.000,4.835E-21
16379.000,4.838E-21
16380.000,4.841E-21
16381.000,4.845E-21
16382.000,4.848E-21
16383.000,4.851E-21
16384.000,4.854E-21
16385.000,4.858E-21
16386.000,4.861E-21
16387.000,4.864E-21
16388.000,4.867E-21
16389.000,4.871E-21
16390.000,4.874E-21
16391.000,4.878E-21
16392.000,4.881E-21
16393.000,4.885E-21
16394.000,4.888E-21
16395.000,4.891E-21
16396.000,4.895E-21
16397.000,4.898E-21
16398.000,4.901E-21
16399.000,4.905E-21
16400.000,4.908E-21
16401.000,4.911E-21
16402.000,4.915E-21
16403.000,4.918E-21
16404.000,4.922E-21
16405.000,4.925E-21
16406.000,4.929E-21
16407.000,4.932E-21
16408.000,4.935E-21
16409.000,4.938E-21
16410.000,4.942E-21
16411.000,4.945E-21
16412.000,4.948E-21
16413.000,4.951E-21
16414.000,4.955E-21
16415.000,4.958E-21
16416.000,4.961E-21
16417.000,4.965E-21
16418.000,4.968E-21
16419.000,4.971E-21
16420.000,4.975E-21
16421.000,4.978E-21
16422.000,4.981E-21
16423.000,4.985E-21
16424.000,4.988E-21
16425.000,4.991E-21
16426.000,4.995E-21
16427.000,4.998E-21
16428.000,5.001E-21
16429.000,5.005E-21
16430.000,5.008E-21
16431.000,5.011E-21
16432.000,5.014E-21
16433.000,5.018E-21
16434.000,5.021E-21
16435.000,5.024E-21
16436.000,5.027E-21
16437.000,5.030E-21
16438.000,5.034E-21
16439.000,5.037E-21
16440.000,5.040E-21
16441.000,5.044E-21
16442.000,5.047E-21
16443.000,5.050E-21
16444.000,5.053E-21
16445.000,5.056E-21
16446.000,5.060E-21
16447.000,5.063E-21
16448.000,5.066E-21
16449.000,5.069E-21
16450.000,5.073E-21
16451.000,5.076E-21
16452.000,5.079E-21
16453.000,5.083E-21
16454.000,5.086E-21
16455.000,5.089E-21
16456.000,5.092E-21
16457.000,5.095E-21
16458.000,5.098E-21
16459.000,5.101E-21
16460.000,5.104E-21
16461.000,5.107E-21
16462.000,5.110E-21
16463.000,5.114E-21
16464.000,5.117E-21
16465.000,5.120E-21
16466.000,5.123E-21
16467.000,5.126E-21
16468.000,5.129E-21
16469.000,5.132E-21
16470.000,5.135E-21
16471.000,5.138E-21
16472.000,5.141E-21
16473.000,5.144E-21
16474.000,5.147E-21
16475.000,5.149E-21
16476.000,5.152E-21
16477.000,5.155E-21
16478.000,5.158E-21
16479.000,5.161E-21
16480.000,5.163E-21
16481.000,5.166E-21
16482.000,5.169E-21
16483.000,5.171E-21
16484.000,5.174E-21
16485.000,5.177E-21
16486.000,5.180E-21
16487.000,5.182E-21
16488.000,5.185E-21
16489.000,5.188E-21
16490.000,5.191E-21
16491.000,5.193E-21
16492.000,5.196E-21
16493.000,5.198E-21
16494.000,5.201E-21
16495.000,5.204E-21
16496.000,5.206E-21
16497.000,5.209E-21
16498.000,5.211E-21
16499.000,5.214E-21
16500.000,5.217E-21
16501.000,5.219E-21
16502.000,5.222E-21
16503.000,5.224E-21
16504.000,5.226E-21
16505.000,5.228E-21
16506.000,5.230E-21
16507.000,5.232E-21
16508.000,5.234E-21
16509.000,5.237E-21
16510.000,5.239E-21
16511.000,5.241E-21
16512.000,5.244E-21
16513.000,5.246E-21
16514.000,5.249E-21
16515.000,5.251E-21
16516.000,5.252E-21
16517.000,5.254E-21
16518.000,5.256E-21
16519.000,5.258E-21
16520.000,5.259E-21
16521.000,5.261E-21
16522.000,5.263E-21
16523.000,5.265E-21
16524.000,5.267E-21
16525.000,5.270E-21
16526.000,5.272E-21
16527.000,5.274E-21
16528.000,5.276E-21
16529.000,5.278E-21
16530.000,5.279E-21
16531.000,5.281E-21
16532.000,5.283E-21
16533.000,5.285E-21
16534.000,5.287E-21
16535.000,5.289E-21
16536.000,5.290E-21
16537.000,5.292E-21
16538.000,5.294E-21
16539.000,5.296E-21
16540.000,5.298E-21
16541.000,5.299E-21
16542.000,5.300E-21
16543.000,5.302E-21
16544.000,5.304E-21
16545.000,5.305E-21
16546.000,5.307E-21
16547.000,5.308E-21
16548.000,5.310E-21
16549.000,5.312E-21
16550.000,5.313E-21
16551.000,5.315E-21
16552.000,5.316E-21
16553.000,5.317E-21
16554.000,5.318E-21
16555.000,5.320E-21
16556.000,5.321E-21
16557.000,5.322E-21
16558.000,5.324E-21
16559.000,5.325E-21
16560.000,5.326E-21
16561.000,5.328E-21
16562.000,5.330E-21
16563.000,5.331E-21
16564.000,5.332E-21
16565.000,5.333E-21
16566.000,5.334E-21
16567.000,5.334E-21
16568.000,5.335E-21
16569.000,5.336E-21
16570.000,5.337E-21
16571.000,5.338E-21
16572.000,5.339E-21
16573.000,5.339E-21
16574.000,5.340E-21
16575.000,5.341E-21
16576.000,5.342E-21
16577.000,5.342E-21
16578.000,5.343E-21
16579.000,5.343E-21
16580.000,5.344E-21
16581.000,5.344E-21
16582.000,5.345E-21
16583.000,5.346E-21
16584.000,5.346E-21
16585.000,5.347E-21
16586.000,5.348E-21
16587.000,5.348E-21
16588.000,5.349E-21
16589.000,5.349E-21
16590.000,5.350E-21
16591.000,5.350E-21
16592.000,5.350E-21
16593.000,5.351E-21
16594.000,5.351E-21
16595.000,5.351E-21
16596.000,5.352E-21
16597.000,5.352E-21
16598.000,5.352E-21
16599.000,5.353E-21
16600.000,5.353E-21
16601.000,5.353E-21
16602.000,5.353E-21
16603.000,5.352E-21
16604.000,5.352E-21
16605.000,5.352E-21
16606.000,5.352E-21
16607.000,5.352E-21
16608.000,5.352E-21
16609.000,5.352E-21
16610.000,5.351E-21
16611.000,5.351E-21
16612.000,5.351E-21
16613.000,5.351E-21
16614.000,5.350E-21
16615.000,5.350E-21
16616.000,5.350E-21
16617.000,5.350E-21
16618.000,5.349E-21
16619.000,5.349E-21
16620.000,5.349E-21
16621.000,5.349E-21
16622.000,5.348E-21
16623.000,5.348E-21
16624.000,5.348E-21
16625.000,5.348E-21
16626.000,5.347E-21
16627.000,5.346E-21
16628.000,5.346E-21
16629.000,5.345E-21
16630.000,5.344E-21
16631.000,5.343E-21
16632.000,5.342E-21
16633.000,5.341E-21
16634.000,5.340E-21
16635.000,5.339E-21
16636.000,5.338E-21
16637.000,5.337E-21
16638.000,5.336E-21
16639.000,5.334E-21
16640.000,5.333E-21
16641.000,5.332E-21
16642.000,5.330E-21
16643.000,5.329E-21
16644.000,5.328E-21
16645.000,5.327E-21
16646.000,5.326E-21
16647.000,5.325E-21
16648.000,5.324E-21
16649.000,5.323E-21
16650.000,5.322E-21
16651.000,5.320E-21
16652.000,5.319E-21
16653.000,5.317E-21
16654.000,5.316E-21
16655.000,5.314E-21
16656.000,5.313E-21
16657.000,5.312E-21
16658.000,5.310E-21
16659.000,5.309E-21
16660.000,5.307E-21
16661.000,5.305E-21
16662.000,5.304E-21
16663.000,5.302E-21
16664.000,5.300E-21
16665.000,5.298E-21
16666.000,5.296E-21
16667.000,5.294E-21
16668.000,5.292E-21
16669.000,5.290E-21
16670.000,5.288E-21
16671.000,5.286E-21
16672.000,5.284E-21
16673.000,5.282E-21
16674.000,5.280E-21
16675.000,5.278E-21
16676.000,5.276E-21
16677.000,5.274E-21
16678.000,5.271E-21
16679.000,5.269E-21
16680.000,5.267E-21
16681.000,5.265E-21
16682.000,5.262E-21
16683.000,5.259E-21
16684.000,5.256E-21
16685.000,5.254E-21
16686.000,5.251E-21
16687.000,5.248E-21
16688.000,5.245E-21
16689.000,5.242E-21
16690.000,5.240E-21
16691.000,5.237E-21
16692.000,5.234E-21
16693.000,5.231E-21
16694.000,5.228E-21
16695.000,5.226E-21
16696.000,5.223E-21
16697.000,5.220E-21
16698.000,5.218E-21
16699.000,5.215E-21
16700.000,5.212E-21
16701.000,5.209E-21
16702.000,5.206E-21
16703.000,5.203E-21
16704.000,5.200E-21
16705.000,5.197E-21
16706.000,5.194E-21
16707.000,5.192E-21
16708.000,5.189E-21
16709.000,5.187E-21
16710.000,5.184E-21
16711.000,5.182E-21
16712.000,5.179E-21
16713.000,5.176E-21
16714.000,5.173E-21
16715.000,5.170E-21
16716.000,5.167E-21
16717.000,5.164E-21
16718.000,5.161E-21
16719.000,5.158E-21
16720.000,5.155E-21
16721.000,5.152E-21
16722.000,5.149E-21
16723.000,5.146E-21
16724.000,5.143E-21
16725.000,5.137E-21
16726.000,5.132E-21
16727.000,5.126E-21
16728.000,5.120E-21
16729.000,5.115E-21
16730.000,5.109E-21
16731.000,5.106E-21
16732.000,5.104E-21
16733.000,5.101E-21
16734.000,5.098E-21
16735.000,5.095E-21
16736.000,5.093E-21
16737.000,5.090E-21
16738.000,5.087E-21
16739.000,5.085E-21
16740.000,5.082E-21
16741.000,5.080E-21
16742.000,5.077E-21
16743.000,5.075E-21
16744.000,5.072E-21
16745.000,5.069E-21
16746.000,5.066E-21
16747.000,5.063E-21
16748.000,5.059E-21
16749.000,5.056E-21
16750.000,5.053E-21
16751.000,5.050E-21
16752.000,5.047E-21
16753.000,5.043E-21
16754.000,5.040E-21
16755.000,5.036E-21
16756.000,5.032E-21
16757.000,5.029E-21
16758.000,5.026E-21
16759.000,5.023E-21
16760.000,5.020E-21
16761.000,5.017E-21
16762.000,5.014E-21
16763.000,5.011E-21
16764.000,5.008E-21
16765.000,5.005E-21
16766.000,5.002E-21
16767.000,4.999E-21
16768.000,4.995E-21
16769.000,4.992E-21
16770.000,4.989E-21
16771.000,4.986E-21
16772.000,4.983E-21
16773.000,4.980E-21
16774.000,4.977E-21
16775.000,4.973E-21
16776.000,4.970E-21
16777.000,4.967E-21
16778.000,4.964E-21
16779.000,4.960E-21
16780.000,4.957E-21
16781.000,4.953E-21
16782.000,4.949E-21
16783.000,4.946E-21
16784.000,4.942E-21
16785.000,4.939E-21
16786.000,4.936E-21
16787.000,4.933E-21
16788.000,4.930E-21
16789.000,4.927E-21
16790.000,4.924E-21
16791.000,4.921E-21
16792.000,4.918E-21
16793.000,4.914E-21
16794.000,4.911E-21
16795.000,4.908E-21
16796.000,4.905E-21
16797.000,4.901E-21
16798.000,4.898E-21
16799.000,4.895E-21
16800.000,4.892E-21
16801.000,4.889E-21
16802.000,4.886E-21
16803.000,4.883E-21
16804.000,4.880E-21
16805.000,4.877E-21
16806.000,4.874E-21
16807.000,4.871E-21
16808.000,4.868E-21
16809.000,4.864E-21
16810.000,4.861E-21
16811.000,4.858E-21
16812.000,4.855E-21
16813.000,4.851E-21
16814.000,4.848E-21
16815.000,4.844E-21
16816.000,4.840E-21
16817.000,4.837E-21
16818.000,4.833E-21
16819.000,4.830E-21
16820.000,4.827E-21
16821.000,4.824E-21
16822.000,4.820E-21
16823.000,4.817E-21
16824.000,4.814E-21
16825.000,4.811E-21
16826.000,4.808E-21
16827.000,4.805E-21
16828.000,4.802E-21
16829.000,4.800E-21
16830.000,4.797E-21
16831.000,4.794E-21
16832.000,4.791E-21
16833.000,4.788E-21
16834.000,4.785E-21
16835.000,4.782E-21
16836.000,4.779E-21
16837.000,4.776E-21
16838.000,4.773E-21
16839.000,4.770E-21
16840.000,4.767E-21
16841.000,4.764E-21
16842.000,4.761E-21
16843.000,4.759E-21
16844.000,4.756E-21
16845.000,4.753E-21
16846.000,4.750E-21
16847.000,4.747E-21
16848.000,4.743E-21
16849.000,4.740E-21
16850.000,4.737E-21
16851.000,4.733E-21
16852.000,4.730E-21
16853.000,4.727E-21
16854.000,4.725E-21
16855.000,4.722E-21
16856.000,4.720E-21
16857.000,4.717E-21
16858.000,4.715E-21
16859.000,4.712E-21
16860.000,4.709E-21
16861.000,4.707E-21
16862.000,4.704E-21
16863.000,4.701E-21
16864.000,4.698E-21
16865.000,4.696E-21
16866.000,4.693E-21
16867.000,4.691E-21
16868.000,4.688E-21
16869.000,4.686E-21
16870.000,4.683E-21
16871.000,4.681E-21
16872.000,4.678E-21
16873.000,4.676E-21
16874.000,4.674E-21
16875.000,4.671E-21
16876.000,4.669E-21
16877.000,4.667E-21
16878.000,4.665E-21
16879.000,4.662E-21
16880.000,4.660E-21
16881.000,4.658E-21
16882.000,4.656E-21
16883.000,4.654E-21
16884.000,4.651E-21
16885.000,4.649E-21
16886.000,4.647E-21
16887.000,4.645E-21
16888.000,4.642E-21
16889.000,4.640E-21
16890.000,4.637E-21
16891.000,4.634E-21
16892.000,4.632E-21
16893.000,4.629E-21
16894.000,4.627E-21
16895.000,4.626E-21
16896.000,4.624E-21
16897.000,4.622E-21
16898.000,4.620E-21
16899.000,4.619E-21
16900.000,4.617E-21
16901.000,4.615E-21
16902.000,4.614E-21
16903.000,4.612E-21
16904.000,4.610E-21
16905.000,4.608E-21
16906.000,4.607E-21
16907.000,4.605E-21
16908.000,4.603E-21
16909.000,4.602E-21
16910.000,4.600E-21
16911.000,4.598E-21
16912.000,4.596E-21
16913.000,4.595E-21
16914.000,4.593E-21
16915.000,4.591E-21
16916.000,4.590E-21
16917.000,4.588E-21
16918.000,4.587E-21
16919.000,4.585E-21
16920.000,4.584E-21
16921.000,4.582E-21
16922.000,4.581E-21
16923.000,4.579E-21
16924.000,4.578E-21
16925.000,4.576E-21
16926.000,4.575E-21
16927.000,4.573E-21
16928.000,4.572E-21
16929.000,4.571E-21
16930.000,4.569E-21
16931.000,4.568E-21
16932.000,4.567E-21
16933.000,4.566E-21
16934.000,4.564E-21
16935.000,4.563E-21
16936.000,4.562E-21
16937.000,4.561E-21
16938.000,4.560E-21
16939.000,4.558E-21
16940.000,4.557E-21
16941.000,4.556E-21
16942.000,4.555E-21
16943.000,4.554E-21
16944.000,4.552E-21
16945.000,4.551E-21
16946.000,4.549E-21
16947.000,4.548E-21
16948.000,4.546E-21
16949.000,4.545E-21
16950.000,4.544E-21
16951.000,4.543E-21
16952.000,4.543E-21
16953.000,4.542E-21
16954.000,4.541E-21
16955.000,4.540E-21
16956.000,4.539E-21
16957.000,4.538E-21
16958.000,4.537E-21
16959.000,4.537E-21
16960.000,4.536E-21
16961.000,4.535E-21
16962.000,4.534E-21
16963.000,4.533E-21
16964.000,4.533E-21
16965.000,4.532E-21
16966.000,4.532E-21
16967.000,4.531E-21
16968.000,4.531E-21
16969.000,4.530E-21
16970.000,4.530E-21
16971.000,4.529E-21
16972.000,4.529E-21
16973.000,4.528E-21
16974.000,4.528E-21
16975.000,4.527E-21
16976.000,4.527E-21
16977.000,4.527E-21
16978.000,4.526E-21
16979.000,4.526E-21
16980.000,4.526E-21
16981.000,4.526E-21
16982.000,4.525E-21
16983.000,4.525E-21
16984.000,4.525E-21
16985.000,4.524E-21
16986.000,4.524E-21
16987.000,4.524E-21
16988.000,4.524E-21
16989.000,4.523E-21
16990.000,4.523E-21
16991.000,4.523E-21
16992.000,4.522E-21
16993.000,4.522E-21
16994.000,4.522E-21
16995.000,4.522E-21
16996.000,4.521E-21
16997.000,4.521E-21
16998.000,4.521E-21
16999.000,4.520E-21
17000.000,4.520E-21
17001.000,4.520E-21
17002.000,4.520E-21
17003.000,4.519E-21
17004.000,4.519E-21
17005.000,4.519E-21
17006.000,4.519E-21
17007.000,4.519E-21
17008.000,4.518E-21
17009.000,4.518E-21
17010.000,4.518E-21
17011.000,4.518E-21
17012.000,4.518E-21
17013.000,4.518E-21
17014.000,4.518E-21
17015.000,4.517E-21
17016.000,4.517E-21
17017.000,4.517E-21
17018.000,4.517E-21
17019.000,4.517E-21
17020.000,4.517E-21
17021.000,4.516E-21
17022.000,4.516E-21
17023.000,4.516E-21
17024.000,4.516E-21
17025.000,4.516E-21
17026.000,4.516E-21
17027.000,4.516E-21
17028.000,4.517E-21
17029.000,4.517E-21
17030.000,4.517E-21
17031.000,4.517E-21
17032.000,4.517E-21
17033.000,4.517E-21
17034.000,4.517E-21
17035.000,4.518E-21
17036.000,4.518E-21
17037.000,4.518E-21
17038.000,4.518E-21
17039.000,4.518E-21
17040.000,4.518E-21
17041.000,4.518E-21
17042.000,4.518E-21
17043.000,4.518E-21
17044.000,4.518E-21
17045.000,4.518E-21
17046.000,4.518E-21
17047.000,4.519E-21
17048.000,4.519E-21
17049.000,4.520E-21
17050.000,4.520E-21
17051.000,4.521E-21
17052.000,4.521E-21
17053.000,4.521E-21
17054.000,4.522E-21
17055.000,4.522E-21
17056.000,4.522E-21
17057.000,4.522E-21
17058.000,4.523E-21
17059.000,4.523E-21
17060.000,4.523E-21
17061.000,4.524E-21
17062.000,4.524E-21
17063.000,4.524E-21
17064.000,4.524E-21
17065.000,4.525E-21
17066.000,4.525E-21
17067.000,4.525E-21
17068.000,4.526E-21
17069.000,4.526E-21
17070.000,4.527E-21
17071.000,4.527E-21
17072.000,4.528E-21
17073.000,4.528E-21
17074.000,4.529E-21
17075.000,4.529E-21
17076.000,4.530E-21
17077.000,4.530E-21
17078.000,4.531E-21
17079.000,4.531E-21
17080.000,4.532E-21
17081.000,4.532E-21
17082.000,4.533E-21
17083.000,4.533E-21
17084.000,4.534E-21
17085.000,4.534E-21
17086.000,4.535E-21
17087.000,4.535E-21
17088.000,4.536E-21
17089.000,4.536E-21
17090.000,4.537E-21
17091.000,4.538E-21
17092.000,4.539E-21
17093.000,4.539E-21
17094.000,4.540E-21
17095.000,4.541E-21
17096.000,4.541E-21
17097.000,4.542E-21
17098.000,4.543E-21
17099.000,4.544E-21
17100.000,4.544E-21
17101.000,4.545E-21
17102.000,4.546E-21
17103.000,4.547E-21
17104.000,4.548E-21
17105.000,4.549E-21
17106.000,4.550E-21
17107.000,4.551E-21
17108.000,4.552E-21
17109.000,4.553E-21
17110.000,4.553E-21
17111.000,4.554E-21
17112.000,4.555E-21
17113.000,4.556E-21
17114.000,4.556E-21
17115.000,4.557E-21
17116.000,4.558E-21
17117.000,4.559E-21
17118.000,4.560E-21
17119.000,4.560E-21
17120.000,4.561E-21
17121.000,4.562E-21
17122.000,4.563E-21
17123.000,4.564E-21
17124.000,4.565E-21
17125.000,4.566E-21
17126.000,4.567E-21
17127.000,4.568E-21
17128.000,4.569E-21
17129.000,4.570E-21
17130.000,4.571E-21
17131.000,4.572E-21
17132.000,4.573E-21
17133.000,4.573E-21
17134.000,4.574E-21
17135.000,4.575E-21
17136.000,4.576E-21
17137.000,4.577E-21
17138.000,4.578E-21
17139.000,4.579E-21
17140.000,4.581E-21
17141.000,4.582E-21
17142.000,4.583E-21
17143.000,4.584E-21
17144.000,4.585E-21
17145.000,4.586E-21
17146.000,4.587E-21
17147.000,4.589E-21
17148.000,4.590E-21
17149.000,4.591E-21
17150.000,4.592E-21
17151.000,4.593E-21
17152.000,4.594E-21
17153.000,4.595E-21
17154.000,4.597E-21
17155.000,4.598E-21
17156.000,4.599E-21
17157.000,4.600E-21
17158.000,4.601E-21
17159.000,4.603E-21
17160.000,4.604E-21
17161.000,4.605E-21
17162.000,4.606E-21
17163.000,4.608E-21
17164.000,4.609E-21
17165.000,4.610E-21
17166.000,4.611E-21
17167.000,4.612E-21
17168.000,4.614E-21
17169.000,4.615E-21
17170.000,4.616E-21
17171.000,4.617E-21
17172.000,4.619E-21
17173.000,4.620E-21
17174.000,4.622E-21
17175.000,4.623E-21
17176.000,4.625E-21
17177.000,4.626E-21
17178.000,4.628E-21
17179.000,4.629E-21
17180.000,4.631E-21
17181.000,4.632E-21
17182.000,4.634E-21
17183.000,4.635E-21
17184.000,4.637E-21
17185.000,4.638E-21
17186.000,4.639E-21
17187.000,4.641E-21
17188.000,4.642E-21
17189.000,4.644E-21
17190.000,4.645E-21
17191.000,4.647E-21
17192.000,4.648E-21
17193.000,4.649E-21
17194.000,4.651E-21
17195.000,4.652E-21
17196.000,4.653E-21
17197.000,4.654E-21
17198.000,4.656E-21
17199.000,4.657E-21
17200.000,4.659E-21
17201.000,4.660E-21
17202.000,4.662E-21
17203.000,4.664E-21
17204.000,4.666E-21
17205.000,4.667E-21
17206.000,4.669E-21
17207.000,4.670E-21
17208.000,4.672E-21
17209.000,4.673E-21
17210.000,4.674E-21
17211.000,4.676E-21
17212.000,4.677E-21
17213.000,4.679E-21
17214.000,4.680E-21
17215.000,4.682E-21
17216.000,4.683E-21
17217.000,4.685E-21
17218.000,4.686E-21
17219.000,4.688E-21
17220.000,4.689E-21
17221.000,4.691E-21
17222.000,4.693E-21
17223.000,4.694E-21
17224.000,4.696E-21
17225.000,4.697E-21
17226.000,4.699E-21
17227.000,4.700E-21
17228.000,4.702E-21
17229.000,4.704E-21
17230.000,4.705E-21
17231.000,4.707E-21
17232.000,4.708E-21
17233.000,4.710E-21
17234.000,4.711E-21
17235.000,4.713E-21
17236.000,4.715E-21
17237.000,4.717E-21
17238.000,4.719E-21
17239.000,4.720E-21
17240.000,4.722E-21
17241.000,4.724E-21
17242.000,4.726E-21
17243.000,4.728E-21
17244.000,4.729E-21
17245.000,4.731E-21
17246.000,4.732E-21
17247.000,4.734E-21
17248.000,4.735E-21
17249.000,4.737E-21
17250.000,4.739E-21
17251.000,4.740E-21
17252.000,4.742E-21
17253.000,4.744E-21
17254.000,4.746E-21
17255.000,4.747E-21
17256.000,4.749E-21
17257.000,4.751E-21
17258.000,4.752E-21
17259.000,4.754E-21
17260.000,4.755E-21
17261.000,4.757E-21
17262.000,4.758E-21
17263.000,4.760E-21
17264.000,4.762E-21
17265.000,4.763E-21
17266.000,4.765E-21
17267.000,4.766E-21
17268.000,4.768E-21
17269.000,4.769E-21
17270.000,4.771E-21
17271.000,4.773E-21
17272.000,4.775E-21
17273.000,4.777E-21
17274.000,4.779E-21
17275.000,4.781E-21
17276.000,4.783E-21
17277.000,4.785E-21
17278.000,4.786E-21
17279.000,4.788E-21
17280.000,4.789E-21
17281.000,4.791E-21
17282.000,4.792E-21
17283.000,4.794E-21
17284.000,4.795E-21
17285.000,4.797E-21
17286.000,4.798E-21
17287.000,4.800E-21
17288.000,4.801E-21
17289.000,4.803E-21
17290.000,4.804E-21
17291.000,4.806E-21
17292.000,4.807E-21
17293.000,4.808E-21
17294.000,4.810E-21
17295.000,4.811E-21
17296.000,4.813E-21
17297.000,4.814E-21
17298.000,4.816E-21
17299.000,4.817E-21
17300.000,4.819E-21
17301.000,4.820E-21
17302.000,4.822E-21
17303.000,4.823E-21
17304.000,4.825E-21
17305.000,4.826E-21
17306.000,4.828E-21
17307.000,4.830E-21
17308.000,4.831E-21
17309.000,4.833E-21
17310.000,4.834E-21
17311.000,4.836E-21
17312.000,4.837E-21
17313.000,4.839E-21
17314.000,4.840E-21
17315.000,4.842E-21
17316.000,4.843E-21
17317.000,4.845E-21
17318.000,4.846E-21
17319.000,4.848E-21
17320.000,4.849E-21
17321.000,4.850E-21
17322.000,4.852E-21
17323.000,4.853E-21
17324.000,4.855E-21
17325.000,4.856E-21
17326.000,4.858E-21
17327.000,4.859E-21
17328.000,4.860E-21
17329.000,4.862E-21
17330.000,4.863E-21
17331.000,4.864E-21
17332.000,4.865E-21
17333.000,4.867E-21
17334.000,4.868E-21
17335.000,4.869E-21
17336.000,4.870E-21
17337.000,4.871E-21
17338.000,4.872E-21
17339.000,4.873E-21
17340.000,4.874E-21
17341.000,4.875E-21
17342.000,4.876E-21
17343.000,4.877E-21
17344.000,4.878E-21
17345.000,4.879E-21
17346.000,4.881E-21
17347.000,4.882E-21
17348.000,4.883E-21
17349.000,4.884E-21
17350.000,4.885E-21
17351.000,4.886E-21
17352.000,4.887E-21
17353.000,4.889E-21
17354.000,4.890E-21
17355.000,4.891E-21
17356.000,4.892E-21
17357.000,4.893E-21
17358.000,4.894E-21
17359.000,4.895E-21
17360.000,4.896E-21
17361.000,4.897E-21
17362.000,4.898E-21
17363.000,4.899E-21
17364.000,4.900E-21
17365.000,4.901E-21
17366.000,4.902E-21
17367.000,4.903E-21
17368.000,4.904E-21
17369.000,4.905E-21
17370.000,4.906E-21
17371.000,4.907E-21
17372.000,4.907E-21
17373.000,4.908E-21
17374.000,4.909E-21
17375.000,4.910E-21
17376.000,4.910E-21
17377.000,4.911E-21
17378.000,4.912E-21
17379.000,4.912E-21
17380.000,4.913E-21
17381.000,4.913E-21
17382.000,4.914E-21
17383.000,4.915E-21
17384.000,4.915E-21
17385.000,4.916E-21
17386.000,4.917E-21
17387.000,4.917E-21
17388.000,4.918E-21
17389.000,4.918E-21
17390.000,4.919E-21
17391.000,4.919E-21
17392.000,4.920E-21
17393.000,4.920E-21
17394.000,4.921E-21
17395.000,4.921E-21
17396.000,4.921E-21
17397.000,4.921E-21
17398.000,4.922E-21
17399.000,4.922E-21
17400.000,4.922E-21
17401.000,4.923E-21
17402.000,4.923E-21
17403.000,4.923E-21
17404.000,4.923E-21
17405.000,4.924E-21
17406.000,4.924E-21
17407.000,4.924E-21
17408.000,4.924E-21
17409.000,4.924E-21
17410.000,4.924E-21
17411.000,4.924E-21
17412.000,4.924E-21
17413.000,4.924E-21
17414.000,4.924E-21
17415.000,4.924E-21
17416.000,4.924E-21
17417.000,4.924E-21
17418.000,4.924E-21
17419.000,4.924E-21
17420.000,4.924E-21
17421.000,4.924E-21
17422.000,4.924E-21
17423.000,4.923E-21
17424.000,4.923E-21
17425.000,4.922E-21
17426.000,4.922E-21
17427.000,4.921E-21
17428.000,4.921E-21
17429.000,4.921E-21
17430.000,4.920E-21
17431.000,4.920E-21
17432.000,4.919E-21
17433.000,4.919E-21
17434.000,4.918E-21
17435.000,4.918E-21
17436.000,4.917E-21
17437.000,4.917E-21
17438.000,4.916E-21
17439.000,4.915E-21
17440.000,4.914E-21
17441.000,4.914E-21
17442.000,4.913E-21
17443.000,4.912E-21
17444.000,4.912E-21
17445.000,4.911E-21
17446.000,4.911E-21
17447.000,4.910E-21
17448.000,4.910E-21
17449.000,4.909E-21
17450.000,4.908E-21
17451.000,4.907E-21
17452.000,4.906E-21
17453.000,4.906E-21
17454.000,4.905E-21
17455.000,4.904E-21
17456.000,4.903E-21
17457.000,4.902E-21
17458.000,4.901E-21
17459.000,4.900E-21
17460.000,4.899E-21
17461.000,4.898E-21
17462.000,4.897E-21
17463.000,4.896E-21
17464.000,4.895E-21
17465.000,4.894E-21
17466.000,4.892E-21
17467.000,4.891E-21
17468.000,4.890E-21
17469.000,4.889E-21
17470.000,4.887E-21
17471.000,4.886E-21
17472.000,4.885E-21
17473.000,4.883E-21
17474.000,4.882E-21
17475.000,4.881E-21
17476.000,4.880E-21
17477.000,4.878E-21
17478.000,4.877E-21
17479.000,4.876E-21
17480.000,4.875E-21
17481.000,4.873E-21
17482.000,4.872E-21
17483.000,4.871E-21
17484.000,4.870E-21
17485.000,4.868E-21
17486.000,4.867E-21
17487.000,4.865E-21
17488.000,4.864E-21
17489.000,4.862E-21
17490.000,4.861E-21
17491.000,4.859E-21
17492.000,4.858E-21
17493.000,4.856E-21
17494.000,4.854E-21
17495.000,4.853E-21
17496.000,4.851E-21
17497.000,4.849E-21
17498.000,4.847E-21
17499.000,4.846E-21
17500.000,4.844E-21
17501.000,4.843E-21
17502.000,4.841E-21
17503.000,4.840E-21
17504.000,4.838E-21
17505.000,4.837E-21
17506.000,4.836E-21
17507.000,4.834E-21
17508.000,4.833E-21
17509.000,4.831E-21
17510.000,4.829E-21
17511.000,4.827E-21
17512.000,4.825E-21
17513.000,4.823E-21
17514.000,4.821E-21
17515.000,4.819E-21
17516.000,4.817E-21
17517.000,4.816E-21
17518.000,4.814E-21
17519.000,4.812E-21
17520.000,4.810E-21
17521.000,4.809E-21
17522.000,4.807E-21
17523.000,4.805E-21
17524.000,4.803E-21
17525.000,4.801E-21
17526.000,4.799E-21
17527.000,4.797E-21
17528.000,4.795E-21
17529.000,4.793E-21
17530.000,4.791E-21
17531.000,4.790E-21
17532.000,4.788E-21
17533.000,4.787E-21
17534.000,4.785E-21
17535.000,4.783E-21
17536.000,4.782E-21
17537.000,4.780E-21
17538.000,4.778E-21
17539.000,4.776E-21
17540.000,4.774E-21
17541.000,4.772E-21
17542.000,4.770E-21
17543.000,4.768E-21
17544.000,4.766E-21
17545.000,4.764E-21
17546.000,4.762E-21
17547.000,4.760E-21
17548.000,4.758E-21
17549.000,4.756E-21
17550.000,4.754E-21
17551.000,4.752E-21
17552.000,4.750E-21
17553.000,4.748E-21
17554.000,4.746E-21
17555.000,4.744E-21
17556.000,4.743E-21
17557.000,4.741E-21
17558.000,4.739E-21
17559.000,4.737E-21
17560.000,4.735E-21
17561.000,4.733E-21
17562.000,4.731E-21
17563.000,4.729E-21
17564.000,4.727E-21
17565.000,4.725E-21
17566.000,4.723E-21
17567.000,4.721E-21
17568.000,4.719E-21
17569.000,4.717E-21
17570.000,4.715E-21
17571.000,4.713E-21
17572.000,4.711E-21
17573.000,4.709E-21
17574.000,4.707E-21
17575.000,4.706E-21
17576.000,4.704E-21
17577.000,4.702E-21
17578.000,4.700E-21
17579.000,4.698E-21
17580.000,4.697E-21
17581.000,4.695E-21
17582.000,4.693E-21
17583.000,4.691E-21
17584.000,4.689E-21
17585.000,4.686E-21
17586.000,4.684E-21
17587.000,4.682E-21
17588.000,4.680E-21
17589.000,4.678E-21
17590.000,4.676E-21
17591.000,4.674E-21
17592.000,4.673E-21
17593.000,4.671E-21
17594.000,4.669E-21
17595.000,4.667E-21
17596.000,4.665E-21
17597.000,4.663E-21
17598.000,4.662E-21
17599.000,4.660E-21
17600.000,4.658E-21
17601.000,4.657E-21
17602.000,4.655E-21
17603.000,4.653E-21
17604.000,4.651E-21
17605.000,4.649E-21
17606.000,4.647E-21
17607.000,4.645E-21
17608.000,4.643E-21
17609.000,4.641E-21
17610.000,4.639E-21
17611.000,4.637E-21
17612.000,4.635E-21
17613.000,4.633E-21
17614.000,4.632E-21
17615.000,4.630E-21
17616.000,4.628E-21
17617.000,4.626E-21
17618.000,4.624E-21
17619.000,4.623E-21
17620.000,4.621E-21
17621.000,4.619E-21
17622.000,4.617E-21
17623.000,4.615E-21
17624.000,4.614E-21
17625.000,4.612E-21
17626.000,4.610E-21
17627.000,4.608E-21
17628.000,4.606E-21
17629.000,4.603E-21
17630.000,4.601E-21
17631.000,4.599E-21
17632.000,4.597E-21
17633.000,4.595E-21
17634.000,4.594E-21
17635.000,4.592E-21
17636.000,4.590E-21
17637.000,4.588E-21
17638.000,4.587E-21
17639.000,4.585E-21
17640.000,4.583E-21
17641.000,4.581E-21
17642.000,4.580E-21
17643.000,4.578E-21
17644.000,4.576E-21
17645.000,4.574E-21
17646.000,4.573E-21
17647.000,4.571E-21
17648.000,4.569E-21
17649.000,4.567E-21
17650.000,4.565E-21
17651.000,4.563E-21
17652.000,4.561E-21
17653.000,4.559E-21
17654.000,4.557E-21
17655.000,4.555E-21
17656.000,4.553E-21
17657.000,4.551E-21
17658.000,4.550E-21
17659.000,4.548E-21
17660.000,4.546E-21
17661.000,4.544E-21
17662.000,4.542E-21
17663.000,4.540E-21
17664.000,4.538E-21
17665.000,4.537E-21
17666.000,4.535E-21
17667.000,4.533E-21
17668.000,4.531E-21
17669.000,4.529E-21
17670.000,4.527E-21
17671.000,4.525E-21
17672.000,4.523E-21
17673.000,4.521E-21
17674.000,4.519E-21
17675.000,4.517E-21
17676.000,4.515E-21
17677.000,4.513E-21
17678.000,4.512E-21
17679.000,4.510E-21
17680.000,4.508E-21
17681.000,4.506E-21
17682.000,4.504E-21
17683.000,4.503E-21
17684.000,4.501E-21
17685.000,4.499E-21
17686.000,4.496E-21
17687.000,4.494E-21
17688.000,4.492E-21
17689.000,4.490E-21
17690.000,4.487E-21
17691.000,4.485E-21
17692.000,4.483E-21
17693.000,4.481E-21
17694.000,4.479E-21
17695.000,4.476E-21
17696.000,4.474E-21
17697.000,4.472E-21
17698.000,4.470E-21
17699.000,4.468E-21
17700.000,4.466E-21
17701.000,4.464E-21
17702.000,4.462E-21
17703.000,4.460E-21
17704.000,4.458E-21
17705.000,4.456E-21
17706.000,4.454E-21
17707.000,4.452E-21
17708.000,4.449E-21
17709.000,4.447E-21
17710.000,4.445E-21
17711.000,4.443E-21
17712.000,4.440E-21
17713.000,4.438E-21
17714.000,4.436E-21
17715.000,4.434E-21
17716.000,4.432E-21
17717.000,4.430E-21
17718.000,4.428E-21
17719.000,4.426E-21
17720.000,4.424E-21
17721.000,4.422E-21
17722.000,4.420E-21
17723.000,4.417E-21
17724.000,4.415E-21
17725.000,4.412E-21
17726.000,4.410E-21
17727.000,4.407E-21
17728.000,4.405E-21
17729.000,4.403E-21
17730.000,4.400E-21
17731.000,4.398E-21
17732.000,4.396E-21
17733.000,4.394E-21
17734.000,4.391E-21
17735.000,4.389E-21
17736.000,4.387E-21
17737.000,4.384E-21
17738.000,4.382E-21
17739.000,4.379E-21
17740.000,4.377E-21
17741.000,4.374E-21
17742.000,4.372E-21
17743.000,4.369E-21
17744.000,4.366E-21
17745.000,4.363E-21
17746.000,4.360E-21
17747.000,4.358E-21
17748.000,4.355E-21
17749.000,4.352E-21
17750.000,4.349E-21
17751.000,4.347E-21
17752.000,4.344E-21
17753.000,4.342E-21
17754.000,4.339E-21
17755.000,4.337E-21
17756.000,4.335E-21
17757.000,4.332E-21
17758.000,4.330E-21
17759.000,4.327E-21
17760.000,4.325E-21
17761.000,4.322E-21
17762.000,4.319E-21
17763.000,4.316E-21
17764.000,4.314E-21
17765.000,4.311E-21
17766.000,4.308E-21
17767.000,4.306E-21
17768.000,4.303E-21
17769.000,4.301E-21
17770.000,4.299E-21
17771.000,4.296E-21
17772.000,4.293E-21
17773.000,4.291E-21
17774.000,4.288E-21
17775.000,4.284E-21
17776.000,4.281E-21
17777.000,4.278E-21
17778.000,4.275E-21
17779.000,4.271E-21
17780.000,4.268E-21
17781.000,4.266E-21
17782.000,4.263E-21
17783.000,4.260E-21
17784.000,4.258E-21
17785.000,4.256E-21
17786.000,4.253E-21
17787.000,4.251E-21
17788.000,4.248E-21
17789.000,4.245E-21
17790.000,4.241E-21
17791.000,4.238E-21
17792.000,4.234E-21
17793.000,4.231E-21
17794.000,4.227E-21
17795.000,4.224E-21
17796.000,4.221E-21
17797.000,4.219E-21
17798.000,4.216E-21
17799.000,4.213E-21
17800.000,4.210E-21
17801.000,4.207E-21
17802.000,4.205E-21
17803.000,4.202E-21
17804.000,4.199E-21
17805.000,4.195E-21
17806.000,4.192E-21
17807.000,4.188E-21
17808.000,4.185E-21
17809.000,4.181E-21
17810.000,4.178E-21
17811.000,4.175E-21
17812.000,4.172E-21
17813.000,4.169E-21
17814.000,4.167E-21
17815.000,4.164E-21
17816.000,4.161E-21
17817.000,4.158E-21
17818.000,4.155E-21
17819.000,4.152E-21
17820.000,4.148E-21
17821.000,4.145E-21
17822.000,4.141E-21
17823.000,4.138E-21
17824.000,4.134E-21
17825.000,4.131E-21
17826.000,4.128E-21
17827.000,4.125E-21
17828.000,4.122E-21
17829.000,4.119E-21
17830.000,4.116E-21
17831.000,4.113E-21
17832.000,4.110E-21
17833.000,4.107E-21
17834.000,4.103E-21
17835.000,4.100E-21
17836.000,4.096E-21
17837.000,4.093E-21
17838.000,4.089E-21
17839.000,4.086E-21
17840.000,4.082E-21
17841.000,4.079E-21
17842.000,4.076E-21
17843.000,4.073E-21
17844.000,4.070E-21
17845.000,4.067E-21
17846.000,4.064E-21
17847.000,4.061E-21
17848.000,4.058E-21
17849.000,4.055E-21
17850.000,4.051E-21
17851.000,4.048E-21
17852.000,4.045E-21
17853.000,4.042E-21
17854.000,4.038E-21
17855.000,4.035E-21
17856.000,4.032E-21
17857.000,4.029E-21
17858.000,4.026E-21
17859.000,4.022E-21
17860.000,4.019E-21
17861.000,4.016E-21
17862.000,4.013E-21
17863.000,4.010E-21
17864.000,4.006E-21
17865.000,4.003E-21
17866.000,3.999E-21
17867.000,3.996E-21
17868.000,3.992E-21
17869.000,3.989E-21
17870.000,3.985E-21
17871.000,3.982E-21
17872.000,3.979E-21
17873.000,3.976E-21
17874.000,3.973E-21
17875.000,3.970E-21
17876.000,3.967E-21
17877.000,3.964E-21
17878.000,3.961E-21
17879.000,3.958E-21
17880.000,3.954E-21
17881.000,3.951E-21
17882.000,3.947E-21
17883.000,3.944E-21
17884.000,3.940E-21
17885.000,3.937E-21
17886.000,3.934E-21
17887.000,3.931E-21
17888.000,3.928E-21
17889.000,3.925E-21
17890.000,3.922E-21
17891.000,3.919E-21
17892.000,3.916E-21
17893.000,3.913E-21
17894.000,3.910E-21
17895.000,3.908E-21
17896.000,3.905E-21
17897.000,3.902E-21
17898.000,3.899E-21
17899.000,3.897E-21
17900.000,3.894E-21
17901.000,3.891E-21
17902.000,3.888E-21
17903.000,3.885E-21
17904.000,3.882E-21
17905.000,3.878E-21
17906.000,3.875E-21
17907.000,3.872E-21
17908.000,3.869E-21
17909.000,3.866E-21
17910.000,3.863E-21
17911.000,3.860E-21
17912.000,3.858E-21
17913.000,3.855E-21
17914.000,3.852E-21
17915.000,3.849E-21
17916.000,3.846E-21
17917.000,3.843E-21
17918.000,3.840E-21
17919.000,3.837E-21
17920.000,3.833E-21
17921.000,3.830E-21
17922.000,3.827E-21
17923.000,3.824E-21
17924.000,3.821E-21
17925.000,3.818E-21
17926.000,3.816E-21
17927.000,3.813E-21
17928.000,3.810E-21
17929.000,3.807E-21
17930.000,3.805E-21
17931.000,3.802E-21
17932.000,3.799E-21
17933.000,3.797E-21
17934.000,3.794E-21
17935.000,3.792E-21
17936.000,3.789E-21
17937.000,3.787E-21
17938.000,3.784E-21
17939.000,3.782E-21
17940.000,3.779E-21
17941.000,3.777E-21
17942.000,3.774E-21
17943.000,3.771E-21
17944.000,3.769E-21
17945.000,3.766E-21
17946.000,3.764E-21
17947.000,3.762E-21
17948.000,3.759E-21
17949.000,3.757E-21
17950.000,3.754E-21
17951.000,3.752E-21
17952.000,3.750E-21
17953.000,3.747E-21
17954.000,3.745E-21
17955.000,3.742E-21
17956.000,3.740E-21
17957.000,3.737E-21
17958.000,3.735E-21
17959.000,3.732E-21
17960.000,3.730E-21
17961.000,3.727E-21
17962.000,3.725E-21
17963.000,3.722E-21
17964.000,3.720E-21
17965.000,3.718E-21
17966.000,3.716E-21
17967.000,3.713E-21
17968.000,3.711E-21
17969.000,3.709E-21
17970.000,3.707E-21
17971.000,3.705E-21
17972.000,3.703E-21
17973.000,3.700E-21
17974.000,3.698E-21
17975.000,3.696E-21
17976.000,3.694E-21
17977.000,3.692E-21
17978.000,3.690E-21
17979.000,3.688E-21
17980.000,3.686E-21
17981.000,3.684E-21
17982.000,3.682E-21
17983.000,3.680E-21
17984.000,3.678E-21
17985.000,3.676E-21
17986.000,3.674E-21
17987.000,3.671E-21
17988.000,3.669E-21
17989.000,3.667E-21
17990.000,3.664E-21
17991.000,3.662E-21
17992.000,3.660E-21
17993.000,3.658E-21
17994.000,3.656E-21
17995.000,3.654E-21
17996.000,3.653E-21
17997.000,3.651E-21
17998.000,3.649E-21
17999.000,3.647E-21
18000.000,3.645E-21
18001.000,3.643E-21
18002.000,3.641E-21
18003.000,3.639E-21
18004.000,3.638E-21
18005.000,3.636E-21
18006.000,3.634E-21
18007.000,3.632E-21
18008.000,3.630E-21
18009.000,3.629E-21
18010.000,3.627E-21
18011.000,3.625E-21
18012.000,3.624E-21
18013.000,3.622E-21
18014.000,3.621E-21
18015.000,3.619E-21
18016.000,3.617E-21
18017.000,3.616E-21
18018.000,3.614E-21
18019.000,3.612E-21
18020.000,3.610E-21
18021.000,3.609E-21
18022.000,3.607E-21
18023.000,3.605E-21
18024.000,3.604E-21
18025.000,3.602E-21
18026.000,3.601E-21
18027.000,3.599E-21
18028.000,3.597E-21
18029.000,3.596E-21
18030.000,3.594E-21
18031.000,3.592E-21
18032.000,3.591E-21
18033.000,3.589E-21
18034.000,3.588E-21
18035.000,3.586E-21
18036.000,3.584E-21
18037.000,3.583E-21
18038.000,3.581E-21
18039.000,3.579E-21
18040.000,3.578E-21
18041.000,3.576E-21
18042.000,3.575E-21
18043.000,3.573E-21
18044.000,3.572E-21
18045.000,3.570E-21
18046.000,3.569E-21
18047.000,3.568E-21
18048.000,3.566E-21
18049.000,3.565E-21
18050.000,3.564E-21
18051.000,3.563E-21
18052.000,3.561E-21
18053.000,3.560E-21
18054.000,3.559E-21
18055.000,3.557E-21
18056.000,3.556E-21
18057.000,3.555E-21
18058.000,3.553E-21
18059.000,3.552E-21
18060.000,3.550E-21
18061.000,3.549E-21
18062.000,3.548E-21
18063.000,3.546E-21
18064.000,3.545E-21
18065.000,3.543E-21
18066.000,3.542E-21
18067.000,3.540E-21
18068.000,3.539E-21
18069.000,3.538E-21
18070.000,3.537E-21
18071.000,3.535E-21
18072.000,3.534E-21
18073.000,3.533E-21
18074.000,3.531E-21
18075.000,3.530E-21
18076.000,3.529E-21
18077.000,3.528E-21
18078.000,3.526E-21
18079.000,3.525E-21
18080.000,3.523E-21
18081.000,3.522E-21
18082.000,3.521E-21
18083.000,3.519E-21
18084.000,3.518E-21
18085.000,3.517E-21
18086.000,3.516E-21
18087.000,3.515E-21
18088.000,3.513E-21
18089.000,3.512E-21
18090.000,3.511E-21
18091.000,3.510E-21
18092.000,3.509E-21
18093.000,3.508E-21
18094.000,3.506E-21
18095.000,3.505E-21
18096.000,3.504E-21
18097.000,3.503E-21
18098.000,3.501E-21
18099.000,3.500E-21
18100.000,3.499E-21
18101.000,3.498E-21
18102.000,3.497E-21
18103.000,3.496E-21
18104.000,3.495E-21
18105.000,3.494E-21
18106.000,3.493E-21
18107.000,3.492E-21
18108.000,3.491E-21
18109.000,3.490E-21
18110.000,3.489E-21
18111.000,3.487E-21
18112.000,3.486E-21
18113.000,3.485E-21
18114.000,3.484E-21
18115.000,3.483E-21
18116.000,3.482E-21
18117.000,3.481E-21
18118.000,3.480E-21
18119.000,3.478E-21
18120.000,3.477E-21
18121.000,3.476E-21
18122.000,3.475E-21
18123.000,3.474E-21
18124.000,3.473E-21
18125.000,3.472E-21
18126.000,3.471E-21
18127.000,3.470E-21
18128.000,3.469E-21
18129.000,3.468E-21
18130.000,3.467E-21
18131.000,3.466E-21
18132.000,3.465E-21
18133.000,3.464E-21
18134.000,3.463E-21
18135.000,3.462E-21
18136.000,3.461E-21
18137.000,3.460E-21
18138.000,3.459E-21
18139.000,3.458E-21
18140.000,3.457E-21
18141.000,3.456E-21
18142.000,3.455E-21
18143.000,3.454E-21
18144.000,3.453E-21
18145.000,3.452E-21
18146.000,3.451E-21
18147.000,3.450E-21
18148.000,3.449E-21
18149.000,3.448E-21
18150.000,3.447E-21
18151.000,3.446E-21
18152.000,3.445E-21
18153.000,3.444E-21
18154.000,3.443E-21
18155.000,3.442E-21
18156.000,3.441E-21
18157.000,3.440E-21
18158.000,3.439E-21
18159.000,3.438E-21
18160.000,3.437E-21
18161.000,3.436E-21
18162.000,3.435E-21
18163.000,3.434E-21
18164.000,3.433E-21
18165.000,3.433E-21
18166.000,3.432E-21
18167.000,3.431E-21
18168.000,3.430E-21
18169.000,3.429E-21
18170.000,3.428E-21
18171.000,3.427E-21
18172.000,3.426E-21
18173.000,3.425E-21
18174.000,3.424E-21
18175.000,3.423E-21
18176.000,3.422E-21
18177.000,3.421E-21
18178.000,3.420E-21
18179.000,3.419E-21
18180.000,3.418E-21
18181.000,3.417E-21
18182.000,3.416E-21
18183.000,3.415E-21
18184.000,3.414E-21
18185.000,3.413E-21
18186.000,3.412E-21
18187.000,3.411E-21
18188.000,3.411E-21
18189.000,3.410E-21
18190.000,3.409E-21
18191.000,3.408E-21
18192.000,3.407E-21
18193.000,3.406E-21
18194.000,3.405E-21
18195.000,3.404E-21
18196.000,3.403E-21
18197.000,3.403E-21
18198.000,3.402E-21
18199.000,3.401E-21
18200.000,3.400E-21
18201.000,3.399E-21
18202.000,3.398E-21
18203.000,3.397E-21
18204.000,3.397E-21
18205.000,3.396E-21
18206.000,3.395E-21
18207.000,3.394E-21
18208.000,3.393E-21
18209.000,3.392E-21
18210.000,3.392E-21
18211.000,3.391E-21
18212.000,3.391E-21
18213.000,3.390E-21
18214.000,3.389E-21
18215.000,3.389E-21
18216.000,3.388E-21
18217.000,3.387E-21
18218.000,3.386E-21
18219.000,3.385E-21
18220.000,3.383E-21
18221.000,3.382E-21
18222.000,3.381E-21
18223.000,3.380E-21
18224.000,3.379E-21
18225.000,3.378E-21
18226.000,3.377E-21
18227.000,3.376E-21
18228.000,3.376E-21
18229.000,3.375E-21
18230.000,3.374E-21
18231.000,3.373E-21
18232.000,3.372E-21
18233.000,3.371E-21
18234.000,3.371E-21
18235.000,3.370E-21
18236.000,3.369E-21
18237.000,3.368E-21
18238.000,3.368E-21
18239.000,3.367E-21
18240.000,3.366E-21
18241.000,3.365E-21
18242.000,3.364E-21
18243.000,3.363E-21
18244.000,3.363E-21
18245.000,3.362E-21
18246.000,3.361E-21
18247.000,3.360E-21
18248.000,3.359E-21
18249.000,3.358E-21
18250.000,3.357E-21
18251.000,3.356E-21
18252.000,3.356E-21
18253.000,3.355E-21
18254.000,3.354E-21
18255.000,3.353E-21
18256.000,3.352E-21
18257.000,3.351E-21
18258.000,3.350E-21
18259.000,3.349E-21
18260.000,3.348E-21
18261.000,3.347E-21
18262.000,3.346E-21
18263.000,3.345E-21
18264.000,3.344E-21
18265.000,3.343E-21
18266.000,3.342E-21
18267.000,3.342E-21
18268.000,3.341E-21
18269.000,3.340E-21
18270.000,3.339E-21
18271.000,3.338E-21
18272.000,3.337E-21
18273.000,3.336E-21
18274.000,3.335E-21
18275.000,3.334E-21
18276.000,3.333E-21
18277.000,3.332E-21
18278.000,3.331E-21
18279.000,3.330E-21
18280.000,3.329E-21
18281.000,3.328E-21
18282.000,3.327E-21
18283.000,3.325E-21
18284.000,3.324E-21
18285.000,3.323E-21
18286.000,3.322E-21
18287.000,3.321E-21
18288.000,3.320E-21
18289.000,3.320E-21
18290.000,3.319E-21
18291.000,3.318E-21
18292.000,3.318E-21
18293.000,3.317E-21
18294.000,3.316E-21
18295.000,3.315E-21
18296.000,3.313E-21
18297.000,3.312E-21
18298.000,3.311E-21
18299.000,3.309E-21
18300.000,3.308E-21
18301.000,3.306E-21
18302.000,3.305E-21
18303.000,3.304E-21
18304.000,3.303E-21
18305.000,3.302E-21
18306.000,3.301E-21
18307.000,3.300E-21
18308.000,3.299E-21
18309.000,3.298E-21
18310.000,3.297E-21
18311.000,3.296E-21
18312.000,3.295E-21
18313.000,3.294E-21
18314.000,3.293E-21
18315.000,3.293E-21
18316.000,3.292E-21
18317.000,3.291E-21
18318.000,3.290E-21
18319.000,3.289E-21
18320.000,3.287E-21
18321.000,3.286E-21
18322.000,3.284E-21
18323.000,3.283E-21
18324.000,3.281E-21
18325.000,3.280E-21
18326.000,3.279E-21
18327.000,3.278E-21
18328.000,3.277E-21
18329.000,3.276E-21
18330.000,3.274E-21
18331.000,3.273E-21
18332.000,3.272E-21
18333.000,3.271E-21
18334.000,3.270E-21
18335.000,3.269E-21
18336.000,3.268E-21
18337.000,3.267E-21
18338.000,3.265E-21
18339.000,3.264E-21
18340.000,3.263E-21
18341.000,3.262E-21
18342.000,3.261E-21
18343.000,3.259E-21
18344.000,3.258E-21
18345.000,3.256E-21
18346.000,3.255E-21
18347.000,3.254E-21
18348.000,3.252E-21
18349.000,3.251E-21
18350.000,3.250E-21
18351.000,3.248E-21
18352.000,3.247E-21
18353.000,3.246E-21
18354.000,3.245E-21
18355.000,3.244E-21
18356.000,3.242E-21
18357.000,3.241E-21
18358.000,3.240E-21
18359.000,3.238E-21
18360.000,3.237E-21
18361.000,3.235E-21
18362.000,3.234E-21
18363.000,3.232E-21
18364.000,3.231E-21
18365.000,3.229E-21
18366.000,3.227E-21
18367.000,3.226E-21
18368.000,3.224E-21
18369.000,3.223E-21
18370.000,3.221E-21
18371.000,3.219E-21
18372.000,3.218E-21
18373.000,3.216E-21
18374.000,3.214E-21
18375.000,3.213E-21
18376.000,3.212E-21
18377.000,3.210E-21
18378.000,3.208E-21
18379.000,3.207E-21
18380.000,3.206E-21
18381.000,3.204E-21
18382.000,3.202E-21
18383.000,3.201E-21
18384.000,3.199E-21
18385.000,3.198E-21
18386.000,3.196E-21
18387.000,3.194E-21
18388.000,3.193E-21
18389.000,3.191E-21
18390.000,3.189E-21
18391.000,3.188E-21
18392.000,3.186E-21
18393.000,3.184E-21
18394.000,3.183E-21
18395.000,3.181E-21
18396.000,3.180E-21
18397.000,3.178E-21
18398.000,3.176E-21
18399.000,3.175E-21
18400.000,3.173E-21
18401.000,3.171E-21
18402.000,3.169E-21
18403.000,3.167E-21
18404.000,3.166E-21
18405.000,3.164E-21
18406.000,3.162E-21
18407.000,3.160E-21
18408.000,3.158E-21
18409.000,3.157E-21
18410.000,3.155E-21
18411.000,3.153E-21
18412.000,3.151E-21
18413.000,3.149E-21
18414.000,3.147E-21
18415.000,3.146E-21
18416.000,3.144E-21
18417.000,3.142E-21
18418.000,3.141E-21
18419.000,3.139E-21
18420.000,3.138E-21
18421.000,3.136E-21
18422.000,3.134E-21
18423.000,3.132E-21
18424.000,3.130E-21
18425.000,3.128E-21
18426.000,3.127E-21
18427.000,3.125E-21
18428.000,3.123E-21
18429.000,3.121E-21
18430.000,3.119E-21
18431.000,3.117E-21
18432.000,3.115E-21
18433.000,3.112E-21
18434.000,3.110E-21
18435.000,3.108E-21
18436.000,3.106E-21
18437.000,3.104E-21
18438.000,3.102E-21
18439.000,3.100E-21
18440.000,3.099E-21
18441.000,3.097E-21
18442.000,3.095E-21
18443.000,3.093E-21
18444.000,3.091E-21
18445.000,3.089E-21
18446.000,3.087E-21
18447.000,3.085E-21
18448.000,3.083E-21
18449.000,3.082E-21
18450.000,3.080E-21
18451.000,3.078E-21
18452.000,3.076E-21
18453.000,3.074E-21
18454.000,3.072E-21
18455.000,3.070E-21
18456.000,3.068E-21
18457.000,3.067E-21
18458.000,3.065E-21
18459.000,3.063E-21
18460.000,3.061E-21
18461.000,3.059E-21
18462.000,3.058E-21
18463.000,3.056E-21
18464.000,3.054E-21
18465.000,3.053E-21
18466.000,3.051E-21
18467.000,3.050E-21
18468.000,3.048E-21
18469.000,3.046E-21
18470.000,3.044E-21
18471.000,3.042E-21
18472.000,3.040E-21
18473.000,3.038E-21
18474.000,3.036E-21
18475.000,3.034E-21
18476.000,3.032E-21
18477.000,3.030E-21
18478.000,3.029E-21
18479.000,3.027E-21
18480.000,3.025E-21
18481.000,3.023E-21
18482.000,3.021E-21
18483.000,3.020E-21
18484.000,3.018E-21
18485.000,3.016E-21
18486.000,3.015E-21
18487.000,3.013E-21
18488.000,3.011E-21
18489.000,3.009E-21
18490.000,3.008E-21
18491.000,3.006E-21
18492.000,3.004E-21
18493.000,3.003E-21
18494.000,3.001E-21
18495.000,3.000E-21
18496.000,2.998E-21
18497.000,2.997E-21
18498.000,2.995E-21
18499.000,2.994E-21
18500.000,2.992E-21
18501.000,2.991E-21
18502.000,2.989E-21
18503.000,2.987E-21
18504.000,2.985E-21
18505.000,2.983E-21
18506.000,2.982E-21
18507.000,2.980E-21
18508.000,2.978E-21
18509.000,2.976E-21
18510.000,2.975E-21
18511.000,2.973E-21
18512.000,2.972E-21
18513.000,2.970E-21
18514.000,2.969E-21
18515.000,2.968E-21
18516.000,2.966E-21
18517.000,2.965E-21
18518.000,2.963E-21
18519.000,2.962E-21
18520.000,2.961E-21
18521.000,2.959E-21
18522.000,2.957E-21
18523.000,2.956E-21
18524.000,2.955E-21
18525.000,2.953E-21
18526.000,2.952E-21
18527.000,2.950E-21
18528.000,2.949E-21
18529.000,2.947E-21
18530.000,2.946E-21
18531.000,2.945E-21
18532.000,2.943E-21
18533.000,2.942E-21
18534.000,2.941E-21
18535.000,2.939E-21
18536.000,2.938E-21
18537.000,2.937E-21
18538.000,2.936E-21
18539.000,2.935E-21
18540.000,2.933E-21
18541.000,2.932E-21
18542.000,2.931E-21
18543.000,2.930E-21
18544.000,2.929E-21
18545.000,2.928E-21
18546.000,2.927E-21
18547.000,2.926E-21
18548.000,2.925E-21
18549.000,2.924E-21
18550.000,2.923E-21
18551.000,2.922E-21
18552.000,2.920E-21
18553.000,2.919E-21
18554.000,2.918E-21
18555.000,2.916E-21
18556.000,2.915E-21
18557.000,2.914E-21
18558.000,2.913E-21
18559.000,2.912E-21
18560.000,2.911E-21
18561.000,2.911E-21
18562.000,2.910E-21
18563.000,2.909E-21
18564.000,2.908E-21
18565.000,2.907E-21
18566.000,2.906E-21
18567.000,2.905E-21
18568.000,2.904E-21
18569.000,2.903E-21
18570.000,2.903E-21
18571.000,2.902E-21
18572.000,2.901E-21
18573.000,2.900E-21
18574.000,2.899E-21
18575.000,2.899E-21
18576.000,2.898E-21
18577.000,2.898E-21
18578.000,2.898E-21
18579.000,2.897E-21
18580.000,2.897E-21
18581.000,2.896E-21
18582.000,2.896E-21
18583.000,2.895E-21
18584.000,2.895E-21
18585.000,2.894E-21
18586.000,2.893E-21
18587.000,2.893E-21
18588.000,2.892E-21
18589.000,2.892E-21
18590.000,2.892E-21
18591.000,2.891E-21
18592.000,2.891E-21
18593.000,2.890E-21
18594.000,2.890E-21
18595.000,2.890E-21
18596.000,2.889E-21
18597.000,2.889E-21
18598.000,2.889E-21
18599.000,2.888E-21
18600.000,2.888E-21
18601.000,2.887E-21
18602.000,2.887E-21
18603.000,2.887E-21
18604.000,2.886E-21
18605.000,2.886E-21
18606.000,2.886E-21
18607.000,2.886E-21
18608.000,2.886E-21
18609.000,2.886E-21
18610.000,2.885E-21
18611.000,2.885E-21
18612.000,2.885E-21
18613.000,2.885E-21
18614.000,2.885E-21
18615.000,2.885E-21
18616.000,2.885E-21
18617.000,2.885E-21
18618.000,2.885E-21
18619.000,2.884E-21
18620.000,2.884E-21
18621.000,2.884E-21
18622.000,2.884E-21
18623.000,2.884E-21
18624.000,2.884E-21
18625.000,2.884E-21
18626.000,2.885E-21
18627.000,2.885E-21
18628.000,2.885E-21
18629.000,2.885E-21
18630.000,2.885E-21
18631.000,2.885E-21
18632.000,2.885E-21
18633.000,2.885E-21
18634.000,2.886E-21
18635.000,2.886E-21
18636.000,2.886E-21
18637.000,2.886E-21
18638.000,2.886E-21
18639.000,2.886E-21
18640.000,2.886E-21
18641.000,2.886E-21
18642.000,2.886E-21
18643.000,2.887E-21
18644.000,2.887E-21
18645.000,2.887E-21
18646.000,2.887E-21
18647.000,2.887E-21
18648.000,2.887E-21
18649.000,2.887E-21
18650.000,2.887E-21
18651.000,2.887E-21
18652.000,2.887E-21
18653.000,2.887E-21
18654.000,2.887E-21
18655.000,2.887E-21
18656.000,2.888E-21
18657.000,2.888E-21
18658.000,2.889E-21
18659.000,2.889E-21
18660.000,2.889E-21
18661.000,2.890E-21
18662.000,2.890E-21
18663.000,2.890E-21
18664.000,2.890E-21
18665.000,2.890E-21
18666.000,2.890E-21
18667.000,2.891E-21
18668.000,2.891E-21
18669.000,2.891E-21
18670.000,2.891E-21
18671.000,2.891E-21
18672.000,2.891E-21
18673.000,2.891E-21
18674.000,2.891E-21
18675.000,2.891E-21
18676.000,2.892E-21
18677.000,2.892E-21
18678.000,2.892E-21
18679.000,2.892E-21
18680.000,2.892E-21
18681.000,2.892E-21
18682.000,2.893E-21
18683.000,2.893E-21
18684.000,2.893E-21
18685.000,2.893E-21
18686.000,2.894E-21
18687.000,2.894E-21
18688.000,2.894E-21
18689.000,2.895E-21
18690.000,2.895E-21
18691.000,2.896E-21
18692.000,2.896E-21
18693.000,2.896E-21
18694.000,2.897E-21
18695.000,2.897E-21
18696.000,2.897E-21
18697.000,2.897E-21
18698.000,2.897E-21
18699.000,2.898E-21
18700.000,2.898E-21
18701.000,2.898E-21
18702.000,2.898E-21
18703.000,2.898E-21
18704.000,2.898E-21
18705.000,2.898E-21
18706.000,2.898E-21
18707.000,2.898E-21
18708.000,2.898E-21
18709.000,2.898E-21
18710.000,2.898E-21
18711.000,2.898E-21
18712.000,2.898E-21
18713.000,2.898E-21
18714.000,2.898E-21
18715.000,2.898E-21
18716.000,2.898E-21
18717.000,2.897E-21
18718.000,2.897E-21
18719.000,2.897E-21
18720.000,2.897E-21
18721.000,2.897E-21
18722.000,2.897E-21
18723.000,2.897E-21
18724.000,2.897E-21
18725.000,2.896E-21
18726.000,2.896E-21
18727.000,2.896E-21
18728.000,2.896E-21
18729.000,2.896E-21
18730.000,2.896E-21
18731.000,2.895E-21
18732.000,2.895E-21
18733.000,2.895E-21
18734.000,2.895E-21
18735.000,2.894E-21
18736.000,2.894E-21
18737.000,2.894E-21
18738.000,2.893E-21
18739.000,2.893E-21
18740.000,2.892E-21
18741.000,2.892E-21
18742.000,2.892E-21
18743.000,2.891E-21
18744.000,2.891E-21
18745.000,2.890E-21
18746.000,2.890E-21
18747.000,2.889E-21
18748.000,2.888E-21
18749.000,2.888E-21
18750.000,2.887E-21
18751.000,2.886E-21
18752.000,2.886E-21
18753.000,2.885E-21
18754.000,2.884E-21
18755.000,2.884E-21
18756.000,2.883E-21
18757.000,2.883E-21
18758.000,2.882E-21
18759.000,2.881E-21
18760.000,2.881E-21
18761.000,2.880E-21
18762.000,2.879E-21
18763.000,2.878E-21
18764.000,2.877E-21
18765.000,2.876E-21
18766.000,2.876E-21
18767.000,2.875E-21
18768.000,2.874E-21
18769.000,2.873E-21
18770.000,2.872E-21
18771.000,2.871E-21
18772.000,2.870E-21
18773.000,2.869E-21
18774.000,2.869E-21
18775.000,2.868E-21
18776.000,2.867E-21
18777.000,2.866E-21
18778.000,2.865E-21
18779.000,2.864E-21
18780.000,2.863E-21
18781.000,2.862E-21
18782.000,2.860E-21
18783.000,2.859E-21
18784.000,2.858E-21
18785.000,2.857E-21
18786.000,2.856E-21
18787.000,2.855E-21
18788.000,2.853E-21
18789.000,2.852E-21
18790.000,2.851E-21
18791.000,2.850E-21
18792.000,2.849E-21
18793.000,2.847E-21
18794.000,2.846E-21
18795.000,2.845E-21
18796.000,2.843E-21
18797.000,2.842E-21
18798.000,2.841E-21
18799.000,2.840E-21
18800.000,2.839E-21
18801.000,2.837E-21
18802.000,2.836E-21
18803.000,2.835E-21
18804.000,2.833E-21
18805.000,2.832E-21
18806.000,2.831E-21
18807.000,2.829E-21
18808.000,2.828E-21
18809.000,2.827E-21
18810.000,2.825E-21
18811.000,2.824E-21
18812.000,2.822E-21
18813.000,2.820E-21
18814.000,2.819E-21
18815.000,2.817E-21
18816.000,2.815E-21
18817.000,2.814E-21
18818.000,2.812E-21
18819.000,2.810E-21
18820.000,2.808E-21
18821.000,2.807E-21
18822.000,2.805E-21
18823.000,2.803E-21
18824.000,2.801E-21
18825.000,2.800E-21
18826.000,2.798E-21
18827.000,2.796E-21
18828.000,2.794E-21
18829.000,2.792E-21
18830.000,2.790E-21
18831.000,2.788E-21
18832.000,2.786E-21
18833.000,2.784E-21
18834.000,2.782E-21
18835.000,2.780E-21
18836.000,2.778E-21
18837.000,2.777E-21
18838.000,2.775E-21
18839.000,2.773E-21
18840.000,2.772E-21
18841.000,2.770E-21
18842.000,2.768E-21
18843.000,2.767E-21
18844.000,2.765E-21
18845.000,2.763E-21
18846.000,2.761E-21
18847.000,2.758E-21
18848.000,2.756E-21
18849.000,2.754E-21
18850.000,2.751E-21
18851.000,2.749E-21
18852.000,2.747E-21
18853.000,2.745E-21
18854.000,2.743E-21
18855.000,2.741E-21
18856.000,2.738E-21
18857.000,2.736E-21
18858.000,2.734E-21
18859.000,2.732E-21
18860.000,2.730E-21
18861.000,2.728E-21
18862.000,2.726E-21
18863.000,2.723E-21
18864.000,2.721E-21
18865.000,2.719E-21
18866.000,2.717E-21
18867.000,2.714E-21
18868.000,2.712E-21
18869.000,2.710E-21
18870.000,2.708E-21
18871.000,2.705E-21
18872.000,2.703E-21
18873.000,2.700E-21
18874.000,2.698E-21
18875.000,2.696E-21
18876.000,2.693E-21
18877.000,2.691E-21
18878.000,2.688E-21
18879.000,2.686E-21
18880.000,2.683E-21
18881.000,2.681E-21
18882.000,2.678E-21
18883.000,2.675E-21
18884.000,2.673E-21
18885.000,2.670E-21
18886.000,2.668E-21
18887.000,2.666E-21
18888.000,2.663E-21
18889.000,2.661E-21
18890.000,2.659E-21
18891.000,2.657E-21
18892.000,2.654E-21
18893.000,2.652E-21
18894.000,2.650E-21
18895.000,2.647E-21
18896.000,2.644E-21
18897.000,2.642E-21
18898.000,2.639E-21
18899.000,2.636E-21
18900.000,2.634E-21
18901.000,2.631E-21
18902.000,2.628E-21
18903.000,2.625E-21
18904.000,2.623E-21
18905.000,2.620E-21
18906.000,2.617E-21
18907.000,2.615E-21
18908.000,2.612E-21
18909.000,2.610E-21
18910.000,2.607E-21
18911.000,2.605E-21
18912.000,2.602E-21
18913.000,2.600E-21
18914.000,2.597E-21
18915.000,2.595E-21
18916.000,2.592E-21
18917.000,2.590E-21
18918.000,2.587E-21
18919.000,2.585E-21
18920.000,2.582E-21
18921.000,2.579E-21
18922.000,2.576E-21
18923.000,2.574E-21
18924.000,2.571E-21
18925.000,2.568E-21
18926.000,2.565E-21
18927.000,2.562E-21
18928.000,2.559E-21
18929.000,2.557E-21
18930.000,2.554E-21
18931.000,2.551E-21
18932.000,2.549E-21
18933.000,2.546E-21
18934.000,2.543E-21
18935.000,2.541E-21
18936.000,2.538E-21
18937.000,2.535E-21
18938.000,2.532E-21
18939.000,2.529E-21
18940.000,2.527E-21
18941.000,2.524E-21
18942.000,2.521E-21
18943.000,2.518E-21
18944.000,2.515E-21
18945.000,2.512E-21
18946.000,2.509E-21
18947.000,2.506E-21
18948.000,2.503E-21
18949.000,2.500E-21
18950.000,2.497E-21
18951.000,2.494E-21
18952.000,2.491E-21
18953.000,2.488E-21
18954.000,2.486E-21
18955.000,2.483E-21
18956.000,2.480E-21
18957.000,2.478E-21
18958.000,2.475E-21
18959.000,2.472E-21
18960.000,2.470E-21
18961.000,2.467E-21
18962.000,2.464E-21
18963.000,2.461E-21
18964.000,2.458E-21
18965.000,2.456E-21
18966.000,2.453E-21
18967.000,2.450E-21
18968.000,2.447E-21
18969.000,2.444E-21
18970.000,2.441E-21
18971.000,2.439E-21
18972.000,2.436E-21
18973.000,2.433E-21
18974.000,2.431E-21
18975.000,2.428E-21
18976.000,2.425E-21
18977.000,2.423E-21
18978.000,2.420E-21
18979.000,2.417E-21
18980.000,2.414E-21
18981.000,2.411E-21
18982.000,2.408E-21
18983.000,2.404E-21
18984.000,2.401E-21
18985.000,2.398E-21
18986.000,2.395E-21
18987.000,2.392E-21
18988.000,2.390E-21
18989.000,2.387E-21
18990.000,2.384E-21
18991.000,2.382E-21
18992.000,2.379E-21
18993.000,2.376E-21
18994.000,2.374E-21
18995.000,2.371E-21
18996.000,2.368E-21
18997.000,2.365E-21
18998.000,2.362E-21
18999.000,2.360E-21
19000.000,2.357E-21
19001.000,2.354E-21
19002.000,2.351E-21
19003.000,2.348E-21
19004.000,2.345E-21
19005.000,2.342E-21
19006.000,2.339E-21
19007.000,2.336E-21
19008.000,2.333E-21
19009.000,2.330E-21
19010.000,2.327E-21
19011.000,2.324E-21
19012.000,2.321E-21
19013.000,2.318E-21
19014.000,2.316E-21
19015.000,2.313E-21
19016.000,2.310E-21
19017.000,2.307E-21
19018.000,2.305E-21
19019.000,2.302E-21
19020.000,2.299E-21
19021.000,2.296E-21
19022.000,2.293E-21
19023.000,2.290E-21
19024.000,2.287E-21
19025.000,2.285E-21
19026.000,2.282E-21
19027.000,2.279E-21
19028.000,2.276E-21
19029.000,2.273E-21
19030.000,2.270E-21
19031.000,2.268E-21
19032.000,2.265E-21
19033.000,2.262E-21
19034.000,2.259E-21
19035.000,2.257E-21
19036.000,2.254E-21
19037.000,2.251E-21
19038.000,2.248E-21
19039.000,2.245E-21
19040.000,2.243E-21
19041.000,2.240E-21
19042.000,2.237E-21
19043.000,2.234E-21
19044.000,2.232E-21
19045.000,2.229E-21
19046.000,2.226E-21
19047.000,2.224E-21
19048.000,2.221E-21
19049.000,2.218E-21
19050.000,2.216E-21
19051.000,2.213E-21
19052.000,2.210E-21
19053.000,2.208E-21
19054.000,2.205E-21
19055.000,2.202E-21
19056.000,2.200E-21
19057.000,2.197E-21
19058.000,2.195E-21
19059.000,2.192E-21
19060.000,2.189E-21
19061.000,2.187E-21
19062.000,2.184E-21
19063.000,2.181E-21
19064.000,2.179E-21
19065.000,2.176E-21
19066.000,2.174E-21
19067.000,2.171E-21
19068.000,2.169E-21
19069.000,2.166E-21
19070.000,2.164E-21
19071.000,2.161E-21
19072.000,2.158E-21
19073.000,2.155E-21
19074.000,2.153E-21
19075.000,2.150E-21
19076.000,2.147E-21
19077.000,2.144E-21
19078.000,2.142E-21
19079.000,2.139E-21
19080.000,2.137E-21
19081.000,2.134E-21
19082.000,2.132E-21
19083.000,2.130E-21
19084.000,2.127E-21
19085.000,2.125E-21
19086.000,2.123E-21
19087.000,2.120E-21
19088.000,2.118E-21
19089.000,2.115E-21
19090.000,2.113E-21
19091.000,2.111E-21
19092.000,2.108E-21
19093.000,2.106E-21
19094.000,2.103E-21
19095.000,2.101E-21
19096.000,2.098E-21
19097.000,2.096E-21
19098.000,2.093E-21
19099.000,2.091E-21
19100.000,2.088E-21
19101.000,2.086E-21
19102.000,2.083E-21
19103.000,2.081E-21
19104.000,2.078E-21
19105.000,2.076E-21
19106.000,2.074E-21
19107.000,2.072E-21
19108.000,2.070E-21
19109.000,2.068E-21
19110.000,2.065E-21
19111.000,2.063E-21
19112.000,2.061E-21
19113.000,2.059E-21
19114.000,2.057E-21
19115.000,2.055E-21
19116.000,2.053E-21
19117.000,2.050E-21
19118.000,2.048E-21
19119.000,2.046E-21
19120.000,2.043E-21
19121.000,2.041E-21
19122.000,2.039E-21
19123.000,2.037E-21
19124.000,2.035E-21
19125.000,2.033E-21
19126.000,2.031E-21
19127.000,2.028E-21
19128.000,2.026E-21
19129.000,2.024E-21
19130.000,2.022E-21
19131.000,2.020E-21
19132.000,2.018E-21
19133.000,2.016E-21
19134.000,2.013E-21
19135.000,2.011E-21
19136.000,2.009E-21
19137.000,2.006E-21
19138.000,2.004E-21
19139.000,2.002E-21
19140.000,2.000E-21
19141.000,1.998E-21
19142.000,1.997E-21
19143.000,1.995E-21
19144.000,1.993E-21
19145.000,1.991E-21
19146.000,1.990E-21
19147.000,1.988E-21
19148.000,1.986E-21
19149.000,1.984E-21
19150.000,1.982E-21
19151.000,1.979E-21
19152.000,1.977E-21
19153.000,1.975E-21
19154.000,1.972E-21
19155.000,1.970E-21
19156.000,1.968E-21
19157.000,1.966E-21
19158.000,1.965E-21
19159.000,1.963E-21
19160.000,1.962E-21
19161.000,1.960E-21
19162.000,1.959E-21
19163.000,1.957E-21
19164.000,1.956E-21
19165.000,1.954E-21
19166.000,1.952E-21
19167.000,1.951E-21
19168.000,1.949E-21
19169.000,1.947E-21
19170.000,1.946E-21
19171.000,1.944E-21
19172.000,1.942E-21
19173.000,1.941E-21
19174.000,1.939E-21
19175.000,1.937E-21
19176.000,1.936E-21
19177.000,1.934E-21
19178.000,1.932E-21
19179.000,1.930E-21
19180.000,1.928E-21
19181.000,1.927E-21
19182.000,1.925E-21
19183.000,1.923E-21
19184.000,1.922E-21
19185.000,1.920E-21
19186.000,1.919E-21
19187.000,1.917E-21
19188.000,1.916E-21
19189.000,1.914E-21
19190.000,1.913E-21
19191.000,1.911E-21
19192.000,1.910E-21
19193.000,1.908E-21
19194.000,1.907E-21
19195.000,1.905E-21
19196.000,1.904E-21
19197.000,1.903E-21
19198.000,1.901E-21
19199.000,1.900E-21
19200.000,1.899E-21
19201.000,1.897E-21
19202.000,1.896E-21
19203.000,1.895E-21
19204.000,1.893E-21
19205.000,1.892E-21
19206.000,1.891E-21
19207.000,1.889E-21
19208.000,1.888E-21
19209.000,1.887E-21
19210.000,1.885E-21
19211.000,1.884E-21
19212.000,1.883E-21
19213.000,1.881E-21
19214.000,1.880E-21
19215.000,1.879E-21
19216.000,1.877E-21
19217.000,1.876E-21
19218.000,1.875E-21
19219.000,1.874E-21
19220.000,1.872E-21
19221.000,1.871E-21
19222.000,1.870E-21
19223.000,1.868E-21
19224.000,1.867E-21
19225.000,1.866E-21
19226.000,1.865E-21
19227.000,1.864E-21
19228.000,1.863E-21
19229.000,1.862E-21
19230.000,1.860E-21
19231.000,1.859E-21
19232.000,1.858E-21
19233.000,1.857E-21
19234.000,1.856E-21
19235.000,1.855E-21
19236.000,1.854E-21
19237.000,1.853E-21
19238.000,1.852E-21
19239.000,1.851E-21
19240.000,1.850E-21
19241.000,1.849E-21
19242.000,1.848E-21
19243.000,1.847E-21
19244.000,1.846E-21
19245.000,1.845E-21
19246.000,1.844E-21
19247.000,1.843E-21
19248.000,1.841E-21
19249.000,1.840E-21
19250.000,1.839E-21
19251.000,1.838E-21
19252.000,1.837E-21
19253.000,1.836E-21
19254.000,1.835E-21
19255.000,1.834E-21
19256.000,1.834E-21
19257.000,1.833E-21
19258.000,1.832E-21
19259.000,1.831E-21
19260.000,1.830E-21
19261.000,1.829E-21
19262.000,1.828E-21
19263.000,1.827E-21
19264.000,1.826E-21
19265.000,1.826E-21
19266.000,1.825E-21
19267.000,1.824E-21
19268.000,1.823E-21
19269.000,1.822E-21
19270.000,1.821E-21
19271.000,1.820E-21
19272.000,1.819E-21
19273.000,1.818E-21
19274.000,1.817E-21
19275.000,1.816E-21
19276.000,1.815E-21
19277.000,1.814E-21
19278.000,1.813E-21
19279.000,1.812E-21
19280.000,1.811E-21
19281.000,1.810E-21
19282.000,1.810E-21
19283.000,1.809E-21
19284.000,1.808E-21
19285.000,1.807E-21
19286.000,1.806E-21
19287.000,1.805E-21
19288.000,1.804E-21
19289.000,1.804E-21
19290.000,1.803E-21
19291.000,1.802E-21
19292.000,1.801E-21
19293.000,1.801E-21
19294.000,1.800E-21
19295.000,1.799E-21
19296.000,1.798E-21
19297.000,1.797E-21
19298.000,1.796E-21
19299.000,1.795E-21
19300.000,1.795E-21
19301.000,1.794E-21
19302.000,1.793E-21
19303.000,1.792E-21
19304.000,1.791E-21
19305.000,1.790E-21
19306.000,1.790E-21
19307.000,1.789E-21
19308.000,1.788E-21
19309.000,1.787E-21
19310.000,1.787E-21
19311.000,1.786E-21
19312.000,1.785E-21
19313.000,1.784E-21
19314.000,1.784E-21
19315.000,1.783E-21
19316.000,1.782E-21
19317.000,1.782E-21
19318.000,1.781E-21
19319.000,1.780E-21
19320.000,1.780E-21
19321.000,1.779E-21
19322.000,1.778E-21
19323.000,1.777E-21
19324.000,1.776E-21
19325.000,1.775E-21
19326.000,1.775E-21
19327.000,1.774E-21
19328.000,1.773E-21
19329.000,1.772E-21
19330.000,1.771E-21
19331.000,1.770E-21
19332.000,1.769E-21
19333.000,1.768E-21
19334.000,1.768E-21
19335.000,1.767E-21
19336.000,1.766E-21
19337.000,1.765E-21
19338.000,1.764E-21
19339.000,1.763E-21
19340.000,1.763E-21
19341.000,1.762E-21
19342.000,1.761E-21
19343.000,1.761E-21
19344.000,1.760E-21
19345.000,1.759E-21
19346.000,1.759E-21
19347.000,1.758E-21
19348.000,1.757E-21
19349.000,1.756E-21
19350.000,1.756E-21
19351.000,1.755E-21
19352.000,1.754E-21
19353.000,1.753E-21
19354.000,1.753E-21
19355.000,1.752E-21
19356.000,1.751E-21
19357.000,1.750E-21
19358.000,1.749E-21
19359.000,1.748E-21
19360.000,1.747E-21
19361.000,1.747E-21
19362.000,1.746E-21
19363.000,1.745E-21
19364.000,1.744E-21
19365.000,1.743E-21
19366.000,1.742E-21
19367.000,1.741E-21
19368.000,1.740E-21
19369.000,1.739E-21
19370.000,1.738E-21
19371.000,1.737E-21
19372.000,1.736E-21
19373.000,1.735E-21
19374.000,1.734E-21
19375.000,1.733E-21
19376.000,1.733E-21
19377.000,1.732E-21
19378.000,1.731E-21
19379.000,1.730E-21
19380.000,1.730E-21
19381.000,1.729E-21
19382.000,1.728E-21
19383.000,1.727E-21
19384.000,1.726E-21
19385.000,1.725E-21
19386.000,1.724E-21
19387.000,1.723E-21
19388.000,1.722E-21
19389.000,1.721E-21
19390.000,1.720E-21
19391.000,1.719E-21
19392.000,1.718E-21
19393.000,1.717E-21
19394.000,1.716E-21
19395.000,1.715E-21
19396.000,1.715E-21
19397.000,1.714E-21
19398.000,1.713E-21
19399.000,1.712E-21
19400.000,1.711E-21
19401.000,1.710E-21
19402.000,1.709E-21
19403.000,1.708E-21
19404.000,1.707E-21
19405.000,1.706E-21
19406.000,1.705E-21
19407.000,1.704E-21
19408.000,1.703E-21
19409.000,1.702E-21
19410.000,1.701E-21
19411.000,1.699E-21
19412.000,1.698E-21
19413.000,1.697E-21
19414.000,1.696E-21
19415.000,1.695E-21
19416.000,1.693E-21
19417.000,1.692E-21
19418.000,1.691E-21
19419.000,1.690E-21
19420.000,1.689E-21
19421.000,1.688E-21
19422.000,1.687E-21
19423.000,1.686E-21
19424.000,1.685E-21
19425.000,1.684E-21
19426.000,1.683E-21
19427.000,1.682E-21
19428.000,1.681E-21
19429.000,1.680E-21
19430.000,1.679E-21
19431.000,1.679E-21
19432.000,1.678E-21
19433.000,1.677E-21
19434.000,1.676E-21
19435.000,1.675E-21
19436.000,1.674E-21
19437.000,1.673E-21
19438.000,1.672E-21
19439.000,1.671E-21
19440.000,1.669E-21
19441.000,1.668E-21
19442.000,1.667E-21
19443.000,1.666E-21
19444.000,1.665E-21
19445.000,1.664E-21
19446.000,1.663E-21
19447.000,1.661E-21
19448.000,1.660E-21
19449.000,1.659E-21
19450.000,1.658E-21
19451.000,1.656E-21
19452.000,1.655E-21
19453.000,1.654E-21
19454.000,1.653E-21
19455.000,1.652E-21
19456.000,1.651E-21
19457.000,1.650E-21
19458.000,1.648E-21
19459.000,1.647E-21
19460.000,1.646E-21
19461.000,1.645E-21
19462.000,1.644E-21
19463.000,1.643E-21
19464.000,1.642E-21
19465.000,1.641E-21
19466.000,1.640E-21
19467.000,1.639E-21
19468.000,1.638E-21
19469.000,1.637E-21
19470.000,1.636E-21
19471.000,1.635E-21
19472.000,1.634E-21
19473.000,1.633E-21
19474.000,1.631E-21
19475.000,1.630E-21
19476.000,1.629E-21
19477.000,1.627E-21
19478.000,1.626E-21
19479.000,1.625E-21
19480.000,1.624E-21
19481.000,1.623E-21
19482.000,1.622E-21
19483.000,1.621E-21
19484.000,1.620E-21
19485.000,1.619E-21
19486.000,1.618E-21
19487.000,1.617E-21
19488.000,1.616E-21
19489.000,1.615E-21
19490.000,1.614E-21
19491.000,1.613E-21
19492.000,1.612E-21
19493.000,1.612E-21
19494.000,1.611E-21
19495.000,1.610E-21
19496.000,1.609E-21
19497.000,1.608E-21
19498.000,1.607E-21
19499.000,1.606E-21
19500.000,1.605E-21
19501.000,1.604E-21
19502.000,1.604E-21
19503.000,1.603E-21
19504.000,1.602E-21
19505.000,1.601E-21
19506.000,1.600E-21
19507.000,1.599E-21
19508.000,1.598E-21
19509.000,1.598E-21
19510.000,1.597E-21
19511.000,1.596E-21
19512.000,1.595E-21
19513.000,1.595E-21
19514.000,1.594E-21
19515.000,1.593E-21
19516.000,1.592E-21
19517.000,1.591E-21
19518.000,1.590E-21
19519.000,1.589E-21
19520.000,1.589E-21
19521.000,1.588E-21
19522.000,1.587E-21
19523.000,1.586E-21
19524.000,1.585E-21
19525.000,1.584E-21
19526.000,1.584E-21
19527.000,1.583E-21
19528.000,1.583E-21
19529.000,1.582E-21
19530.000,1.582E-21
19531.000,1.581E-21
19532.000,1.581E-21
19533.000,1.580E-21
19534.000,1.579E-21
19535.000,1.579E-21
19536.000,1.578E-21
19537.000,1.577E-21
19538.000,1.577E-21
19539.000,1.576E-21
19540.000,1.575E-21
19541.000,1.575E-21
19542.000,1.574E-21
19543.000,1.574E-21
19544.000,1.574E-21
19545.000,1.573E-21
19546.000,1.573E-21
19547.000,1.573E-21
19548.000,1.573E-21
19549.000,1.572E-21
19550.000,1.572E-21
19551.000,1.572E-21
19552.000,1.572E-21
19553.000,1.571E-21
19554.000,1.571E-21
19555.000,1.571E-21
19556.000,1.570E-21
19557.000,1.570E-21
19558.000,1.570E-21
19559.000,1.569E-21
19560.000,1.569E-21
19561.000,1.569E-21
19562.000,1.569E-21
19563.000,1.569E-21
19564.000,1.569E-21
19565.000,1.568E-21
19566.000,1.568E-21
19567.000,1.568E-21
19568.000,1.568E-21
19569.000,1.568E-21
19570.000,1.568E-21
19571.000,1.568E-21
19572.000,1.568E-21
19573.000,1.568E-21
19574.000,1.568E-21
19575.000,1.568E-21
19576.000,1.568E-21
19577.000,1.568E-21
19578.000,1.568E-21
19579.000,1.568E-21
19580.000,1.568E-21
19581.000,1.569E-21
19582.000,1.569E-21
19583.000,1.569E-21
19584.000,1.569E-21
19585.000,1.570E-21
19586.000,1.570E-21
19587.000,1.570E-21
19588.000,1.570E-21
19589.000,1.570E-21
19590.000,1.571E-21
19591.000,1.571E-21
19592.000,1.571E-21
19593.000,1.571E-21
19594.000,1.572E-21
19595.000,1.572E-21
19596.000,1.572E-21
19597.000,1.572E-21
19598.000,1.573E-21
19599.000,1.573E-21
19600.000,1.574E-21
19601.000,1.574E-21
19602.000,1.575E-21
19603.000,1.575E-21
19604.000,1.576E-21
19605.000,1.576E-21
19606.000,1.577E-21
19607.000,1.577E-21
19608.000,1.578E-21
19609.000,1.578E-21
19610.000,1.579E-21
19611.000,1.579E-21
19612.000,1.580E-21
19613.000,1.580E-21
19614.000,1.581E-21
19615.000,1.582E-21
19616.000,1.582E-21
19617.000,1.583E-21
19618.000,1.583E-21
19619.000,1.584E-21
19620.000,1.584E-21
19621.000,1.585E-21
19622.000,1.585E-21
19623.000,1.586E-21
19624.000,1.587E-21
19625.000,1.587E-21
19626.000,1.588E-21
19627.000,1.589E-21
19628.000,1.589E-21
19629.000,1.590E-21
19630.000,1.591E-21
19631.000,1.591E-21
19632.000,1.592E-21
19633.000,1.593E-21
19634.000,1.594E-21
19635.000,1.594E-21
19636.000,1.595E-21
19637.000,1.596E-21
19638.000,1.597E-21
19639.000,1.597E-21
19640.000,1.598E-21
19641.000,1.599E-21
19642.000,1.600E-21
19643.000,1.601E-21
19644.000,1.602E-21
19645.000,1.603E-21
19646.000,1.603E-21
19647.000,1.604E-21
19648.000,1.605E-21
19649.000,1.606E-21
19650.000,1.607E-21
19651.000,1.608E-21
19652.000,1.609E-21
19653.000,1.610E-21
19654.000,1.611E-21
19655.000,1.613E-21
19656.000,1.614E-21
19657.000,1.615E-21
19658.000,1.616E-21
19659.000,1.617E-21
19660.000,1.618E-21
19661.000,1.619E-21
19662.000,1.619E-21
19663.000,1.620E-21
19664.000,1.621E-21
19665.000,1.622E-21
19666.000,1.622E-21
19667.000,1.623E-21
19668.000,1.624E-21
19669.000,1.625E-21
19670.000,1.626E-21
19671.000,1.627E-21
19672.000,1.628E-21
19673.000,1.629E-21
19674.000,1.630E-21
19675.000,1.631E-21
19676.000,1.632E-21
19677.000,1.633E-21
19678.000,1.634E-21
19679.000,1.635E-21
19680.000,1.636E-21
19681.000,1.637E-21
19682.000,1.637E-21
19683.000,1.638E-21
19684.000,1.639E-21
19685.000,1.640E-21
19686.000,1.641E-21
19687.000,1.642E-21
19688.000,1.643E-21
19689.000,1.644E-21
19690.000,1.645E-21
19691.000,1.646E-21
19692.000,1.647E-21
19693.000,1.648E-21
19694.000,1.649E-21
19695.000,1.650E-21
19696.000,1.651E-21
19697.000,1.652E-21
19698.000,1.652E-21
19699.000,1.653E-21
19700.000,1.654E-21
19701.000,1.655E-21
19702.000,1.655E-21
19703.000,1.656E-21
19704.000,1.657E-21
19705.000,1.658E-21
19706.000,1.659E-21
19707.000,1.660E-21
19708.000,1.661E-21
19709.000,1.661E-21
19710.000,1.662E-21
19711.000,1.663E-21
19712.000,1.664E-21
19713.000,1.665E-21
19714.000,1.666E-21
19715.000,1.666E-21
19716.000,1.667E-21
19717.000,1.668E-21
19718.000,1.668E-21
19719.000,1.669E-21
19720.000,1.670E-21
19721.000,1.670E-21
19722.000,1.671E-21
19723.000,1.672E-21
19724.000,1.672E-21
19725.000,1.673E-21
19726.000,1.674E-21
19727.000,1.674E-21
19728.000,1.675E-21
19729.000,1.676E-21
19730.000,1.676E-21
19731.000,1.677E-21
19732.000,1.677E-21
19733.000,1.678E-21
19734.000,1.678E-21
19735.000,1.679E-21
19736.000,1.679E-21
19737.000,1.680E-21
19738.000,1.680E-21
19739.000,1.681E-21
19740.000,1.681E-21
19741.000,1.681E-21
19742.000,1.681E-21
19743.000,1.682E-21
19744.000,1.682E-21
19745.000,1.682E-21
19746.000,1.682E-21
19747.000,1.683E-21
19748.000,1.683E-21
19749.000,1.683E-21
19750.000,1.683E-21
19751.000,1.683E-21
19752.000,1.683E-21
19753.000,1.683E-21
19754.000,1.684E-21
19755.000,1.684E-21
19756.000,1.684E-21
19757.000,1.684E-21
19758.000,1.684E-21
19759.000,1.684E-21
19760.000,1.684E-21
19761.000,1.684E-21
19762.000,1.684E-21
19763.000,1.684E-21
19764.000,1.684E-21
19765.000,1.684E-21
19766.000,1.684E-21
19767.000,1.684E-21
19768.000,1.684E-21
19769.000,1.684E-21
19770.000,1.684E-21
19771.000,1.684E-21
19772.000,1.684E-21
19773.000,1.683E-21
19774.000,1.683E-21
19775.000,1.683E-21
19776.000,1.683E-21
19777.000,1.683E-21
19778.000,1.683E-21
19779.000,1.682E-21
19780.000,1.682E-21
19781.000,1.681E-21
19782.000,1.681E-21
19783.000,1.680E-21
19784.000,1.680E-21
19785.000,1.679E-21
19786.000,1.679E-21
19787.000,1.678E-21
19788.000,1.678E-21
19789.000,1.677E-21
19790.000,1.676E-21
19791.000,1.676E-21
19792.000,1.675E-21
19793.000,1.674E-21
19794.000,1.674E-21
19795.000,1.673E-21
19796.000,1.672E-21
19797.000,1.671E-21
19798.000,1.670E-21
19799.000,1.669E-21
19800.000,1.669E-21
19801.000,1.668E-21
19802.000,1.667E-21
19803.000,1.666E-21
19804.000,1.665E-21
19805.000,1.664E-21
19806.000,1.663E-21
19807.000,1.663E-21
19808.000,1.662E-21
19809.000,1.661E-21
19810.000,1.660E-21
19811.000,1.659E-21
19812.000,1.659E-21
19813.000,1.658E-21
19814.000,1.657E-21
19815.000,1.656E-21
19816.000,1.655E-21
19817.000,1.653E-21
19818.000,1.652E-21
19819.000,1.651E-21
19820.000,1.650E-21
19821.000,1.648E-21
19822.000,1.647E-21
19823.000,1.646E-21
19824.000,1.645E-21
19825.000,1.643E-21
19826.000,1.642E-21
19827.000,1.640E-21
19828.000,1.639E-21
19829.000,1.637E-21
19830.000,1.636E-21
19831.000,1.634E-21
19832.000,1.633E-21
19833.000,1.631E-21
19834.000,1.630E-21
19835.000,1.628E-21
19836.000,1.627E-21
19837.000,1.625E-21
19838.000,1.624E-21
19839.000,1.622E-21
19840.000,1.621E-21
19841.000,1.619E-21
19842.000,1.617E-21
19843.000,1.615E-21
19844.000,1.613E-21
19845.000,1.611E-21
19846.000,1.610E-21
19847.000,1.608E-21
19848.000,1.606E-21
19849.000,1.604E-21
19850.000,1.602E-21
19851.000,1.600E-21
19852.000,1.599E-21
19853.000,1.597E-21
19854.000,1.596E-21
19855.000,1.594E-21
19856.000,1.592E-21
19857.000,1.591E-21
19858.000,1.589E-21
19859.000,1.588E-21
19860.000,1.586E-21
19861.000,1.584E-21
19862.000,1.582E-21
19863.000,1.580E-21
19864.000,1.578E-21
19865.000,1.575E-21
19866.000,1.573E-21
19867.000,1.571E-21
19868.000,1.569E-21
19869.000,1.567E-21
19870.000,1.565E-21
19871.000,1.563E-21
19872.000,1.561E-21
19873.000,1.559E-21
19874.000,1.556E-21
19875.000,1.554E-21
19876.000,1.552E-21
19877.000,1.550E-21
19878.000,1.548E-21
19879.000,1.546E-21
19880.000,1.543E-21
19881.000,1.541E-21
19882.000,1.539E-21
19883.000,1.536E-21
19884.000,1.534E-21
19885.000,1.532E-21
19886.000,1.529E-21
19887.000,1.527E-21
19888.000,1.525E-21
19889.000,1.522E-21
19890.000,1.520E-21
19891.000,1.518E-21
19892.000,1.516E-21
19893.000,1.513E-21
19894.000,1.511E-21
19895.000,1.509E-21
19896.000,1.506E-21
19897.000,1.504E-21
19898.000,1.502E-21
19899.000,1.499E-21
19900.000,1.497E-21
19901.000,1.494E-21
19902.000,1.492E-21
19903.000,1.489E-21
19904.000,1.487E-21
19905.000,1.484E-21
19906.000,1.482E-21
19907.000,1.479E-21
19908.000,1.477E-21
19909.000,1.474E-21
19910.000,1.472E-21
19911.000,1.469E-21
19912.000,1.467E-21
19913.000,1.464E-21
19914.000,1.462E-21
19915.000,1.459E-21
19916.000,1.457E-21
19917.000,1.454E-21
19918.000,1.452E-21
19919.000,1.449E-21
19920.000,1.447E-21
19921.000,1.445E-21
19922.000,1.442E-21
19923.000,1.440E-21
19924.000,1.437E-21
19925.000,1.435E-21
19926.000,1.432E-21
19927.000,1.429E-21
19928.000,1.427E-21
19929.000,1.424E-21
19930.000,1.421E-21
19931.000,1.418E-21
19932.000,1.416E-21
19933.000,1.413E-21
19934.000,1.410E-21
19935.000,1.407E-21
19936.000,1.404E-21
19937.000,1.402E-21
19938.000,1.399E-21
19939.000,1.396E-21
19940.000,1.393E-21
19941.000,1.391E-21
19942.000,1.388E-21
19943.000,1.385E-21
19944.000,1.382E-21
19945.000,1.380E-21
19946.000,1.377E-21
19947.000,1.374E-21
19948.000,1.372E-21
19949.000,1.369E-21
19950.000,1.366E-21
19951.000,1.364E-21
19952.000,1.361E-21
19953.000,1.359E-21
19954.000,1.356E-21
19955.000,1.353E-21
19956.000,1.351E-21
19957.000,1.348E-21
19958.000,1.346E-21
19959.000,1.344E-21
19960.000,1.341E-21
19961.000,1.338E-21
19962.000,1.336E-21
19963.000,1.333E-21
19964.000,1.331E-21
19965.000,1.328E-21
19966.000,1.325E-21
19967.000,1.323E-21
19968.000,1.320E-21
19969.000,1.317E-21
19970.000,1.315E-21
19971.000,1.312E-21
19972.000,1.309E-21
19973.000,1.306E-21
19974.000,1.304E-21
19975.000,1.301E-21
19976.000,1.298E-21
19977.000,1.295E-21
19978.000,1.293E-21
19979.000,1.290E-21
19980.000,1.287E-21
19981.000,1.285E-21
19982.000,1.282E-21
19983.000,1.280E-21
19984.000,1.278E-21
19985.000,1.276E-21
19986.000,1.273E-21
19987.000,1.271E-21
19988.000,1.269E-21
19989.000,1.266E-21
19990.000,1.264E-21
19991.000,1.261E-21
19992.000,1.258E-21
19993.000,1.256E-21
19994.000,1.253E-21
19995.000,1.250E-21
19996.000,1.247E-21
19997.000,1.245E-21
19998.000,1.242E-21
19999.000,1.239E-21
20000.000,1.237E-21
20001.000,1.234E-21
20002.000,1.232E-21
20003.000,1.230E-21
20004.000,1.228E-21
20005.000,1.225E-21
20006.000,1.223E-21
20007.000,1.221E-21
20008.000,1.218E-21
20009.000,1.216E-21
20010.000,1.213E-21
20011.000,1.211E-21
20012.000,1.208E-21
20013.000,1.206E-21
20014.000,1.203E-21
20015.000,1.201E-21
20016.000,1.198E-21
20017.000,1.196E-21
20018.000,1.193E-21
20019.000,1.191E-21
20020.000,1.188E-21
20021.000,1.186E-21
20022.000,1.183E-21
20023.000,1.181E-21
20024.000,1.178E-21
20025.000,1.176E-21
20026.000,1.173E-21
20027.000,1.171E-21
20028.000,1.169E-21
20029.000,1.167E-21
20030.000,1.164E-21
20031.000,1.162E-21
20032.000,1.160E-21
20033.000,1.158E-21
20034.000,1.156E-21
20035.000,1.153E-21
20036.000,1.151E-21
20037.000,1.149E-21
20038.000,1.147E-21
20039.000,1.144E-21
20040.000,1.142E-21
20041.000,1.140E-21
20042.000,1.137E-21
20043.000,1.135E-21
20044.000,1.133E-21
20045.000,1.130E-21
20046.000,1.128E-21
20047.000,1.126E-21
20048.000,1.124E-21
20049.000,1.122E-21
20050.000,1.120E-21
20051.000,1.118E-21
20052.000,1.116E-21
20053.000,1.114E-21
20054.000,1.112E-21
20055.000,1.110E-21
20056.000,1.108E-21
20057.000,1.106E-21
20058.000,1.104E-21
20059.000,1.101E-21
20060.000,1.099E-21
20061.000,1.097E-21
20062.000,1.095E-21
20063.000,1.092E-21
20064.000,1.090E-21
20065.000,1.088E-21
20066.000,1.086E-21
20067.000,1.084E-21
20068.000,1.082E-21
20069.000,1.080E-21
20070.000,1.077E-21
20071.000,1.075E-21
20072.000,1.073E-21
20073.000,1.071E-21
20074.000,1.069E-21
20075.000,1.067E-21
20076.000,1.065E-21
20077.000,1.064E-21
20078.000,1.062E-21
20079.000,1.060E-21
20080.000,1.058E-21
20081.000,1.056E-21
20082.000,1.055E-21
20083.000,1.053E-21
20084.000,1.051E-21
20085.000,1.049E-21
20086.000,1.047E-21
20087.000,1.045E-21
20088.000,1.043E-21
20089.000,1.041E-21
20090.000,1.039E-21
20091.000,1.037E-21
20092.000,1.035E-21
20093.000,1.033E-21
20094.000,1.031E-21
20095.000,1.030E-21
20096.000,1.028E-21
20097.000,1.027E-21
20098.000,1.025E-21
20099.000,1.023E-21
20100.000,1.022E-21
20101.000,1.020E-21
20102.000,1.019E-21
20103.000,1.017E-21
20104.000,1.015E-21
20105.000,1.013E-21
20106.000,1.012E-21
20107.000,1.010E-21
20108.000,1.008E-21
20109.000,1.006E-21
20110.000,1.005E-21
20111.000,1.003E-21
20112.000,1.001E-21
20113.000,9.997E-22
20114.000,9.984E-22
20115.000,9.971E-22
20116.000,9.958E-22
20117.000,9.945E-22
20118.000,9.932E-22
20119.000,9.919E-22
20120.000,9.906E-22
20121.000,9.893E-22
20122.000,9.880E-22
20123.000,9.865E-22
20124.000,9.850E-22
20125.000,9.835E-22
20126.000,9.820E-22
20127.000,9.805E-22
20128.000,9.790E-22
20129.000,9.775E-22
20130.000,9.760E-22
20131.000,9.745E-22
20132.000,9.734E-22
20133.000,9.723E-22
20134.000,9.712E-22
20135.000,9.701E-22
20136.000,9.690E-22
20137.000,9.678E-22
20138.000,9.667E-22
20139.000,9.656E-22
20140.000,9.645E-22
20141.000,9.634E-22
20142.000,9.620E-22
20143.000,9.606E-22
20144.000,9.593E-22
20145.000,9.579E-22
20146.000,9.565E-22
20147.000,9.551E-22
20148.000,9.538E-22
20149.000,9.524E-22
20150.000,9.510E-22
20151.000,9.501E-22
20152.000,9.493E-22
20153.000,9.484E-22
20154.000,9.475E-22
20155.000,9.466E-22
20156.000,9.458E-22
20157.000,9.449E-22
20158.000,9.440E-22
20159.000,9.432E-22
20160.000,9.423E-22
20161.000,9.414E-22
20162.000,9.404E-22
20163.000,9.395E-22
20164.000,9.385E-22
20165.000,9.376E-22
20166.000,9.366E-22
20167.000,9.357E-22
20168.000,9.347E-22
20169.000,9.338E-22
20170.000,9.331E-22
20171.000,9.324E-22
20172.000,9.317E-22
20173.000,9.310E-22
20174.000,9.304E-22
20175.000,9.297E-22
20176.000,9.290E-22
20177.000,9.283E-22
20178.000,9.276E-22
20179.000,9.269E-22
20180.000,9.262E-22
20181.000,9.254E-22
20182.000,9.247E-22
20183.000,9.239E-22
20184.000,9.232E-22
20185.000,9.224E-22
20186.000,9.217E-22
20187.000,9.209E-22
20188.000,9.202E-22
20189.000,9.196E-22
20190.000,9.191E-22
20191.000,9.186E-22
20192.000,9.180E-22
20193.000,9.174E-22
20194.000,9.169E-22
20195.000,9.163E-22
20196.000,9.158E-22
20197.000,9.152E-22
20198.000,9.147E-22
20199.000,9.141E-22
20200.000,9.136E-22
20201.000,9.130E-22
20202.000,9.125E-22
20203.000,9.119E-22
20204.000,9.113E-22
20205.000,9.108E-22
20206.000,9.102E-22
20207.000,9.097E-22
20208.000,9.091E-22
20209.000,9.088E-22
20210.000,9.085E-22
20211.000,9.082E-22
20212.000,9.079E-22
20213.000,9.075E-22
20214.000,9.072E-22
20215.000,9.069E-22
20216.000,9.066E-22
20217.000,9.063E-22
20218.000,9.061E-22
20219.000,9.059E-22
20220.000,9.057E-22
20221.000,9.055E-22
20222.000,9.053E-22
20223.000,9.052E-22
20224.000,9.050E-22
20225.000,9.048E-22
20226.000,9.046E-22
20227.000,9.044E-22
20228.000,9.041E-22
20229.000,9.038E-22
20230.000,9.036E-22
20231.000,9.033E-22
20232.000,9.030E-22
20233.000,9.027E-22
20234.000,9.025E-22
20235.000,9.022E-22
20236.000,9.019E-22
20237.000,9.017E-22
20238.000,9.014E-22
20239.000,9.012E-22
20240.000,9.009E-22
20241.000,9.007E-22
20242.000,9.004E-22
20243.000,9.001E-22
20244.000,8.999E-22
20245.000,8.996E-22
20246.000,8.994E-22
20247.000,8.993E-22
20248.000,8.992E-22
20249.000,8.992E-22
20250.000,8.991E-22
20251.000,8.990E-22
20252.000,8.989E-22
20253.000,8.988E-22
20254.000,8.988E-22
20255.000,8.987E-22
20256.000,8.986E-22
20257.000,8.984E-22
20258.000,8.982E-22
20259.000,8.980E-22
20260.000,8.978E-22
20261.000,8.976E-22
20262.000,8.974E-22
20263.000,8.972E-22
20264.000,8.970E-22
20265.000,8.968E-22
20266.000,8.967E-22
20267.000,8.966E-22
20268.000,8.966E-22
20269.000,8.965E-22
20270.000,8.964E-22
20271.000,8.963E-22
20272.000,8.962E-22
20273.000,8.962E-22
20274.000,8.961E-22
20275.000,8.960E-22
20276.000,8.958E-22
20277.000,8.957E-22
20278.000,8.955E-22
20279.000,8.953E-22
20280.000,8.952E-22
20281.000,8.950E-22
20282.000,8.948E-22
20283.000,8.946E-22
20284.000,8.945E-22
20285.000,8.943E-22
20286.000,8.942E-22
20287.000,8.940E-22
20288.000,8.939E-22
20289.000,8.938E-22
20290.000,8.936E-22
20291.000,8.935E-22
20292.000,8.934E-22
20293.000,8.932E-22
20294.000,8.931E-22
20295.000,8.929E-22
20296.000,8.927E-22
20297.000,8.926E-22
20298.000,8.924E-22
20299.000,8.922E-22
20300.000,8.920E-22
20301.000,8.918E-22
20302.000,8.917E-22
20303.000,8.915E-22
20304.000,8.913E-22
20305.000,8.911E-22
20306.000,8.910E-22
20307.000,8.908E-22
20308.000,8.906E-22
20309.000,8.905E-22
20310.000,8.903E-22
20311.000,8.901E-22
20312.000,8.899E-22
20313.000,8.898E-22
20314.000,8.896E-22
20315.000,8.893E-22
20316.000,8.890E-22
20317.000,8.888E-22
20318.000,8.885E-22
20319.000,8.882E-22
20320.000,8.879E-22
20321.000,8.877E-22
20322.000,8.874E-22
20323.000,8.871E-22
20324.000,8.868E-22
20325.000,8.865E-22
20326.000,8.861E-22
20327.000,8.858E-22
20328.000,8.855E-22
20329.000,8.852E-22
20330.000,8.849E-22
20331.000,8.845E-22
20332.000,8.842E-22
20333.000,8.839E-22
20334.000,8.835E-22
20335.000,8.831E-22
20336.000,8.826E-22
20337.000,8.822E-22
20338.000,8.818E-22
20339.000,8.814E-22
20340.000,8.810E-22
20341.000,8.805E-22
20342.000,8.801E-22
20343.000,8.797E-22
20344.000,8.793E-22
20345.000,8.790E-22
20346.000,8.786E-22
20347.000,8.783E-22
20348.000,8.779E-22
20349.000,8.776E-22
20350.000,8.772E-22
20351.000,8.769E-22
20352.000,8.765E-22
20353.000,8.760E-22
20354.000,8.754E-22
20355.000,8.749E-22
20356.000,8.744E-22
20357.000,8.739E-22
20358.000,8.733E-22
20359.000,8.728E-22
20360.000,8.723E-22
20361.000,8.717E-22
20362.000,8.712E-22
20363.000,8.706E-22
20364.000,8.700E-22
20365.000,8.694E-22
20366.000,8.688E-22
20367.000,8.683E-22
20368.000,8.677E-22
20369.000,8.671E-22
20370.000,8.665E-22
20371.000,8.659E-22
20372.000,8.653E-22
20373.000,8.646E-22
20374.000,8.639E-22
20375.000,8.632E-22
20376.000,8.625E-22
20377.000,8.619E-22
20378.000,8.612E-22
20379.000,8.605E-22
20380.000,8.598E-22
20381.000,8.591E-22
20382.000,8.584E-22
20383.000,8.575E-22
20384.000,8.566E-22
20385.000,8.558E-22
20386.000,8.549E-22
20387.000,8.540E-22
20388.000,8.531E-22
20389.000,8.523E-22
20390.000,8.514E-22
20391.000,8.505E-22
20392.000,8.497E-22
20393.000,8.489E-22
20394.000,8.482E-22
20395.000,8.474E-22
20396.000,8.466E-22
20397.000,8.458E-22
20398.000,8.450E-22
20399.000,8.443E-22
20400.000,8.435E-22
20401.000,8.427E-22
20402.000,8.419E-22
20403.000,8.410E-22
20404.000,8.402E-22
20405.000,8.393E-22
20406.000,8.385E-22
20407.000,8.376E-22
20408.000,8.368E-22
20409.000,8.359E-22
20410.000,8.351E-22
20411.000,8.342E-22
20412.000,8.333E-22
20413.000,8.325E-22
20414.000,8.316E-22
20415.000,8.307E-22
20416.000,8.299E-22
20417.000,8.290E-22
20418.000,8.281E-22
20419.000,8.272E-22
20420.000,8.264E-22
20421.000,8.255E-22
20422.000,8.244E-22
20423.000,8.233E-22
20424.000,8.222E-22
20425.000,8.211E-22
20426.000,8.201E-22
20427.000,8.190E-22
20428.000,8.179E-22
20429.000,8.168E-22
20430.000,8.157E-22
20431.000,8.148E-22
20432.000,8.140E-22
20433.000,8.131E-22
20434.000,8.122E-22
20435.000,8.114E-22
20436.000,8.105E-22
20437.000,8.096E-22
20438.000,8.087E-22
20439.000,8.079E-22
20440.000,8.070E-22
20441.000,8.062E-22
20442.000,8.053E-22
20443.000,8.045E-22
20444.000,8.037E-22
20445.000,8.029E-22
20446.000,8.020E-22
20447.000,8.012E-22
20448.000,8.004E-22
20449.000,7.995E-22
20450.000,7.987E-22
20451.000,7.979E-22
20452.000,7.972E-22
20453.000,7.964E-22
20454.000,7.956E-22
20455.000,7.948E-22
20456.000,7.941E-22
20457.000,7.933E-22
20458.000,7.925E-22
20459.000,7.918E-22
20460.000,7.910E-22
20461.000,7.903E-22
20462.000,7.896E-22
20463.000,7.889E-22
20464.000,7.882E-22
20465.000,7.875E-22
20466.000,7.868E-22
20467.000,7.861E-22
20468.000,7.854E-22
20469.000,7.847E-22
20470.000,7.840E-22
20471.000,7.834E-22
20472.000,7.828E-22
20473.000,7.822E-22
20474.000,7.816E-22
20475.000,7.809E-22
20476.000,7.803E-22
20477.000,7.797E-22
20478.000,7.791E-22
20479.000,7.785E-22
20480.000,7.779E-22
20481.000,7.773E-22
20482.000,7.768E-22
20483.000,7.762E-22
20484.000,7.757E-22
20485.000,7.751E-22
20486.000,7.746E-22
20487.000,7.740E-22
20488.000,7.735E-22
20489.000,7.729E-22
20490.000,7.725E-22
20491.000,7.721E-22
20492.000,7.718E-22
20493.000,7.714E-22
20494.000,7.710E-22
20495.000,7.706E-22
20496.000,7.702E-22
20497.000,7.699E-22
20498.000,7.695E-22
20499.000,7.691E-22
20500.000,7.689E-22
20501.000,7.686E-22
20502.000,7.684E-22
20503.000,7.681E-22
20504.000,7.679E-22
20505.000,7.677E-22
20506.000,7.674E-22
20507.000,7.672E-22
20508.000,7.669E-22
20509.000,7.667E-22
20510.000,7.666E-22
20511.000,7.665E-22
20512.000,7.664E-22
20513.000,7.663E-22
20514.000,7.662E-22
20515.000,7.661E-22
20516.000,7.660E-22
20517.000,7.659E-22
20518.000,7.658E-22
20519.000,7.657E-22
20520.000,7.658E-22
20521.000,7.658E-22
20522.000,7.659E-22
20523.000,7.659E-22
20524.000,7.660E-22
20525.000,7.661E-22
20526.000,7.661E-22
20527.000,7.662E-22
20528.000,7.662E-22
20529.000,7.663E-22
20530.000,7.665E-22
20531.000,7.666E-22
20532.000,7.668E-22
20533.000,7.670E-22
20534.000,7.672E-22
20535.000,7.673E-22
20536.000,7.675E-22
20537.000,7.677E-22
20538.000,7.678E-22
20539.000,7.680E-22
20540.000,7.683E-22
20541.000,7.687E-22
20542.000,7.690E-22
20543.000,7.693E-22
20544.000,7.696E-22
20545.000,7.700E-22
20546.000,7.703E-22
20547.000,7.706E-22
20548.000,7.710E-22
20549.000,7.713E-22
20550.000,7.718E-22
20551.000,7.722E-22
20552.000,7.727E-22
20553.000,7.731E-22
20554.000,7.736E-22
20555.000,7.741E-22
20556.000,7.745E-22
20557.000,7.750E-22
20558.000,7.754E-22
20559.000,7.759E-22
20560.000,7.765E-22
20561.000,7.770E-22
20562.000,7.776E-22
20563.000,7.781E-22
20564.000,7.787E-22
20565.000,7.793E-22
20566.000,7.798E-22
20567.000,7.804E-22
20568.000,7.809E-22
20569.000,7.815E-22
20570.000,7.822E-22
20571.000,7.828E-22
20572.000,7.835E-22
20573.000,7.841E-22
20574.000,7.848E-22
20575.000,7.855E-22
20576.000,7.861E-22
20577.000,7.868E-22
20578.000,7.874E-22
20579.000,7.881E-22
20580.000,7.889E-22
20581.000,7.896E-22
20582.000,7.904E-22
20583.000,7.911E-22
20584.000,7.919E-22
20585.000,7.927E-22
20586.000,7.934E-22
20587.000,7.942E-22
20588.000,7.949E-22
20589.000,7.957E-22
20590.000,7.965E-22
20591.000,7.974E-22
20592.000,7.982E-22
20593.000,7.990E-22
20594.000,7.999E-22
20595.000,8.007E-22
20596.000,8.015E-22
20597.000,8.023E-22
20598.000,8.032E-22
20599.000,8.040E-22
20600.000,8.049E-22
20601.000,8.058E-22
20602.000,8.067E-22
20603.000,8.076E-22
20604.000,8.085E-22
20605.000,8.093E-22
20606.000,8.102E-22
20607.000,8.111E-22
20608.000,8.120E-22
20609.000,8.129E-22
20610.000,8.138E-22
20611.000,8.147E-22
20612.000,8.157E-22
20613.000,8.166E-22
20614.000,8.175E-22
20615.000,8.184E-22
20616.000,8.193E-22
20617.000,8.203E-22
20618.000,8.212E-22
20619.000,8.221E-22
20620.000,8.230E-22
20621.000,8.240E-22
20622.000,8.249E-22
20623.000,8.259E-22
20624.000,8.268E-22
20625.000,8.277E-22
20626.000,8.287E-22
20627.000,8.296E-22
20628.000,8.306E-22
20629.000,8.315E-22
20630.000,8.324E-22
20631.000,8.333E-22
20632.000,8.342E-22
20633.000,8.351E-22
20634.000,8.360E-22
20635.000,8.370E-22
20636.000,8.379E-22
20637.000,8.388E-22
20638.000,8.397E-22
20639.000,8.406E-22
20640.000,8.415E-22
20641.000,8.425E-22
20642.000,8.434E-22
20643.000,8.443E-22
20644.000,8.452E-22
20645.000,8.462E-22
20646.000,8.471E-22
20647.000,8.480E-22
20648.000,8.490E-22
20649.000,8.499E-22
20650.000,8.508E-22
20651.000,8.516E-22
20652.000,8.524E-22
20653.000,8.533E-22
20654.000,8.542E-22
20655.000,8.550E-22
20656.000,8.559E-22
20657.000,8.567E-22
20658.000,8.575E-22
20659.000,8.584E-22
20660.000,8.592E-22
20661.000,8.600E-22
20662.000,8.608E-22
20663.000,8.616E-22
20664.000,8.624E-22
20665.000,8.633E-22
20666.000,8.641E-22
20667.000,8.649E-22
20668.000,8.657E-22
20669.000,8.665E-22
20670.000,8.672E-22
20671.000,8.679E-22
20672.000,8.686E-22
20673.000,8.693E-22
20674.000,8.700E-22
20675.000,8.708E-22
20676.000,8.715E-22
20677.000,8.722E-22
20678.000,8.729E-22
20679.000,8.736E-22
20680.000,8.742E-22
20681.000,8.748E-22
20682.000,8.754E-22
20683.000,8.760E-22
20684.000,8.766E-22
20685.000,8.772E-22
20686.000,8.778E-22
20687.000,8.784E-22
20688.000,8.790E-22
20689.000,8.796E-22
20690.000,8.801E-22
20691.000,8.806E-22
20692.000,8.810E-22
20693.000,8.815E-22
20694.000,8.820E-22
20695.000,8.825E-22
20696.000,8.830E-22
20697.000,8.834E-22
20698.000,8.839E-22
20699.000,8.844E-22
20700.000,8.847E-22
20701.000,8.851E-22
20702.000,8.854E-22
20703.000,8.857E-22
20704.000,8.860E-22
20705.000,8.864E-22
20706.000,8.867E-22
20707.000,8.870E-22
20708.000,8.874E-22
20709.000,8.877E-22
20710.000,8.879E-22
20711.000,8.880E-22
20712.000,8.882E-22
20713.000,8.884E-22
20714.000,8.886E-22
20715.000,8.887E-22
20716.000,8.889E-22
20717.000,8.891E-22
20718.000,8.892E-22
20719.000,8.894E-22
20720.000,8.894E-22
20721.000,8.894E-22
20722.000,8.894E-22
20723.000,8.894E-22
20724.000,8.894E-22
20725.000,8.894E-22
20726.000,8.894E-22
20727.000,8.894E-22
20728.000,8.894E-22
20729.000,8.894E-22
20730.000,8.892E-22
20731.000,8.890E-22
20732.000,8.888E-22
20733.000,8.886E-22
20734.000,8.884E-22
20735.000,8.883E-22
20736.000,8.881E-22
20737.000,8.879E-22
20738.000,8.877E-22
20739.000,8.875E-22
20740.000,8.871E-22
20741.000,8.868E-22
20742.000,8.864E-22
20743.000,8.860E-22
20744.000,8.857E-22
20745.000,8.853E-22
20746.000,8.849E-22
20747.000,8.845E-22
20748.000,8.842E-22
20749.000,8.838E-22
20750.000,8.833E-22
20751.000,8.828E-22
20752.000,8.823E-22
20753.000,8.818E-22
20754.000,8.813E-22
20755.000,8.807E-22
20756.000,8.802E-22
20757.000,8.797E-22
20758.000,8.792E-22
20759.000,8.787E-22
20760.000,8.782E-22
20761.000,8.774E-22
20762.000,8.767E-22
20763.000,8.759E-22
20764.000,8.752E-22
20765.000,8.744E-22
20766.000,8.737E-22
20767.000,8.729E-22
20768.000,8.722E-22
20769.000,8.715E-22
20770.000,8.707E-22
20771.000,8.698E-22
20772.000,8.689E-22
20773.000,8.679E-22
20774.000,8.670E-22
20775.000,8.661E-22
20776.000,8.652E-22
20777.000,8.643E-22
20778.000,8.633E-22
20779.000,8.624E-22
20780.000,8.615E-22
20781.000,8.604E-22
20782.000,8.593E-22
20783.000,8.582E-22
20784.000,8.571E-22
20785.000,8.561E-22
20786.000,8.550E-22
20787.000,8.539E-22
20788.000,8.528E-22
20789.000,8.517E-22
20790.000,8.506E-22
20791.000,8.493E-22
20792.000,8.481E-22
20793.000,8.468E-22
20794.000,8.456E-22
20795.000,8.443E-22
20796.000,8.430E-22
20797.000,8.418E-22
20798.000,8.405E-22
20799.000,8.393E-22
20800.000,8.380E-22
20801.000,8.366E-22
20802.000,8.353E-22
20803.000,8.339E-22
20804.000,8.325E-22
20805.000,8.311E-22
20806.000,8.298E-22
20807.000,8.284E-22
20808.000,8.270E-22
20809.000,8.257E-22
20810.000,8.243E-22
20811.000,8.230E-22
20812.000,8.216E-22
20813.000,8.203E-22
20814.000,8.189E-22
20815.000,8.176E-22
20816.000,8.162E-22
20817.000,8.149E-22
20818.000,8.135E-22
20819.000,8.122E-22
20820.000,8.108E-22
20821.000,8.095E-22
20822.000,8.080E-22
20823.000,8.064E-22
20824.000,8.049E-22
20825.000,8.033E-22
20826.000,8.018E-22
20827.000,8.003E-22
20828.000,7.987E-22
20829.000,7.972E-22
20830.000,7.956E-22
20831.000,7.941E-22
20832.000,7.925E-22
20833.000,7.908E-22
20834.000,7.892E-22
20835.000,7.876E-22
20836.000,7.860E-22
20837.000,7.843E-22
20838.000,7.827E-22
20839.000,7.811E-22
20840.000,7.794E-22
20841.000,7.778E-22
20842.000,7.762E-22
20843.000,7.745E-22
20844.000,7.729E-22
20845.000,7.712E-22
20846.000,7.695E-22
20847.000,7.679E-22
20848.000,7.663E-22
20849.000,7.646E-22
20850.000,7.630E-22
20851.000,7.613E-22
20852.000,7.598E-22
20853.000,7.582E-22
20854.000,7.567E-22
20855.000,7.551E-22
20856.000,7.536E-22
20857.000,7.520E-22
20858.000,7.505E-22
20859.000,7.489E-22
20860.000,7.474E-22
20861.000,7.458E-22
20862.000,7.443E-22
20863.000,7.426E-22
20864.000,7.409E-22
20865.000,7.392E-22
20866.000,7.375E-22
20867.000,7.358E-22
20868.000,7.341E-22
20869.000,7.324E-22
20870.000,7.307E-22
20871.000,7.290E-22
20872.000,7.273E-22
20873.000,7.256E-22
20874.000,7.239E-22
20875.000,7.222E-22
20876.000,7.205E-22
20877.000,7.187E-22
20878.000,7.170E-22
20879.000,7.153E-22
20880.000,7.136E-22
20881.000,7.119E-22
20882.000,7.102E-22
20883.000,7.085E-22
20884.000,7.068E-22
20885.000,7.051E-22
20886.000,7.034E-22
20887.000,7.017E-22
20888.000,6.999E-22
20889.000,6.982E-22
20890.000,6.965E-22
20891.000,6.948E-22
20892.000,6.931E-22
20893.000,6.916E-22
20894.000,6.900E-22
20895.000,6.885E-22
20896.000,6.869E-22
20897.000,6.854E-22
20898.000,6.838E-22
20899.000,6.823E-22
20900.000,6.807E-22
20901.000,6.792E-22
20902.000,6.776E-22
20903.000,6.761E-22
20904.000,6.744E-22
20905.000,6.727E-22
20906.000,6.711E-22
20907.000,6.694E-22
20908.000,6.677E-22
20909.000,6.660E-22
20910.000,6.643E-22
20911.000,6.627E-22
20912.000,6.610E-22
20913.000,6.593E-22
20914.000,6.576E-22
20915.000,6.560E-22
20916.000,6.543E-22
20917.000,6.526E-22
20918.000,6.510E-22
20919.000,6.493E-22
20920.000,6.476E-22
20921.000,6.459E-22
20922.000,6.443E-22
20923.000,6.426E-22
20924.000,6.411E-22
20925.000,6.396E-22
20926.000,6.381E-22
20927.000,6.366E-22
20928.000,6.351E-22
20929.000,6.337E-22
20930.000,6.322E-22
20931.000,6.307E-22
20932.000,6.292E-22
20933.000,6.277E-22
20934.000,6.262E-22
20935.000,6.246E-22
20936.000,6.229E-22
20937.000,6.213E-22
20938.000,6.197E-22
20939.000,6.180E-22
20940.000,6.164E-22
20941.000,6.148E-22
20942.000,6.132E-22
20943.000,6.115E-22
20944.000,6.099E-22
20945.000,6.083E-22
20946.000,6.068E-22
20947.000,6.052E-22
20948.000,6.036E-22
20949.000,6.021E-22
20950.000,6.005E-22
20951.000,5.989E-22
20952.000,5.973E-22
20953.000,5.958E-22
20954.000,5.942E-22
20955.000,5.928E-22
20956.000,5.914E-22
20957.000,5.900E-22
20958.000,5.886E-22
20959.000,5.872E-22
20960.000,5.857E-22
20961.000,5.843E-22
20962.000,5.829E-22
20963.000,5.815E-22
20964.000,5.801E-22
20965.000,5.787E-22
20966.000,5.772E-22
20967.000,5.757E-22
20968.000,5.742E-22
20969.000,5.727E-22
20970.000,5.712E-22
20971.000,5.696E-22
20972.000,5.681E-22
20973.000,5.666E-22
20974.000,5.651E-22
20975.000,5.636E-22
20976.000,5.621E-22
20977.000,5.606E-22
20978.000,5.592E-22
20979.000,5.577E-22
20980.000,5.562E-22
20981.000,5.547E-22
20982.000,5.532E-22
20983.000,5.518E-22
20984.000,5.503E-22
20985.000,5.488E-22
20986.000,5.475E-22
20987.000,5.463E-22
20988.000,5.450E-22
20989.000,5.437E-22
20990.000,5.424E-22
20991.000,5.412E-22
20992.000,5.399E-22
20993.000,5.386E-22
20994.000,5.373E-22
20995.000,5.361E-22
20996.000,5.348E-22
20997.000,5.334E-22
20998.000,5.321E-22
20999.000,5.307E-22
21000.000,5.294E-22
21001.000,5.280E-22
21002.000,5.266E-22
21003.000,5.253E-22
21004.000,5.239E-22
21005.000,5.226E-22
21006.000,5.212E-22
21007.000,5.200E-22
21008.000,5.189E-22
21009.000,5.177E-22
21010.000,5.166E-22
21011.000,5.154E-22
21012.000,5.143E-22
21013.000,5.131E-22
21014.000,5.120E-22
21015.000,5.108E-22
21016.000,5.097E-22
21017.000,5.085E-22
21018.000,5.073E-22
21019.000,5.061E-22
21020.000,5.049E-22
21021.000,5.037E-22
21022.000,5.025E-22
21023.000,5.012E-22
21024.000,5.000E-22
21025.000,4.988E-22
21026.000,4.976E-22
21027.000,4.964E-22
21028.000,4.953E-22
21029.000,4.942E-22
21030.000,4.931E-22
21031.000,4.920E-22
21032.000,4.910E-22
21033.000,4.899E-22
21034.000,4.888E-22
21035.000,4.877E-22
21036.000,4.866E-22
21037.000,4.855E-22
21038.000,4.846E-22
21039.000,4.837E-22
21040.000,4.828E-22
21041.000,4.819E-22
21042.000,4.810E-22
21043.000,4.800E-22
21044.000,4.791E-22
21045.000,4.782E-22
21046.000,4.773E-22
21047.000,4.764E-22
21048.000,4.755E-22
21049.000,4.746E-22
21050.000,4.737E-22
21051.000,4.728E-22
21052.000,4.719E-22
21053.000,4.711E-22
21054.000,4.702E-22
21055.000,4.693E-22
21056.000,4.684E-22
21057.000,4.675E-22
21058.000,4.666E-22
21059.000,4.659E-22
21060.000,4.652E-22
21061.000,4.644E-22
21062.000,4.637E-22
21063.000,4.630E-22
21064.000,4.623E-22
21065.000,4.616E-22
21066.000,4.609E-22
21067.000,4.601E-22
21068.000,4.594E-22
21069.000,4.587E-22
21070.000,4.580E-22
21071.000,4.574E-22
21072.000,4.567E-22
21073.000,4.561E-22
21074.000,4.554E-22
21075.000,4.547E-22
21076.000,4.541E-22
21077.000,4.534E-22
21078.000,4.528E-22
21079.000,4.521E-22
21080.000,4.516E-22
21081.000,4.511E-22
21082.000,4.506E-22
21083.000,4.501E-22
21084.000,4.496E-22
21085.000,4.492E-22
21086.000,4.487E-22
21087.000,4.482E-22
21088.000,4.477E-22
21089.000,4.472E-22
21090.000,4.467E-22
21091.000,4.463E-22
21092.000,4.459E-22
21093.000,4.455E-22
21094.000,4.451E-22
21095.000,4.447E-22
21096.000,4.443E-22
21097.000,4.439E-22
21098.000,4.435E-22
21099.000,4.431E-22
21100.000,4.427E-22
21101.000,4.424E-22
21102.000,4.421E-22
21103.000,4.418E-22
21104.000,4.415E-22
21105.000,4.412E-22
21106.000,4.410E-22
21107.000,4.407E-22
21108.000,4.404E-22
21109.000,4.401E-22
21110.000,4.398E-22
21111.000,4.395E-22
21112.000,4.392E-22
21113.000,4.389E-22
21114.000,4.387E-22
21115.000,4.384E-22
21116.000,4.381E-22
21117.000,4.378E-22
21118.000,4.375E-22
21119.000,4.373E-22
21120.000,4.370E-22
21121.000,4.367E-22
21122.000,4.365E-22
21123.000,4.363E-22
21124.000,4.360E-22
21125.000,4.358E-22
21126.000,4.356E-22
21127.000,4.354E-22
21128.000,4.352E-22
21129.000,4.350E-22
21130.000,4.347E-22
21131.000,4.345E-22
21132.000,4.343E-22
21133.000,4.342E-22
21134.000,4.340E-22
21135.000,4.338E-22
21136.000,4.337E-22
21137.000,4.335E-22
21138.000,4.334E-22
21139.000,4.333E-22
21140.000,4.331E-22
21141.000,4.330E-22
21142.000,4.328E-22
21143.000,4.327E-22
21144.000,4.327E-22
21145.000,4.326E-22
21146.000,4.326E-22
21147.000,4.325E-22
21148.000,4.325E-22
21149.000,4.324E-22
21150.000,4.324E-22
21151.000,4.323E-22
21152.000,4.323E-22
21153.000,4.322E-22
21154.000,4.322E-22
21155.000,4.322E-22
21156.000,4.322E-22
21157.000,4.322E-22
21158.000,4.322E-22
21159.000,4.322E-22
21160.000,4.322E-22
21161.000,4.322E-22
21162.000,4.322E-22
21163.000,4.322E-22
21164.000,4.322E-22
21165.000,4.322E-22
21166.000,4.322E-22
21167.000,4.323E-22
21168.000,4.323E-22
21169.000,4.323E-22
21170.000,4.323E-22
21171.000,4.323E-22
21172.000,4.324E-22
21173.000,4.324E-22
21174.000,4.324E-22
21175.000,4.325E-22
21176.000,4.325E-22
21177.000,4.326E-22
21178.000,4.326E-22
21179.000,4.327E-22
21180.000,4.327E-22
21181.000,4.328E-22
21182.000,4.328E-22
21183.000,4.329E-22
21184.000,4.329E-22
21185.000,4.330E-22
21186.000,4.331E-22
21187.000,4.331E-22
21188.000,4.332E-22
21189.000,4.332E-22
21190.000,4.333E-22
21191.000,4.334E-22
21192.000,4.334E-22
21193.000,4.335E-22
21194.000,4.335E-22
21195.000,4.336E-22
21196.000,4.337E-22
21197.000,4.337E-22
21198.000,4.338E-22
21199.000,4.339E-22
21200.000,4.340E-22
21201.000,4.340E-22
21202.000,4.341E-22
21203.000,4.342E-22
21204.000,4.343E-22
21205.000,4.343E-22
21206.000,4.344E-22
21207.000,4.344E-22
21208.000,4.345E-22
21209.000,4.345E-22
21210.000,4.346E-22
21211.000,4.346E-22
21212.000,4.347E-22
21213.000,4.347E-22
21214.000,4.348E-22
21215.000,4.348E-22
21216.000,4.349E-22
21217.000,4.349E-22
21218.000,4.349E-22
21219.000,4.350E-22
21220.000,4.350E-22
21221.000,4.350E-22
21222.000,4.350E-22
21223.000,4.351E-22
21224.000,4.351E-22
21225.000,4.351E-22
21226.000,4.352E-22
21227.000,4.352E-22
21228.000,4.352E-22
21229.000,4.352E-22
21230.000,4.352E-22
21231.000,4.352E-22
21232.000,4.352E-22
21233.000,4.352E-22
21234.000,4.352E-22
21235.000,4.352E-22
21236.000,4.352E-22
21237.000,4.352E-22
21238.000,4.352E-22
21239.000,4.352E-22
21240.000,4.351E-22
21241.000,4.351E-22
21242.000,4.350E-22
21243.000,4.350E-22
21244.000,4.349E-22
21245.000,4.349E-22
21246.000,4.348E-22
21247.000,4.348E-22
21248.000,4.347E-22
21249.000,4.347E-22
21250.000,4.346E-22
21251.000,4.345E-22
21252.000,4.344E-22
21253.000,4.343E-22
21254.000,4.342E-22
21255.000,4.340E-22
21256.000,4.339E-22
21257.000,4.338E-22
21258.000,4.337E-22
21259.000,4.336E-22
21260.000,4.334E-22
21261.000,4.333E-22
21262.000,4.331E-22
21263.000,4.330E-22
21264.000,4.328E-22
21265.000,4.327E-22
21266.000,4.325E-22
21267.000,4.324E-22
21268.000,4.322E-22
21269.000,4.321E-22
21270.000,4.319E-22
21271.000,4.317E-22
21272.000,4.314E-22
21273.000,4.312E-22
21274.000,4.309E-22
21275.000,4.307E-22
21276.000,4.304E-22
21277.000,4.302E-22
21278.000,4.299E-22
21279.000,4.297E-22
21280.000,4.294E-22
21281.000,4.292E-22
21282.000,4.289E-22
21283.000,4.285E-22
21284.000,4.282E-22
21285.000,4.278E-22
21286.000,4.275E-22
21287.000,4.272E-22
21288.000,4.268E-22
21289.000,4.265E-22
21290.000,4.261E-22
21291.000,4.258E-22
21292.000,4.254E-22
21293.000,4.250E-22
21294.000,4.246E-22
21295.000,4.242E-22
21296.000,4.238E-22
21297.000,4.235E-22
21298.000,4.231E-22
21299.000,4.227E-22
21300.000,4.223E-22
21301.000,4.219E-22
21302.000,4.215E-22
21303.000,4.210E-22
21304.000,4.206E-22
21305.000,4.201E-22
21306.000,4.196E-22
21307.000,4.192E-22
21308.000,4.187E-22
21309.000,4.183E-22
21310.000,4.178E-22
21311.000,4.173E-22
21312.000,4.169E-22
21313.000,4.164E-22
21314.000,4.159E-22
21315.000,4.153E-22
21316.000,4.148E-22
21317.000,4.143E-22
21318.000,4.138E-22
21319.000,4.132E-22
21320.000,4.127E-22
21321.000,4.122E-22
21322.000,4.117E-22
21323.000,4.111E-22
21324.000,4.106E-22
21325.000,4.099E-22
21326.000,4.093E-22
21327.000,4.087E-22
21328.000,4.080E-22
21329.000,4.074E-22
21330.000,4.067E-22
21331.000,4.060E-22
21332.000,4.054E-22
21333.000,4.047E-22
21334.000,4.041E-22
21335.000,4.035E-22
21336.000,4.028E-22
21337.000,4.022E-22
21338.000,4.016E-22
21339.000,4.010E-22
21340.000,4.003E-22
21341.000,3.997E-22
21342.000,3.991E-22
21343.000,3.985E-22
21344.000,3.978E-22
21345.000,3.972E-22
21346.000,3.965E-22
21347.000,3.959E-22
21348.000,3.952E-22
21349.000,3.945E-22
21350.000,3.939E-22
21351.000,3.932E-22
21352.000,3.926E-22
21353.000,3.919E-22
21354.000,3.912E-22
21355.000,3.906E-22
21356.000,3.899E-22
21357.000,3.892E-22
21358.000,3.886E-22
21359.000,3.879E-22
21360.000,3.872E-22
21361.000,3.865E-22
21362.000,3.859E-22
21363.000,3.852E-22
21364.000,3.845E-22
21365.000,3.838E-22
21366.000,3.832E-22
21367.000,3.825E-22
21368.000,3.818E-22
21369.000,3.812E-22
21370.000,3.805E-22
21371.000,3.798E-22
21372.000,3.791E-22
21373.000,3.785E-22
21374.000,3.778E-22
21375.000,3.771E-22
21376.000,3.764E-22
21377.000,3.758E-22
21378.000,3.751E-22
21379.000,3.744E-22
21380.000,3.737E-22
21381.000,3.730E-22
21382.000,3.723E-22
21383.000,3.716E-22
21384.000,3.708E-22
21385.000,3.701E-22
21386.000,3.694E-22
21387.000,3.687E-22
21388.000,3.680E-22
21389.000,3.674E-22
21390.000,3.668E-22
21391.000,3.663E-22
21392.000,3.657E-22
21393.000,3.651E-22
21394.000,3.645E-22
21395.000,3.639E-22
21396.000,3.633E-22
21397.000,3.628E-22
21398.000,3.622E-22
21399.000,3.616E-22
21400.000,3.611E-22
21401.000,3.605E-22
21402.000,3.600E-22
21403.000,3.595E-22
21404.000,3.590E-22
21405.000,3.584E-22
21406.000,3.579E-22
21407.000,3.574E-22
21408.000,3.569E-22
21409.000,3.563E-22
21410.000,3.558E-22
21411.000,3.554E-22
21412.000,3.550E-22
21413.000,3.546E-22
21414.000,3.542E-22
21415.000,3.538E-22
21416.000,3.533E-22
21417.000,3.529E-22
21418.000,3.525E-22
21419.000,3.521E-22
21420.000,3.517E-22
21421.000,3.513E-22
21422.000,3.510E-22
21423.000,3.507E-22
21424.000,3.504E-22
21425.000,3.501E-22
21426.000,3.498E-22
21427.000,3.494E-22
21428.000,3.491E-22
21429.000,3.488E-22
21430.000,3.485E-22
21431.000,3.482E-22
21432.000,3.479E-22
21433.000,3.477E-22
21434.000,3.475E-22
21435.000,3.474E-22
21436.000,3.472E-22
21437.000,3.470E-22
21438.000,3.468E-22
21439.000,3.466E-22
21440.000,3.464E-22
21441.000,3.463E-22
21442.000,3.461E-22
21443.000,3.459E-22
21444.000,3.458E-22
21445.000,3.457E-22
21446.000,3.457E-22
21447.000,3.456E-22
21448.000,3.455E-22
21449.000,3.454E-22
21450.000,3.453E-22
21451.000,3.452E-22
21452.000,3.452E-22
21453.000,3.451E-22
21454.000,3.450E-22
21455.000,3.450E-22
21456.000,3.451E-22
21457.000,3.451E-22
21458.000,3.451E-22
21459.000,3.452E-22
21460.000,3.452E-22
21461.000,3.453E-22
21462.000,3.453E-22
21463.000,3.453E-22
21464.000,3.454E-22
21465.000,3.454E-22
21466.000,3.456E-22
21467.000,3.457E-22
21468.000,3.458E-22
21469.000,3.460E-22
21470.000,3.461E-22
21471.000,3.463E-22
21472.000,3.465E-22
21473.000,3.466E-22
21474.000,3.467E-22
21475.000,3.469E-22
21476.000,3.472E-22
21477.000,3.474E-22
21478.000,3.477E-22
21479.000,3.479E-22
21480.000,3.482E-22
21481.000,3.484E-22
21482.000,3.487E-22
21483.000,3.489E-22
21484.000,3.492E-22
21485.000,3.494E-22
21486.000,3.497E-22
21487.000,3.500E-22
21488.000,3.504E-22
21489.000,3.507E-22
21490.000,3.511E-22
21491.000,3.514E-22
21492.000,3.518E-22
21493.000,3.521E-22
21494.000,3.525E-22
21495.000,3.528E-22
21496.000,3.532E-22
21497.000,3.535E-22
21498.000,3.539E-22
21499.000,3.544E-22
21500.000,3.548E-22
21501.000,3.552E-22
21502.000,3.556E-22
21503.000,3.561E-22
21504.000,3.565E-22
21505.000,3.569E-22
21506.000,3.573E-22
21507.000,3.578E-22
21508.000,3.582E-22
21509.000,3.587E-22
21510.000,3.592E-22
21511.000,3.596E-22
21512.000,3.601E-22
21513.000,3.606E-22
21514.000,3.611E-22
21515.000,3.616E-22
21516.000,3.621E-22
21517.000,3.625E-22
21518.000,3.630E-22
21519.000,3.635E-22
21520.000,3.641E-22
21521.000,3.646E-22
21522.000,3.652E-22
21523.000,3.657E-22
21524.000,3.663E-22
21525.000,3.668E-22
21526.000,3.674E-22
21527.000,3.679E-22
21528.000,3.685E-22
21529.000,3.690E-22
21530.000,3.696E-22
21531.000,3.702E-22
21532.000,3.708E-22
21533.000,3.714E-22
21534.000,3.720E-22
21535.000,3.726E-22
21536.000,3.732E-22
21537.000,3.738E-22
21538.000,3.744E-22
21539.000,3.750E-22
21540.000,3.756E-22
21541.000,3.762E-22
21542.000,3.768E-22
21543.000,3.774E-22
21544.000,3.781E-22
21545.000,3.787E-22
21546.000,3.793E-22
21547.000,3.799E-22
21548.000,3.805E-22
21549.000,3.811E-22
21550.000,3.818E-22
21551.000,3.824E-22
21552.000,3.830E-22
21553.000,3.836E-22
21554.000,3.843E-22
21555.000,3.849E-22
21556.000,3.855E-22
21557.000,3.862E-22
21558.000,3.868E-22
21559.000,3.875E-22
21560.000,3.881E-22
21561.000,3.887E-22
21562.000,3.894E-22
21563.000,3.900E-22
21564.000,3.906E-22
21565.000,3.912E-22
21566.000,3.919E-22
21567.000,3.925E-22
21568.000,3.931E-22
21569.000,3.937E-22
21570.000,3.943E-22
21571.000,3.949E-22
21572.000,3.956E-22
21573.000,3.962E-22
21574.000,3.968E-22
21575.000,3.974E-22
21576.000,3.980E-22
21577.000,3.986E-22
21578.000,3.992E-22
21579.000,3.998E-22
21580.000,4.003E-22
21581.000,4.009E-22
21582.000,4.015E-22
21583.000,4.021E-22
21584.000,4.027E-22
21585.000,4.033E-22
21586.000,4.038E-22
21587.000,4.044E-22
21588.000,4.049E-22
21589.000,4.055E-22
21590.000,4.060E-22
21591.000,4.066E-22
21592.000,4.071E-22
21593.000,4.077E-22
21594.000,4.082E-22
21595.000,4.088E-22
21596.000,4.093E-22
21597.000,4.098E-22
21598.000,4.103E-22
21599.000,4.107E-22
21600.000,4.112E-22
21601.000,4.117E-22
21602.000,4.122E-22
21603.000,4.127E-22
21604.000,4.132E-22
21605.000,4.136E-22
21606.000,4.141E-22
21607.000,4.146E-22
21608.000,4.150E-22
21609.000,4.154E-22
21610.000,4.158E-22
21611.000,4.162E-22
21612.000,4.166E-22
21613.000,4.170E-22
21614.000,4.173E-22
21615.000,4.177E-22
21616.000,4.181E-22
21617.000,4.185E-22
21618.000,4.189E-22
21619.000,4.193E-22
21620.000,4.196E-22
21621.000,4.199E-22
21622.000,4.202E-22
21623.000,4.205E-22
21624.000,4.208E-22
21625.000,4.212E-22
21626.000,4.215E-22
21627.000,4.218E-22
21628.000,4.221E-22
21629.000,4.224E-22
21630.000,4.227E-22
21631.000,4.229E-22
21632.000,4.231E-22
21633.000,4.234E-22
21634.000,4.236E-22
21635.000,4.238E-22
21636.000,4.240E-22
21637.000,4.242E-22
21638.000,4.244E-22
21639.000,4.247E-22
21640.000,4.249E-22
21641.000,4.251E-22
21642.000,4.252E-22
21643.000,4.253E-22
21644.000,4.253E-22
21645.000,4.254E-22
21646.000,4.255E-22
21647.000,4.256E-22
21648.000,4.257E-22
21649.000,4.258E-22
21650.000,4.258E-22
21651.000,4.259E-22
21652.000,4.260E-22
21653.000,4.260E-22
21654.000,4.259E-22
21655.000,4.259E-22
21656.000,4.259E-22
21657.000,4.259E-22
21658.000,4.258E-22
21659.000,4.258E-22
21660.000,4.258E-22
21661.000,4.258E-22
21662.000,4.257E-22
21663.000,4.257E-22
21664.000,4.255E-22
21665.000,4.254E-22
21666.000,4.252E-22
21667.000,4.251E-22
21668.000,4.249E-22
21669.000,4.248E-22
21670.000,4.246E-22
21671.000,4.245E-22
21672.000,4.243E-22
21673.000,4.242E-22
21674.000,4.240E-22
21675.000,4.237E-22
21676.000,4.234E-22
21677.000,4.232E-22
21678.000,4.229E-22
21679.000,4.226E-22
21680.000,4.223E-22
21681.000,4.220E-22
21682.000,4.217E-22
21683.000,4.215E-22
21684.000,4.212E-22
21685.000,4.209E-22
21686.000,4.205E-22
21687.000,4.202E-22
21688.000,4.198E-22
21689.000,4.194E-22
21690.000,4.191E-22
21691.000,4.187E-22
21692.000,4.183E-22
21693.000,4.180E-22
21694.000,4.176E-22
21695.000,4.172E-22
21696.000,4.169E-22
21697.000,4.165E-22
21698.000,4.160E-22
21699.000,4.155E-22
21700.000,4.150E-22
21701.000,4.145E-22
21702.000,4.140E-22
21703.000,4.135E-22
21704.000,4.130E-22
21705.000,4.125E-22
21706.000,4.120E-22
21707.000,4.115E-22
21708.000,4.110E-22
21709.000,4.104E-22
21710.000,4.098E-22
21711.000,4.092E-22
21712.000,4.086E-22
21713.000,4.080E-22
21714.000,4.073E-22
21715.000,4.067E-22
21716.000,4.061E-22
21717.000,4.055E-22
21718.000,4.049E-22
21719.000,4.043E-22
21720.000,4.036E-22
21721.000,4.029E-22
21722.000,4.023E-22
21723.000,4.016E-22
21724.000,4.009E-22
21725.000,4.002E-22
21726.000,3.995E-22
21727.000,3.988E-22
21728.000,3.982E-22
21729.000,3.975E-22
21730.000,3.968E-22
21731.000,3.961E-22
21732.000,3.953E-22
21733.000,3.946E-22
21734.000,3.939E-22
21735.000,3.931E-22
21736.000,3.924E-22
21737.000,3.916E-22
21738.000,3.909E-22
21739.000,3.902E-22
21740.000,3.894E-22
21741.000,3.887E-22
21742.000,3.880E-22
21743.000,3.873E-22
21744.000,3.865E-22
21745.000,3.858E-22
21746.000,3.851E-22
21747.000,3.844E-22
21748.000,3.836E-22
21749.000,3.829E-22
21750.000,3.822E-22
21751.000,3.815E-22
21752.000,3.807E-22
21753.000,3.800E-22
21754.000,3.792E-22
21755.000,3.783E-22
21756.000,3.775E-22
21757.000,3.767E-22
21758.000,3.758E-22
21759.000,3.750E-22
21760.000,3.741E-22
21761.000,3.733E-22
21762.000,3.725E-22
21763.000,3.716E-22
21764.000,3.708E-22
21765.000,3.700E-22
21766.000,3.691E-22
21767.000,3.683E-22
21768.000,3.675E-22
21769.000,3.666E-22
21770.000,3.658E-22
21771.000,3.649E-22
21772.000,3.641E-22
21773.000,3.633E-22
21774.000,3.624E-22
21775.000,3.616E-22
21776.000,3.607E-22
21777.000,3.599E-22
21778.000,3.590E-22
21779.000,3.581E-22
21780.000,3.573E-22
21781.000,3.564E-22
21782.000,3.556E-22
21783.000,3.547E-22
21784.000,3.538E-22
21785.000,3.530E-22
21786.000,3.521E-22
21787.000,3.513E-22
21788.000,3.505E-22
21789.000,3.497E-22
21790.000,3.489E-22
21791.000,3.481E-22
21792.000,3.473E-22
21793.000,3.466E-22
21794.000,3.458E-22
21795.000,3.450E-22
21796.000,3.442E-22
21797.000,3.434E-22
21798.000,3.426E-22
21799.000,3.417E-22
21800.000,3.408E-22
21801.000,3.400E-22
21802.000,3.391E-22
21803.000,3.382E-22
21804.000,3.373E-22
21805.000,3.364E-22
21806.000,3.355E-22
21807.000,3.347E-22
21808.000,3.338E-22
21809.000,3.329E-22
21810.000,3.320E-22
21811.000,3.311E-22
21812.000,3.303E-22
21813.000,3.294E-22
21814.000,3.285E-22
21815.000,3.276E-22
21816.000,3.267E-22
21817.000,3.258E-22
21818.000,3.250E-22
21819.000,3.241E-22
21820.000,3.232E-22
21821.000,3.224E-22
21822.000,3.216E-22
21823.000,3.207E-22
21824.000,3.199E-22
21825.000,3.191E-22
21826.000,3.183E-22
21827.000,3.175E-22
21828.000,3.167E-22
21829.000,3.159E-22
21830.000,3.150E-22
21831.000,3.142E-22
21832.000,3.134E-22
21833.000,3.125E-22
21834.000,3.117E-22
21835.000,3.108E-22
21836.000,3.099E-22
21837.000,3.091E-22
21838.000,3.082E-22
21839.000,3.074E-22
21840.000,3.065E-22
21841.000,3.056E-22
21842.000,3.048E-22
21843.000,3.039E-22
21844.000,3.030E-22
21845.000,3.021E-22
21846.000,3.013E-22
21847.000,3.004E-22
21848.000,2.995E-22
21849.000,2.986E-22
21850.000,2.977E-22
21851.000,2.968E-22
21852.000,2.960E-22
21853.000,2.951E-22
21854.000,2.942E-22
21855.000,2.934E-22
21856.000,2.926E-22
21857.000,2.919E-22
21858.000,2.911E-22
21859.000,2.903E-22
21860.000,2.895E-22
21861.000,2.888E-22
21862.000,2.880E-22
21863.000,2.872E-22
21864.000,2.865E-22
21865.000,2.857E-22
21866.000,2.849E-22
21867.000,2.840E-22
21868.000,2.832E-22
21869.000,2.823E-22
21870.000,2.815E-22
21871.000,2.806E-22
21872.000,2.798E-22
21873.000,2.789E-22
21874.000,2.781E-22
21875.000,2.772E-22
21876.000,2.764E-22
21877.000,2.755E-22
21878.000,2.747E-22
21879.000,2.740E-22
21880.000,2.732E-22
21881.000,2.725E-22
21882.000,2.717E-22
21883.000,2.710E-22
21884.000,2.702E-22
21885.000,2.695E-22
21886.000,2.687E-22
21887.000,2.680E-22
21888.000,2.672E-22
21889.000,2.665E-22
21890.000,2.657E-22
21891.000,2.649E-22
21892.000,2.641E-22
21893.000,2.633E-22
21894.000,2.625E-22
21895.000,2.616E-22
21896.000,2.608E-22
21897.000,2.600E-22
21898.000,2.592E-22
21899.000,2.584E-22
21900.000,2.576E-22
21901.000,2.568E-22
21902.000,2.561E-22
21903.000,2.553E-22
21904.000,2.545E-22
21905.000,2.538E-22
21906.000,2.530E-22
21907.000,2.523E-22
21908.000,2.515E-22
21909.000,2.507E-22
21910.000,2.500E-22
21911.000,2.492E-22
21912.000,2.485E-22
21913.000,2.479E-22
21914.000,2.472E-22
21915.000,2.465E-22
21916.000,2.459E-22
21917.000,2.452E-22
21918.000,2.445E-22
21919.000,2.439E-22
21920.000,2.432E-22
21921.000,2.425E-22
21922.000,2.419E-22
21923.000,2.412E-22
21924.000,2.405E-22
21925.000,2.398E-22
21926.000,2.392E-22
21927.000,2.385E-22
21928.000,2.378E-22
21929.000,2.371E-22
21930.000,2.364E-22
21931.000,2.357E-22
21932.000,2.351E-22
21933.000,2.344E-22
21934.000,2.337E-22
21935.000,2.331E-22
21936.000,2.326E-22
21937.000,2.320E-22
21938.000,2.314E-22
21939.000,2.309E-22
21940.000,2.303E-22
21941.000,2.297E-22
21942.000,2.292E-22
21943.000,2.286E-22
21944.000,2.280E-22
21945.000,2.275E-22
21946.000,2.269E-22
21947.000,2.264E-22
21948.000,2.258E-22
21949.000,2.253E-22
21950.000,2.247E-22
21951.000,2.242E-22
21952.000,2.236E-22
21953.000,2.231E-22
21954.000,2.225E-22
21955.000,2.220E-22
21956.000,2.214E-22
21957.000,2.209E-22
21958.000,2.204E-22
21959.000,2.200E-22
21960.000,2.195E-22
21961.000,2.191E-22
21962.000,2.186E-22
21963.000,2.181E-22
21964.000,2.177E-22
21965.000,2.172E-22
21966.000,2.168E-22
21967.000,2.163E-22
21968.000,2.159E-22
21969.000,2.154E-22
21970.000,2.150E-22
21971.000,2.146E-22
21972.000,2.141E-22
21973.000,2.137E-22
21974.000,2.133E-22
21975.000,2.129E-22
21976.000,2.125E-22
21977.000,2.121E-22
21978.000,2.116E-22
21979.000,2.112E-22
21980.000,2.108E-22
21981.000,2.105E-22
21982.000,2.102E-22
21983.000,2.099E-22
21984.000,2.095E-22
21985.000,2.092E-22
21986.000,2.089E-22
21987.000,2.086E-22
21988.000,2.083E-22
21989.000,2.079E-22
21990.000,2.076E-22
21991.000,2.073E-22
21992.000,2.070E-22
21993.000,2.067E-22
21994.000,2.065E-22
21995.000,2.062E-22
21996.000,2.059E-22
21997.000,2.056E-22
21998.000,2.054E-22
21999.000,2.051E-22
22000.000,2.048E-22
22001.000,2.045E-22
22002.000,2.043E-22
22003.000,2.040E-22
22004.000,2.038E-22
22005.000,2.037E-22
22006.000,2.035E-22
22007.000,2.033E-22
22008.000,2.031E-22
22009.000,2.030E-22
22010.000,2.028E-22
22011.000,2.026E-22
22012.000,2.024E-22
22013.000,2.022E-22
22014.000,2.021E-22
22015.000,2.019E-22
22016.000,2.018E-22
22017.000,2.016E-22
22018.000,2.015E-22
22019.000,2.014E-22
22020.000,2.013E-22
22021.000,2.011E-22
22022.000,2.010E-22
22023.000,2.009E-22
22024.000,2.008E-22
22025.000,2.006E-22
22026.000,2.005E-22
22027.000,2.004E-22
22028.000,2.004E-22
22029.000,2.003E-22
22030.000,2.003E-22
22031.000,2.002E-22
22032.000,2.001E-22
22033.000,2.001E-22
22034.000,2.000E-22
22035.000,2.000E-22
22036.000,1.999E-22
22037.000,1.999E-22
22038.000,1.998E-22
22039.000,1.998E-22
22040.000,1.998E-22
22041.000,1.998E-22
22042.000,1.998E-22
22043.000,1.998E-22
22044.000,1.997E-22
22045.000,1.997E-22
22046.000,1.997E-22
22047.000,1.997E-22
22048.000,1.997E-22
22049.000,1.997E-22
22050.000,1.997E-22
22051.000,1.997E-22
22052.000,1.998E-22
22053.000,1.998E-22
22054.000,1.999E-22
22055.000,1.999E-22
22056.000,2.000E-22
22057.000,2.000E-22
22058.000,2.001E-22
22059.000,2.001E-22
22060.000,2.002E-22
22061.000,2.002E-22
22062.000,2.003E-22
22063.000,2.003E-22
22064.000,2.004E-22
22065.000,2.005E-22
22066.000,2.005E-22
22067.000,2.006E-22
22068.000,2.007E-22
22069.000,2.007E-22
22070.000,2.008E-22
22071.000,2.009E-22
22072.000,2.009E-22
22073.000,2.010E-22
22074.000,2.011E-22
22075.000,2.012E-22
22076.000,2.012E-22
22077.000,2.013E-22
22078.000,2.014E-22
22079.000,2.015E-22
22080.000,2.016E-22
22081.000,2.017E-22
22082.000,2.017E-22
22083.000,2.018E-22
22084.000,2.019E-22
22085.000,2.020E-22
22086.000,2.021E-22
22087.000,2.022E-22
22088.000,2.023E-22
22089.000,2.024E-22
22090.000,2.025E-22
22091.000,2.025E-22
22092.000,2.026E-22
22093.000,2.027E-22
22094.000,2.028E-22
22095.000,2.029E-22
22096.000,2.030E-22
22097.000,2.031E-22
22098.000,2.032E-22
22099.000,2.033E-22
22100.000,2.034E-22
22101.000,2.035E-22
22102.000,2.035E-22
22103.000,2.036E-22
22104.000,2.037E-22
22105.000,2.038E-22
22106.000,2.039E-22
22107.000,2.040E-22
22108.000,2.041E-22
22109.000,2.042E-22
22110.000,2.043E-22
22111.000,2.044E-22
22112.000,2.045E-22
22113.000,2.046E-22
22114.000,2.046E-22
22115.000,2.047E-22
22116.000,2.048E-22
22117.000,2.049E-22
22118.000,2.050E-22
22119.000,2.051E-22
22120.000,2.052E-22
22121.000,2.053E-22
22122.000,2.053E-22
22123.000,2.054E-22
22124.000,2.055E-22
22125.000,2.055E-22
22126.000,2.056E-22
22127.000,2.057E-22
22128.000,2.058E-22
22129.000,2.059E-22
22130.000,2.059E-22
22131.000,2.060E-22
22132.000,2.061E-22
22133.000,2.061E-22
22134.000,2.062E-22
22135.000,2.063E-22
22136.000,2.063E-22
22137.000,2.064E-22
22138.000,2.065E-22
22139.000,2.065E-22
22140.000,2.066E-22
22141.000,2.067E-22
22142.000,2.067E-22
22143.000,2.068E-22
22144.000,2.068E-22
22145.000,2.069E-22
22146.000,2.069E-22
22147.000,2.070E-22
22148.000,2.070E-22
22149.000,2.071E-22
22150.000,2.071E-22
22151.000,2.072E-22
22152.000,2.072E-22
22153.000,2.073E-22
22154.000,2.073E-22
22155.000,2.073E-22
22156.000,2.074E-22
22157.000,2.074E-22
22158.000,2.074E-22
22159.000,2.074E-22
22160.000,2.075E-22
22161.000,2.075E-22
22162.000,2.075E-22
22163.000,2.075E-22
22164.000,2.075E-22
22165.000,2.076E-22
22166.000,2.076E-22
22167.000,2.076E-22
22168.000,2.075E-22
22169.000,2.075E-22
22170.000,2.075E-22
22171.000,2.074E-22
22172.000,2.074E-22
22173.000,2.074E-22
22174.000,2.073E-22
22175.000,2.073E-22
22176.000,2.073E-22
22177.000,2.072E-22
22178.000,2.072E-22
22179.000,2.071E-22
22180.000,2.070E-22
22181.000,2.069E-22
22182.000,2.068E-22
22183.000,2.067E-22
22184.000,2.066E-22
22185.000,2.064E-22
22186.000,2.063E-22
22187.000,2.062E-22
22188.000,2.061E-22
22189.000,2.060E-22
22190.000,2.059E-22
22191.000,2.057E-22
22192.000,2.055E-22
22193.000,2.053E-22
22194.000,2.051E-22
22195.000,2.049E-22
22196.000,2.048E-22
22197.000,2.046E-22
22198.000,2.044E-22
22199.000,2.042E-22
22200.000,2.040E-22
22201.000,2.038E-22
22202.000,2.036E-22
22203.000,2.034E-22
22204.000,2.032E-22
22205.000,2.030E-22
22206.000,2.028E-22
22207.000,2.026E-22
22208.000,2.024E-22
22209.000,2.022E-22
22210.000,2.020E-22
22211.000,2.018E-22
22212.000,2.016E-22
22213.000,2.014E-22
22214.000,2.011E-22
22215.000,2.007E-22
22216.000,2.004E-22
22217.000,2.001E-22
22218.000,1.997E-22
22219.000,1.994E-22
22220.000,1.991E-22
22221.000,1.987E-22
22222.000,1.984E-22
22223.000,1.981E-22
22224.000,1.977E-22
22225.000,1.974E-22
22226.000,1.970E-22
22227.000,1.966E-22
22228.000,1.962E-22
22229.000,1.958E-22
22230.000,1.954E-22
22231.000,1.951E-22
22232.000,1.947E-22
22233.000,1.943E-22
22234.000,1.939E-22
22235.000,1.935E-22
22236.000,1.931E-22
22237.000,1.927E-22
22238.000,1.923E-22
22239.000,1.919E-22
22240.000,1.915E-22
22241.000,1.911E-22
22242.000,1.907E-22
22243.000,1.903E-22
22244.000,1.898E-22
22245.000,1.894E-22
22246.000,1.890E-22
22247.000,1.886E-22
22248.000,1.882E-22
22249.000,1.878E-22
22250.000,1.874E-22
22251.000,1.870E-22
22252.000,1.866E-22
22253.000,1.862E-22
22254.000,1.858E-22
22255.000,1.853E-22
22256.000,1.849E-22
22257.000,1.845E-22
22258.000,1.841E-22
22259.000,1.837E-22
22260.000,1.833E-22
22261.000,1.829E-22
22262.000,1.824E-22
22263.000,1.820E-22
22264.000,1.815E-22
22265.000,1.810E-22
22266.000,1.806E-22
22267.000,1.801E-22
22268.000,1.797E-22
22269.000,1.792E-22
22270.000,1.787E-22
22271.000,1.783E-22
22272.000,1.778E-22
22273.000,1.774E-22
22274.000,1.770E-22
22275.000,1.766E-22
22276.000,1.762E-22
22277.000,1.758E-22
22278.000,1.754E-22
22279.000,1.749E-22
22280.000,1.745E-22
22281.000,1.741E-22
22282.000,1.737E-22
22283.000,1.733E-22
22284.000,1.729E-22
22285.000,1.725E-22
22286.000,1.721E-22
22287.000,1.717E-22
22288.000,1.713E-22
22289.000,1.709E-22
22290.000,1.705E-22
22291.000,1.701E-22
22292.000,1.697E-22
22293.000,1.693E-22
22294.000,1.689E-22
22295.000,1.685E-22
22296.000,1.681E-22
22297.000,1.677E-22
22298.000,1.674E-22
22299.000,1.670E-22
22300.000,1.666E-22
22301.000,1.663E-22
22302.000,1.659E-22
22303.000,1.655E-22
22304.000,1.652E-22
22305.000,1.648E-22
22306.000,1.644E-22
22307.000,1.641E-22
22308.000,1.637E-22
22309.000,1.634E-22
22310.000,1.630E-22
22311.000,1.627E-22
22312.000,1.624E-22
22313.000,1.620E-22
22314.000,1.617E-22
22315.000,1.614E-22
22316.000,1.610E-22
22317.000,1.607E-22
22318.000,1.604E-22
22319.000,1.600E-22
22320.000,1.597E-22
22321.000,1.594E-22
22322.000,1.592E-22
22323.000,1.589E-22
22324.000,1.586E-22
22325.000,1.584E-22
22326.000,1.581E-22
22327.000,1.578E-22
22328.000,1.576E-22
22329.000,1.573E-22
22330.000,1.570E-22
22331.000,1.568E-22
22332.000,1.565E-22
22333.000,1.563E-22
22334.000,1.561E-22
22335.000,1.558E-22
22336.000,1.556E-22
22337.000,1.554E-22
22338.000,1.551E-22
22339.000,1.549E-22
22340.000,1.547E-22
22341.000,1.545E-22
22342.000,1.543E-22
22343.000,1.540E-22
22344.000,1.538E-22
22345.000,1.536E-22
22346.000,1.535E-22
22347.000,1.533E-22
22348.000,1.532E-22
22349.000,1.530E-22
22350.000,1.528E-22
22351.000,1.527E-22
22352.000,1.525E-22
22353.000,1.524E-22
22354.000,1.522E-22
22355.000,1.521E-22
22356.000,1.519E-22
22357.000,1.518E-22
22358.000,1.517E-22
22359.000,1.516E-22
22360.000,1.515E-22
22361.000,1.514E-22
22362.000,1.513E-22
22363.000,1.512E-22
22364.000,1.511E-22
22365.000,1.510E-22
22366.000,1.509E-22
22367.000,1.508E-22
22368.000,1.507E-22
22369.000,1.507E-22
22370.000,1.506E-22
22371.000,1.506E-22
22372.000,1.506E-22
22373.000,1.505E-22
22374.000,1.505E-22
22375.000,1.505E-22
22376.000,1.504E-22
22377.000,1.504E-22
22378.000,1.504E-22
22379.000,1.503E-22
22380.000,1.503E-22
22381.000,1.503E-22
22382.000,1.503E-22
22383.000,1.503E-22
22384.000,1.504E-22
22385.000,1.504E-22
22386.000,1.504E-22
22387.000,1.504E-22
22388.000,1.504E-22
22389.000,1.505E-22
22390.000,1.505E-22
22391.000,1.505E-22
22392.000,1.505E-22
22393.000,1.506E-22
22394.000,1.507E-22
22395.000,1.507E-22
22396.000,1.508E-22
22397.000,1.509E-22
22398.000,1.510E-22
22399.000,1.511E-22
22400.000,1.512E-22
22401.000,1.513E-22
22402.000,1.513E-22
22403.000,1.514E-22
22404.000,1.515E-22
22405.000,1.516E-22
22406.000,1.517E-22
22407.000,1.518E-22
22408.000,1.520E-22
22409.000,1.521E-22
22410.000,1.522E-22
22411.000,1.523E-22
22412.000,1.524E-22
22413.000,1.525E-22
22414.000,1.527E-22
22415.000,1.528E-22
22416.000,1.529E-22
22417.000,1.531E-22
22418.000,1.532E-22
22419.000,1.534E-22
22420.000,1.536E-22
22421.000,1.537E-22
22422.000,1.539E-22
22423.000,1.541E-22
22424.000,1.542E-22
22425.000,1.544E-22
22426.000,1.546E-22
22427.000,1.547E-22
22428.000,1.549E-22
22429.000,1.551E-22
22430.000,1.553E-22
22431.000,1.555E-22
22432.000,1.557E-22
22433.000,1.559E-22
22434.000,1.562E-22
22435.000,1.564E-22
22436.000,1.566E-22
22437.000,1.568E-22
22438.000,1.570E-22
22439.000,1.572E-22
22440.000,1.574E-22
22441.000,1.576E-22
22442.000,1.579E-22
22443.000,1.581E-22
22444.000,1.583E-22
22445.000,1.586E-22
22446.000,1.588E-22
22447.000,1.590E-22
22448.000,1.593E-22
22449.000,1.595E-22
22450.000,1.597E-22
22451.000,1.600E-22
22452.000,1.602E-22
22453.000,1.604E-22
22454.000,1.607E-22
22455.000,1.610E-22
22456.000,1.612E-22
22457.000,1.615E-22
22458.000,1.617E-22
22459.000,1.620E-22
22460.000,1.622E-22
22461.000,1.625E-22
22462.000,1.627E-22
22463.000,1.630E-22
22464.000,1.632E-22
22465.000,1.635E-22
22466.000,1.638E-22
22467.000,1.640E-22
22468.000,1.643E-22
22469.000,1.646E-22
22470.000,1.648E-22
22471.000,1.651E-22
22472.000,1.654E-22
22473.000,1.657E-22
22474.000,1.660E-22
22475.000,1.662E-22
22476.000,1.665E-22
22477.000,1.668E-22
22478.000,1.670E-22
22479.000,1.673E-22
22480.000,1.676E-22
22481.000,1.679E-22
22482.000,1.682E-22
22483.000,1.684E-22
22484.000,1.687E-22
22485.000,1.690E-22
22486.000,1.692E-22
22487.000,1.695E-22
22488.000,1.698E-22
22489.000,1.701E-22
22490.000,1.703E-22
22491.000,1.706E-22
22492.000,1.708E-22
22493.000,1.711E-22
22494.000,1.714E-22
22495.000,1.716E-22
22496.000,1.719E-22
22497.000,1.721E-22
22498.000,1.724E-22
22499.000,1.726E-22
22500.000,1.729E-22
22501.000,1.731E-22
22502.000,1.733E-22
22503.000,1.736E-22
22504.000,1.738E-22
22505.000,1.740E-22
22506.000,1.742E-22
22507.000,1.745E-22
22508.000,1.747E-22
22509.000,1.749E-22
22510.000,1.751E-22
22511.000,1.754E-22
22512.000,1.756E-22
22513.000,1.758E-22
22514.000,1.760E-22
22515.000,1.763E-22
22516.000,1.765E-22
22517.000,1.767E-22
22518.000,1.769E-22
22519.000,1.771E-22
22520.000,1.774E-22
22521.000,1.776E-22
22522.000,1.778E-22
22523.000,1.780E-22
22524.000,1.783E-22
22525.000,1.785E-22
22526.000,1.787E-22
22527.000,1.789E-22
22528.000,1.791E-22
22529.000,1.792E-22
22530.000,1.794E-22
22531.000,1.796E-22
22532.000,1.798E-22
22533.000,1.800E-22
22534.000,1.801E-22
22535.000,1.803E-22
22536.000,1.805E-22
22537.000,1.807E-22
22538.000,1.808E-22
22539.000,1.810E-22
22540.000,1.811E-22
22541.000,1.813E-22
22542.000,1.814E-22
22543.000,1.816E-22
22544.000,1.817E-22
22545.000,1.818E-22
22546.000,1.820E-22
22547.000,1.821E-22
22548.000,1.823E-22
22549.000,1.824E-22
22550.000,1.825E-22
22551.000,1.826E-22
22552.000,1.826E-22
22553.000,1.827E-22
22554.000,1.828E-22
22555.000,1.829E-22
22556.000,1.830E-22
22557.000,1.831E-22
22558.000,1.832E-22
22559.000,1.832E-22
22560.000,1.833E-22
22561.000,1.834E-22
22562.000,1.834E-22
22563.000,1.835E-22
22564.000,1.835E-22
22565.000,1.835E-22
22566.000,1.836E-22
22567.000,1.836E-22
22568.000,1.836E-22
22569.000,1.836E-22
22570.000,1.837E-22
22571.000,1.837E-22
22572.000,1.837E-22
22573.000,1.838E-22
22574.000,1.838E-22
22575.000,1.838E-22
22576.000,1.838E-22
22577.000,1.837E-22
22578.000,1.837E-22
22579.000,1.837E-22
22580.000,1.837E-22
22581.000,1.837E-22
22582.000,1.837E-22
22583.000,1.837E-22
22584.000,1.836E-22
22585.000,1.836E-22
22586.000,1.836E-22
22587.000,1.835E-22
22588.000,1.834E-22
22589.000,1.833E-22
22590.000,1.833E-22
22591.000,1.832E-22
22592.000,1.831E-22
22593.000,1.830E-22
22594.000,1.829E-22
22595.000,1.829E-22
22596.000,1.828E-22
22597.000,1.827E-22
22598.000,1.826E-22
22599.000,1.825E-22
22600.000,1.823E-22
22601.000,1.822E-22
22602.000,1.820E-22
22603.000,1.819E-22
22604.000,1.817E-22
22605.000,1.816E-22
22606.000,1.815E-22
22607.000,1.813E-22
22608.000,1.812E-22
22609.000,1.810E-22
22610.000,1.809E-22
22611.000,1.807E-22
22612.000,1.806E-22
22613.000,1.804E-22
22614.000,1.803E-22
22615.000,1.801E-22
22616.000,1.799E-22
22617.000,1.798E-22
22618.000,1.796E-22
22619.000,1.794E-22
22620.000,1.793E-22
22621.000,1.791E-22
22622.000,1.790E-22
22623.000,1.788E-22
22624.000,1.786E-22
22625.000,1.783E-22
22626.000,1.781E-22
22627.000,1.778E-22
22628.000,1.776E-22
22629.000,1.773E-22
22630.000,1.771E-22
22631.000,1.769E-22
22632.000,1.766E-22
22633.000,1.764E-22
22634.000,1.761E-22
22635.000,1.759E-22
22636.000,1.756E-22
22637.000,1.754E-22
22638.000,1.751E-22
22639.000,1.748E-22
22640.000,1.746E-22
22641.000,1.743E-22
22642.000,1.740E-22
22643.000,1.738E-22
22644.000,1.735E-22
22645.000,1.732E-22
22646.000,1.730E-22
22647.000,1.727E-22
22648.000,1.724E-22
22649.000,1.721E-22
22650.000,1.718E-22
22651.000,1.716E-22
22652.000,1.713E-22
22653.000,1.710E-22
22654.000,1.707E-22
22655.000,1.704E-22
22656.000,1.701E-22
22657.000,1.699E-22
22658.000,1.696E-22
22659.000,1.693E-22
22660.000,1.690E-22
22661.000,1.687E-22
22662.000,1.683E-22
22663.000,1.680E-22
22664.000,1.677E-22
22665.000,1.673E-22
22666.000,1.670E-22
22667.000,1.667E-22
22668.000,1.663E-22
22669.000,1.660E-22
22670.000,1.657E-22
22671.000,1.653E-22
22672.000,1.650E-22
22673.000,1.646E-22
22674.000,1.643E-22
22675.000,1.639E-22
22676.000,1.636E-22
22677.000,1.632E-22
22678.000,1.629E-22
22679.000,1.625E-22
22680.000,1.621E-22
22681.000,1.618E-22
22682.000,1.614E-22
22683.000,1.611E-22
22684.000,1.607E-22
22685.000,1.604E-22
22686.000,1.600E-22
22687.000,1.597E-22
22688.000,1.594E-22
22689.000,1.590E-22
22690.000,1.587E-22
22691.000,1.584E-22
22692.000,1.581E-22
22693.000,1.577E-22
22694.000,1.574E-22
22695.000,1.571E-22
22696.000,1.567E-22
22697.000,1.564E-22
22698.000,1.560E-22
22699.000,1.556E-22
22700.000,1.552E-22
22701.000,1.548E-22
22702.000,1.544E-22
22703.000,1.541E-22
22704.000,1.537E-22
22705.000,1.533E-22
22706.000,1.529E-22
22707.000,1.525E-22
22708.000,1.521E-22
22709.000,1.517E-22
22710.000,1.513E-22
22711.000,1.510E-22
22712.000,1.506E-22
22713.000,1.502E-22
22714.000,1.498E-22
22715.000,1.495E-22
22716.000,1.491E-22
22717.000,1.487E-22
22718.000,1.483E-22
22719.000,1.480E-22
22720.000,1.476E-22
22721.000,1.472E-22
22722.000,1.468E-22
22723.000,1.465E-22
22724.000,1.461E-22
22725.000,1.457E-22
22726.000,1.454E-22
22727.000,1.450E-22
22728.000,1.446E-22
22729.000,1.442E-22
22730.000,1.439E-22
22731.000,1.435E-22
22732.000,1.431E-22
22733.000,1.428E-22
22734.000,1.424E-22
22735.000,1.420E-22
22736.000,1.416E-22
22737.000,1.412E-22
22738.000,1.408E-22
22739.000,1.404E-22
22740.000,1.400E-22
22741.000,1.395E-22
22742.000,1.391E-22
22743.000,1.387E-22
22744.000,1.383E-22
22745.000,1.379E-22
22746.000,1.375E-22
22747.000,1.371E-22
22748.000,1.367E-22
22749.000,1.363E-22
22750.000,1.360E-22
22751.000,1.356E-22
22752.000,1.352E-22
22753.000,1.348E-22
22754.000,1.344E-22
22755.000,1.340E-22
22756.000,1.337E-22
22757.000,1.333E-22
22758.000,1.329E-22
22759.000,1.325E-22
22760.000,1.321E-22
22761.000,1.317E-22
22762.000,1.313E-22
22763.000,1.309E-22
22764.000,1.305E-22
22765.000,1.302E-22
22766.000,1.298E-22
22767.000,1.294E-22
22768.000,1.290E-22
22769.000,1.286E-22
22770.000,1.282E-22
22771.000,1.278E-22
22772.000,1.274E-22
22773.000,1.270E-22
22774.000,1.266E-22
22775.000,1.263E-22
22776.000,1.259E-22
22777.000,1.255E-22
22778.000,1.251E-22
22779.000,1.247E-22
22780.000,1.243E-22
22781.000,1.240E-22
22782.000,1.236E-22
22783.000,1.232E-22
22784.000,1.228E-22
22785.000,1.224E-22
22786.000,1.220E-22
22787.000,1.216E-22
22788.000,1.213E-22
22789.000,1.209E-22
22790.000,1.205E-22
22791.000,1.201E-22
22792.000,1.197E-22
22793.000,1.194E-22
22794.000,1.190E-22
22795.000,1.186E-22
22796.000,1.182E-22
22797.000,1.178E-22
22798.000,1.175E-22
22799.000,1.171E-22
22800.000,1.168E-22
22801.000,1.164E-22
22802.000,1.160E-22
22803.000,1.157E-22
22804.000,1.153E-22
22805.000,1.149E-22
22806.000,1.146E-22
22807.000,1.142E-22
22808.000,1.139E-22
22809.000,1.135E-22
22810.000,1.131E-22
22811.000,1.128E-22
22812.000,1.124E-22
22813.000,1.121E-22
22814.000,1.117E-22
22815.000,1.113E-22
22816.000,1.110E-22
22817.000,1.106E-22
22818.000,1.103E-22
22819.000,1.099E-22
22820.000,1.096E-22
22821.000,1.092E-22
22822.000,1.089E-22
22823.000,1.086E-22
22824.000,1.083E-22
22825.000,1.079E-22
22826.000,1.076E-22
22827.000,1.073E-22
22828.000,1.070E-22
22829.000,1.067E-22
22830.000,1.064E-22
22831.000,1.060E-22
22832.000,1.057E-22
22833.000,1.054E-22
22834.000,1.051E-22
22835.000,1.048E-22
22836.000,1.045E-22
22837.000,1.042E-22
22838.000,1.039E-22
22839.000,1.036E-22
22840.000,1.034E-22
22841.000,1.031E-22
22842.000,1.028E-22
22843.000,1.025E-22
22844.000,1.022E-22
22845.000,1.019E-22
22846.000,1.016E-22
22847.000,1.013E-22
22848.000,1.011E-22
22849.000,1.008E-22
22850.000,1.006E-22
22851.000,1.003E-22
22852.000,1.001E-22
22853.000,9.982E-23
22854.000,9.956E-23
22855.000,9.931E-23
22856.000,9.905E-23
22857.000,9.880E-23
22858.000,9.854E-23
22859.000,9.829E-23
22860.000,9.808E-23
22861.000,9.787E-23
22862.000,9.766E-23
22863.000,9.746E-23
22864.000,9.725E-23
22865.000,9.704E-23
22866.000,9.683E-23
22867.000,9.662E-23
22868.000,9.641E-23
22869.000,9.621E-23
22870.000,9.600E-23
22871.000,9.579E-23
22872.000,9.558E-23
22873.000,9.539E-23
22874.000,9.520E-23
22875.000,9.500E-23
22876.000,9.481E-23
22877.000,9.462E-23
22878.000,9.443E-23
22879.000,9.423E-23
22880.000,9.404E-23
22881.000,9.385E-23
22882.000,9.366E-23
22883.000,9.346E-23
22884.000,9.327E-23
22885.000,9.314E-23
22886.000,9.301E-23
22887.000,9.288E-23
22888.000,9.274E-23
22889.000,9.261E-23
22890.000,9.248E-23
22891.000,9.235E-23
22892.000,9.222E-23
22893.000,9.209E-23
22894.000,9.195E-23
22895.000,9.182E-23
22896.000,9.169E-23
22897.000,9.156E-23
22898.000,9.144E-23
22899.000,9.132E-23
22900.000,9.120E-23
22901.000,9.109E-23
22902.000,9.097E-23
22903.000,9.085E-23
22904.000,9.073E-23
22905.000,9.061E-23
22906.000,9.049E-23
22907.000,9.038E-23
22908.000,9.026E-23
22909.000,9.014E-23
22910.000,9.007E-23
22911.000,9.001E-23
22912.000,8.994E-23
22913.000,8.988E-23
22914.000,8.981E-23
22915.000,8.974E-23
22916.000,8.968E-23
22917.000,8.961E-23
22918.000,8.954E-23
22919.000,8.948E-23
22920.000,8.941E-23
22921.000,8.935E-23
22922.000,8.928E-23
22923.000,8.924E-23
22924.000,8.920E-23
22925.000,8.915E-23
22926.000,8.911E-23
22927.000,8.907E-23
22928.000,8.903E-23
22929.000,8.898E-23
22930.000,8.894E-23
22931.000,8.890E-23
22932.000,8.886E-23
22933.000,8.881E-23
22934.000,8.877E-23
22935.000,8.873E-23
22936.000,8.872E-23
22937.000,8.870E-23
22938.000,8.869E-23
22939.000,8.868E-23
22940.000,8.866E-23
22941.000,8.865E-23
22942.000,8.864E-23
22943.000,8.862E-23
22944.000,8.861E-23
22945.000,8.860E-23
22946.000,8.858E-23
22947.000,8.857E-23
22948.000,8.857E-23
22949.000,8.857E-23
22950.000,8.857E-23
22951.000,8.856E-23
22952.000,8.856E-23
22953.000,8.856E-23
22954.000,8.856E-23
22955.000,8.856E-23
22956.000,8.856E-23
22957.000,8.855E-23
22958.000,8.855E-23
22959.000,8.855E-23
22960.000,8.855E-23
22961.000,8.858E-23
22962.000,8.861E-23
22963.000,8.864E-23
22964.000,8.867E-23
22965.000,8.870E-23
22966.000,8.873E-23
22967.000,8.877E-23
22968.000,8.880E-23
22969.000,8.883E-23
22970.000,8.886E-23
22971.000,8.889E-23
22972.000,8.892E-23
22973.000,8.895E-23
22974.000,8.898E-23
22975.000,8.902E-23
22976.000,8.905E-23
22977.000,8.909E-23
22978.000,8.912E-23
22979.000,8.916E-23
22980.000,8.919E-23
22981.000,8.923E-23
22982.000,8.926E-23
22983.000,8.930E-23
22984.000,8.933E-23
22985.000,8.937E-23
22986.000,8.940E-23
22987.000,8.945E-23
22988.000,8.950E-23
22989.000,8.955E-23
22990.000,8.960E-23
22991.000,8.965E-23
22992.000,8.970E-23
22993.000,8.975E-23
22994.000,8.980E-23
22995.000,8.985E-23
22996.000,8.990E-23
22997.000,8.995E-23
22998.000,9.000E-23
22999.000,9.005E-23
23000.000,9.009E-23
23001.000,9.014E-23
23002.000,9.019E-23
23003.000,9.023E-23
23004.000,9.028E-23
23005.000,9.033E-23
23006.000,9.038E-23
23007.000,9.042E-23
23008.000,9.047E-23
23009.000,9.052E-23
23010.000,9.056E-23
23011.000,9.061E-23
23012.000,9.065E-23
23013.000,9.069E-23
23014.000,9.073E-23
23015.000,9.077E-23
23016.000,9.081E-23
23017.000,9.085E-23
23018.000,9.089E-23
23019.000,9.093E-23
23020.000,9.097E-23
23021.000,9.101E-23
23022.000,9.105E-23
23023.000,9.109E-23
23024.000,9.113E-23
23025.000,9.117E-23
23026.000,9.121E-23
23027.000,9.125E-23
23028.000,9.129E-23
23029.000,9.133E-23
23030.000,9.137E-23
23031.000,9.142E-23
23032.000,9.146E-23
23033.000,9.150E-23
23034.000,9.154E-23
23035.000,9.158E-23
23036.000,9.162E-23
23037.000,9.166E-23
23038.000,9.169E-23
23039.000,9.171E-23
23040.000,9.174E-23
23041.000,9.177E-23
23042.000,9.179E-23
23043.000,9.182E-23
23044.000,9.185E-23
23045.000,9.188E-23
23046.000,9.190E-23
23047.000,9.193E-23
23048.000,9.196E-23
23049.000,9.198E-23
23050.000,9.201E-23
23051.000,9.201E-23
23052.000,9.201E-23
23053.000,9.201E-23
23054.000,9.200E-23
23055.000,9.200E-23
23056.000,9.200E-23
23057.000,9.200E-23
23058.000,9.200E-23
23059.000,9.199E-23
23060.000,9.199E-23
23061.000,9.199E-23
23062.000,9.199E-23
23063.000,9.197E-23
23064.000,9.196E-23
23065.000,9.194E-23
23066.000,9.192E-23
23067.000,9.191E-23
23068.000,9.189E-23
23069.000,9.187E-23
23070.000,9.185E-23
23071.000,9.184E-23
23072.000,9.182E-23
23073.000,9.180E-23
23074.000,9.179E-23
23075.000,9.177E-23
23076.000,9.172E-23
23077.000,9.166E-23
23078.000,9.161E-23
23079.000,9.155E-23
23080.000,9.150E-23
23081.000,9.145E-23
23082.000,9.139E-23
23083.000,9.134E-23
23084.000,9.129E-23
23085.000,9.123E-23
23086.000,9.118E-23
23087.000,9.112E-23
23088.000,9.107E-23
23089.000,9.099E-23
23090.000,9.091E-23
23091.000,9.082E-23
23092.000,9.074E-23
23093.000,9.066E-23
23094.000,9.058E-23
23095.000,9.049E-23
23096.000,9.041E-23
23097.000,9.033E-23
23098.000,9.025E-23
23099.000,9.016E-23
23100.000,9.008E-23
23101.000,9.000E-23
23102.000,8.989E-23
23103.000,8.978E-23
23104.000,8.967E-23
23105.000,8.956E-23
23106.000,8.945E-23
23107.000,8.934E-23
23108.000,8.924E-23
23109.000,8.913E-23
23110.000,8.902E-23
23111.000,8.891E-23
23112.000,8.880E-23
23113.000,8.869E-23
23114.000,8.858E-23
23115.000,8.845E-23
23116.000,8.833E-23
23117.000,8.820E-23
23118.000,8.807E-23
23119.000,8.795E-23
23120.000,8.782E-23
23121.000,8.769E-23
23122.000,8.756E-23
23123.000,8.744E-23
23124.000,8.731E-23
23125.000,8.718E-23
23126.000,8.706E-23
23127.000,8.693E-23
23128.000,8.677E-23
23129.000,8.662E-23
23130.000,8.646E-23
23131.000,8.631E-23
23132.000,8.615E-23
23133.000,8.600E-23
23134.000,8.584E-23
23135.000,8.569E-23
23136.000,8.553E-23
23137.000,8.538E-23
23138.000,8.522E-23
23139.000,8.507E-23
23140.000,8.491E-23
23141.000,8.473E-23
23142.000,8.456E-23
23143.000,8.438E-23
23144.000,8.420E-23
23145.000,8.403E-23
23146.000,8.385E-23
23147.000,8.367E-23
23148.000,8.349E-23
23149.000,8.332E-23
23150.000,8.314E-23
23151.000,8.296E-23
23152.000,8.279E-23
23153.000,8.261E-23
23154.000,8.242E-23
23155.000,8.223E-23
23156.000,8.204E-23
23157.000,8.185E-23
23158.000,8.166E-23
23159.000,8.147E-23
23160.000,8.127E-23
23161.000,8.108E-23
23162.000,8.089E-23
23163.000,8.070E-23
23164.000,8.051E-23
23165.000,8.032E-23
23166.000,8.013E-23
23167.000,7.994E-23
23168.000,7.975E-23
23169.000,7.956E-23
23170.000,7.937E-23
23171.000,7.918E-23
23172.000,7.899E-23
23173.000,7.879E-23
23174.000,7.860E-23
23175.000,7.841E-23
23176.000,7.822E-23
23177.000,7.803E-23
23178.000,7.784E-23
23179.000,7.765E-23
23180.000,7.746E-23
23181.000,7.727E-23
23182.000,7.707E-23
23183.000,7.688E-23
23184.000,7.669E-23
23185.000,7.650E-23
23186.000,7.630E-23
23187.000,7.611E-23
23188.000,7.592E-23
23189.000,7.573E-23
23190.000,7.553E-23
23191.000,7.534E-23
23192.000,7.515E-23
23193.000,7.497E-23
23194.000,7.479E-23
23195.000,7.460E-23
23196.000,7.442E-23
23197.000,7.424E-23
23198.000,7.406E-23
23199.000,7.387E-23
23200.000,7.369E-23
23201.000,7.351E-23
23202.000,7.333E-23
23203.000,7.314E-23
23204.000,7.296E-23
23205.000,7.278E-23
23206.000,7.261E-23
23207.000,7.244E-23
23208.000,7.227E-23
23209.000,7.210E-23
23210.000,7.193E-23
23211.000,7.176E-23
23212.000,7.158E-23
23213.000,7.141E-23
23214.000,7.124E-23
23215.000,7.107E-23
23216.000,7.090E-23
23217.000,7.073E-23
23218.000,7.056E-23
23219.000,7.042E-23
23220.000,7.028E-23
23221.000,7.014E-23
23222.000,7.000E-23
23223.000,6.986E-23
23224.000,6.972E-23
23225.000,6.959E-23
23226.000,6.945E-23
23227.000,6.931E-23
23228.000,6.917E-23
23229.000,6.903E-23
23230.000,6.889E-23
23231.000,6.875E-23
23232.000,6.862E-23
23233.000,6.849E-23
23234.000,6.836E-23
23235.000,6.823E-23
23236.000,6.810E-23
23237.000,6.797E-23
23238.000,6.783E-23
23239.000,6.770E-23
23240.000,6.757E-23
23241.000,6.744E-23
23242.000,6.731E-23
23243.000,6.718E-23
23244.000,6.705E-23
23245.000,6.696E-23
23246.000,6.687E-23
23247.000,6.678E-23
23248.000,6.670E-23
23249.000,6.661E-23
23250.000,6.652E-23
23251.000,6.643E-23
23252.000,6.634E-23
23253.000,6.625E-23
23254.000,6.617E-23
23255.000,6.608E-23
23256.000,6.599E-23
23257.000,6.590E-23
23258.000,6.583E-23
23259.000,6.577E-23
23260.000,6.570E-23
23261.000,6.564E-23
23262.000,6.557E-23
23263.000,6.550E-23
23264.000,6.544E-23
23265.000,6.537E-23
23266.000,6.530E-23
23267.000,6.524E-23
23268.000,6.517E-23
23269.000,6.511E-23
23270.000,6.504E-23
23271.000,6.501E-23
23272.000,6.498E-23
23273.000,6.495E-23
23274.000,6.492E-23
23275.000,6.489E-23
23276.000,6.486E-23
23277.000,6.482E-23
23278.000,6.479E-23
23279.000,6.476E-23
23280.000,6.473E-23
23281.000,6.470E-23
23282.000,6.467E-23
23283.000,6.464E-23
23284.000,6.463E-23
23285.000,6.462E-23
23286.000,6.461E-23
23287.000,6.460E-23
23288.000,6.459E-23
23289.000,6.458E-23
23290.000,6.458E-23
23291.000,6.457E-23
23292.000,6.456E-23
23293.000,6.455E-23
23294.000,6.454E-23
23295.000,6.453E-23
23296.000,6.452E-23
23297.000,6.455E-23
23298.000,6.457E-23
23299.000,6.460E-23
23300.000,6.462E-23
23301.000,6.465E-23
23302.000,6.467E-23
23303.000,6.470E-23
23304.000,6.472E-23
23305.000,6.475E-23
23306.000,6.477E-23
23307.000,6.480E-23
23308.000,6.482E-23
23309.000,6.485E-23
23310.000,6.488E-23
23311.000,6.491E-23
23312.000,6.494E-23
23313.000,6.498E-23
23314.000,6.501E-23
23315.000,6.504E-23
23316.000,6.507E-23
23317.000,6.510E-23
23318.000,6.513E-23
23319.000,6.516E-23
23320.000,6.520E-23
23321.000,6.523E-23
23322.000,6.526E-23
23323.000,6.529E-23
23324.000,6.534E-23
23325.000,6.540E-23
23326.000,6.545E-23
23327.000,6.551E-23
23328.000,6.556E-23
23329.000,6.562E-23
23330.000,6.567E-23
23331.000,6.573E-23
23332.000,6.578E-23
23333.000,6.584E-23
23334.000,6.589E-23
23335.000,6.595E-23
23336.000,6.600E-23
23337.000,6.607E-23
23338.000,6.613E-23
23339.000,6.620E-23
23340.000,6.626E-23
23341.000,6.633E-23
23342.000,6.639E-23
23343.000,6.646E-23
23344.000,6.652E-23
23345.000,6.659E-23
23346.000,6.665E-23
23347.000,6.672E-23
23348.000,6.678E-23
23349.000,6.685E-23
23350.000,6.693E-23
23351.000,6.701E-23
23352.000,6.709E-23
23353.000,6.717E-23
23354.000,6.725E-23
23355.000,6.733E-23
23356.000,6.742E-23
23357.000,6.750E-23
23358.000,6.758E-23
23359.000,6.766E-23
23360.000,6.774E-23
23361.000,6.782E-23
23362.000,6.790E-23
23363.000,6.798E-23
23364.000,6.807E-23
23365.000,6.815E-23
23366.000,6.824E-23
23367.000,6.832E-23
23368.000,6.841E-23
23369.000,6.849E-23
23370.000,6.858E-23
23371.000,6.867E-23
23372.000,6.875E-23
23373.000,6.884E-23
23374.000,6.892E-23
23375.000,6.901E-23
23376.000,6.909E-23
23377.000,6.917E-23
23378.000,6.925E-23
23379.000,6.934E-23
23380.000,6.942E-23
23381.000,6.950E-23
23382.000,6.958E-23
23383.000,6.967E-23
23384.000,6.975E-23
23385.000,6.983E-23
23386.000,6.991E-23
23387.000,7.000E-23
23388.000,7.008E-23
23389.000,7.016E-23
23390.000,7.024E-23
23391.000,7.033E-23
23392.000,7.041E-23
23393.000,7.049E-23
23394.000,7.058E-23
23395.000,7.066E-23
23396.000,7.074E-23
23397.000,7.082E-23
23398.000,7.091E-23
23399.000,7.099E-23
23400.000,7.107E-23
23401.000,7.116E-23
23402.000,7.124E-23
23403.000,7.132E-23
23404.000,7.140E-23
23405.000,7.149E-23
23406.000,7.157E-23
23407.000,7.165E-23
23408.000,7.173E-23
23409.000,7.182E-23
23410.000,7.190E-23
23411.000,7.198E-23
23412.000,7.206E-23
23413.000,7.215E-23
23414.000,7.223E-23
23415.000,7.231E-23
23416.000,7.237E-23
23417.000,7.243E-23
23418.000,7.249E-23
23419.000,7.256E-23
23420.000,7.262E-23
23421.000,7.268E-23
23422.000,7.274E-23
23423.000,7.280E-23
23424.000,7.286E-23
23425.000,7.292E-23
23426.000,7.299E-23
23427.000,7.305E-23
23428.000,7.311E-23
23429.000,7.317E-23
23430.000,7.323E-23
23431.000,7.329E-23
23432.000,7.336E-23
23433.000,7.342E-23
23434.000,7.348E-23
23435.000,7.354E-23
23436.000,7.361E-23
23437.000,7.367E-23
23438.000,7.373E-23
23439.000,7.379E-23
23440.000,7.386E-23
23441.000,7.392E-23
23442.000,7.398E-23
23443.000,7.403E-23
23444.000,7.407E-23
23445.000,7.412E-23
23446.000,7.416E-23
23447.000,7.421E-23
23448.000,7.425E-23
23449.000,7.430E-23
23450.000,7.434E-23
23451.000,7.439E-23
23452.000,7.443E-23
23453.000,7.448E-23
23454.000,7.452E-23
23455.000,7.457E-23
23456.000,7.459E-23
23457.000,7.462E-23
23458.000,7.464E-23
23459.000,7.467E-23
23460.000,7.469E-23
23461.000,7.472E-23
23462.000,7.474E-23
23463.000,7.476E-23
23464.000,7.479E-23
23465.000,7.481E-23
23466.000,7.484E-23
23467.000,7.486E-23
23468.000,7.489E-23
23469.000,7.491E-23
23470.000,7.493E-23
23471.000,7.494E-23
23472.000,7.496E-23
23473.000,7.497E-23
23474.000,7.499E-23
23475.000,7.500E-23
23476.000,7.502E-23
23477.000,7.503E-23
23478.000,7.505E-23
23479.000,7.506E-23
23480.000,7.508E-23
23481.000,7.509E-23
23482.000,7.511E-23
23483.000,7.510E-23
23484.000,7.509E-23
23485.000,7.508E-23
23486.000,7.507E-23
23487.000,7.506E-23
23488.000,7.505E-23
23489.000,7.505E-23
23490.000,7.504E-23
23491.000,7.503E-23
23492.000,7.502E-23
23493.000,7.501E-23
23494.000,7.500E-23
23495.000,7.499E-23
23496.000,7.496E-23
23497.000,7.493E-23
23498.000,7.489E-23
23499.000,7.486E-23
23500.000,7.483E-23
23501.000,7.480E-23
23502.000,7.476E-23
23503.000,7.473E-23
23504.000,7.470E-23
23505.000,7.467E-23
23506.000,7.464E-23
23507.000,7.460E-23
23508.000,7.457E-23
23509.000,7.454E-23
23510.000,7.449E-23
23511.000,7.444E-23
23512.000,7.439E-23
23513.000,7.434E-23
23514.000,7.429E-23
23515.000,7.424E-23
23516.000,7.420E-23
23517.000,7.415E-23
23518.000,7.410E-23
23519.000,7.405E-23
23520.000,7.400E-23
23521.000,7.395E-23
23522.000,7.390E-23
23523.000,7.382E-23
23524.000,7.374E-23
23525.000,7.367E-23
23526.000,7.359E-23
23527.000,7.351E-23
23528.000,7.343E-23
23529.000,7.335E-23
23530.000,7.328E-23
23531.000,7.320E-23
23532.000,7.312E-23
23533.000,7.304E-23
23534.000,7.297E-23
23535.000,7.289E-23
23536.000,7.281E-23
23537.000,7.270E-23
23538.000,7.260E-23
23539.000,7.249E-23
23540.000,7.239E-23
23541.000,7.228E-23
23542.000,7.217E-23
23543.000,7.207E-23
23544.000,7.196E-23
23545.000,7.185E-23
23546.000,7.175E-23
23547.000,7.164E-23
23548.000,7.154E-23
23549.000,7.143E-23
23550.000,7.131E-23
23551.000,7.118E-23
23552.000,7.106E-23
23553.000,7.093E-23
23554.000,7.081E-23
23555.000,7.068E-23
23556.000,7.056E-23
23557.000,7.044E-23
23558.000,7.031E-23
23559.000,7.019E-23
23560.000,7.006E-23
23561.000,6.994E-23
23562.000,6.981E-23
23563.000,6.969E-23
23564.000,6.954E-23
23565.000,6.939E-23
23566.000,6.923E-23
23567.000,6.908E-23
23568.000,6.893E-23
23569.000,6.878E-23
23570.000,6.862E-23
23571.000,6.847E-23
23572.000,6.832E-23
23573.000,6.817E-23
23574.000,6.801E-23
23575.000,6.786E-23
23576.000,6.771E-23
23577.000,6.755E-23
23578.000,6.740E-23
23579.000,6.724E-23
23580.000,6.709E-23
23581.000,6.693E-23
23582.000,6.678E-23
23583.000,6.662E-23
23584.000,6.646E-23
23585.000,6.631E-23
23586.000,6.615E-23
23587.000,6.600E-23
23588.000,6.584E-23
23589.000,6.569E-23
23590.000,6.553E-23
23591.000,6.536E-23
23592.000,6.518E-23
23593.000,6.501E-23
23594.000,6.484E-23
23595.000,6.466E-23
23596.000,6.449E-23
23597.000,6.432E-23
23598.000,6.415E-23
23599.000,6.397E-23
23600.000,6.380E-23
23601.000,6.363E-23
23602.000,6.345E-23
23603.000,6.328E-23
23604.000,6.311E-23
23605.000,6.295E-23
23606.000,6.278E-23
23607.000,6.262E-23
23608.000,6.245E-23
23609.000,6.229E-23
23610.000,6.212E-23
23611.000,6.195E-23
23612.000,6.179E-23
23613.000,6.162E-23
23614.000,6.146E-23
23615.000,6.129E-23
23616.000,6.113E-23
23617.000,6.096E-23
23618.000,6.079E-23
23619.000,6.061E-23
23620.000,6.044E-23
23621.000,6.027E-23
23622.000,6.009E-23
23623.000,5.992E-23
23624.000,5.975E-23
23625.000,5.958E-23
23626.000,5.940E-23
23627.000,5.923E-23
23628.000,5.906E-23
23629.000,5.888E-23
23630.000,5.871E-23
23631.000,5.854E-23
23632.000,5.837E-23
23633.000,5.821E-23
23634.000,5.804E-23
23635.000,5.787E-23
23636.000,5.770E-23
23637.000,5.753E-23
23638.000,5.737E-23
23639.000,5.720E-23
23640.000,5.703E-23
23641.000,5.686E-23
23642.000,5.670E-23
23643.000,5.653E-23
23644.000,5.636E-23
23645.000,5.621E-23
23646.000,5.606E-23
23647.000,5.591E-23
23648.000,5.576E-23
23649.000,5.561E-23
23650.000,5.546E-23
23651.000,5.531E-23
23652.000,5.516E-23
23653.000,5.501E-23
23654.000,5.486E-23
23655.000,5.471E-23
23656.000,5.456E-23
23657.000,5.441E-23
23658.000,5.426E-23
23659.000,5.409E-23
23660.000,5.392E-23
23661.000,5.375E-23
23662.000,5.359E-23
23663.000,5.342E-23
23664.000,5.325E-23
23665.000,5.308E-23
23666.000,5.291E-23
23667.000,5.274E-23
23668.000,5.258E-23
23669.000,5.241E-23
23670.000,5.224E-23
23671.000,5.207E-23
23672.000,5.192E-23
23673.000,5.176E-23
23674.000,5.161E-23
23675.000,5.146E-23
23676.000,5.131E-23
23677.000,5.115E-23
23678.000,5.100E-23
23679.000,5.085E-23
23680.000,5.069E-23
23681.000,5.054E-23
23682.000,5.039E-23
23683.000,5.024E-23
23684.000,5.008E-23
23685.000,4.993E-23
23686.000,4.979E-23
23687.000,4.964E-23
23688.000,4.950E-23
23689.000,4.936E-23
23690.000,4.921E-23
23691.000,4.907E-23
23692.000,4.893E-23
23693.000,4.878E-23
23694.000,4.864E-23
23695.000,4.849E-23
23696.000,4.835E-23
23697.000,4.821E-23
23698.000,4.806E-23
23699.000,4.792E-23
23700.000,4.778E-23
23701.000,4.764E-23
23702.000,4.750E-23
23703.000,4.735E-23
23704.000,4.721E-23
23705.000,4.707E-23
23706.000,4.693E-23
23707.000,4.679E-23
23708.000,4.665E-23
23709.000,4.650E-23
23710.000,4.636E-23
23711.000,4.622E-23
23712.000,4.608E-23
23713.000,4.596E-23
23714.000,4.583E-23
23715.000,4.571E-23
23716.000,4.559E-23
23717.000,4.547E-23
23718.000,4.534E-23
23719.000,4.522E-23
23720.000,4.510E-23
23721.000,4.497E-23
23722.000,4.485E-23
23723.000,4.473E-23
23724.000,4.461E-23
23725.000,4.448E-23
23726.000,4.436E-23
23727.000,4.425E-23
23728.000,4.415E-23
23729.000,4.404E-23
23730.000,4.393E-23
23731.000,4.382E-23
23732.000,4.372E-23
23733.000,4.361E-23
23734.000,4.350E-23
23735.000,4.340E-23
23736.000,4.329E-23
23737.000,4.318E-23
23738.000,4.307E-23
23739.000,4.297E-23
23740.000,4.286E-23
23741.000,4.276E-23
23742.000,4.266E-23
23743.000,4.256E-23
23744.000,4.246E-23
23745.000,4.236E-23
23746.000,4.226E-23
23747.000,4.216E-23
23748.000,4.206E-23
23749.000,4.196E-23
23750.000,4.186E-23
23751.000,4.176E-23
23752.000,4.166E-23
23753.000,4.156E-23
23754.000,4.148E-23
23755.000,4.141E-23
23756.000,4.133E-23
23757.000,4.126E-23
23758.000,4.118E-23
23759.000,4.111E-23
23760.000,4.103E-23
23761.000,4.095E-23
23762.000,4.088E-23
23763.000,4.080E-23
23764.000,4.073E-23
23765.000,4.065E-23
23766.000,4.058E-23
23767.000,4.050E-23
23768.000,4.044E-23
23769.000,4.039E-23
23770.000,4.033E-23
23771.000,4.027E-23
23772.000,4.022E-23
23773.000,4.016E-23
23774.000,4.010E-23
23775.000,4.005E-23
23776.000,3.999E-23
23777.000,3.994E-23
23778.000,3.988E-23
23779.000,3.982E-23
23780.000,3.977E-23
23781.000,3.971E-23
23782.000,3.968E-23
23783.000,3.964E-23
23784.000,3.961E-23
23785.000,3.958E-23
23786.000,3.954E-23
23787.000,3.951E-23
23788.000,3.948E-23
23789.000,3.944E-23
23790.000,3.941E-23
23791.000,3.937E-23
23792.000,3.934E-23
23793.000,3.931E-23
23794.000,3.927E-23
23795.000,3.924E-23
23796.000,3.921E-23
23797.000,3.919E-23
23798.000,3.916E-23
23799.000,3.913E-23
23800.000,3.910E-23
23801.000,3.908E-23
23802.000,3.905E-23
23803.000,3.902E-23
23804.000,3.900E-23
23805.000,3.897E-23
23806.000,3.894E-23
23807.000,3.891E-23
23808.000,3.889E-23
23809.000,3.886E-23
23810.000,3.884E-23
23811.000,3.882E-23
23812.000,3.880E-23
23813.000,3.878E-23
23814.000,3.876E-23
23815.000,3.874E-23
23816.000,3.873E-23
23817.000,3.871E-23
23818.000,3.869E-23
23819.000,3.867E-23
23820.000,3.865E-23
23821.000,3.863E-23
23822.000,3.861E-23
23823.000,3.860E-23
23824.000,3.860E-23
23825.000,3.859E-23
23826.000,3.858E-23
23827.000,3.857E-23
23828.000,3.857E-23
23829.000,3.856E-23
23830.000,3.855E-23
23831.000,3.855E-23
23832.000,3.854E-23
23833.000,3.853E-23
23834.000,3.852E-23
23835.000,3.852E-23
23836.000,3.851E-23
23837.000,3.851E-23
23838.000,3.852E-23
23839.000,3.852E-23
23840.000,3.852E-23
23841.000,3.852E-23
23842.000,3.853E-23
23843.000,3.853E-23
23844.000,3.853E-23
23845.000,3.854E-23
23846.000,3.854E-23
23847.000,3.854E-23
23848.000,3.854E-23
23849.000,3.855E-23
23850.000,3.855E-23
23851.000,3.855E-23
23852.000,3.856E-23
23853.000,3.856E-23
23854.000,3.857E-23
23855.000,3.857E-23
23856.000,3.858E-23
23857.000,3.858E-23
23858.000,3.858E-23
23859.000,3.859E-23
23860.000,3.859E-23
23861.000,3.860E-23
23862.000,3.860E-23
23863.000,3.861E-23
23864.000,3.861E-23
23865.000,3.862E-23
23866.000,3.864E-23
23867.000,3.865E-23
23868.000,3.867E-23
23869.000,3.868E-23
23870.000,3.870E-23
23871.000,3.871E-23
23872.000,3.873E-23
23873.000,3.875E-23
23874.000,3.876E-23
23875.000,3.878E-23
23876.000,3.879E-23
23877.000,3.881E-23
23878.000,3.882E-23
23879.000,3.883E-23
23880.000,3.884E-23
23881.000,3.885E-23
23882.000,3.887E-23
23883.000,3.888E-23
23884.000,3.889E-23
23885.000,3.890E-23
23886.000,3.891E-23
23887.000,3.892E-23
23888.000,3.893E-23
23889.000,3.895E-23
23890.000,3.896E-23
23891.000,3.897E-23
23892.000,3.898E-23
23893.000,3.899E-23
23894.000,3.900E-23
23895.000,3.900E-23
23896.000,3.901E-23
23897.000,3.902E-23
23898.000,3.903E-23
23899.000,3.903E-23
23900.000,3.904E-23
23901.000,3.905E-23
23902.000,3.906E-23
23903.000,3.907E-23
23904.000,3.907E-23
23905.000,3.908E-23
23906.000,3.909E-23
23907.000,3.909E-23
23908.000,3.910E-23
23909.000,3.910E-23
23910.000,3.910E-23
23911.000,3.910E-23
23912.000,3.911E-23
23913.000,3.911E-23
23914.000,3.911E-23
23915.000,3.912E-23
23916.000,3.912E-23
23917.000,3.912E-23
23918.000,3.912E-23
23919.000,3.913E-23
23920.000,3.913E-23
23921.000,3.913E-23
23922.000,3.913E-23
23923.000,3.914E-23
23924.000,3.914E-23
23925.000,3.914E-23
23926.000,3.914E-23
23927.000,3.914E-23
23928.000,3.915E-23
23929.000,3.915E-23
23930.000,3.915E-23
23931.000,3.915E-23
23932.000,3.916E-23
23933.000,3.916E-23
23934.000,3.916E-23
23935.000,3.915E-23
23936.000,3.914E-23
23937.000,3.913E-23
23938.000,3.912E-23
23939.000,3.911E-23
23940.000,3.910E-23
23941.000,3.909E-23
23942.000,3.907E-23
23943.000,3.906E-23
23944.000,3.905E-23
23945.000,3.904E-23
23946.000,3.903E-23
23947.000,3.902E-23
23948.000,3.901E-23
23949.000,3.899E-23
23950.000,3.897E-23
23951.000,3.896E-23
23952.000,3.894E-23
23953.000,3.892E-23
23954.000,3.890E-23
23955.000,3.888E-23
23956.000,3.887E-23
23957.000,3.885E-23
23958.000,3.883E-23
23959.000,3.881E-23
23960.000,3.880E-23
23961.000,3.878E-23
23962.000,3.876E-23
23963.000,3.873E-23
23964.000,3.869E-23
23965.000,3.866E-23
23966.000,3.863E-23
23967.000,3.859E-23
23968.000,3.856E-23
23969.000,3.852E-23
23970.000,3.849E-23
23971.000,3.846E-23
23972.000,3.842E-23
23973.000,3.839E-23
23974.000,3.836E-23
23975.000,3.832E-23
23976.000,3.829E-23
23977.000,3.825E-23
23978.000,3.820E-23
23979.000,3.816E-23
23980.000,3.811E-23
23981.000,3.806E-23
23982.000,3.802E-23
23983.000,3.797E-23
23984.000,3.793E-23
23985.000,3.789E-23
23986.000,3.784E-23
23987.000,3.779E-23
23988.000,3.775E-23
23989.000,3.770E-23
23990.000,3.766E-23
23991.000,3.761E-23
23992.000,3.756E-23
23993.000,3.751E-23
23994.000,3.746E-23
23995.000,3.741E-23
23996.000,3.736E-23
23997.000,3.731E-23
23998.000,3.726E-23
23999.000,3.721E-23
24000.000,3.716E-23
24001.000,3.711E-23
24002.000,3.706E-23
24003.000,3.701E-23
24004.000,3.696E-23
24005.000,3.689E-23
24006.000,3.683E-23
24007.000,3.676E-23
24008.000,3.669E-23
24009.000,3.663E-23
24010.000,3.656E-23
24011.000,3.649E-23
24012.000,3.643E-23
24013.000,3.636E-23
24014.000,3.630E-23
24015.000,3.623E-23
24016.000,3.616E-23
24017.000,3.610E-23
24018.000,3.603E-23
24019.000,3.596E-23
24020.000,3.588E-23
24021.000,3.581E-23
24022.000,3.573E-23
24023.000,3.566E-23
24024.000,3.558E-23
24025.000,3.551E-23
24026.000,3.544E-23
24027.000,3.536E-23
24028.000,3.529E-23
24029.000,3.521E-23
24030.000,3.514E-23
24031.000,3.506E-23
24032.000,3.499E-23
24033.000,3.491E-23
24034.000,3.483E-23
24035.000,3.475E-23
24036.000,3.467E-23
24037.000,3.459E-23
24038.000,3.451E-23
24039.000,3.443E-23
24040.000,3.435E-23
24041.000,3.427E-23
24042.000,3.419E-23
24043.000,3.411E-23
24044.000,3.403E-23
24045.000,3.395E-23
24046.000,3.387E-23
24047.000,3.379E-23
24048.000,3.370E-23
24049.000,3.361E-23
24050.000,3.353E-23
24051.000,3.344E-23
24052.000,3.336E-23
24053.000,3.328E-23
24054.000,3.319E-23
24055.000,3.311E-23
24056.000,3.302E-23
24057.000,3.293E-23
24058.000,3.285E-23
24059.000,3.276E-23
24060.000,3.268E-23
24061.000,3.260E-23
24062.000,3.252E-23
24063.000,3.244E-23
24064.000,3.237E-23
24065.000,3.229E-23
24066.000,3.221E-23
24067.000,3.213E-23
24068.000,3.205E-23
24069.000,3.197E-23
24070.000,3.189E-23
24071.000,3.181E-23
24072.000,3.174E-23
24073.000,3.166E-23
24074.000,3.158E-23
24075.000,3.150E-23
24076.000,3.142E-23
24077.000,3.135E-23
24078.000,3.127E-23
24079.000,3.119E-23
24080.000,3.112E-23
24081.000,3.104E-23
24082.000,3.097E-23
24083.000,3.089E-23
24084.000,3.081E-23
24085.000,3.074E-23
24086.000,3.066E-23
24087.000,3.058E-23
24088.000,3.051E-23
24089.000,3.043E-23
24090.000,3.036E-23
24091.000,3.028E-23
24092.000,3.020E-23
24093.000,3.013E-23
24094.000,3.006E-23
24095.000,2.998E-23
24096.000,2.990E-23
24097.000,2.983E-23
24098.000,2.976E-23
24099.000,2.968E-23
24100.000,2.961E-23
24101.000,2.953E-23
24102.000,2.945E-23
24103.000,2.938E-23
24104.000,2.931E-23
24105.000,2.924E-23
24106.000,2.916E-23
24107.000,2.909E-23
24108.000,2.902E-23
24109.000,2.895E-23
24110.000,2.887E-23
24111.000,2.880E-23
24112.000,2.873E-23
24113.000,2.866E-23
24114.000,2.859E-23
24115.000,2.851E-23
24116.000,2.844E-23
24117.000,2.837E-23
24118.000,2.831E-23
24119.000,2.826E-23
24120.000,2.820E-23
24121.000,2.814E-23
24122.000,2.809E-23
24123.000,2.803E-23
24124.000,2.797E-23
24125.000,2.792E-23
24126.000,2.786E-23
24127.000,2.781E-23
24128.000,2.775E-23
24129.000,2.769E-23
24130.000,2.764E-23
24131.000,2.758E-23
24132.000,2.754E-23
24133.000,2.750E-23
24134.000,2.746E-23
24135.000,2.741E-23
24136.000,2.737E-23
24137.000,2.733E-23
24138.000,2.729E-23
24139.000,2.725E-23
24140.000,2.721E-23
24141.000,2.717E-23
24142.000,2.713E-23
24143.000,2.708E-23
24144.000,2.704E-23
24145.000,2.700E-23
24146.000,2.696E-23
24147.000,2.693E-23
24148.000,2.689E-23
24149.000,2.686E-23
24150.000,2.683E-23
24151.000,2.679E-23
24152.000,2.676E-23
24153.000,2.672E-23
24154.000,2.669E-23
24155.000,2.666E-23
24156.000,2.662E-23
24157.000,2.659E-23
24158.000,2.656E-23
24159.000,2.652E-23
24160.000,2.649E-23
24161.000,2.647E-23
24162.000,2.645E-23
24163.000,2.643E-23
24164.000,2.640E-23
24165.000,2.638E-23
24166.000,2.636E-23
24167.000,2.634E-23
24168.000,2.632E-23
24169.000,2.630E-23
24170.000,2.628E-23
24171.000,2.625E-23
24172.000,2.623E-23
24173.000,2.621E-23
24174.000,2.619E-23
24175.000,2.618E-23
24176.000,2.618E-23
24177.000,2.617E-23
24178.000,2.616E-23
24179.000,2.616E-23
24180.000,2.615E-23
24181.000,2.614E-23
24182.000,2.614E-23
24183.000,2.613E-23
24184.000,2.612E-23
24185.000,2.612E-23
24186.000,2.611E-23
24187.000,2.610E-23
24188.000,2.610E-23
24189.000,2.609E-23
24190.000,2.609E-23
24191.000,2.609E-23
24192.000,2.608E-23
24193.000,2.608E-23
24194.000,2.608E-23
24195.000,2.608E-23
24196.000,2.607E-23
24197.000,2.607E-23
24198.000,2.607E-23
24199.000,2.607E-23
24200.000,2.607E-23
24201.000,2.606E-23
24202.000,2.606E-23
24203.000,2.606E-23
24204.000,2.607E-23
24205.000,2.608E-23
24206.000,2.609E-23
24207.000,2.611E-23
24208.000,2.612E-23
24209.000,2.613E-23
24210.000,2.614E-23
24211.000,2.615E-23
24212.000,2.616E-23
24213.000,2.617E-23
24214.000,2.619E-23
24215.000,2.620E-23
24216.000,2.621E-23
24217.000,2.622E-23
24218.000,2.624E-23
24219.000,2.625E-23
24220.000,2.627E-23
24221.000,2.629E-23
24222.000,2.631E-23
24223.000,2.632E-23
24224.000,2.634E-23
24225.000,2.636E-23
24226.000,2.638E-23
24227.000,2.639E-23
24228.000,2.641E-23
24229.000,2.643E-23
24230.000,2.645E-23
24231.000,2.646E-23
24232.000,2.648E-23
24233.000,2.650E-23
24234.000,2.652E-23
24235.000,2.654E-23
24236.000,2.656E-23
24237.000,2.658E-23
24238.000,2.660E-23
24239.000,2.662E-23
24240.000,2.665E-23
24241.000,2.667E-23
24242.000,2.669E-23
24243.000,2.671E-23
24244.000,2.673E-23
24245.000,2.675E-23
24246.000,2.677E-23
24247.000,2.680E-23
24248.000,2.682E-23
24249.000,2.685E-23
24250.000,2.688E-23
24251.000,2.691E-23
24252.000,2.693E-23
24253.000,2.696E-23
24254.000,2.699E-23
24255.000,2.702E-23
24256.000,2.704E-23
24257.000,2.707E-23
24258.000,2.710E-23
24259.000,2.713E-23
24260.000,2.715E-23
24261.000,2.718E-23
24262.000,2.721E-23
24263.000,2.724E-23
24264.000,2.726E-23
24265.000,2.729E-23
24266.000,2.732E-23
24267.000,2.735E-23
24268.000,2.738E-23
24269.000,2.740E-23
24270.000,2.743E-23
24271.000,2.746E-23
24272.000,2.749E-23
24273.000,2.751E-23
24274.000,2.754E-23
24275.000,2.757E-23
24276.000,2.761E-23
24277.000,2.765E-23
24278.000,2.768E-23
24279.000,2.772E-23
24280.000,2.776E-23
24281.000,2.780E-23
24282.000,2.783E-23
24283.000,2.787E-23
24284.000,2.791E-23
24285.000,2.795E-23
24286.000,2.799E-23
24287.000,2.802E-23
24288.000,2.806E-23
24289.000,2.810E-23
24290.000,2.813E-23
24291.000,2.816E-23
24292.000,2.819E-23
24293.000,2.821E-23
24294.000,2.824E-23
24295.000,2.827E-23
24296.000,2.830E-23
24297.000,2.833E-23
24298.000,2.836E-23
24299.000,2.839E-23
24300.000,2.842E-23
24301.000,2.844E-23
24302.000,2.847E-23
24303.000,2.850E-23
24304.000,2.853E-23
24305.000,2.856E-23
24306.000,2.858E-23
24307.000,2.861E-23
24308.000,2.864E-23
24309.000,2.867E-23
24310.000,2.869E-23
24311.000,2.872E-23
24312.000,2.875E-23
24313.000,2.877E-23
24314.000,2.880E-23
24315.000,2.883E-23
24316.000,2.886E-23
24317.000,2.888E-23
24318.000,2.891E-23
24319.000,2.893E-23
24320.000,2.895E-23
24321.000,2.897E-23
24322.000,2.898E-23
24323.000,2.900E-23
24324.000,2.902E-23
24325.000,2.904E-23
24326.000,2.906E-23
24327.000,2.908E-23
24328.000,2.910E-23
24329.000,2.912E-23
24330.000,2.913E-23
24331.000,2.915E-23
24332.000,2.917E-23
24333.000,2.919E-23
24334.000,2.919E-23
24335.000,2.920E-23
24336.000,2.920E-23
24337.000,2.921E-23
24338.000,2.921E-23
24339.000,2.922E-23
24340.000,2.922E-23
24341.000,2.922E-23
24342.000,2.923E-23
24343.000,2.923E-23
24344.000,2.924E-23
24345.000,2.924E-23
24346.000,2.925E-23
24347.000,2.925E-23
24348.000,2.925E-23
24349.000,2.926E-23
24350.000,2.926E-23
24351.000,2.926E-23
24352.000,2.927E-23
24353.000,2.927E-23
24354.000,2.927E-23
24355.000,2.928E-23
24356.000,2.928E-23
24357.000,2.928E-23
24358.000,2.929E-23
24359.000,2.929E-23
24360.000,2.929E-23
24361.000,2.930E-23
24362.000,2.930E-23
24363.000,2.930E-23
24364.000,2.930E-23
24365.000,2.929E-23
24366.000,2.929E-23
24367.000,2.929E-23
24368.000,2.929E-23
24369.000,2.929E-23
24370.000,2.928E-23
24371.000,2.928E-23
24372.000,2.928E-23
24373.000,2.928E-23
24374.000,2.928E-23
24375.000,2.927E-23
24376.000,2.927E-23
24377.000,2.927E-23
24378.000,2.926E-23
24379.000,2.925E-23
24380.000,2.924E-23
24381.000,2.922E-23
24382.000,2.921E-23
24383.000,2.920E-23
24384.000,2.919E-23
24385.000,2.918E-23
24386.000,2.917E-23
24387.000,2.916E-23
24388.000,2.914E-23
24389.000,2.913E-23
24390.000,2.912E-23
24391.000,2.911E-23
24392.000,2.909E-23
24393.000,2.908E-23
24394.000,2.906E-23
24395.000,2.904E-23
24396.000,2.902E-23
24397.000,2.901E-23
24398.000,2.899E-23
24399.000,2.897E-23
24400.000,2.895E-23
24401.000,2.894E-23
24402.000,2.892E-23
24403.000,2.890E-23
24404.000,2.888E-23
24405.000,2.887E-23
24406.000,2.885E-23
24407.000,2.883E-23
24408.000,2.881E-23
24409.000,2.880E-23
24410.000,2.878E-23
24411.000,2.876E-23
24412.000,2.874E-23
24413.000,2.872E-23
24414.000,2.871E-23
24415.000,2.869E-23
24416.000,2.867E-23
24417.000,2.865E-23
24418.000,2.863E-23
24419.000,2.862E-23
24420.000,2.860E-23
24421.000,2.858E-23
24422.000,2.855E-23
24423.000,2.853E-23
24424.000,2.850E-23
24425.000,2.847E-23
24426.000,2.845E-23
24427.000,2.842E-23
24428.000,2.840E-23
24429.000,2.837E-23
24430.000,2.834E-23
24431.000,2.832E-23
24432.000,2.829E-23
24433.000,2.826E-23
24434.000,2.824E-23
24435.000,2.821E-23
24436.000,2.818E-23
24437.000,2.815E-23
24438.000,2.812E-23
24439.000,2.809E-23
24440.000,2.806E-23
24441.000,2.803E-23
24442.000,2.800E-23
24443.000,2.798E-23
24444.000,2.795E-23
24445.000,2.792E-23
24446.000,2.789E-23
24447.000,2.786E-23
24448.000,2.783E-23
24449.000,2.780E-23
24450.000,2.777E-23
24451.000,2.773E-23
24452.000,2.769E-23
24453.000,2.766E-23
24454.000,2.762E-23
24455.000,2.758E-23
24456.000,2.754E-23
24457.000,2.750E-23
24458.000,2.747E-23
24459.000,2.743E-23
24460.000,2.739E-23
24461.000,2.735E-23
24462.000,2.731E-23
24463.000,2.728E-23
24464.000,2.724E-23
24465.000,2.720E-23
24466.000,2.715E-23
24467.000,2.711E-23
24468.000,2.706E-23
24469.000,2.701E-23
24470.000,2.696E-23
24471.000,2.692E-23
24472.000,2.687E-23
24473.000,2.682E-23
24474.000,2.678E-23
24475.000,2.673E-23
24476.000,2.668E-23
24477.000,2.663E-23
24478.000,2.659E-23
24479.000,2.654E-23
24480.000,2.648E-23
24481.000,2.643E-23
24482.000,2.637E-23
24483.000,2.631E-23
24484.000,2.625E-23
24485.000,2.620E-23
24486.000,2.614E-23
24487.000,2.608E-23
24488.000,2.602E-23
24489.000,2.597E-23
24490.000,2.591E-23
24491.000,2.585E-23
24492.000,2.579E-23
24493.000,2.574E-23
24494.000,2.568E-23
24495.000,2.561E-23
24496.000,2.555E-23
24497.000,2.548E-23
24498.000,2.542E-23
24499.000,2.535E-23
24500.000,2.529E-23
24501.000,2.522E-23
24502.000,2.516E-23
24503.000,2.509E-23
24504.000,2.503E-23
24505.000,2.496E-23
24506.000,2.490E-23
24507.000,2.483E-23
24508.000,2.477E-23
24509.000,2.470E-23
24510.000,2.463E-23
24511.000,2.456E-23
24512.000,2.449E-23
24513.000,2.442E-23
24514.000,2.435E-23
24515.000,2.428E-23
24516.000,2.421E-23
24517.000,2.414E-23
24518.000,2.407E-23
24519.000,2.400E-23
24520.000,2.393E-23
24521.000,2.386E-23
24522.000,2.379E-23
24523.000,2.372E-23
24524.000,2.365E-23
24525.000,2.357E-23
24526.000,2.350E-23
24527.000,2.342E-23
24528.000,2.335E-23
24529.000,2.327E-23
24530.000,2.320E-23
24531.000,2.312E-23
24532.000,2.304E-23
24533.000,2.297E-23
24534.000,2.289E-23
24535.000,2.282E-23
24536.000,2.274E-23
24537.000,2.267E-23
24538.000,2.259E-23
24539.000,2.252E-23
24540.000,2.245E-23
24541.000,2.239E-23
24542.000,2.232E-23
24543.000,2.225E-23
24544.000,2.218E-23
24545.000,2.211E-23
24546.000,2.205E-23
24547.000,2.198E-23
24548.000,2.191E-23
24549.000,2.184E-23
24550.000,2.177E-23
24551.000,2.171E-23
24552.000,2.164E-23
24553.000,2.157E-23
24554.000,2.150E-23
24555.000,2.143E-23
24556.000,2.136E-23
24557.000,2.129E-23
24558.000,2.122E-23
24559.000,2.115E-23
24560.000,2.108E-23
24561.000,2.101E-23
24562.000,2.094E-23
24563.000,2.087E-23
24564.000,2.080E-23
24565.000,2.073E-23
24566.000,2.066E-23
24567.000,2.059E-23
24568.000,2.052E-23
24569.000,2.046E-23
24570.000,2.041E-23
24571.000,2.035E-23
24572.000,2.029E-23
24573.000,2.023E-23
24574.000,2.018E-23
24575.000,2.012E-23
24576.000,2.006E-23
24577.000,2.000E-23
24578.000,1.995E-23
24579.000,1.989E-23
24580.000,1.983E-23
24581.000,1.977E-23
24582.000,1.972E-23
24583.000,1.966E-23
24584.000,1.961E-23
24585.000,1.955E-23
24586.000,1.950E-23
24587.000,1.945E-23
24588.000,1.940E-23
24589.000,1.934E-23
24590.000,1.929E-23
24591.000,1.924E-23
24592.000,1.919E-23
24593.000,1.913E-23
24594.000,1.908E-23
24595.000,1.903E-23
24596.000,1.898E-23
24597.000,1.892E-23
24598.000,1.887E-23
24599.000,1.882E-23
24600.000,1.877E-23
24601.000,1.872E-23
24602.000,1.866E-23
24603.000,1.861E-23
24604.000,1.856E-23
24605.000,1.851E-23
24606.000,1.846E-23
24607.000,1.841E-23
24608.000,1.836E-23
24609.000,1.831E-23
24610.000,1.825E-23
24611.000,1.820E-23
24612.000,1.815E-23
24613.000,1.810E-23
24614.000,1.807E-23
24615.000,1.803E-23
24616.000,1.800E-23
24617.000,1.796E-23
24618.000,1.793E-23
24619.000,1.789E-23
24620.000,1.786E-23
24621.000,1.782E-23
24622.000,1.779E-23
24623.000,1.775E-23
24624.000,1.772E-23
24625.000,1.768E-23
24626.000,1.765E-23
24627.000,1.761E-23
24628.000,1.758E-23
24629.000,1.755E-23
24630.000,1.752E-23
24631.000,1.748E-23
24632.000,1.745E-23
24633.000,1.742E-23
24634.000,1.739E-23
24635.000,1.736E-23
24636.000,1.732E-23
24637.000,1.729E-23
24638.000,1.726E-23
24639.000,1.723E-23
24640.000,1.720E-23
24641.000,1.716E-23
24642.000,1.713E-23
24643.000,1.710E-23
24644.000,1.708E-23
24645.000,1.705E-23
24646.000,1.703E-23
24647.000,1.700E-23
24648.000,1.698E-23
24649.000,1.695E-23
24650.000,1.693E-23
24651.000,1.690E-23
24652.000,1.688E-23
24653.000,1.685E-23
24654.000,1.683E-23
24655.000,1.680E-23
24656.000,1.678E-23
24657.000,1.675E-23
24658.000,1.673E-23
24659.000,1.672E-23
24660.000,1.670E-23
24661.000,1.669E-23
24662.000,1.667E-23
24663.000,1.666E-23
24664.000,1.664E-23
24665.000,1.663E-23
24666.000,1.661E-23
24667.000,1.660E-23
24668.000,1.658E-23
24669.000,1.657E-23
24670.000,1.655E-23
24671.000,1.654E-23
24672.000,1.652E-23
24673.000,1.651E-23
24674.000,1.649E-23
24675.000,1.648E-23
24676.000,1.646E-23
24677.000,1.645E-23
24678.000,1.643E-23
24679.000,1.642E-23
24680.000,1.640E-23
24681.000,1.639E-23
24682.000,1.637E-23
24683.000,1.636E-23
24684.000,1.634E-23
24685.000,1.633E-23
24686.000,1.631E-23
24687.000,1.630E-23
24688.000,1.628E-23
24689.000,1.628E-23
24690.000,1.627E-23
24691.000,1.627E-23
24692.000,1.626E-23
24693.000,1.626E-23
24694.000,1.626E-23
24695.000,1.625E-23
24696.000,1.625E-23
24697.000,1.624E-23
24698.000,1.624E-23
24699.000,1.624E-23
24700.000,1.623E-23
24701.000,1.623E-23
24702.000,1.622E-23
24703.000,1.622E-23
24704.000,1.622E-23
24705.000,1.622E-23
24706.000,1.622E-23
24707.000,1.622E-23
24708.000,1.622E-23
24709.000,1.622E-23
24710.000,1.622E-23
24711.000,1.622E-23
24712.000,1.622E-23
24713.000,1.622E-23
24714.000,1.622E-23
24715.000,1.622E-23
24716.000,1.622E-23
24717.000,1.622E-23
24718.000,1.622E-23
24719.000,1.622E-23
24720.000,1.622E-23
24721.000,1.622E-23
24722.000,1.621E-23
24723.000,1.621E-23
24724.000,1.621E-23
24725.000,1.621E-23
24726.000,1.621E-23
24727.000,1.621E-23
24728.000,1.621E-23
24729.000,1.621E-23
24730.000,1.620E-23
24731.000,1.620E-23
24732.000,1.620E-23
24733.000,1.620E-23
24734.000,1.621E-23
24735.000,1.622E-23
24736.000,1.623E-23
24737.000,1.624E-23
24738.000,1.625E-23
24739.000,1.626E-23
24740.000,1.627E-23
24741.000,1.627E-23
24742.000,1.628E-23
24743.000,1.629E-23
24744.000,1.630E-23
24745.000,1.631E-23
24746.000,1.632E-23
24747.000,1.633E-23
24748.000,1.634E-23
24749.000,1.635E-23
24750.000,1.636E-23
24751.000,1.637E-23
24752.000,1.637E-23
24753.000,1.638E-23
24754.000,1.639E-23
24755.000,1.640E-23
24756.000,1.641E-23
24757.000,1.642E-23
24758.000,1.643E-23
24759.000,1.644E-23
24760.000,1.644E-23
24761.000,1.645E-23
24762.000,1.646E-23
24763.000,1.647E-23
24764.000,1.648E-23
24765.000,1.649E-23
24766.000,1.650E-23
24767.000,1.651E-23
24768.000,1.652E-23
24769.000,1.653E-23
24770.000,1.654E-23
24771.000,1.656E-23
24772.000,1.657E-23
24773.000,1.658E-23
24774.000,1.659E-23
24775.000,1.660E-23
24776.000,1.661E-23
24777.000,1.662E-23
24778.000,1.663E-23
24779.000,1.664E-23
24780.000,1.664E-23
24781.000,1.665E-23
24782.000,1.666E-23
24783.000,1.667E-23
24784.000,1.667E-23
24785.000,1.668E-23
24786.000,1.669E-23
24787.000,1.670E-23
24788.000,1.670E-23
24789.000,1.671E-23
24790.000,1.672E-23
24791.000,1.673E-23
24792.000,1.673E-23
24793.000,1.674E-23
24794.000,1.675E-23
24795.000,1.675E-23
24796.000,1.676E-23
24797.000,1.676E-23
24798.000,1.677E-23
24799.000,1.678E-23
24800.000,1.678E-23
24801.000,1.679E-23
24802.000,1.679E-23
24803.000,1.680E-23
24804.000,1.681E-23
24805.000,1.681E-23
24806.000,1.682E-23
24807.000,1.682E-23
24808.000,1.683E-23
24809.000,1.683E-23
24810.000,1.683E-23
24811.000,1.684E-23
24812.000,1.684E-23
24813.000,1.684E-23
24814.000,1.684E-23
24815.000,1.685E-23
24816.000,1.685E-23
24817.000,1.685E-23
24818.000,1.686E-23
24819.000,1.686E-23
24820.000,1.686E-23
24821.000,1.686E-23
24822.000,1.686E-23
24823.000,1.687E-23
24824.000,1.687E-23
24825.000,1.687E-23
24826.000,1.686E-23
24827.000,1.686E-23
24828.000,1.686E-23
24829.000,1.685E-23
24830.000,1.685E-23
24831.000,1.685E-23
24832.000,1.684E-23
24833.000,1.684E-23
24834.000,1.684E-23
24835.000,1.683E-23
24836.000,1.683E-23
24837.000,1.683E-23
24838.000,1.682E-23
24839.000,1.682E-23
24840.000,1.681E-23
24841.000,1.681E-23
24842.000,1.680E-23
24843.000,1.679E-23
24844.000,1.678E-23
24845.000,1.678E-23
24846.000,1.677E-23
24847.000,1.676E-23
24848.000,1.675E-23
24849.000,1.675E-23
24850.000,1.674E-23
24851.000,1.673E-23
24852.000,1.672E-23
24853.000,1.672E-23
24854.000,1.671E-23
24855.000,1.670E-23
24856.000,1.668E-23
24857.000,1.667E-23
24858.000,1.665E-23
24859.000,1.664E-23
24860.000,1.663E-23
24861.000,1.661E-23
24862.000,1.660E-23
24863.000,1.658E-23
24864.000,1.657E-23
24865.000,1.656E-23
24866.000,1.654E-23
24867.000,1.653E-23
24868.000,1.651E-23
24869.000,1.650E-23
24870.000,1.647E-23
24871.000,1.645E-23
24872.000,1.642E-23
24873.000,1.640E-23
24874.000,1.637E-23
24875.000,1.635E-23
24876.000,1.632E-23
24877.000,1.630E-23
24878.000,1.627E-23
24879.000,1.622E-23
24880.000,1.618E-23
24881.000,1.613E-23
24882.000,1.609E-23
24883.000,1.604E-23
24884.000,1.600E-23
24885.000,1.595E-23
24886.000,1.591E-23
24887.000,1.587E-23
24888.000,1.582E-23
24889.000,1.578E-23
24890.000,1.574E-23
24891.000,1.570E-23
24892.000,1.569E-23
24893.000,1.567E-23
24894.000,1.566E-23
24895.000,1.564E-23
24896.000,1.563E-23
24897.000,1.561E-23
24898.000,1.560E-23
24899.000,1.555E-23
24900.000,1.550E-23
24901.000,1.544E-23
24902.000,1.539E-23
24903.000,1.534E-23
24904.000,1.529E-23
24905.000,1.524E-23
24906.000,1.519E-23
24907.000,1.514E-23
24908.000,1.508E-23
24909.000,1.503E-23
24910.000,1.498E-23
24911.000,1.493E-23
24912.000,1.491E-23
24913.000,1.489E-23
24914.000,1.487E-23
24915.000,1.486E-23
24916.000,1.484E-23
24917.000,1.482E-23
24918.000,1.480E-23
24919.000,1.476E-23
24920.000,1.472E-23
24921.000,1.468E-23
24922.000,1.465E-23
24923.000,1.461E-23
24924.000,1.457E-23
24925.000,1.454E-23
24926.000,1.452E-23
24927.000,1.449E-23
24928.000,1.446E-23
24929.000,1.443E-23
24930.000,1.441E-23
24931.000,1.438E-23
24932.000,1.433E-23
24933.000,1.427E-23
24934.000,1.422E-23
24935.000,1.416E-23
24936.000,1.411E-23
24937.000,1.405E-23
24938.000,1.400E-23
24939.000,1.398E-23
24940.000,1.397E-23
24941.000,1.395E-23
24942.000,1.394E-23
24943.000,1.392E-23
24944.000,1.391E-23
24945.000,1.389E-23
24946.000,1.387E-23
24947.000,1.385E-23
24948.000,1.383E-23
24949.000,1.381E-23
24950.000,1.379E-23
24951.000,1.377E-23
24952.000,1.373E-23
24953.000,1.368E-23
24954.000,1.364E-23
24955.000,1.360E-23
24956.000,1.356E-23
24957.000,1.351E-23
24958.000,1.347E-23
24959.000,1.342E-23
24960.000,1.337E-23
24961.000,1.332E-23
24962.000,1.327E-23
24963.000,1.322E-23
24964.000,1.317E-23
24965.000,1.315E-23
24966.000,1.314E-23
24967.000,1.312E-23
24968.000,1.311E-23
24969.000,1.309E-23
24970.000,1.308E-23
24971.000,1.306E-23
24972.000,1.304E-23
24973.000,1.301E-23
24974.000,1.299E-23
24975.000,1.296E-23
24976.000,1.293E-23
24977.000,1.291E-23
24978.000,1.288E-23
24979.000,1.284E-23
24980.000,1.281E-23
24981.000,1.277E-23
24982.000,1.274E-23
24983.000,1.270E-23
24984.000,1.267E-23
24985.000,1.264E-23
24986.000,1.262E-23
24987.000,1.259E-23
24988.000,1.256E-23
24989.000,1.253E-23
24990.000,1.251E-23
24991.000,1.248E-23
24992.000,1.245E-23
24993.000,1.241E-23
24994.000,1.238E-23
24995.000,1.235E-23
24996.000,1.231E-23
24997.000,1.228E-23
24998.000,1.224E-23
24999.000,1.220E-23
25000.000,1.216E-23
25001.000,1.211E-23
25002.000,1.207E-23
25003.000,1.203E-23
25004.000,1.199E-23
25005.000,1.198E-23
25006.000,1.197E-23
25007.000,1.196E-23
25008.000,1.194E-23
25009.000,1.193E-23
25010.000,1.192E-23
25011.000,1.191E-23
25012.000,1.189E-23
25013.000,1.186E-23
25014.000,1.184E-23
25015.000,1.182E-23
25016.000,1.179E-23
25017.000,1.177E-23
25018.000,1.176E-23
25019.000,1.175E-23
25020.000,1.174E-23
25021.000,1.173E-23
25022.000,1.172E-23
25023.000,1.171E-23
25024.000,1.170E-23
25025.000,1.169E-23
25026.000,1.168E-23
25027.000,1.167E-23
25028.000,1.165E-23
25029.000,1.164E-23
25030.000,1.163E-23
25031.000,1.162E-23
25032.000,1.160E-23
25033.000,1.158E-23
25034.000,1.156E-23
25035.000,1.155E-23
25036.000,1.153E-23
25037.000,1.151E-23
25038.000,1.150E-23
25039.000,1.149E-23
25040.000,1.148E-23
25041.000,1.146E-23
25042.000,1.145E-23
25043.000,1.144E-23
25044.000,1.143E-23
25045.000,1.141E-23
25046.000,1.139E-23
25047.000,1.137E-23
25048.000,1.134E-23
25049.000,1.132E-23
25050.000,1.130E-23
25051.000,1.128E-23
25052.000,1.128E-23
25053.000,1.127E-23
25054.000,1.127E-23
25055.000,1.126E-23
25056.000,1.126E-23
25057.000,1.125E-23
25058.000,1.125E-23
25059.000,1.125E-23
25060.000,1.124E-23
25061.000,1.124E-23
25062.000,1.124E-23
25063.000,1.123E-23
25064.000,1.123E-23
25065.000,1.122E-23
25066.000,1.121E-23
25067.000,1.120E-23
25068.000,1.120E-23
25069.000,1.119E-23
25070.000,1.118E-23
25071.000,1.117E-23
25072.000,1.115E-23
25073.000,1.113E-23
25074.000,1.111E-23
25075.000,1.109E-23
25076.000,1.107E-23
25077.000,1.105E-23
25078.000,1.103E-23
25079.000,1.104E-23
25080.000,1.105E-23
25081.000,1.106E-23
25082.000,1.107E-23
25083.000,1.108E-23
25084.000,1.109E-23
25085.000,1.109E-23
25086.000,1.109E-23
25087.000,1.109E-23
25088.000,1.109E-23
25089.000,1.109E-23
25090.000,1.109E-23
25091.000,1.109E-23
25092.000,1.109E-23
25093.000,1.108E-23
25094.000,1.108E-23
25095.000,1.107E-23
25096.000,1.107E-23
25097.000,1.106E-23
25098.000,1.106E-23
25099.000,1.107E-23
25100.000,1.109E-23
25101.000,1.110E-23
25102.000,1.111E-23
25103.000,1.112E-23
25104.000,1.114E-23
25105.000,1.115E-23
25106.000,1.117E-23
25107.000,1.118E-23
25108.000,1.120E-23
25109.000,1.122E-23
25110.000,1.123E-23
25111.000,1.125E-23
25112.000,1.126E-23
25113.000,1.127E-23
25114.000,1.128E-23
25115.000,1.128E-23
25116.000,1.129E-23
25117.000,1.130E-23
25118.000,1.131E-23
25119.000,1.131E-23
25120.000,1.130E-23
25121.000,1.130E-23
25122.000,1.129E-23
25123.000,1.129E-23
25124.000,1.128E-23
25125.000,1.128E-23
25126.000,1.128E-23
25127.000,1.128E-23
25128.000,1.129E-23
25129.000,1.129E-23
25130.000,1.129E-23
25131.000,1.129E-23
25132.000,1.130E-23
25133.000,1.130E-23
25134.000,1.131E-23
25135.000,1.132E-23
25136.000,1.133E-23
25137.000,1.133E-23
25138.000,1.134E-23
25139.000,1.135E-23
25140.000,1.137E-23
25141.000,1.138E-23
25142.000,1.140E-23
25143.000,1.141E-23
25144.000,1.143E-23
25145.000,1.144E-23
25146.000,1.145E-23
25147.000,1.145E-23
25148.000,1.146E-23
25149.000,1.146E-23
25150.000,1.147E-23
25151.000,1.147E-23
25152.000,1.148E-23
25153.000,1.150E-23
25154.000,1.152E-23
25155.000,1.154E-23
25156.000,1.156E-23
25157.000,1.158E-23
25158.000,1.160E-23
25159.000,1.159E-23
25160.000,1.158E-23
25161.000,1.157E-23
25162.000,1.156E-23
25163.000,1.155E-23
25164.000,1.154E-23
25165.000,1.153E-23
25166.000,1.154E-23
25167.000,1.156E-23
25168.000,1.157E-23
25169.000,1.159E-23
25170.000,1.160E-23
25171.000,1.162E-23
25172.000,1.163E-23
25173.000,1.167E-23
25174.000,1.170E-23
25175.000,1.174E-23
25176.000,1.177E-23
25177.000,1.181E-23
25178.000,1.184E-23
25179.000,1.188E-23
25180.000,1.187E-23
25181.000,1.187E-23
25182.000,1.186E-23
25183.000,1.186E-23
25184.000,1.185E-23
25185.000,1.185E-23
25186.000,1.184E-23
25187.000,1.185E-23
25188.000,1.186E-23
25189.000,1.187E-23
25190.000,1.188E-23
25191.000,1.189E-23
25192.000,1.190E-23
25193.000,1.191E-23
25194.000,1.191E-23
25195.000,1.192E-23
25196.000,1.193E-23
25197.000,1.194E-23
25198.000,1.194E-23
25199.000,1.195E-23
25200.000,1.196E-23
25201.000,1.197E-23
25202.000,1.198E-23
25203.000,1.200E-23
25204.000,1.201E-23
25205.000,1.202E-23
25206.000,1.203E-23
25207.000,1.205E-23
25208.000,1.206E-23
25209.000,1.208E-23
25210.000,1.210E-23
25211.000,1.212E-23
25212.000,1.213E-23
25213.000,1.215E-23
25214.000,1.217E-23
25215.000,1.220E-23
25216.000,1.222E-23
25217.000,1.224E-23
25218.000,1.227E-23
25219.000,1.229E-23
25220.000,1.230E-23
25221.000,1.232E-23
25222.000,1.233E-23
25223.000,1.234E-23
25224.000,1.235E-23
25225.000,1.237E-23
25226.000,1.238E-23
25227.000,1.238E-23
25228.000,1.238E-23
25229.000,1.238E-23
25230.000,1.239E-23
25231.000,1.239E-23
25232.000,1.239E-23
25233.000,1.239E-23
25234.000,1.240E-23
25235.000,1.240E-23
25236.000,1.241E-23
25237.000,1.241E-23
25238.000,1.242E-23
25239.000,1.242E-23
25240.000,1.243E-23
25241.000,1.245E-23
25242.000,1.246E-23
25243.000,1.248E-23
25244.000,1.250E-23
25245.000,1.252E-23
25246.000,1.253E-23
25247.000,1.255E-23
25248.000,1.255E-23
25249.000,1.255E-23
25250.000,1.255E-23
25251.000,1.255E-23
25252.000,1.255E-23
25253.000,1.255E-23
25254.000,1.256E-23
25255.000,1.256E-23
25256.000,1.257E-23
25257.000,1.258E-23
25258.000,1.259E-23
25259.000,1.259E-23
25260.000,1.260E-23
25261.000,1.260E-23
25262.000,1.261E-23
25263.000,1.261E-23
25264.000,1.262E-23
25265.000,1.262E-23
25266.000,1.263E-23
25267.000,1.263E-23
25268.000,1.263E-23
25269.000,1.264E-23
25270.000,1.264E-23
25271.000,1.265E-23
25272.000,1.265E-23
25273.000,1.266E-23
25274.000,1.266E-23
25275.000,1.266E-23
25276.000,1.266E-23
25277.000,1.266E-23
25278.000,1.265E-23
25279.000,1.265E-23
25280.000,1.265E-23
25281.000,1.265E-23
25282.000,1.265E-23
25283.000,1.264E-23
25284.000,1.264E-23
25285.000,1.263E-23
25286.000,1.262E-23
25287.000,1.262E-23
25288.000,1.261E-23
25289.000,1.259E-23
25290.000,1.258E-23
25291.000,1.257E-23
25292.000,1.256E-23
25293.000,1.254E-23
25294.000,1.253E-23
25295.000,1.253E-23
25296.000,1.253E-23
25297.000,1.253E-23
25298.000,1.254E-23
25299.000,1.254E-23
25300.000,1.254E-23
25301.000,1.254E-23
25302.000,1.252E-23
25303.000,1.249E-23
25304.000,1.247E-23
25305.000,1.244E-23
25306.000,1.242E-23
25307.000,1.239E-23
25308.000,1.237E-23
25309.000,1.236E-23
25310.000,1.236E-23
25311.000,1.235E-23
25312.000,1.235E-23
25313.000,1.234E-23
25314.000,1.234E-23
25315.000,1.233E-23
25316.000,1.231E-23
25317.000,1.229E-23
25318.000,1.227E-23
25319.000,1.226E-23
25320.000,1.224E-23
25321.000,1.222E-23
25322.000,1.220E-23
25323.000,1.217E-23
25324.000,1.215E-23
25325.000,1.212E-23
25326.000,1.209E-23
25327.000,1.207E-23
25328.000,1.204E-23
25329.000,1.202E-23
25330.000,1.200E-23
25331.000,1.198E-23
25332.000,1.197E-23
25333.000,1.195E-23
25334.000,1.193E-23
25335.000,1.191E-23
25336.000,1.188E-23
25337.000,1.186E-23
25338.000,1.183E-23
25339.000,1.181E-23
25340.000,1.178E-23
25341.000,1.176E-23
25342.000,1.173E-23
25343.000,1.171E-23
25344.000,1.168E-23
25345.000,1.166E-23
25346.000,1.164E-23
25347.000,1.162E-23
25348.000,1.159E-23
25349.000,1.157E-23
25350.000,1.155E-23
25351.000,1.153E-23
25352.000,1.151E-23
25353.000,1.148E-23
25354.000,1.146E-23
25355.000,1.144E-23
25356.000,1.142E-23
25357.000,1.139E-23
25358.000,1.137E-23
25359.000,1.134E-23
25360.000,1.131E-23
25361.000,1.128E-23
25362.000,1.126E-23
25363.000,1.123E-23
25364.000,1.120E-23
25365.000,1.117E-23
25366.000,1.114E-23
25367.000,1.111E-23
25368.000,1.108E-23
25369.000,1.105E-23
25370.000,1.102E-23
25371.000,1.099E-23
25372.000,1.096E-23
25373.000,1.093E-23
25374.000,1.090E-23
25375.000,1.087E-23
25376.000,1.084E-23
25377.000,1.081E-23
25378.000,1.079E-23
25379.000,1.076E-23
25380.000,1.074E-23
25381.000,1.071E-23
25382.000,1.069E-23
25383.000,1.066E-23
25384.000,1.063E-23
25385.000,1.061E-23
25386.000,1.058E-23
25387.000,1.056E-23
25388.000,1.053E-23
25389.000,1.051E-23
25390.000,1.048E-23
25391.000,1.045E-23
25392.000,1.043E-23
25393.000,1.040E-23
25394.000,1.038E-23
25395.000,1.035E-23
25396.000,1.033E-23
25397.000,1.030E-23
25398.000,1.027E-23
25399.000,1.024E-23
25400.000,1.021E-23
25401.000,1.018E-23
25402.000,1.015E-23
25403.000,1.012E-23
25404.000,1.009E-23
25405.000,1.007E-23
25406.000,1.005E-23
25407.000,1.003E-23
25408.000,1.002E-23
25409.000,9.996E-24
25410.000,9.978E-24
25411.000,9.959E-24
25412.000,9.939E-24
25413.000,9.919E-24
25414.000,9.899E-24
25415.000,9.878E-24
25416.000,9.858E-24
25417.000,9.838E-24
25418.000,9.818E-24
25419.000,9.793E-24
25420.000,9.769E-24
25421.000,9.744E-24
25422.000,9.720E-24
25423.000,9.695E-24
25424.000,9.671E-24
25425.000,9.646E-24
25426.000,9.623E-24
25427.000,9.600E-24
25428.000,9.577E-24
25429.000,9.555E-24
25430.000,9.532E-24
25431.000,9.509E-24
25432.000,9.490E-24
25433.000,9.472E-24
25434.000,9.453E-24
25435.000,9.435E-24
25436.000,9.416E-24
25437.000,9.398E-24
25438.000,9.379E-24
25439.000,9.359E-24
25440.000,9.340E-24
25441.000,9.320E-24
25442.000,9.301E-24
25443.000,9.281E-24
25444.000,9.262E-24
25445.000,9.242E-24
25446.000,9.221E-24
25447.000,9.201E-24
25448.000,9.180E-24
25449.000,9.160E-24
25450.000,9.139E-24
25451.000,9.119E-24
25452.000,9.098E-24
25453.000,9.090E-24
25454.000,9.083E-24
25455.000,9.075E-24
25456.000,9.068E-24
25457.000,9.060E-24
25458.000,9.053E-24
25459.000,9.045E-24
25460.000,9.029E-24
25461.000,9.013E-24
25462.000,8.997E-24
25463.000,8.980E-24
25464.000,8.964E-24
25465.000,8.948E-24
25466.000,8.932E-24
25467.000,8.907E-24
25468.000,8.881E-24
25469.000,8.856E-24
25470.000,8.830E-24
25471.000,8.805E-24
25472.000,8.779E-24
25473.000,8.754E-24
25474.000,8.744E-24
25475.000,8.734E-24
25476.000,8.724E-24
25477.000,8.713E-24
25478.000,8.703E-24
25479.000,8.693E-24
25480.000,8.683E-24
25481.000,8.670E-24
25482.000,8.657E-24
25483.000,8.644E-24
25484.000,8.631E-24
25485.000,8.618E-24
25486.000,8.605E-24
25487.000,8.592E-24
25488.000,8.587E-24
25489.000,8.582E-24
25490.000,8.577E-24
25491.000,8.572E-24
25492.000,8.567E-24
25493.000,8.562E-24
25494.000,8.557E-24
25495.000,8.545E-24
25496.000,8.534E-24
25497.000,8.522E-24
25498.000,8.510E-24
25499.000,8.498E-24
25500.000,8.487E-24
25501.000,8.475E-24
25502.000,8.461E-24
25503.000,8.448E-24
25504.000,8.434E-24
25505.000,8.421E-24
25506.000,8.407E-24
25507.000,8.394E-24
25508.000,8.380E-24
25509.000,8.374E-24
25510.000,8.369E-24
25511.000,8.363E-24
25512.000,8.357E-24
25513.000,8.351E-24
25514.000,8.346E-24
25515.000,8.340E-24
25516.000,8.321E-24
25517.000,8.301E-24
25518.000,8.282E-24
25519.000,8.263E-24
25520.000,8.243E-24
25521.000,8.224E-24
25522.000,8.221E-24
25523.000,8.217E-24
25524.000,8.214E-24
25525.000,8.211E-24
25526.000,8.208E-24
25527.000,8.204E-24
25528.000,8.201E-24
25529.000,8.197E-24
25530.000,8.193E-24
25531.000,8.189E-24
25532.000,8.186E-24
25533.000,8.182E-24
25534.000,8.178E-24
25535.000,8.174E-24
25536.000,8.169E-24
25537.000,8.164E-24
25538.000,8.159E-24
25539.000,8.153E-24
25540.000,8.148E-24
25541.000,8.143E-24
25542.000,8.138E-24
25543.000,8.134E-24
25544.000,8.129E-24
25545.000,8.125E-24
25546.000,8.120E-24
25547.000,8.116E-24
25548.000,8.111E-24
25549.000,8.107E-24
25550.000,8.102E-24
25551.000,8.096E-24
25552.000,8.091E-24
25553.000,8.086E-24
25554.000,8.081E-24
25555.000,8.075E-24
25556.000,8.070E-24
25557.000,8.073E-24
25558.000,8.077E-24
25559.000,8.080E-24
25560.000,8.083E-24
25561.000,8.086E-24
25562.000,8.090E-24
25563.000,8.093E-24
25564.000,8.086E-24
25565.000,8.080E-24
25566.000,8.073E-24
25567.000,8.066E-24
25568.000,8.059E-24
25569.000,8.053E-24
25570.000,8.046E-24
25571.000,8.036E-24
25572.000,8.026E-24
25573.000,8.016E-24
25574.000,8.006E-24
25575.000,7.996E-24
25576.000,7.986E-24
25577.000,7.976E-24
25578.000,7.974E-24
25579.000,7.973E-24
25580.000,7.971E-24
25581.000,7.969E-24
25582.000,7.967E-24
25583.000,7.966E-24
25584.000,7.964E-24
25585.000,7.960E-24
25586.000,7.956E-24
25587.000,7.952E-24
25588.000,7.948E-24
25589.000,7.944E-24
25590.000,7.940E-24
25591.000,7.936E-24
25592.000,7.942E-24
25593.000,7.948E-24
25594.000,7.954E-24
25595.000,7.960E-24
25596.000,7.966E-24
25597.000,7.972E-24
25598.000,7.978E-24
25599.000,7.967E-24
25600.000,7.957E-24
25601.000,7.946E-24
25602.000,7.935E-24
25603.000,7.924E-24
25604.000,7.914E-24
25605.000,7.903E-24
25606.000,7.909E-24
25607.000,7.914E-24
25608.000,7.920E-24
25609.000,7.925E-24
25610.000,7.931E-24
25611.000,7.936E-24
25612.000,7.942E-24
25613.000,7.926E-24
25614.000,7.910E-24
25615.000,7.894E-24
25616.000,7.879E-24
25617.000,7.863E-24
25618.000,7.847E-24
25619.000,7.831E-24
25620.000,7.828E-24
25621.000,7.824E-24
25622.000,7.821E-24
25623.000,7.818E-24
25624.000,7.815E-24
25625.000,7.811E-24
25626.000,7.808E-24
25627.000,7.804E-24
25628.000,7.799E-24
25629.000,7.795E-24
25630.000,7.790E-24
25631.000,7.786E-24
25632.000,7.781E-24
25633.000,7.777E-24
25634.000,7.766E-24
25635.000,7.755E-24
25636.000,7.744E-24
25637.000,7.734E-24
25638.000,7.723E-24
25639.000,7.712E-24
25640.000,7.701E-24
25641.000,7.696E-24
25642.000,7.690E-24
25643.000,7.685E-24
25644.000,7.679E-24
25645.000,7.674E-24
25646.000,7.668E-24
25647.000,7.663E-24
25648.000,7.662E-24
25649.000,7.660E-24
25650.000,7.659E-24
25651.000,7.657E-24
25652.000,7.656E-24
25653.000,7.654E-24
25654.000,7.653E-24
25655.000,7.647E-24
25656.000,7.642E-24
25657.000,7.636E-24
25658.000,7.631E-24
25659.000,7.625E-24
25660.000,7.620E-24
25661.000,7.614E-24
25662.000,7.614E-24
25663.000,7.614E-24
25664.000,7.614E-24
25665.000,7.615E-24
25666.000,7.615E-24
25667.000,7.615E-24
25668.000,7.615E-24
25669.000,7.614E-24
25670.000,7.612E-24
25671.000,7.611E-24
25672.000,7.609E-24
25673.000,7.608E-24
25674.000,7.606E-24
25675.000,7.605E-24
25676.000,7.604E-24
25677.000,7.603E-24
25678.000,7.602E-24
25679.000,7.601E-24
25680.000,7.600E-24
25681.000,7.599E-24
25682.000,7.598E-24
25683.000,7.595E-24
25684.000,7.592E-24
25685.000,7.589E-24
25686.000,7.587E-24
25687.000,7.584E-24
25688.000,7.581E-24
25689.000,7.578E-24
25690.000,7.578E-24
25691.000,7.578E-24
25692.000,7.578E-24
25693.000,7.579E-24
25694.000,7.579E-24
25695.000,7.579E-24
25696.000,7.579E-24
25697.000,7.563E-24
25698.000,7.548E-24
25699.000,7.532E-24
25700.000,7.516E-24
25701.000,7.500E-24
25702.000,7.485E-24
25703.000,7.469E-24
25704.000,7.466E-24
25705.000,7.464E-24
25706.000,7.461E-24
25707.000,7.459E-24
25708.000,7.456E-24
25709.000,7.454E-24
25710.000,7.451E-24
25711.000,7.447E-24
25712.000,7.443E-24
25713.000,7.439E-24
25714.000,7.436E-24
25715.000,7.432E-24
25716.000,7.428E-24
25717.000,7.424E-24
25718.000,7.419E-24
25719.000,7.415E-24
25720.000,7.410E-24
25721.000,7.406E-24
25722.000,7.401E-24
25723.000,7.397E-24
25724.000,7.392E-24
25725.000,7.393E-24
25726.000,7.394E-24
25727.000,7.395E-24
25728.000,7.397E-24
25729.000,7.398E-24
25730.000,7.399E-24
25731.000,7.400E-24
25732.000,7.403E-24
25733.000,7.406E-24
25734.000,7.409E-24
25735.000,7.411E-24
25736.000,7.414E-24
25737.000,7.417E-24
25738.000,7.420E-24
25739.000,7.423E-24
25740.000,7.418E-24
25741.000,7.413E-24
25742.000,7.408E-24
25743.000,7.404E-24
25744.000,7.399E-24
25745.000,7.394E-24
25746.000,7.389E-24
25747.000,7.377E-24
25748.000,7.364E-24
25749.000,7.352E-24
25750.000,7.339E-24
25751.000,7.327E-24
25752.000,7.314E-24
25753.000,7.302E-24
25754.000,7.294E-24
25755.000,7.286E-24
25756.000,7.278E-24
25757.000,7.269E-24
25758.000,7.261E-24
25759.000,7.253E-24
25760.000,7.245E-24
25761.000,7.238E-24
25762.000,7.230E-24
25763.000,7.223E-24
25764.000,7.215E-24
25765.000,7.208E-24
25766.000,7.200E-24
25767.000,7.193E-24
25768.000,7.190E-24
25769.000,7.188E-24
25770.000,7.185E-24
25771.000,7.182E-24
25772.000,7.179E-24
25773.000,7.177E-24
25774.000,7.174E-24
25775.000,7.168E-24
25776.000,7.161E-24
25777.000,7.155E-24
25778.000,7.149E-24
25779.000,7.143E-24
25780.000,7.136E-24
25781.000,7.130E-24
25782.000,7.119E-24
25783.000,7.108E-24
25784.000,7.097E-24
25785.000,7.087E-24
25786.000,7.076E-24
25787.000,7.065E-24
25788.000,7.054E-24
25789.000,7.049E-24
25790.000,7.044E-24
25791.000,7.039E-24
25792.000,7.033E-24
25793.000,7.028E-24
25794.000,7.023E-24
25795.000,7.018E-24
25796.000,7.016E-24
25797.000,7.013E-24
25798.000,7.011E-24
25799.000,7.008E-24
25800.000,7.006E-24
25801.000,7.003E-24
25802.000,7.001E-24
25803.000,6.995E-24
25804.000,6.989E-24
25805.000,6.983E-24
25806.000,6.977E-24
25807.000,6.971E-24
25808.000,6.965E-24
25809.000,6.959E-24
25810.000,6.946E-24
25811.000,6.933E-24
25812.000,6.920E-24
25813.000,6.906E-24
25814.000,6.893E-24
25815.000,6.880E-24
25816.000,6.867E-24
25817.000,6.854E-24
25818.000,6.840E-24
25819.000,6.827E-24
25820.000,6.814E-24
25821.000,6.801E-24
25822.000,6.788E-24
25823.000,6.774E-24
25824.000,6.761E-24
25825.000,6.755E-24
25826.000,6.749E-24
25827.000,6.743E-24
25828.000,6.738E-24
25829.000,6.732E-24
25830.000,6.726E-24
25831.000,6.720E-24
25832.000,6.722E-24
25833.000,6.724E-24
25834.000,6.726E-24
25835.000,6.729E-24
25836.000,6.731E-24
25837.000,6.733E-24
25838.000,6.735E-24
25839.000,6.724E-24
25840.000,6.713E-24
25841.000,6.702E-24
25842.000,6.690E-24
25843.000,6.679E-24
25844.000,6.668E-24
25845.000,6.657E-24
25846.000,6.646E-24
25847.000,6.635E-24
25848.000,6.624E-24
25849.000,6.612E-24
25850.000,6.601E-24
25851.000,6.590E-24
25852.000,6.579E-24
25853.000,6.568E-24
25854.000,6.557E-24
25855.000,6.546E-24
25856.000,6.536E-24
25857.000,6.525E-24
25858.000,6.514E-24
25859.000,6.503E-24
25860.000,6.483E-24
25861.000,6.464E-24
25862.000,6.444E-24
25863.000,6.425E-24
25864.000,6.405E-24
25865.000,6.386E-24
25866.000,6.366E-24
25867.000,6.361E-24
25868.000,6.355E-24
25869.000,6.350E-24
25870.000,6.344E-24
25871.000,6.339E-24
25872.000,6.333E-24
25873.000,6.328E-24
25874.000,6.313E-24
25875.000,6.298E-24
25876.000,6.283E-24
25877.000,6.268E-24
25878.000,6.253E-24
25879.000,6.238E-24
25880.000,6.223E-24
25881.000,6.209E-24
25882.000,6.196E-24
25883.000,6.182E-24
25884.000,6.169E-24
25885.000,6.156E-24
25886.000,6.142E-24
25887.000,6.129E-24
25888.000,6.115E-24
25889.000,6.108E-24
25890.000,6.101E-24
25891.000,6.094E-24
25892.000,6.087E-24
25893.000,6.080E-24
25894.000,6.073E-24
25895.000,6.066E-24
25896.000,6.056E-24
25897.000,6.045E-24
25898.000,6.035E-24
25899.000,6.024E-24
25900.000,6.014E-24
25901.000,6.003E-24
25902.000,5.993E-24
25903.000,5.979E-24
25904.000,5.966E-24
25905.000,5.952E-24
25906.000,5.938E-24
25907.000,5.924E-24
25908.000,5.911E-24
25909.000,5.897E-24
25910.000,5.887E-24
25911.000,5.876E-24
25912.000,5.866E-24
25913.000,5.856E-24
25914.000,5.846E-24
25915.000,5.835E-24
25916.000,5.825E-24
25917.000,5.824E-24
25918.000,5.824E-24
25919.000,5.823E-24
25920.000,5.823E-24
25921.000,5.822E-24
25922.000,5.822E-24
25923.000,5.821E-24
25924.000,5.812E-24
25925.000,5.804E-24
25926.000,5.795E-24
25927.000,5.787E-24
25928.000,5.778E-24
25929.000,5.770E-24
25930.000,5.761E-24
25931.000,5.759E-24
25932.000,5.758E-24
25933.000,5.756E-24
25934.000,5.754E-24
25935.000,5.752E-24
25936.000,5.750E-24
25937.000,5.749E-24
25938.000,5.747E-24
25939.000,5.746E-24
25940.000,5.744E-24
25941.000,5.743E-24
25942.000,5.741E-24
25943.000,5.740E-24
25944.000,5.738E-24
25945.000,5.737E-24
25946.000,5.732E-24
25947.000,5.728E-24
25948.000,5.723E-24
25949.000,5.718E-24
25950.000,5.713E-24
25951.000,5.709E-24
25952.000,5.704E-24
25953.000,5.697E-24
25954.000,5.689E-24
25955.000,5.682E-24
25956.000,5.674E-24
25957.000,5.667E-24
25958.000,5.659E-24
25959.000,5.652E-24
25960.000,5.657E-24
25961.000,5.661E-24
25962.000,5.666E-24
25963.000,5.671E-24
25964.000,5.676E-24
25965.000,5.680E-24
25966.000,5.685E-24
25967.000,5.679E-24
25968.000,5.672E-24
25969.000,5.666E-24
25970.000,5.660E-24
25971.000,5.653E-24
25972.000,5.647E-24
25973.000,5.640E-24
25974.000,5.634E-24
25975.000,5.637E-24
25976.000,5.640E-24
25977.000,5.643E-24
25978.000,5.646E-24
25979.000,5.649E-24
25980.000,5.652E-24
25981.000,5.655E-24
25982.000,5.652E-24
25983.000,5.650E-24
25984.000,5.647E-24
25985.000,5.645E-24
25986.000,5.642E-24
25987.000,5.640E-24
25988.000,5.637E-24
25989.000,5.629E-24
25990.000,5.621E-24
25991.000,5.613E-24
25992.000,5.606E-24
25993.000,5.598E-24
25994.000,5.590E-24
25995.000,5.582E-24
25996.000,5.590E-24
25997.000,5.597E-24
25998.000,5.605E-24
25999.000,5.612E-24
26000.000,5.620E-24
26001.000,5.627E-24
26002.000,5.635E-24
26003.000,5.642E-24
26004.000,5.649E-24
26005.000,5.656E-24
26006.000,5.662E-24
26007.000,5.669E-24
26008.000,5.676E-24
26009.000,5.683E-24
26010.000,5.693E-24
26011.000,5.703E-24
26012.000,5.713E-24
26013.000,5.723E-24
26014.000,5.733E-24
26015.000,5.743E-24
26016.000,5.753E-24
26017.000,5.763E-24
26018.000,5.757E-24
26019.000,5.750E-24
26020.000,5.744E-24
26021.000,5.738E-24
26022.000,5.732E-24
26023.000,5.725E-24
26024.000,5.719E-24
26025.000,5.727E-24
26026.000,5.735E-24
26027.000,5.743E-24
26028.000,5.752E-24
26029.000,5.760E-24
26030.000,5.768E-24
26031.000,5.776E-24
26032.000,5.775E-24
26033.000,5.773E-24
26034.000,5.772E-24
26035.000,5.770E-24
26036.000,5.769E-24
26037.000,5.767E-24
26038.000,5.766E-24
26039.000,5.767E-24
26040.000,5.767E-24
26041.000,5.768E-24
26042.000,5.769E-24
26043.000,5.770E-24
26044.000,5.771E-24
26045.000,5.771E-24
26046.000,5.772E-24
26047.000,5.778E-24
26048.000,5.784E-24
26049.000,5.790E-24
26050.000,5.795E-24
26051.000,5.801E-24
26052.000,5.807E-24
26053.000,5.813E-24
26054.000,5.816E-24
26055.000,5.820E-24
26056.000,5.823E-24
26057.000,5.827E-24
26058.000,5.830E-24
26059.000,5.834E-24
26060.000,5.837E-24
26061.000,5.841E-24
26062.000,5.844E-24
26063.000,5.848E-24
26064.000,5.851E-24
26065.000,5.855E-24
26066.000,5.858E-24
26067.000,5.862E-24
26068.000,5.870E-24
26069.000,5.877E-24
26070.000,5.885E-24
26071.000,5.892E-24
26072.000,5.900E-24
26073.000,5.907E-24
26074.000,5.915E-24
26075.000,5.922E-24
26076.000,5.929E-24
26077.000,5.935E-24
26078.000,5.942E-24
26079.000,5.949E-24
26080.000,5.955E-24
26081.000,5.962E-24
26082.000,5.969E-24
26083.000,5.972E-24
26084.000,5.976E-24
26085.000,5.979E-24
26086.000,5.982E-24
26087.000,5.985E-24
26088.000,5.989E-24
26089.000,5.992E-24
26090.000,5.992E-24
26091.000,5.993E-24
26092.000,5.993E-24
26093.000,5.993E-24
26094.000,5.993E-24
26095.000,5.994E-24
26096.000,5.994E-24
26097.000,5.997E-24
26098.000,6.001E-24
26099.000,6.004E-24
26100.000,6.007E-24
26101.000,6.010E-24
26102.000,6.014E-24
26103.000,6.017E-24
26104.000,6.011E-24
26105.000,6.006E-24
26106.000,6.000E-24
26107.000,5.994E-24
26108.000,5.988E-24
26109.000,5.982E-24
26110.000,5.977E-24
26111.000,5.971E-24
26112.000,5.986E-24
26113.000,6.000E-24
26114.000,6.015E-24
26115.000,6.030E-24
26116.000,6.045E-24
26117.000,6.059E-24
26118.000,6.074E-24
26119.000,6.068E-24
26120.000,6.061E-24
26121.000,6.055E-24
26122.000,6.049E-24
26123.000,6.043E-24
26124.000,6.036E-24
26125.000,6.030E-24
26126.000,6.023E-24
26127.000,6.017E-24
26128.000,6.010E-24
26129.000,6.004E-24
26130.000,5.997E-24
26131.000,5.991E-24
26132.000,5.984E-24
26133.000,5.980E-24
26134.000,5.976E-24
26135.000,5.972E-24
26136.000,5.968E-24
26137.000,5.964E-24
26138.000,5.960E-24
26139.000,5.956E-24
26140.000,5.952E-24
26141.000,5.944E-24
26142.000,5.936E-24
26143.000,5.928E-24
26144.000,5.920E-24
26145.000,5.912E-24
26146.000,5.904E-24
26147.000,5.896E-24
26148.000,5.904E-24
26149.000,5.912E-24
26150.000,5.920E-24
26151.000,5.928E-24
26152.000,5.936E-24
26153.000,5.944E-24
26154.000,5.952E-24
26155.000,5.943E-24
26156.000,5.934E-24
26157.000,5.926E-24
26158.000,5.917E-24
26159.000,5.908E-24
26160.000,5.900E-24
26161.000,5.891E-24
26162.000,5.882E-24
26163.000,5.886E-24
26164.000,5.890E-24
26165.000,5.894E-24
26166.000,5.898E-24
26167.000,5.902E-24
26168.000,5.906E-24
26169.000,5.910E-24
26170.000,5.903E-24
26171.000,5.897E-24
26172.000,5.890E-24
26173.000,5.884E-24
26174.000,5.877E-24
26175.000,5.871E-24
26176.000,5.864E-24
26177.000,5.861E-24
26178.000,5.858E-24
26179.000,5.855E-24
26180.000,5.852E-24
26181.000,5.849E-24
26182.000,5.846E-24
26183.000,5.843E-24
26184.000,5.833E-24
26185.000,5.823E-24
26186.000,5.813E-24
26187.000,5.804E-24
26188.000,5.794E-24
26189.000,5.784E-24
26190.000,5.774E-24
26191.000,5.764E-24
26192.000,5.764E-24
26193.000,5.764E-24
26194.000,5.764E-24
26195.000,5.763E-24
26196.000,5.763E-24
26197.000,5.763E-24
26198.000,5.763E-24
26199.000,5.758E-24
26200.000,5.752E-24
26201.000,5.747E-24
26202.000,5.741E-24
26203.000,5.736E-24
26204.000,5.730E-24
26205.000,5.725E-24
26206.000,5.721E-24
26207.000,5.718E-24
26208.000,5.714E-24
26209.000,5.710E-24
26210.000,5.706E-24
26211.000,5.702E-24
26212.000,5.699E-24
26213.000,5.695E-24
26214.000,5.688E-24
26215.000,5.680E-24
26216.000,5.673E-24
26217.000,5.665E-24
26218.000,5.658E-24
26219.000,5.650E-24
26220.000,5.643E-24
26221.000,5.633E-24
26222.000,5.622E-24
26223.000,5.612E-24
26224.000,5.602E-24
26225.000,5.592E-24
26226.000,5.581E-24
26227.000,5.571E-24
26228.000,5.563E-24
26229.000,5.556E-24
26230.000,5.548E-24
26231.000,5.540E-24
26232.000,5.532E-24
26233.000,5.524E-24
26234.000,5.517E-24
26235.000,5.509E-24
26236.000,5.512E-24
26237.000,5.514E-24
26238.000,5.517E-24
26239.000,5.519E-24
26240.000,5.522E-24
26241.000,5.524E-24
26242.000,5.527E-24
26243.000,5.526E-24
26244.000,5.525E-24
26245.000,5.524E-24
26246.000,5.523E-24
26247.000,5.522E-24
26248.000,5.521E-24
26249.000,5.520E-24
26250.000,5.513E-24
26251.000,5.506E-24
26252.000,5.499E-24
26253.000,5.492E-24
26254.000,5.486E-24
26255.000,5.479E-24
26256.000,5.472E-24
26257.000,5.465E-24
26258.000,5.450E-24
26259.000,5.434E-24
26260.000,5.419E-24
26261.000,5.404E-24
26262.000,5.389E-24
26263.000,5.373E-24
26264.000,5.358E-24
26265.000,5.349E-24
26266.000,5.340E-24
26267.000,5.331E-24
26268.000,5.321E-24
26269.000,5.312E-24
26270.000,5.303E-24
26271.000,5.294E-24
26272.000,5.287E-24
26273.000,5.281E-24
26274.000,5.274E-24
26275.000,5.268E-24
26276.000,5.261E-24
26277.000,5.254E-24
26278.000,5.248E-24
26279.000,5.241E-24
26280.000,5.229E-24
26281.000,5.218E-24
26282.000,5.206E-24
26283.000,5.195E-24
26284.000,5.183E-24
26285.000,5.172E-24
26286.000,5.160E-24
26287.000,5.162E-24
26288.000,5.164E-24
26289.000,5.166E-24
26290.000,5.167E-24
26291.000,5.169E-24
26292.000,5.171E-24
26293.000,5.173E-24
26294.000,5.166E-24
26295.000,5.158E-24
26296.000,5.151E-24
26297.000,5.144E-24
26298.000,5.136E-24
26299.000,5.129E-24
26300.000,5.121E-24
26301.000,5.114E-24
26302.000,5.110E-24
26303.000,5.106E-24
26304.000,5.102E-24
26305.000,5.097E-24
26306.000,5.093E-24
26307.000,5.089E-24
26308.000,5.085E-24
26309.000,5.078E-24
26310.000,5.070E-24
26311.000,5.063E-24
26312.000,5.055E-24
26313.000,5.048E-24
26314.000,5.040E-24
26315.000,5.033E-24
26316.000,5.023E-24
26317.000,5.013E-24
26318.000,5.003E-24
26319.000,4.992E-24
26320.000,4.982E-24
26321.000,4.972E-24
26322.000,4.962E-24
26323.000,4.952E-24
26324.000,4.950E-24
26325.000,4.948E-24
26326.000,4.946E-24
26327.000,4.945E-24
26328.000,4.943E-24
26329.000,4.941E-24
26330.000,4.939E-24
26331.000,4.931E-24
26332.000,4.924E-24
26333.000,4.916E-24
26334.000,4.908E-24
26335.000,4.900E-24
26336.000,4.893E-24
26337.000,4.885E-24
26338.000,4.882E-24
26339.000,4.878E-24
26340.000,4.875E-24
26341.000,4.872E-24
26342.000,4.868E-24
26343.000,4.865E-24
26344.000,4.861E-24
26345.000,4.858E-24
26346.000,4.852E-24
26347.000,4.846E-24
26348.000,4.840E-24
26349.000,4.833E-24
26350.000,4.827E-24
26351.000,4.821E-24
26352.000,4.815E-24
26353.000,4.813E-24
26354.000,4.810E-24
26355.000,4.808E-24
26356.000,4.805E-24
26357.000,4.803E-24
26358.000,4.800E-24
26359.000,4.797E-24
26360.000,4.795E-24
26361.000,4.793E-24
26362.000,4.792E-24
26363.000,4.790E-24
26364.000,4.788E-24
26365.000,4.786E-24
26366.000,4.785E-24
26367.000,4.783E-24
26368.000,4.779E-24
26369.000,4.775E-24
26370.000,4.771E-24
26371.000,4.766E-24
26372.000,4.762E-24
26373.000,4.758E-24
26374.000,4.754E-24
26375.000,4.744E-24
26376.000,4.735E-24
26377.000,4.725E-24
26378.000,4.716E-24
26379.000,4.706E-24
26380.000,4.696E-24
26381.000,4.687E-24
26382.000,4.677E-24
26383.000,4.668E-24
26384.000,4.659E-24
26385.000,4.650E-24
26386.000,4.642E-24
26387.000,4.633E-24
26388.000,4.624E-24
26389.000,4.615E-24
26390.000,4.619E-24
26391.000,4.622E-24
26392.000,4.626E-24
26393.000,4.629E-24
26394.000,4.633E-24
26395.000,4.637E-24
26396.000,4.640E-24
26397.000,4.644E-24
26398.000,4.655E-24
26399.000,4.667E-24
26400.000,4.678E-24
26401.000,4.690E-24
26402.000,4.701E-24
26403.000,4.713E-24
26404.000,4.724E-24
26405.000,4.706E-24
26406.000,4.687E-24
26407.000,4.669E-24
26408.000,4.651E-24
26409.000,4.633E-24
26410.000,4.614E-24
26411.000,4.596E-24
26412.000,4.589E-24
26413.000,4.582E-24
26414.000,4.576E-24
26415.000,4.569E-24
26416.000,4.562E-24
26417.000,4.556E-24
26418.000,4.549E-24
26419.000,4.542E-24
26420.000,4.549E-24
26421.000,4.556E-24
26422.000,4.563E-24
26423.000,4.569E-24
26424.000,4.576E-24
26425.000,4.583E-24
26426.000,4.590E-24
26427.000,4.585E-24
26428.000,4.580E-24
26429.000,4.574E-24
26430.000,4.569E-24
26431.000,4.564E-24
26432.000,4.559E-24
26433.000,4.553E-24
26434.000,4.548E-24
26435.000,4.549E-24
26436.000,4.551E-24
26437.000,4.552E-24
26438.000,4.554E-24
26439.000,4.555E-24
26440.000,4.557E-24
26441.000,4.558E-24
26442.000,4.555E-24
26443.000,4.552E-24
26444.000,4.549E-24
26445.000,4.546E-24
26446.000,4.543E-24
26447.000,4.540E-24
26448.000,4.537E-24
26449.000,4.534E-24
26450.000,4.534E-24
26451.000,4.534E-24
26452.000,4.534E-24
26453.000,4.533E-24
26454.000,4.533E-24
26455.000,4.533E-24
26456.000,4.533E-24
26457.000,4.536E-24
26458.000,4.540E-24
26459.000,4.543E-24
26460.000,4.547E-24
26461.000,4.550E-24
26462.000,4.554E-24
26463.000,4.557E-24
26464.000,4.554E-24
26465.000,4.552E-24
26466.000,4.549E-24
26467.000,4.546E-24
26468.000,4.543E-24
26469.000,4.540E-24
26470.000,4.538E-24
26471.000,4.535E-24
26472.000,4.534E-24
26473.000,4.534E-24
26474.000,4.533E-24
26475.000,4.533E-24
26476.000,4.532E-24
26477.000,4.532E-24
26478.000,4.531E-24
26479.000,4.532E-24
26480.000,4.532E-24
26481.000,4.533E-24
26482.000,4.534E-24
26483.000,4.535E-24
26484.000,4.536E-24
26485.000,4.536E-24
26486.000,4.537E-24
26487.000,4.533E-24
26488.000,4.530E-24
26489.000,4.526E-24
26490.000,4.522E-24
26491.000,4.518E-24
26492.000,4.515E-24
26493.000,4.511E-24
26494.000,4.521E-24
26495.000,4.531E-24
26496.000,4.541E-24
26497.000,4.551E-24
26498.000,4.560E-24
26499.000,4.570E-24
26500.000,4.580E-24
26501.000,4.590E-24
26502.000,4.594E-24
26503.000,4.597E-24
26504.000,4.601E-24
26505.000,4.604E-24
26506.000,4.608E-24
26507.000,4.611E-24
26508.000,4.615E-24
26509.000,4.619E-24
26510.000,4.622E-24
26511.000,4.626E-24
26512.000,4.630E-24
26513.000,4.634E-24
26514.000,4.638E-24
26515.000,4.641E-24
26516.000,4.645E-24
26517.000,4.638E-24
26518.000,4.630E-24
26519.000,4.623E-24
26520.000,4.615E-24
26521.000,4.608E-24
26522.000,4.600E-24
26523.000,4.593E-24
26524.000,4.599E-24
26525.000,4.604E-24
26526.000,4.610E-24
26527.000,4.616E-24
26528.000,4.622E-24
26529.000,4.628E-24
26530.000,4.633E-24
26531.000,4.639E-24
26532.000,4.645E-24
26533.000,4.651E-24
26534.000,4.657E-24
26535.000,4.664E-24
26536.000,4.670E-24
26537.000,4.676E-24
26538.000,4.682E-24
26539.000,4.676E-24
26540.000,4.671E-24
26541.000,4.665E-24
26542.000,4.659E-24
26543.000,4.653E-24
26544.000,4.647E-24
26545.000,4.642E-24
26546.000,4.636E-24
26547.000,4.645E-24
26548.000,4.654E-24
26549.000,4.663E-24
26550.000,4.673E-24
26551.000,4.682E-24
26552.000,4.691E-24
26553.000,4.700E-24
26554.000,4.704E-24
26555.000,4.707E-24
26556.000,4.711E-24
26557.000,4.715E-24
26558.000,4.718E-24
26559.000,4.722E-24
26560.000,4.725E-24
26561.000,4.729E-24
26562.000,4.734E-24
26563.000,4.739E-24
26564.000,4.744E-24
26565.000,4.750E-24
26566.000,4.755E-24
26567.000,4.760E-24
26568.000,4.765E-24
26569.000,4.758E-24
26570.000,4.751E-24
26571.000,4.744E-24
26572.000,4.738E-24
26573.000,4.731E-24
26574.000,4.724E-24
26575.000,4.717E-24
26576.000,4.710E-24
26577.000,4.712E-24
26578.000,4.714E-24
26579.000,4.716E-24
26580.000,4.719E-24
26581.000,4.721E-24
26582.000,4.723E-24
26583.000,4.725E-24
26584.000,4.723E-24
26585.000,4.722E-24
26586.000,4.720E-24
26587.000,4.718E-24
26588.000,4.716E-24
26589.000,4.714E-24
26590.000,4.713E-24
26591.000,4.711E-24
26592.000,4.715E-24
26593.000,4.718E-24
26594.000,4.722E-24
26595.000,4.726E-24
26596.000,4.730E-24
26597.000,4.733E-24
26598.000,4.737E-24
26599.000,4.737E-24
26600.000,4.736E-24
26601.000,4.736E-24
26602.000,4.735E-24
26603.000,4.735E-24
26604.000,4.735E-24
26605.000,4.734E-24
26606.000,4.734E-24
26607.000,4.747E-24
26608.000,4.761E-24
26609.000,4.774E-24
26610.000,4.788E-24
26611.000,4.801E-24
26612.000,4.815E-24
26613.000,4.828E-24
26614.000,4.825E-24
26615.000,4.822E-24
26616.000,4.819E-24
26617.000,4.816E-24
26618.000,4.814E-24
26619.000,4.811E-24
26620.000,4.808E-24
26621.000,4.805E-24
26622.000,4.807E-24
26623.000,4.810E-24
26624.000,4.812E-24
26625.000,4.814E-24
26626.000,4.816E-24
26627.000,4.819E-24
26628.000,4.821E-24
26629.000,4.832E-24
26630.000,4.844E-24
26631.000,4.855E-24
26632.000,4.866E-24
26633.000,4.878E-24
26634.000,4.889E-24
26635.000,4.901E-24
26636.000,4.912E-24
26637.000,4.913E-24
26638.000,4.914E-24
26639.000,4.915E-24
26640.000,4.915E-24
26641.000,4.916E-24
26642.000,4.917E-24
26643.000,4.918E-24
26644.000,4.923E-24
26645.000,4.929E-24
26646.000,4.934E-24
26647.000,4.939E-24
26648.000,4.945E-24
26649.000,4.950E-24
26650.000,4.956E-24
26651.000,4.961E-24
26652.000,4.960E-24
26653.000,4.960E-24
26654.000,4.959E-24
26655.000,4.958E-24
26656.000,4.957E-24
26657.000,4.957E-24
26658.000,4.956E-24
26659.000,4.968E-24
26660.000,4.979E-24
26661.000,4.991E-24
26662.000,5.003E-24
26663.000,5.015E-24
26664.000,5.027E-24
26665.000,5.038E-24
26666.000,5.050E-24
26667.000,5.054E-24
26668.000,5.058E-24
26669.000,5.062E-24
26670.000,5.065E-24
26671.000,5.069E-24
26672.000,5.073E-24
26673.000,5.077E-24
26674.000,5.081E-24
26675.000,5.078E-24
26676.000,5.076E-24
26677.000,5.073E-24
26678.000,5.071E-24
26679.000,5.068E-24
26680.000,5.066E-24
26681.000,5.063E-24
26682.000,5.057E-24
26683.000,5.052E-24
26684.000,5.046E-24
26685.000,5.040E-24
26686.000,5.034E-24
26687.000,5.028E-24
26688.000,5.023E-24
26689.000,5.017E-24
26690.000,5.026E-24
26691.000,5.035E-24
26692.000,5.044E-24
26693.000,5.052E-24
26694.000,5.061E-24
26695.000,5.070E-24
26696.000,5.079E-24
26697.000,5.082E-24
26698.000,5.085E-24
26699.000,5.089E-24
26700.000,5.092E-24
26701.000,5.095E-24
26702.000,5.098E-24
26703.000,5.102E-24
26704.000,5.105E-24
26705.000,5.105E-24
26706.000,5.104E-24
26707.000,5.104E-24
26708.000,5.103E-24
26709.000,5.103E-24
26710.000,5.102E-24
26711.000,5.102E-24
26712.000,5.096E-24
26713.000,5.089E-24
26714.000,5.083E-24
26715.000,5.077E-24
26716.000,5.071E-24
26717.000,5.064E-24
26718.000,5.058E-24
26719.000,5.052E-24
26720.000,5.043E-24
26721.000,5.034E-24
26722.000,5.026E-24
26723.000,5.017E-24
26724.000,5.008E-24
26725.000,5.000E-24
26726.000,4.991E-24
26727.000,4.982E-24
26728.000,4.979E-24
26729.000,4.975E-24
26730.000,4.972E-24
26731.000,4.969E-24
26732.000,4.966E-24
26733.000,4.962E-24
26734.000,4.959E-24
26735.000,4.954E-24
26736.000,4.949E-24
26737.000,4.944E-24
26738.000,4.939E-24
26739.000,4.934E-24
26740.000,4.929E-24
26741.000,4.924E-24
26742.000,4.919E-24
26743.000,4.927E-24
26744.000,4.934E-24
26745.000,4.942E-24
26746.000,4.950E-24
26747.000,4.958E-24
26748.000,4.965E-24
26749.000,4.973E-24
26750.000,4.977E-24
26751.000,4.982E-24
26752.000,4.986E-24
26753.000,4.991E-24
26754.000,4.995E-24
26755.000,4.999E-24
26756.000,5.004E-24
26757.000,5.008E-24
26758.000,5.012E-24
26759.000,5.017E-24
26760.000,5.021E-24
26761.000,5.026E-24
26762.000,5.030E-24
26763.000,5.034E-24
26764.000,5.039E-24
26765.000,5.043E-24
26766.000,5.039E-24
26767.000,5.036E-24
26768.000,5.032E-24
26769.000,5.029E-24
26770.000,5.025E-24
26771.000,5.022E-24
26772.000,5.018E-24
26773.000,4.996E-24
26774.000,4.975E-24
26775.000,4.953E-24
26776.000,4.931E-24
26777.000,4.910E-24
26778.000,4.888E-24
26779.000,4.867E-24
26780.000,4.845E-24
26781.000,4.810E-24
26782.000,4.775E-24
26783.000,4.740E-24
26784.000,4.705E-24
26785.000,4.669E-24
26786.000,4.634E-24
26787.000,4.599E-24
26788.000,4.564E-24
26789.000,4.546E-24
26790.000,4.527E-24
26791.000,4.509E-24
26792.000,4.491E-24
26793.000,4.473E-24
26794.000,4.454E-24
26795.000,4.436E-24
26796.000,4.420E-24
26797.000,4.403E-24
26798.000,4.387E-24
26799.000,4.370E-24
26800.000,4.354E-24
26801.000,4.338E-24
26802.000,4.321E-24
26803.000,4.305E-24
26804.000,4.283E-24
26805.000,4.261E-24
26806.000,4.239E-24
26807.000,4.217E-24
26808.000,4.195E-24
26809.000,4.173E-24
26810.000,4.151E-24
26811.000,4.150E-24
26812.000,4.149E-24
26813.000,4.148E-24
26814.000,4.147E-24
26815.000,4.146E-24
26816.000,4.145E-24
26817.000,4.144E-24
26818.000,4.143E-24
26819.000,4.137E-24
26820.000,4.131E-24
26821.000,4.126E-24
26822.000,4.120E-24
26823.000,4.114E-24
26824.000,4.109E-24
26825.000,4.103E-24
26826.000,4.097E-24
26827.000,4.104E-24
26828.000,4.112E-24
26829.000,4.119E-24
26830.000,4.127E-24
26831.000,4.134E-24
26832.000,4.142E-24
26833.000,4.149E-24
26834.000,4.144E-24
26835.000,4.139E-24
26836.000,4.133E-24
26837.000,4.128E-24
26838.000,4.123E-24
26839.000,4.117E-24
26840.000,4.112E-24
26841.000,4.107E-24
26842.000,4.103E-24
26843.000,4.099E-24
26844.000,4.095E-24
26845.000,4.091E-24
26846.000,4.087E-24
26847.000,4.083E-24
26848.000,4.079E-24
26849.000,4.075E-24
26850.000,4.075E-24
26851.000,4.075E-24
26852.000,4.075E-24
26853.000,4.074E-24
26854.000,4.074E-24
26855.000,4.074E-24
26856.000,4.074E-24
26857.000,4.078E-24
26858.000,4.083E-24
26859.000,4.087E-24
26860.000,4.092E-24
26861.000,4.096E-24
26862.000,4.100E-24
26863.000,4.105E-24
26864.000,4.109E-24
26865.000,4.103E-24
26866.000,4.098E-24
26867.000,4.092E-24
26868.000,4.086E-24
26869.000,4.080E-24
26870.000,4.074E-24
26871.000,4.069E-24
26872.000,4.063E-24
26873.000,4.061E-24
26874.000,4.060E-24
26875.000,4.058E-24
26876.000,4.057E-24
26877.000,4.055E-24
26878.000,4.054E-24
26879.000,4.052E-24
26880.000,4.055E-24
26881.000,4.057E-24
26882.000,4.060E-24
26883.000,4.062E-24
26884.000,4.065E-24
26885.000,4.067E-24
26886.000,4.070E-24
26887.000,4.072E-24
26888.000,4.072E-24
26889.000,4.073E-24
26890.000,4.073E-24
26891.000,4.074E-24
26892.000,4.074E-24
26893.000,4.074E-24
26894.000,4.075E-24
26895.000,4.075E-24
26896.000,4.085E-24
26897.000,4.096E-24
26898.000,4.106E-24
26899.000,4.117E-24
26900.000,4.127E-24
26901.000,4.138E-24
26902.000,4.148E-24
26903.000,4.153E-24
26904.000,4.157E-24
26905.000,4.162E-24
26906.000,4.166E-24
26907.000,4.170E-24
26908.000,4.175E-24
26909.000,4.179E-24
26910.000,4.184E-24
26911.000,4.190E-24
26912.000,4.195E-24
26913.000,4.201E-24
26914.000,4.207E-24
26915.000,4.213E-24
26916.000,4.219E-24
26917.000,4.224E-24
26918.000,4.230E-24
26919.000,4.240E-24
26920.000,4.250E-24
26921.000,4.260E-24
26922.000,4.269E-24
26923.000,4.279E-24
26924.000,4.289E-24
26925.000,4.299E-24
26926.000,4.309E-24
26927.000,4.313E-24
26928.000,4.316E-24
26929.000,4.320E-24
26930.000,4.323E-24
26931.000,4.327E-24
26932.000,4.330E-24
26933.000,4.334E-24
26934.000,4.344E-24
26935.000,4.355E-24
26936.000,4.366E-24
26937.000,4.376E-24
26938.000,4.386E-24
26939.000,4.397E-24
26940.000,4.408E-24
26941.000,4.418E-24
26942.000,4.431E-24
26943.000,4.445E-24
26944.000,4.458E-24
26945.000,4.472E-24
26946.000,4.485E-24
26947.000,4.498E-24
26948.000,4.512E-24
26949.000,4.525E-24
26950.000,4.531E-24
26951.000,4.537E-24
26952.000,4.543E-24
26953.000,4.550E-24
26954.000,4.556E-24
26955.000,4.562E-24
26956.000,4.568E-24
26957.000,4.575E-24
26958.000,4.581E-24
26959.000,4.588E-24
26960.000,4.595E-24
26961.000,4.601E-24
26962.000,4.608E-24
26963.000,4.614E-24
26964.000,4.621E-24
26965.000,4.624E-24
26966.000,4.627E-24
26967.000,4.630E-24
26968.000,4.633E-24
26969.000,4.635E-24
26970.000,4.638E-24
26971.000,4.641E-24
26972.000,4.644E-24
26973.000,4.656E-24
26974.000,4.668E-24
26975.000,4.680E-24
26976.000,4.693E-24
26977.000,4.705E-24
26978.000,4.717E-24
26979.000,4.729E-24
26980.000,4.741E-24
26981.000,4.763E-24
26982.000,4.786E-24
26983.000,4.808E-24
26984.000,4.831E-24
26985.000,4.853E-24
26986.000,4.876E-24
26987.000,4.898E-24
26988.000,4.907E-24
26989.000,4.917E-24
26990.000,4.926E-24
26991.000,4.936E-24
26992.000,4.946E-24
26993.000,4.955E-24
26994.000,4.964E-24
26995.000,4.974E-24
26996.000,4.993E-24
26997.000,5.011E-24
26998.000,5.030E-24
26999.000,5.049E-24
27000.000,5.067E-24
27001.000,5.086E-24
27002.000,5.104E-24
27003.000,5.123E-24
27004.000,5.140E-24
27005.000,5.157E-24
27006.000,5.174E-24
27007.000,5.191E-24
27008.000,5.209E-24
27009.000,5.226E-24
27010.000,5.243E-24
27011.000,5.260E-24
27012.000,5.280E-24
27013.000,5.300E-24
27014.000,5.320E-24
27015.000,5.340E-24
27016.000,5.360E-24
27017.000,5.380E-24
27018.000,5.400E-24
27019.000,5.422E-24
27020.000,5.443E-24
27021.000,5.465E-24
27022.000,5.487E-24
27023.000,5.508E-24
27024.000,5.530E-24
27025.000,5.551E-24
27026.000,5.573E-24
27027.000,5.599E-24
27028.000,5.626E-24
27029.000,5.652E-24
27030.000,5.678E-24
27031.000,5.705E-24
27032.000,5.731E-24
27033.000,5.758E-24
27034.000,5.784E-24
27035.000,5.815E-24
27036.000,5.846E-24
27037.000,5.877E-24
27038.000,5.909E-24
27039.000,5.940E-24
27040.000,5.971E-24
27041.000,6.002E-24
27042.000,6.033E-24
27043.000,6.074E-24
27044.000,6.115E-24
27045.000,6.156E-24
27046.000,6.198E-24
27047.000,6.239E-24
27048.000,6.280E-24
27049.000,6.321E-24
27050.000,6.360E-24
27051.000,6.400E-24
27052.000,6.439E-24
27053.000,6.478E-24
27054.000,6.518E-24
27055.000,6.557E-24
27056.000,6.597E-24
27057.000,6.636E-24
27058.000,6.680E-24
27059.000,6.725E-24
27060.000,6.770E-24
27061.000,6.814E-24
27062.000,6.858E-24
27063.000,6.903E-24
27064.000,6.948E-24
27065.000,6.992E-24
27066.000,7.033E-24
27067.000,7.074E-24
27068.000,7.115E-24
27069.000,7.156E-24
27070.000,7.197E-24
27071.000,7.238E-24
27072.000,7.279E-24
27073.000,7.320E-24
27074.000,7.375E-24
27075.000,7.430E-24
27076.000,7.485E-24
27077.000,7.541E-24
27078.000,7.596E-24
27079.000,7.651E-24
27080.000,7.706E-24
27081.000,7.761E-24
27082.000,7.812E-24
27083.000,7.864E-24
27084.000,7.915E-24
27085.000,7.967E-24
27086.000,8.018E-24
27087.000,8.070E-24
27088.000,8.121E-24
27089.000,8.187E-24
27090.000,8.254E-24
27091.000,8.320E-24
27092.000,8.387E-24
27093.000,8.453E-24
27094.000,8.519E-24
27095.000,8.586E-24
27096.000,8.652E-24
27097.000,8.715E-24
27098.000,8.777E-24
27099.000,8.840E-24
27100.000,8.903E-24
27101.000,8.966E-24
27102.000,9.029E-24
27103.000,9.091E-24
27104.000,9.154E-24
27105.000,9.221E-24
27106.000,9.288E-24
27107.000,9.355E-24
27108.000,9.422E-24
27109.000,9.490E-24
27110.000,9.557E-24
27111.000,9.624E-24
27112.000,9.691E-24
27113.000,9.737E-24
27114.000,9.783E-24
27115.000,9.829E-24
27116.000,9.876E-24
27117.000,9.922E-24
27118.000,9.968E-24
27119.000,1.001E-23
27120.000,1.006E-23
27121.000,1.009E-23
27122.000,1.011E-23
27123.000,1.014E-23
27124.000,1.017E-23
27125.000,1.020E-23
27126.000,1.022E-23
27127.000,1.025E-23
27128.000,1.022E-23
27129.000,1.018E-23
27130.000,1.015E-23
27131.000,1.012E-23
27132.000,1.009E-23
27133.000,1.005E-23
27134.000,1.002E-23
27135.000,9.986E-24
27136.000,9.898E-24
27137.000,9.810E-24
27138.000,9.722E-24
27139.000,9.634E-24
27140.000,9.546E-24
27141.000,9.458E-24
27142.000,9.370E-24
27143.000,9.282E-24
27144.000,9.144E-24
27145.000,9.006E-24
27146.000,8.868E-24
27147.000,8.730E-24
27148.000,8.591E-24
27149.000,8.453E-24
27150.000,8.315E-24
27151.000,8.177E-24
27152.000,8.047E-24
27153.000,7.917E-24
27154.000,7.786E-24
27155.000,7.656E-24
27156.000,7.526E-24
27157.000,7.396E-24
27158.000,7.265E-24
27159.000,7.135E-24
27160.000,7.034E-24
27161.000,6.933E-24
27162.000,6.832E-24
27163.000,6.731E-24
27164.000,6.630E-24
27165.000,6.529E-24
27166.000,6.428E-24
27167.000,6.327E-24
27168.000,6.256E-24
27169.000,6.185E-24
27170.000,6.114E-24
27171.000,6.043E-24
27172.000,5.972E-24
27173.000,5.901E-24
27174.000,5.830E-24
27175.000,5.759E-24
27176.000,5.701E-24
27177.000,5.643E-24
27178.000,5.585E-24
27179.000,5.527E-24
27180.000,5.469E-24
27181.000,5.411E-24
27182.000,5.353E-24
27183.000,5.324E-24
27184.000,5.296E-24
27185.000,5.267E-24
27186.000,5.239E-24
27187.000,5.211E-24
27188.000,5.182E-24
27189.000,5.154E-24
27190.000,5.125E-24
27191.000,5.112E-24
27192.000,5.100E-24
27193.000,5.087E-24
27194.000,5.075E-24
27195.000,5.062E-24
27196.000,5.049E-24
27197.000,5.037E-24
27198.000,5.024E-24
27199.000,5.007E-24
27200.000,4.990E-24
27201.000,4.973E-24
27202.000,4.955E-24
27203.000,4.938E-24
27204.000,4.921E-24
27205.000,4.904E-24
27206.000,4.887E-24
27207.000,4.883E-24
27208.000,4.879E-24
27209.000,4.875E-24
27210.000,4.872E-24
27211.000,4.868E-24
27212.000,4.864E-24
27213.000,4.860E-24
27214.000,4.856E-24
27215.000,4.847E-24
27216.000,4.838E-24
27217.000,4.830E-24
27218.000,4.821E-24
27219.000,4.812E-24
27220.000,4.804E-24
27221.000,4.795E-24
27222.000,4.786E-24
27223.000,4.786E-24
27224.000,4.785E-24
27225.000,4.785E-24
27226.000,4.784E-24
27227.000,4.784E-24
27228.000,4.784E-24
27229.000,4.783E-24
27230.000,4.783E-24
27231.000,4.786E-24
27232.000,4.790E-24
27233.000,4.793E-24
27234.000,4.797E-24
27235.000,4.800E-24
27236.000,4.803E-24
27237.000,4.807E-24
27238.000,4.810E-24
27239.000,4.819E-24
27240.000,4.829E-24
27241.000,4.838E-24
27242.000,4.847E-24
27243.000,4.856E-24
27244.000,4.866E-24
27245.000,4.875E-24
27246.000,4.885E-24
27247.000,4.894E-24
27248.000,4.904E-24
27249.000,4.913E-24
27250.000,4.923E-24
27251.000,4.933E-24
27252.000,4.942E-24
27253.000,4.952E-24
27254.000,4.971E-24
27255.000,4.989E-24
27256.000,5.008E-24
27257.000,5.026E-24
27258.000,5.045E-24
27259.000,5.064E-24
27260.000,5.082E-24
27261.000,5.101E-24
27262.000,5.116E-24
27263.000,5.130E-24
27264.000,5.145E-24
27265.000,5.160E-24
27266.000,5.175E-24
27267.000,5.189E-24
27268.000,5.204E-24
27269.000,5.219E-24
27270.000,5.236E-24
27271.000,5.254E-24
27272.000,5.271E-24
27273.000,5.288E-24
27274.000,5.306E-24
27275.000,5.323E-24
27276.000,5.341E-24
27277.000,5.358E-24
27278.000,5.379E-24
27279.000,5.400E-24
27280.000,5.420E-24
27281.000,5.441E-24
27282.000,5.462E-24
27283.000,5.482E-24
27284.000,5.503E-24
27285.000,5.524E-24
27286.000,5.558E-24
27287.000,5.592E-24
27288.000,5.625E-24
27289.000,5.659E-24
27290.000,5.693E-24
27291.000,5.726E-24
27292.000,5.760E-24
27293.000,5.794E-24
27294.000,5.828E-24
27295.000,5.862E-24
27296.000,5.896E-24
27297.000,5.929E-24
27298.000,5.963E-24
27299.000,5.997E-24
27300.000,6.031E-24
27301.000,6.065E-24
27302.000,6.101E-24
27303.000,6.136E-24
27304.000,6.172E-24
27305.000,6.207E-24
27306.000,6.243E-24
27307.000,6.279E-24
27308.000,6.314E-24
27309.000,6.350E-24
27310.000,6.396E-24
27311.000,6.441E-24
27312.000,6.487E-24
27313.000,6.532E-24
27314.000,6.578E-24
27315.000,6.623E-24
27316.000,6.669E-24
27317.000,6.714E-24
27318.000,6.760E-24
27319.000,6.807E-24
27320.000,6.853E-24
27321.000,6.900E-24
27322.000,6.946E-24
27323.000,6.992E-24
27324.000,7.039E-24
27325.000,7.085E-24
27326.000,7.138E-24
27327.000,7.191E-24
27328.000,7.244E-24
27329.000,7.297E-24
27330.000,7.350E-24
27331.000,7.403E-24
27332.000,7.456E-24
27333.000,7.509E-24
27334.000,7.564E-24
27335.000,7.618E-24
27336.000,7.673E-24
27337.000,7.728E-24
27338.000,7.782E-24
27339.000,7.837E-24
27340.000,7.891E-24
27341.000,7.946E-24
27342.000,7.976E-24
27343.000,8.006E-24
27344.000,8.036E-24
27345.000,8.066E-24
27346.000,8.096E-24
27347.000,8.126E-24
27348.000,8.156E-24
27349.000,8.186E-24
27350.000,8.189E-24
27351.000,8.192E-24
27352.000,8.195E-24
27353.000,8.198E-24
27354.000,8.201E-24
27355.000,8.204E-24
27356.000,8.207E-24
27357.000,8.194E-24
27358.000,8.180E-24
27359.000,8.167E-24
27360.000,8.154E-24
27361.000,8.140E-24
27362.000,8.127E-24
27363.000,8.113E-24
27364.000,8.100E-24
27365.000,8.111E-24
27366.000,8.123E-24
27367.000,8.134E-24
27368.000,8.145E-24
27369.000,8.157E-24
27370.000,8.168E-24
27371.000,8.180E-24
27372.000,8.191E-24
27373.000,8.233E-24
27374.000,8.274E-24
27375.000,8.316E-24
27376.000,8.357E-24
27377.000,8.398E-24
27378.000,8.440E-24
27379.000,8.481E-24
27380.000,8.523E-24
27381.000,8.592E-24
27382.000,8.660E-24
27383.000,8.729E-24
27384.000,8.797E-24
27385.000,8.866E-24
27386.000,8.934E-24
27387.000,9.002E-24
27388.000,9.071E-24
27389.000,9.130E-24
27390.000,9.188E-24
27391.000,9.247E-24
27392.000,9.306E-24
27393.000,9.364E-24
27394.000,9.423E-24
27395.000,9.481E-24
27396.000,9.540E-24
27397.000,9.588E-24
27398.000,9.636E-24
27399.000,9.684E-24
27400.000,9.732E-24
27401.000,9.781E-24
27402.000,9.829E-24
27403.000,9.877E-24
27404.000,9.925E-24
27405.000,9.916E-24
27406.000,9.908E-24
27407.000,9.899E-24
27408.000,9.891E-24
27409.000,9.882E-24
27410.000,9.873E-24
27411.000,9.865E-24
27412.000,9.856E-24
27413.000,9.758E-24
27414.000,9.661E-24
27415.000,9.563E-24
27416.000,9.465E-24
27417.000,9.368E-24
27418.000,9.270E-24
27419.000,9.173E-24
27420.000,9.075E-24
27421.000,8.927E-24
27422.000,8.779E-24
27423.000,8.631E-24
27424.000,8.484E-24
27425.000,8.336E-24
27426.000,8.188E-24
27427.000,8.040E-24
27428.000,7.892E-24
27429.000,7.794E-24
27430.000,7.697E-24
27431.000,7.599E-24
27432.000,7.502E-24
27433.000,7.404E-24
27434.000,7.306E-24
27435.000,7.209E-24
27436.000,7.111E-24
27437.000,7.085E-24
27438.000,7.058E-24
27439.000,7.032E-24
27440.000,7.006E-24
27441.000,6.980E-24
27442.000,6.954E-24
27443.000,6.927E-24
27444.000,6.901E-24
27445.000,6.913E-24
27446.000,6.925E-24
27447.000,6.937E-24
27448.000,6.950E-24
27449.000,6.962E-24
27450.000,6.974E-24
27451.000,6.986E-24
27452.000,6.998E-24
27453.000,7.027E-24
27454.000,7.057E-24
27455.000,7.087E-24
27456.000,7.116E-24
27457.000,7.146E-24
27458.000,7.175E-24
27459.000,7.205E-24
27460.000,7.234E-24
27461.000,7.264E-24
27462.000,7.294E-24
27463.000,7.323E-24
27464.000,7.353E-24
27465.000,7.383E-24
27466.000,7.413E-24
27467.000,7.442E-24
27468.000,7.472E-24
27469.000,7.502E-24
27470.000,7.540E-24
27471.000,7.578E-24
27472.000,7.616E-24
27473.000,7.653E-24
27474.000,7.691E-24
27475.000,7.729E-24
27476.000,7.767E-24
27477.000,7.805E-24
27478.000,7.837E-24
27479.000,7.869E-24
27480.000,7.902E-24
27481.000,7.934E-24
27482.000,7.966E-24
27483.000,7.999E-24
27484.000,8.031E-24
27485.000,8.063E-24
27486.000,8.089E-24
27487.000,8.116E-24
27488.000,8.142E-24
27489.000,8.169E-24
27490.000,8.195E-24
27491.000,8.221E-24
27492.000,8.248E-24
27493.000,8.274E-24
27494.000,8.274E-24
27495.000,8.275E-24
27496.000,8.275E-24
27497.000,8.275E-24
27498.000,8.276E-24
27499.000,8.276E-24
27500.000,8.277E-24
27501.000,8.277E-24
27502.000,8.237E-24
27503.000,8.197E-24
27504.000,8.157E-24
27505.000,8.117E-24
27506.000,8.077E-24
27507.000,8.037E-24
27508.000,7.997E-24
27509.000,7.957E-24
27510.000,7.903E-24
27511.000,7.849E-24
27512.000,7.795E-24
27513.000,7.741E-24
27514.000,7.687E-24
27515.000,7.633E-24
27516.000,7.579E-24
27517.000,7.525E-24
27518.000,7.487E-24
27519.000,7.449E-24
27520.000,7.411E-24
27521.000,7.373E-24
27522.000,7.334E-24
27523.000,7.296E-24
27524.000,7.258E-24
27525.000,7.220E-24
27526.000,7.181E-24
27527.000,7.142E-24
27528.000,7.103E-24
27529.000,7.065E-24
27530.000,7.026E-24
27531.000,6.987E-24
27532.000,6.948E-24
27533.000,6.909E-24
27534.000,6.892E-24
27535.000,6.874E-24
27536.000,6.856E-24
27537.000,6.839E-24
27538.000,6.822E-24
27539.000,6.804E-24
27540.000,6.787E-24
27541.000,6.769E-24
27542.000,6.768E-24
27543.000,6.766E-24
27544.000,6.765E-24
27545.000,6.764E-24
27546.000,6.763E-24
27547.000,6.762E-24
27548.000,6.760E-24
27549.000,6.759E-24
27550.000,6.759E-24
27551.000,6.759E-24
27552.000,6.759E-24
27553.000,6.759E-24
27554.000,6.759E-24
27555.000,6.759E-24
27556.000,6.759E-24
27557.000,6.759E-24
27558.000,6.777E-24
27559.000,6.796E-24
27560.000,6.814E-24
27561.000,6.832E-24
27562.000,6.851E-24
27563.000,6.869E-24
27564.000,6.888E-24
27565.000,6.906E-24
27566.000,6.924E-24
27567.000,6.941E-24
27568.000,6.959E-24
27569.000,6.976E-24
27570.000,6.994E-24
27571.000,7.012E-24
27572.000,7.029E-24
27573.000,7.047E-24
27574.000,7.080E-24
27575.000,7.112E-24
27576.000,7.145E-24
27577.000,7.177E-24
27578.000,7.210E-24
27579.000,7.242E-24
27580.000,7.275E-24
27581.000,7.307E-24
27582.000,7.340E-24
27583.000,7.375E-24
27584.000,7.411E-24
27585.000,7.446E-24
27586.000,7.481E-24
27587.000,7.517E-24
27588.000,7.552E-24
27589.000,7.588E-24
27590.000,7.623E-24
27591.000,7.664E-24
27592.000,7.706E-24
27593.000,7.747E-24
27594.000,7.788E-24
27595.000,7.829E-24
27596.000,7.870E-24
27597.000,7.912E-24
27598.000,7.953E-24
27599.000,7.993E-24
27600.000,8.033E-24
27601.000,8.073E-24
27602.000,8.113E-24
27603.000,8.153E-24
27604.000,8.193E-24
27605.000,8.233E-24
27606.000,8.273E-24
27607.000,8.316E-24
27608.000,8.359E-24
27609.000,8.403E-24
27610.000,8.446E-24
27611.000,8.489E-24
27612.000,8.533E-24
27613.000,8.576E-24
27614.000,8.619E-24
27615.000,8.683E-24
27616.000,8.748E-24
27617.000,8.812E-24
27618.000,8.877E-24
27619.000,8.942E-24
27620.000,9.006E-24
27621.000,9.071E-24
27622.000,9.135E-24
27623.000,9.209E-24
27624.000,9.282E-24
27625.000,9.356E-24
27626.000,9.429E-24
27627.000,9.503E-24
27628.000,9.577E-24
27629.000,9.650E-24
27630.000,9.724E-24
27631.000,9.810E-24
27632.000,9.895E-24
27633.000,9.981E-24
27634.000,1.007E-23
27635.000,1.015E-23
27636.000,1.024E-23
27637.000,1.032E-23
27638.000,1.041E-23
27639.000,1.051E-23
27640.000,1.061E-23
27641.000,1.071E-23
27642.000,1.081E-23
27643.000,1.090E-23
27644.000,1.100E-23
27645.000,1.110E-23
27646.000,1.120E-23
27647.000,1.130E-23
27648.000,1.142E-23
27649.000,1.153E-23
27650.000,1.165E-23
27651.000,1.177E-23
27652.000,1.189E-23
27653.000,1.201E-23
27654.000,1.212E-23
27655.000,1.224E-23
27656.000,1.239E-23
27657.000,1.253E-23
27658.000,1.268E-23
27659.000,1.283E-23
27660.000,1.297E-23
27661.000,1.312E-23
27662.000,1.326E-23
27663.000,1.341E-23
27664.000,1.357E-23
27665.000,1.373E-23
27666.000,1.389E-23
27667.000,1.405E-23
27668.000,1.421E-23
27669.000,1.437E-23
27670.000,1.453E-23
27671.000,1.469E-23
27672.000,1.486E-23
27673.000,1.502E-23
27674.000,1.519E-23
27675.000,1.536E-23
27676.000,1.553E-23
27677.000,1.570E-23
27678.000,1.586E-23
27679.000,1.603E-23
27680.000,1.622E-23
27681.000,1.640E-23
27682.000,1.658E-23
27683.000,1.677E-23
27684.000,1.696E-23
27685.000,1.714E-23
27686.000,1.732E-23
27687.000,1.751E-23
27688.000,1.767E-23
27689.000,1.783E-23
27690.000,1.799E-23
27691.000,1.815E-23
27692.000,1.831E-23
27693.000,1.847E-23
27694.000,1.863E-23
27695.000,1.879E-23
27696.000,1.895E-23
27697.000,1.914E-23
27698.000,1.933E-23
27699.000,1.952E-23
27700.000,1.972E-23
27701.000,1.991E-23
27702.000,2.010E-23
27703.000,2.029E-23
27704.000,2.048E-23
27705.000,2.071E-23
27706.000,2.094E-23
27707.000,2.116E-23
27708.000,2.139E-23
27709.000,2.162E-23
27710.000,2.185E-23
27711.000,2.207E-23
27712.000,2.230E-23
27713.000,2.261E-23
27714.000,2.292E-23
27715.000,2.323E-23
27716.000,2.354E-23
27717.000,2.385E-23
27718.000,2.416E-23
27719.000,2.447E-23
27720.000,2.478E-23
27721.000,2.516E-23
27722.000,2.554E-23
27723.000,2.592E-23
27724.000,2.630E-23
27725.000,2.669E-23
27726.000,2.707E-23
27727.000,2.745E-23
27728.000,2.783E-23
27729.000,2.821E-23
27730.000,2.860E-23
27731.000,2.898E-23
27732.000,2.937E-23
27733.000,2.975E-23
27734.000,3.014E-23
27735.000,3.052E-23
27736.000,3.091E-23
27737.000,3.129E-23
27738.000,3.176E-23
27739.000,3.223E-23
27740.000,3.270E-23
27741.000,3.317E-23
27742.000,3.365E-23
27743.000,3.412E-23
27744.000,3.459E-23
27745.000,3.506E-23
27746.000,3.554E-23
27747.000,3.601E-23
27748.000,3.649E-23
27749.000,3.697E-23
27750.000,3.745E-23
27751.000,3.793E-23
27752.000,3.840E-23
27753.000,3.888E-23
27754.000,3.930E-23
27755.000,3.972E-23
27756.000,4.015E-23
27757.000,4.057E-23
27758.000,4.099E-23
27759.000,4.142E-23
27760.000,4.184E-23
27761.000,4.226E-23
27762.000,4.268E-23
27763.000,4.310E-23
27764.000,4.352E-23
27765.000,4.394E-23
27766.000,4.435E-23
27767.000,4.477E-23
27768.000,4.519E-23
27769.000,4.561E-23
27770.000,4.610E-23
27771.000,4.660E-23
27772.000,4.709E-23
27773.000,4.758E-23
27774.000,4.808E-23
27775.000,4.857E-23
27776.000,4.906E-23
27777.000,4.956E-23
27778.000,5.005E-23
27779.000,5.075E-23
27780.000,5.145E-23
27781.000,5.214E-23
27782.000,5.284E-23
27783.000,5.354E-23
27784.000,5.424E-23
27785.000,5.493E-23
27786.000,5.563E-23
27787.000,5.634E-23
27788.000,5.705E-23
27789.000,5.775E-23
27790.000,5.846E-23
27791.000,5.917E-23
27792.000,5.988E-23
27793.000,6.058E-23
27794.000,6.129E-23
27795.000,6.187E-23
27796.000,6.245E-23
27797.000,6.302E-23
27798.000,6.360E-23
27799.000,6.418E-23
27800.000,6.476E-23
27801.000,6.533E-23
27802.000,6.591E-23
27803.000,6.605E-23
27804.000,6.619E-23
27805.000,6.632E-23
27806.000,6.646E-23
27807.000,6.660E-23
27808.000,6.674E-23
27809.000,6.687E-23
27810.000,6.701E-23
27811.000,6.715E-23
27812.000,6.650E-23
27813.000,6.585E-23
27814.000,6.520E-23
27815.000,6.456E-23
27816.000,6.391E-23
27817.000,6.326E-23
27818.000,6.261E-23
27819.000,6.196E-23
27820.000,6.035E-23
27821.000,5.873E-23
27822.000,5.712E-23
27823.000,5.551E-23
27824.000,5.390E-23
27825.000,5.229E-23
27826.000,5.067E-23
27827.000,4.906E-23
27828.000,4.746E-23
27829.000,4.585E-23
27830.000,4.425E-23
27831.000,4.265E-23
27832.000,4.104E-23
27833.000,3.944E-23
27834.000,3.784E-23
27835.000,3.623E-23
27836.000,3.463E-23
27837.000,3.343E-23
27838.000,3.224E-23
27839.000,3.104E-23
27840.000,2.985E-23
27841.000,2.866E-23
27842.000,2.746E-23
27843.000,2.626E-23
27844.000,2.507E-23
27845.000,2.443E-23
27846.000,2.379E-23
27847.000,2.315E-23
27848.000,2.250E-23
27849.000,2.186E-23
27850.000,2.122E-23
27851.000,2.058E-23
27852.000,1.994E-23
27853.000,1.956E-23
27854.000,1.918E-23
27855.000,1.881E-23
27856.000,1.843E-23
27857.000,1.805E-23
27858.000,1.768E-23
27859.000,1.730E-23
27860.000,1.692E-23
27861.000,1.670E-23
27862.000,1.648E-23
27863.000,1.627E-23
27864.000,1.605E-23
27865.000,1.583E-23
27866.000,1.561E-23
27867.000,1.540E-23
27868.000,1.518E-23
27869.000,1.496E-23
27870.000,1.478E-23
27871.000,1.460E-23
27872.000,1.442E-23
27873.000,1.424E-23
27874.000,1.407E-23
27875.000,1.389E-23
27876.000,1.371E-23
27877.000,1.353E-23
27878.000,1.344E-23
27879.000,1.335E-23
27880.000,1.327E-23
27881.000,1.318E-23
27882.000,1.309E-23
27883.000,1.300E-23
27884.000,1.292E-23
27885.000,1.283E-23
27886.000,1.281E-23
27887.000,1.278E-23
27888.000,1.276E-23
27889.000,1.273E-23
27890.000,1.271E-23
27891.000,1.268E-23
27892.000,1.266E-23
27893.000,1.263E-23
27894.000,1.261E-23
27895.000,1.264E-23
27896.000,1.266E-23
27897.000,1.269E-23
27898.000,1.271E-23
27899.000,1.274E-23
27900.000,1.277E-23
27901.000,1.279E-23
27902.000,1.282E-23
27903.000,1.287E-23
27904.000,1.293E-23
27905.000,1.298E-23
27906.000,1.304E-23
27907.000,1.309E-23
27908.000,1.314E-23
27909.000,1.320E-23
27910.000,1.325E-23
27911.000,1.331E-23
27912.000,1.338E-23
27913.000,1.344E-23
27914.000,1.350E-23
27915.000,1.357E-23
27916.000,1.363E-23
27917.000,1.369E-23
27918.000,1.376E-23
27919.000,1.382E-23
27920.000,1.392E-23
27921.000,1.403E-23
27922.000,1.413E-23
27923.000,1.423E-23
27924.000,1.433E-23
27925.000,1.444E-23
27926.000,1.454E-23
27927.000,1.464E-23
27928.000,1.476E-23
27929.000,1.488E-23
27930.000,1.500E-23
27931.000,1.512E-23
27932.000,1.523E-23
27933.000,1.535E-23
27934.000,1.547E-23
27935.000,1.559E-23
27936.000,1.572E-23
27937.000,1.584E-23
27938.000,1.597E-23
27939.000,1.610E-23
27940.000,1.622E-23
27941.000,1.635E-23
27942.000,1.648E-23
27943.000,1.660E-23
27944.000,1.673E-23
27945.000,1.689E-23
27946.000,1.705E-23
27947.000,1.721E-23
27948.000,1.736E-23
27949.000,1.752E-23
27950.000,1.768E-23
27951.000,1.784E-23
27952.000,1.800E-23
27953.000,1.815E-23
27954.000,1.830E-23
27955.000,1.846E-23
27956.000,1.861E-23
27957.000,1.876E-23
27958.000,1.891E-23
27959.000,1.907E-23
27960.000,1.922E-23
27961.000,1.929E-23
27962.000,1.936E-23
27963.000,1.942E-23
27964.000,1.949E-23
27965.000,1.956E-23
27966.000,1.963E-23
27967.000,1.969E-23
27968.000,1.976E-23
27969.000,1.983E-23
27970.000,1.982E-23
27971.000,1.982E-23
27972.000,1.982E-23
27973.000,1.981E-23
27974.000,1.980E-23
27975.000,1.980E-23
27976.000,1.980E-23
27977.000,1.979E-23
27978.000,1.984E-23
27979.000,1.990E-23
27980.000,1.995E-23
27981.000,2.001E-23
27982.000,2.006E-23
27983.000,2.011E-23
27984.000,2.017E-23
27985.000,2.022E-23
27986.000,2.038E-23
27987.000,2.053E-23
27988.000,2.069E-23
27989.000,2.084E-23
27990.000,2.100E-23
27991.000,2.115E-23
27992.000,2.131E-23
27993.000,2.146E-23
27994.000,2.162E-23
27995.000,2.188E-23
27996.000,2.213E-23
27997.000,2.239E-23
27998.000,2.265E-23
27999.000,2.290E-23
28000.000,2.316E-23
28001.000,2.341E-23
28002.000,2.367E-23
28003.000,2.390E-23
28004.000,2.412E-23
28005.000,2.435E-23
28006.000,2.457E-23
28007.000,2.480E-23
28008.000,2.502E-23
28009.000,2.525E-23
28010.000,2.547E-23
28011.000,2.570E-23
28012.000,2.590E-23
28013.000,2.610E-23
28014.000,2.629E-23
28015.000,2.649E-23
28016.000,2.669E-23
28017.000,2.689E-23
28018.000,2.708E-23
28019.000,2.728E-23
28020.000,2.728E-23
28021.000,2.728E-23
28022.000,2.728E-23
28023.000,2.728E-23
28024.000,2.728E-23
28025.000,2.728E-23
28026.000,2.728E-23
28027.000,2.728E-23
28028.000,2.699E-23
28029.000,2.670E-23
28030.000,2.641E-23
28031.000,2.612E-23
28032.000,2.583E-23
28033.000,2.554E-23
28034.000,2.525E-23
28035.000,2.496E-23
28036.000,2.467E-23
28037.000,2.425E-23
28038.000,2.383E-23
28039.000,2.340E-23
28040.000,2.298E-23
28041.000,2.256E-23
28042.000,2.214E-23
28043.000,2.171E-23
28044.000,2.129E-23
28045.000,2.118E-23
28046.000,2.106E-23
28047.000,2.095E-23
28048.000,2.083E-23
28049.000,2.072E-23
28050.000,2.060E-23
28051.000,2.049E-23
28052.000,2.037E-23
28053.000,2.026E-23
28054.000,2.036E-23
28055.000,2.045E-23
28056.000,2.055E-23
28057.000,2.065E-23
28058.000,2.075E-23
28059.000,2.084E-23
28060.000,2.094E-23
28061.000,2.104E-23
28062.000,2.125E-23
28063.000,2.146E-23
28064.000,2.168E-23
28065.000,2.189E-23
28066.000,2.210E-23
28067.000,2.232E-23
28068.000,2.253E-23
28069.000,2.274E-23
28070.000,2.298E-23
28071.000,2.321E-23
28072.000,2.345E-23
28073.000,2.368E-23
28074.000,2.392E-23
28075.000,2.415E-23
28076.000,2.439E-23
28077.000,2.462E-23
28078.000,2.486E-23
28079.000,2.516E-23
28080.000,2.546E-23
28081.000,2.576E-23
28082.000,2.606E-23
28083.000,2.635E-23
28084.000,2.665E-23
28085.000,2.695E-23
28086.000,2.725E-23
28087.000,2.752E-23
28088.000,2.779E-23
28089.000,2.806E-23
28090.000,2.833E-23
28091.000,2.861E-23
28092.000,2.888E-23
28093.000,2.915E-23
28094.000,2.942E-23
28095.000,2.969E-23
28096.000,3.000E-23
28097.000,3.031E-23
28098.000,3.062E-23
28099.000,3.092E-23
28100.000,3.123E-23
28101.000,3.154E-23
28102.000,3.185E-23
28103.000,3.216E-23
28104.000,3.251E-23
28105.000,3.285E-23
28106.000,3.320E-23
28107.000,3.355E-23
28108.000,3.389E-23
28109.000,3.424E-23
28110.000,3.459E-23
28111.000,3.493E-23
28112.000,3.528E-23
28113.000,3.580E-23
28114.000,3.633E-23
28115.000,3.685E-23
28116.000,3.738E-23
28117.000,3.790E-23
28118.000,3.842E-23
28119.000,3.895E-23
28120.000,3.947E-23
28121.000,4.000E-23
28122.000,4.054E-23
28123.000,4.107E-23
28124.000,4.161E-23
28125.000,4.214E-23
28126.000,4.268E-23
28127.000,4.321E-23
28128.000,4.375E-23
28129.000,4.428E-23
28130.000,4.492E-23
28131.000,4.557E-23
28132.000,4.621E-23
28133.000,4.685E-23
28134.000,4.749E-23
28135.000,4.813E-23
28136.000,4.878E-23
28137.000,4.942E-23
28138.000,4.996E-23
28139.000,5.050E-23
28140.000,5.103E-23
28141.000,5.157E-23
28142.000,5.211E-23
28143.000,5.265E-23
28144.000,5.318E-23
28145.000,5.372E-23
28146.000,5.426E-23
28147.000,5.472E-23
28148.000,5.518E-23
28149.000,5.565E-23
28150.000,5.611E-23
28151.000,5.657E-23
28152.000,5.703E-23
28153.000,5.750E-23
28154.000,5.796E-23
28155.000,5.806E-23
28156.000,5.817E-23
28157.000,5.827E-23
28158.000,5.837E-23
28159.000,5.848E-23
28160.000,5.858E-23
28161.000,5.868E-23
28162.000,5.879E-23
28163.000,5.889E-23
28164.000,5.844E-23
28165.000,5.798E-23
28166.000,5.753E-23
28167.000,5.708E-23
28168.000,5.663E-23
28169.000,5.618E-23
28170.000,5.572E-23
28171.000,5.527E-23
28172.000,5.438E-23
28173.000,5.350E-23
28174.000,5.261E-23
28175.000,5.173E-23
28176.000,5.084E-23
28177.000,4.996E-23
28178.000,4.907E-23
28179.000,4.819E-23
28180.000,4.730E-23
28181.000,4.625E-23
28182.000,4.521E-23
28183.000,4.416E-23
28184.000,4.311E-23
28185.000,4.206E-23
28186.000,4.101E-23
28187.000,3.997E-23
28188.000,3.892E-23
28189.000,3.829E-23
28190.000,3.765E-23
28191.000,3.702E-23
28192.000,3.638E-23
28193.000,3.575E-23
28194.000,3.511E-23
28195.000,3.448E-23
28196.000,3.384E-23
28197.000,3.321E-23
28198.000,3.282E-23
28199.000,3.243E-23
28200.000,3.204E-23
28201.000,3.164E-23
28202.000,3.125E-23
28203.000,3.086E-23
28204.000,3.047E-23
28205.000,3.008E-23
28206.000,2.989E-23
28207.000,2.970E-23
28208.000,2.951E-23
28209.000,2.932E-23
28210.000,2.914E-23
28211.000,2.895E-23
28212.000,2.876E-23
28213.000,2.857E-23
28214.000,2.838E-23
28215.000,2.826E-23
28216.000,2.814E-23
28217.000,2.802E-23
28218.000,2.790E-23
28219.000,2.777E-23
28220.000,2.765E-23
28221.000,2.753E-23
28222.000,2.741E-23
28223.000,2.740E-23
28224.000,2.739E-23
28225.000,2.738E-23
28226.000,2.737E-23
28227.000,2.736E-23
28228.000,2.735E-23
28229.000,2.734E-23
28230.000,2.733E-23
28231.000,2.732E-23
28232.000,2.743E-23
28233.000,2.753E-23
28234.000,2.764E-23
28235.000,2.774E-23
28236.000,2.785E-23
28237.000,2.796E-23
28238.000,2.806E-23
28239.000,2.817E-23
28240.000,2.835E-23
28241.000,2.853E-23
28242.000,2.872E-23
28243.000,2.890E-23
28244.000,2.908E-23
28245.000,2.926E-23
28246.000,2.945E-23
28247.000,2.963E-23
28248.000,2.981E-23
28249.000,3.010E-23
28250.000,3.038E-23
28251.000,3.067E-23
28252.000,3.095E-23
28253.000,3.124E-23
28254.000,3.152E-23
28255.000,3.181E-23
28256.000,3.209E-23
28257.000,3.242E-23
28258.000,3.275E-23
28259.000,3.308E-23
28260.000,3.341E-23
28261.000,3.375E-23
28262.000,3.408E-23
28263.000,3.441E-23
28264.000,3.474E-23
28265.000,3.507E-23
28266.000,3.547E-23
28267.000,3.587E-23
28268.000,3.627E-23
28269.000,3.667E-23
28270.000,3.708E-23
28271.000,3.748E-23
28272.000,3.788E-23
28273.000,3.828E-23
28274.000,3.868E-23
28275.000,3.917E-23
28276.000,3.966E-23
28277.000,4.015E-23
28278.000,4.065E-23
28279.000,4.114E-23
28280.000,4.163E-23
28281.000,4.212E-23
28282.000,4.261E-23
28283.000,4.310E-23
28284.000,4.360E-23
28285.000,4.409E-23
28286.000,4.459E-23
28287.000,4.508E-23
28288.000,4.558E-23
28289.000,4.607E-23
28290.000,4.657E-23
28291.000,4.706E-23
28292.000,4.758E-23
28293.000,4.809E-23
28294.000,4.861E-23
28295.000,4.912E-23
28296.000,4.963E-23
28297.000,5.015E-23
28298.000,5.066E-23
28299.000,5.118E-23
28300.000,5.165E-23
28301.000,5.212E-23
28302.000,5.259E-23
28303.000,5.306E-23
28304.000,5.352E-23
28305.000,5.399E-23
28306.000,5.446E-23
28307.000,5.493E-23
28308.000,5.540E-23
28309.000,5.606E-23
28310.000,5.672E-23
28311.000,5.738E-23
28312.000,5.804E-23
28313.000,5.871E-23
28314.000,5.937E-23
28315.000,6.003E-23
28316.000,6.069E-23
28317.000,6.135E-23
28318.000,6.236E-23
28319.000,6.337E-23
28320.000,6.437E-23
28321.000,6.538E-23
28322.000,6.639E-23
28323.000,6.740E-23
28324.000,6.840E-23
28325.000,6.941E-23
28326.000,7.044E-23
28327.000,7.146E-23
28328.000,7.249E-23
28329.000,7.351E-23
28330.000,7.454E-23
28331.000,7.556E-23
28332.000,7.659E-23
28333.000,7.761E-23
28334.000,7.864E-23
28335.000,7.998E-23
28336.000,8.132E-23
28337.000,8.266E-23
28338.000,8.401E-23
28339.000,8.535E-23
28340.000,8.669E-23
28341.000,8.803E-23
28342.000,8.937E-23
28343.000,9.062E-23
28344.000,9.187E-23
28345.000,9.311E-23
28346.000,9.436E-23
28347.000,9.561E-23
28348.000,9.686E-23
28349.000,9.810E-23
28350.000,9.935E-23
28351.000,1.006E-22
28352.000,1.017E-22
28353.000,1.028E-22
28354.000,1.040E-22
28355.000,1.051E-22
28356.000,1.062E-22
28357.000,1.073E-22
28358.000,1.085E-22
28359.000,1.096E-22
28360.000,1.107E-22
28361.000,1.119E-22
28362.000,1.130E-22
28363.000,1.142E-22
28364.000,1.154E-22
28365.000,1.165E-22
28366.000,1.177E-22
28367.000,1.188E-22
28368.000,1.200E-22
28369.000,1.212E-22
28370.000,1.225E-22
28371.000,1.237E-22
28372.000,1.250E-22
28373.000,1.262E-22
28374.000,1.275E-22
28375.000,1.287E-22
28376.000,1.300E-22
28377.000,1.312E-22
28378.000,1.330E-22
28379.000,1.348E-22
28380.000,1.367E-22
28381.000,1.385E-22
28382.000,1.403E-22
28383.000,1.421E-22
28384.000,1.440E-22
28385.000,1.458E-22
28386.000,1.476E-22
28387.000,1.504E-22
28388.000,1.532E-22
28389.000,1.560E-22
28390.000,1.588E-22
28391.000,1.615E-22
28392.000,1.643E-22
28393.000,1.671E-22
28394.000,1.699E-22
28395.000,1.729E-22
28396.000,1.760E-22
28397.000,1.790E-22
28398.000,1.821E-22
28399.000,1.851E-22
28400.000,1.882E-22
28401.000,1.912E-22
28402.000,1.943E-22
28403.000,1.973E-22
28404.000,2.009E-22
28405.000,2.045E-22
28406.000,2.081E-22
28407.000,2.117E-22
28408.000,2.154E-22
28409.000,2.190E-22
28410.000,2.226E-22
28411.000,2.262E-22
28412.000,2.298E-22
28413.000,2.343E-22
28414.000,2.388E-22
28415.000,2.432E-22
28416.000,2.477E-22
28417.000,2.522E-22
28418.000,2.566E-22
28419.000,2.611E-22
28420.000,2.656E-22
28421.000,2.698E-22
28422.000,2.741E-22
28423.000,2.783E-22
28424.000,2.826E-22
28425.000,2.868E-22
28426.000,2.911E-22
28427.000,2.953E-22
28428.000,2.996E-22
28429.000,3.038E-22
28430.000,3.077E-22
28431.000,3.115E-22
28432.000,3.154E-22
28433.000,3.193E-22
28434.000,3.231E-22
28435.000,3.270E-22
28436.000,3.309E-22
28437.000,3.347E-22
28438.000,3.386E-22
28439.000,3.413E-22
28440.000,3.440E-22
28441.000,3.467E-22
28442.000,3.495E-22
28443.000,3.522E-22
28444.000,3.549E-22
28445.000,3.576E-22
28446.000,3.603E-22
28447.000,3.581E-22
28448.000,3.559E-22
28449.000,3.538E-22
28450.000,3.516E-22
28451.000,3.494E-22
28452.000,3.472E-22
28453.000,3.451E-22
28454.000,3.429E-22
28455.000,3.407E-22
28456.000,3.315E-22
28457.000,3.224E-22
28458.000,3.132E-22
28459.000,3.040E-22
28460.000,2.949E-22
28461.000,2.857E-22
28462.000,2.765E-22
28463.000,2.674E-22
28464.000,2.582E-22
28465.000,2.477E-22
28466.000,2.372E-22
28467.000,2.268E-22
28468.000,2.163E-22
28469.000,2.058E-22
28470.000,1.953E-22
28471.000,1.849E-22
28472.000,1.744E-22
28473.000,1.639E-22
28474.000,1.573E-22
28475.000,1.507E-22
28476.000,1.441E-22
28477.000,1.376E-22
28478.000,1.310E-22
28479.000,1.244E-22
28480.000,1.178E-22
28481.000,1.112E-22
28482.000,1.088E-22
28483.000,1.063E-22
28484.000,1.039E-22
28485.000,1.015E-22
28486.000,9.903E-23
28487.000,9.659E-23
28488.000,9.416E-23
28489.000,9.172E-23
28490.000,8.929E-23
28491.000,8.833E-23
28492.000,8.736E-23
28493.000,8.640E-23
28494.000,8.543E-23
28495.000,8.447E-23
28496.000,8.350E-23
28497.000,8.254E-23
28498.000,8.157E-23
28499.000,8.061E-23
28500.000,8.015E-23
28501.000,7.969E-23
28502.000,7.923E-23
28503.000,7.877E-23
28504.000,7.832E-23
28505.000,7.786E-23
28506.000,7.740E-23
28507.000,7.694E-23
28508.000,7.648E-23
28509.000,7.608E-23
28510.000,7.568E-23
28511.000,7.529E-23
28512.000,7.489E-23
28513.000,7.449E-23
28514.000,7.410E-23
28515.000,7.370E-23
28516.000,7.330E-23
28517.000,7.290E-23
28518.000,7.250E-23
28519.000,7.210E-23
28520.000,7.170E-23
28521.000,7.131E-23
28522.000,7.091E-23
28523.000,7.051E-23
28524.000,7.011E-23
28525.000,6.971E-23
28526.000,6.939E-23
28527.000,6.907E-23
28528.000,6.876E-23
28529.000,6.844E-23
28530.000,6.812E-23
28531.000,6.780E-23
28532.000,6.749E-23
28533.000,6.717E-23
28534.000,6.685E-23
28535.000,6.664E-23
28536.000,6.644E-23
28537.000,6.623E-23
28538.000,6.603E-23
28539.000,6.582E-23
28540.000,6.562E-23
28541.000,6.541E-23
28542.000,6.521E-23
28543.000,6.500E-23
28544.000,6.480E-23
28545.000,6.460E-23
28546.000,6.440E-23
28547.000,6.419E-23
28548.000,6.399E-23
28549.000,6.379E-23
28550.000,6.359E-23
28551.000,6.339E-23
28552.000,6.314E-23
28553.000,6.288E-23
28554.000,6.263E-23
28555.000,6.238E-23
28556.000,6.212E-23
28557.000,6.187E-23
28558.000,6.162E-23
28559.000,6.136E-23
28560.000,6.111E-23
28561.000,6.105E-23
28562.000,6.099E-23
28563.000,6.092E-23
28564.000,6.086E-23
28565.000,6.080E-23
28566.000,6.074E-23
28567.000,6.067E-23
28568.000,6.061E-23
28569.000,6.055E-23
28570.000,6.074E-23
28571.000,6.093E-23
28572.000,6.111E-23
28573.000,6.130E-23
28574.000,6.149E-23
28575.000,6.168E-23
28576.000,6.186E-23
28577.000,6.205E-23
28578.000,6.224E-23
28579.000,6.261E-23
28580.000,6.298E-23
28581.000,6.335E-23
28582.000,6.372E-23
28583.000,6.410E-23
28584.000,6.447E-23
28585.000,6.484E-23
28586.000,6.521E-23
28587.000,6.558E-23
28588.000,6.604E-23
28589.000,6.650E-23
28590.000,6.695E-23
28591.000,6.741E-23
28592.000,6.787E-23
28593.000,6.832E-23
28594.000,6.878E-23
28595.000,6.924E-23
28596.000,6.950E-23
28597.000,6.977E-23
28598.000,7.003E-23
28599.000,7.030E-23
28600.000,7.056E-23
28601.000,7.083E-23
28602.000,7.109E-23
28603.000,7.136E-23
28604.000,7.162E-23
28605.000,7.135E-23
28606.000,7.108E-23
28607.000,7.081E-23
28608.000,7.054E-23
28609.000,7.026E-23
28610.000,6.999E-23
28611.000,6.972E-23
28612.000,6.945E-23
28613.000,6.918E-23
28614.000,6.838E-23
28615.000,6.757E-23
28616.000,6.677E-23
28617.000,6.596E-23
28618.000,6.516E-23
28619.000,6.435E-23
28620.000,6.355E-23
28621.000,6.274E-23
28622.000,6.194E-23
28623.000,6.141E-23
28624.000,6.088E-23
28625.000,6.035E-23
28626.000,5.982E-23
28627.000,5.928E-23
28628.000,5.875E-23
28629.000,5.822E-23
28630.000,5.769E-23
28631.000,5.716E-23
28632.000,5.731E-23
28633.000,5.747E-23
28634.000,5.762E-23
28635.000,5.777E-23
28636.000,5.793E-23
28637.000,5.808E-23
28638.000,5.823E-23
28639.000,5.839E-23
28640.000,5.854E-23
28641.000,5.908E-23
28642.000,5.963E-23
28643.000,6.017E-23
28644.000,6.072E-23
28645.000,6.126E-23
28646.000,6.181E-23
28647.000,6.235E-23
28648.000,6.290E-23
28649.000,6.357E-23
28650.000,6.425E-23
28651.000,6.492E-23
28652.000,6.560E-23
28653.000,6.627E-23
28654.000,6.695E-23
28655.000,6.762E-23
28656.000,6.830E-23
28657.000,6.897E-23
28658.000,6.973E-23
28659.000,7.049E-23
28660.000,7.126E-23
28661.000,7.202E-23
28662.000,7.278E-23
28663.000,7.354E-23
28664.000,7.431E-23
28665.000,7.507E-23
28666.000,7.583E-23
28667.000,7.660E-23
28668.000,7.737E-23
28669.000,7.815E-23
28670.000,7.892E-23
28671.000,7.969E-23
28672.000,8.046E-23
28673.000,8.124E-23
28674.000,8.201E-23
28675.000,8.278E-23
28676.000,8.342E-23
28677.000,8.406E-23
28678.000,8.470E-23
28679.000,8.534E-23
28680.000,8.597E-23
28681.000,8.661E-23
28682.000,8.725E-23
28683.000,8.789E-23
28684.000,8.853E-23
28685.000,8.933E-23
28686.000,9.013E-23
28687.000,9.093E-23
28688.000,9.173E-23
28689.000,9.252E-23
28690.000,9.332E-23
28691.000,9.412E-23
28692.000,9.492E-23
28693.000,9.572E-23
28694.000,9.686E-23
28695.000,9.800E-23
28696.000,9.915E-23
28697.000,1.003E-22
28698.000,1.014E-22
28699.000,1.026E-22
28700.000,1.037E-22
28701.000,1.049E-22
28702.000,1.060E-22
28703.000,1.076E-22
28704.000,1.092E-22
28705.000,1.108E-22
28706.000,1.124E-22
28707.000,1.139E-22
28708.000,1.155E-22
28709.000,1.171E-22
28710.000,1.187E-22
28711.000,1.203E-22
28712.000,1.225E-22
28713.000,1.247E-22
28714.000,1.270E-22
28715.000,1.292E-22
28716.000,1.314E-22
28717.000,1.336E-22
28718.000,1.359E-22
28719.000,1.381E-22
28720.000,1.405E-22
28721.000,1.429E-22
28722.000,1.453E-22
28723.000,1.477E-22
28724.000,1.500E-22
28725.000,1.524E-22
28726.000,1.548E-22
28727.000,1.572E-22
28728.000,1.596E-22
28729.000,1.625E-22
28730.000,1.654E-22
28731.000,1.682E-22
28732.000,1.711E-22
28733.000,1.740E-22
28734.000,1.769E-22
28735.000,1.797E-22
28736.000,1.826E-22
28737.000,1.855E-22
28738.000,1.889E-22
28739.000,1.923E-22
28740.000,1.957E-22
28741.000,1.991E-22
28742.000,2.026E-22
28743.000,2.060E-22
28744.000,2.094E-22
28745.000,2.128E-22
28746.000,2.162E-22
28747.000,2.201E-22
28748.000,2.241E-22
28749.000,2.280E-22
28750.000,2.320E-22
28751.000,2.359E-22
28752.000,2.399E-22
28753.000,2.438E-22
28754.000,2.478E-22
28755.000,2.517E-22
28756.000,2.562E-22
28757.000,2.607E-22
28758.000,2.651E-22
28759.000,2.696E-22
28760.000,2.741E-22
28761.000,2.786E-22
28762.000,2.830E-22
28763.000,2.875E-22
28764.000,2.920E-22
28765.000,2.967E-22
28766.000,3.014E-22
28767.000,3.061E-22
28768.000,3.108E-22
28769.000,3.156E-22
28770.000,3.203E-22
28771.000,3.250E-22
28772.000,3.297E-22
28773.000,3.344E-22
28774.000,3.389E-22
28775.000,3.433E-22
28776.000,3.478E-22
28777.000,3.522E-22
28778.000,3.567E-22
28779.000,3.611E-22
28780.000,3.656E-22
28781.000,3.700E-22
28782.000,3.745E-22
28783.000,3.767E-22
28784.000,3.790E-22
28785.000,3.812E-22
28786.000,3.835E-22
28787.000,3.857E-22
28788.000,3.880E-22
28789.000,3.902E-22
28790.000,3.925E-22
28791.000,3.947E-22
28792.000,3.907E-22
28793.000,3.866E-22
28794.000,3.826E-22
28795.000,3.785E-22
28796.000,3.745E-22
28797.000,3.704E-22
28798.000,3.664E-22
28799.000,3.623E-22
28800.000,3.583E-22
28801.000,3.471E-22
28802.000,3.359E-22
28803.000,3.247E-22
28804.000,3.135E-22
28805.000,3.023E-22
28806.000,2.911E-22
28807.000,2.799E-22
28808.000,2.687E-22
28809.000,2.575E-22
28810.000,2.483E-22
28811.000,2.391E-22
28812.000,2.299E-22
28813.000,2.207E-22
28814.000,2.116E-22
28815.000,2.024E-22
28816.000,1.932E-22
28817.000,1.840E-22
28818.000,1.748E-22
28819.000,1.709E-22
28820.000,1.669E-22
28821.000,1.630E-22
28822.000,1.590E-22
28823.000,1.551E-22
28824.000,1.511E-22
28825.000,1.472E-22
28826.000,1.432E-22
28827.000,1.393E-22
28828.000,1.380E-22
28829.000,1.367E-22
28830.000,1.355E-22
28831.000,1.342E-22
28832.000,1.329E-22
28833.000,1.316E-22
28834.000,1.304E-22
28835.000,1.291E-22
28836.000,1.278E-22
28837.000,1.275E-22
28838.000,1.273E-22
28839.000,1.270E-22
28840.000,1.267E-22
28841.000,1.265E-22
28842.000,1.262E-22
28843.000,1.259E-22
28844.000,1.257E-22
28845.000,1.254E-22
28846.000,1.256E-22
28847.000,1.257E-22
28848.000,1.259E-22
28849.000,1.260E-22
28850.000,1.262E-22
28851.000,1.263E-22
28852.000,1.265E-22
28853.000,1.266E-22
28854.000,1.268E-22
28855.000,1.270E-22
28856.000,1.272E-22
28857.000,1.274E-22
28858.000,1.276E-22
28859.000,1.278E-22
28860.000,1.280E-22
28861.000,1.282E-22
28862.000,1.284E-22
28863.000,1.286E-22
28864.000,1.289E-22
28865.000,1.292E-22
28866.000,1.295E-22
28867.000,1.298E-22
28868.000,1.301E-22
28869.000,1.304E-22
28870.000,1.307E-22
28871.000,1.310E-22
28872.000,1.313E-22
28873.000,1.320E-22
28874.000,1.327E-22
28875.000,1.334E-22
28876.000,1.341E-22
28877.000,1.347E-22
28878.000,1.354E-22
28879.000,1.361E-22
28880.000,1.368E-22
28881.000,1.375E-22
28882.000,1.388E-22
28883.000,1.400E-22
28884.000,1.413E-22
28885.000,1.426E-22
28886.000,1.438E-22
28887.000,1.451E-22
28888.000,1.464E-22
28889.000,1.476E-22
28890.000,1.489E-22
28891.000,1.507E-22
28892.000,1.524E-22
28893.000,1.542E-22
28894.000,1.559E-22
28895.000,1.577E-22
28896.000,1.594E-22
28897.000,1.612E-22
28898.000,1.629E-22
28899.000,1.647E-22
28900.000,1.668E-22
28901.000,1.689E-22
28902.000,1.710E-22
28903.000,1.731E-22
28904.000,1.753E-22
28905.000,1.774E-22
28906.000,1.795E-22
28907.000,1.816E-22
28908.000,1.837E-22
28909.000,1.857E-22
28910.000,1.877E-22
28911.000,1.897E-22
28912.000,1.917E-22
28913.000,1.937E-22
28914.000,1.957E-22
28915.000,1.977E-22
28916.000,1.997E-22
28917.000,2.017E-22
28918.000,2.033E-22
28919.000,2.048E-22
28920.000,2.064E-22
28921.000,2.080E-22
28922.000,2.095E-22
28923.000,2.111E-22
28924.000,2.127E-22
28925.000,2.142E-22
28926.000,2.158E-22
28927.000,2.169E-22
28928.000,2.179E-22
28929.000,2.190E-22
28930.000,2.201E-22
28931.000,2.211E-22
28932.000,2.222E-22
28933.000,2.233E-22
28934.000,2.243E-22
28935.000,2.254E-22
28936.000,2.268E-22
28937.000,2.283E-22
28938.000,2.297E-22
28939.000,2.312E-22
28940.000,2.326E-22
28941.000,2.341E-22
28942.000,2.355E-22
28943.000,2.370E-22
28944.000,2.384E-22
28945.000,2.407E-22
28946.000,2.431E-22
28947.000,2.454E-22
28948.000,2.478E-22
28949.000,2.501E-22
28950.000,2.525E-22
28951.000,2.548E-22
28952.000,2.572E-22
28953.000,2.595E-22
28954.000,2.626E-22
28955.000,2.656E-22
28956.000,2.687E-22
28957.000,2.717E-22
28958.000,2.748E-22
28959.000,2.778E-22
28960.000,2.809E-22
28961.000,2.839E-22
28962.000,2.870E-22
28963.000,2.908E-22
28964.000,2.945E-22
28965.000,2.983E-22
28966.000,3.021E-22
28967.000,3.058E-22
28968.000,3.096E-22
28969.000,3.134E-22
28970.000,3.172E-22
28971.000,3.209E-22
28972.000,3.247E-22
28973.000,3.301E-22
28974.000,3.355E-22
28975.000,3.408E-22
28976.000,3.462E-22
28977.000,3.516E-22
28978.000,3.570E-22
28979.000,3.623E-22
28980.000,3.677E-22
28981.000,3.731E-22
28982.000,3.796E-22
28983.000,3.860E-22
28984.000,3.925E-22
28985.000,3.989E-22
28986.000,4.054E-22
28987.000,3.726E-22
28988.000,3.785E-22
28989.000,3.841E-22
28990.000,3.893E-22
28991.000,3.945E-22
28992.000,4.016E-22
28993.000,4.038E-22
28994.000,4.069E-22
28995.000,4.111E-22
28996.000,4.159E-22
28997.000,4.303E-22
28998.000,4.371E-22
28999.000,4.433E-22
29000.000,4.491E-22
29001.000,4.556E-22
29002.000,4.678E-22
29003.000,4.746E-22
29004.000,4.796E-22
29005.000,4.856E-22
29006.000,4.916E-22
29007.000,4.975E-22
29008.000,5.123E-22
29009.000,5.194E-22
29010.000,5.274E-22
29011.000,5.361E-22
29012.000,5.438E-22
29013.000,5.579E-22
29014.000,5.649E-22
29015.000,5.719E-22
29016.000,5.777E-22
29017.000,5.848E-22
29018.000,6.009E-22
29019.000,6.094E-22
29020.000,6.196E-22
29021.000,6.305E-22
29022.000,6.410E-22
29023.000,6.516E-22
29024.000,6.731E-22
29025.000,6.839E-22
29026.000,6.936E-22
29027.000,7.044E-22
29028.000,7.142E-22
29029.000,7.319E-22
29030.000,7.399E-22
29031.000,7.498E-22
29032.000,7.595E-22
29033.000,7.707E-22
29034.000,7.958E-22
29035.000,8.079E-22
29036.000,8.194E-22
29037.000,8.297E-22
29038.000,8.412E-22
29039.000,8.524E-22
29040.000,8.782E-22
29041.000,8.928E-22
29042.000,9.062E-22
29043.000,9.192E-22
29044.000,9.302E-22
29045.000,9.511E-22
29046.000,9.599E-22
29047.000,9.704E-22
29048.000,9.842E-22
29049.000,9.981E-22
29050.000,1.015E-21
29051.000,1.045E-21
29052.000,1.059E-21
29053.000,1.071E-21
29054.000,1.083E-21
29055.000,1.095E-21
29056.000,1.119E-21
29057.000,1.131E-21
29058.000,1.142E-21
29059.000,1.154E-21
29060.000,1.165E-21
29061.000,1.185E-21
29062.000,1.197E-21
29063.000,1.210E-21
29064.000,1.222E-21
29065.000,1.232E-21
29066.000,1.242E-21
29067.000,1.255E-21
29068.000,1.260E-21
29069.000,1.264E-21
29070.000,1.267E-21
29071.000,1.270E-21
29072.000,1.274E-21
29073.000,1.274E-21
29074.000,1.273E-21
29075.000,1.270E-21
29076.000,1.262E-21
29077.000,1.253E-21
29078.000,1.227E-21
29079.000,1.211E-21
29080.000,1.191E-21
29081.000,1.166E-21
29082.000,1.138E-21
29083.000,1.066E-21
29084.000,1.024E-21
29085.000,9.785E-22
29086.000,9.303E-22
29087.000,8.789E-22
29088.000,8.282E-22
29089.000,7.371E-22
29090.000,6.985E-22
29091.000,6.646E-22
29092.000,6.339E-22
29093.000,6.055E-22
29094.000,5.585E-22
29095.000,5.406E-22
29096.000,5.247E-22
29097.000,5.111E-22
29098.000,4.994E-22
29099.000,4.880E-22
29100.000,4.678E-22
29101.000,4.609E-22
29102.000,4.549E-22
29103.000,4.504E-22
29104.000,4.460E-22
29105.000,4.376E-22
29106.000,4.336E-22
29107.000,4.293E-22
29108.000,4.264E-22
29109.000,4.245E-22
29110.000,4.253E-22
29111.000,4.247E-22
29112.000,4.242E-22
29113.000,4.241E-22
29114.000,4.229E-22
29115.000,4.215E-22
29116.000,4.219E-22
29117.000,4.225E-22
29118.000,4.237E-22
29119.000,4.245E-22
29120.000,4.259E-22
29121.000,4.270E-22
29122.000,4.295E-22
29123.000,4.308E-22
29124.000,4.328E-22
29125.000,4.351E-22
29126.000,4.370E-22
29127.000,4.419E-22
29128.000,4.442E-22
29129.000,4.454E-22
29130.000,4.479E-22
29131.000,4.485E-22
29132.000,4.510E-22
29133.000,4.545E-22
29134.000,4.552E-22
29135.000,4.557E-22
29136.000,4.560E-22
29137.000,4.573E-22
29138.000,4.566E-22
29139.000,4.546E-22
29140.000,4.529E-22
29141.000,4.502E-22
29142.000,4.458E-22
29143.000,4.412E-22
29144.000,4.300E-22
29145.000,4.218E-22
29146.000,4.130E-22
29147.000,4.049E-22
29148.000,3.967E-22
29149.000,3.861E-22
29150.000,3.663E-22
29151.000,3.579E-22
29152.000,3.471E-22
29153.000,3.373E-22
29154.000,3.277E-22
29155.000,3.187E-22
29156.000,3.035E-22
29157.000,2.966E-22
29158.000,2.908E-22
29159.000,2.866E-22
29160.000,2.833E-22
29161.000,2.757E-22
29162.000,2.737E-22
29163.000,2.717E-22
29164.000,2.690E-22
29165.000,2.658E-22
29166.000,2.650E-22
29167.000,2.600E-22
29168.000,2.560E-22
29169.000,2.541E-22
29170.000,2.516E-22
29171.000,2.496E-22
29172.000,2.466E-22
29173.000,2.396E-22
29174.000,2.353E-22
29175.000,2.298E-22
29176.000,2.248E-22
29177.000,2.199E-22
29178.000,2.150E-22
29179.000,2.125E-22
29180.000,2.097E-22
29181.000,2.079E-22
29182.000,2.050E-22
29183.000,2.020E-22
29184.000,1.982E-22
29185.000,1.974E-22
29186.000,1.967E-22
29187.000,1.953E-22
29188.000,1.944E-22
29189.000,1.933E-22
29190.000,1.924E-22
29191.000,1.929E-22
29192.000,1.921E-22
29193.000,1.935E-22
29194.000,1.935E-22
29195.000,1.939E-22
29196.000,1.966E-22
29197.000,1.980E-22
29198.000,1.985E-22
29199.000,1.976E-22
29200.000,1.981E-22
29201.000,1.998E-22
29202.000,2.020E-22
29203.000,2.043E-22
29204.000,2.075E-22
29205.000,2.085E-22
29206.000,2.084E-22
29207.000,2.101E-22
29208.000,2.116E-22
29209.000,2.124E-22
29210.000,2.149E-22
29211.000,2.161E-22
29212.000,2.160E-22
29213.000,2.188E-22
29214.000,2.214E-22
29215.000,2.236E-22
29216.000,2.266E-22
29217.000,2.307E-22
29218.000,2.331E-22
29219.000,2.381E-22
29220.000,2.403E-22
29221.000,2.414E-22
29222.000,2.417E-22
29223.000,2.428E-22
29224.000,2.442E-22
29225.000,2.466E-22
29226.000,2.494E-22
29227.000,2.522E-22
29228.000,2.528E-22
29229.000,2.542E-22
29230.000,2.566E-22
29231.000,2.605E-22
29232.000,2.633E-22
29233.000,2.657E-22
29234.000,2.673E-22
29235.000,2.679E-22
29236.000,2.705E-22
29237.000,2.705E-22
29238.000,2.708E-22
29239.000,2.704E-22
29240.000,2.698E-22
29241.000,2.688E-22
29242.000,2.690E-22
29243.000,2.685E-22
29244.000,2.677E-22
29245.000,2.670E-22
29246.000,2.663E-22
29247.000,2.652E-22
29248.000,2.650E-22
29249.000,2.641E-22
29250.000,2.640E-22
29251.000,2.638E-22
29252.000,2.653E-22
29253.000,2.670E-22
29254.000,2.680E-22
29255.000,2.688E-22
29256.000,2.686E-22
29257.000,2.687E-22
29258.000,2.686E-22
29259.000,2.705E-22
29260.000,2.742E-22
29261.000,2.753E-22
29262.000,2.743E-22
29263.000,2.744E-22
29264.000,2.744E-22
29265.000,2.746E-22
29266.000,2.788E-22
29267.000,2.805E-22
29268.000,2.826E-22
29269.000,2.827E-22
29270.000,2.839E-22
29271.000,2.848E-22
29272.000,2.905E-22
29273.000,2.927E-22
29274.000,2.961E-22
29275.000,3.000E-22
29276.000,3.020E-22
29277.000,3.038E-22
29278.000,3.076E-22
29279.000,3.105E-22
29280.000,3.120E-22
29281.000,3.149E-22
29282.000,3.175E-22
29283.000,3.195E-22
29284.000,3.247E-22
29285.000,3.286E-22
29286.000,3.329E-22
29287.000,3.368E-22
29288.000,3.408E-22
29289.000,3.450E-22
29290.000,3.513E-22
29291.000,3.527E-22
29292.000,3.571E-22
29293.000,3.601E-22
29294.000,3.636E-22
29295.000,3.663E-22
29296.000,3.738E-22
29297.000,3.785E-22
29298.000,3.838E-22
29299.000,3.907E-22
29300.000,3.964E-22
29301.000,4.037E-22
29302.000,4.129E-22
29303.000,4.177E-22
29304.000,4.227E-22
29305.000,4.282E-22
29306.000,4.322E-22
29307.000,4.361E-22
29308.000,4.431E-22
29309.000,4.468E-22
29310.000,4.521E-22
29311.000,4.573E-22
29312.000,4.640E-22
29313.000,4.705E-22
29314.000,4.849E-22
29315.000,4.918E-22
29316.000,4.974E-22
29317.000,5.047E-22
29318.000,5.110E-22
29319.000,5.174E-22
29320.000,5.312E-22
29321.000,5.386E-22
29322.000,5.450E-22
29323.000,5.511E-22
29324.000,5.597E-22
29325.000,5.688E-22
29326.000,5.776E-22
29327.000,5.958E-22
29328.000,6.041E-22
29329.000,6.103E-22
29330.000,6.158E-22
29331.000,6.215E-22
29332.000,6.293E-22
29333.000,6.483E-22
29334.000,6.584E-22
29335.000,6.689E-22
29336.000,6.784E-22
29337.000,6.889E-22
29338.000,6.993E-22
29339.000,7.221E-22
29340.000,7.326E-22
29341.000,7.440E-22
29342.000,7.537E-22
29343.000,7.641E-22
29344.000,7.747E-22
29345.000,7.931E-22
29346.000,8.031E-22
29347.000,8.129E-22
29348.000,8.253E-22
29349.000,8.372E-22
29350.000,8.511E-22
29351.000,8.764E-22
29352.000,8.890E-22
29353.000,9.023E-22
29354.000,9.153E-22
29355.000,9.287E-22
29356.000,9.433E-22
29357.000,9.588E-22
29358.000,9.903E-22
29359.000,1.006E-21
29360.000,1.022E-21
29361.000,1.037E-21
29362.000,1.050E-21
29363.000,1.063E-21
29364.000,1.086E-21
29365.000,1.099E-21
29366.000,1.114E-21
29367.000,1.129E-21
29368.000,1.147E-21
29369.000,1.165E-21
29370.000,1.199E-21
29371.000,1.216E-21
29372.000,1.231E-21
29373.000,1.246E-21
29374.000,1.262E-21
29375.000,1.279E-21
29376.000,1.312E-21
29377.000,1.329E-21
29378.000,1.347E-21
29379.000,1.365E-21
29380.000,1.382E-21
29381.000,1.398E-21
29382.000,1.416E-21
29383.000,1.450E-21
29384.000,1.466E-21
29385.000,1.483E-21
29386.000,1.501E-21
29387.000,1.519E-21
29388.000,1.534E-21
29389.000,1.562E-21
29390.000,1.574E-21
29391.000,1.585E-21
29392.000,1.598E-21
29393.000,1.609E-21
29394.000,1.620E-21
29395.000,1.642E-21
29396.000,1.651E-21
29397.000,1.658E-21
29398.000,1.663E-21
29399.000,1.666E-21
29400.000,1.667E-21
29401.000,1.667E-21
29402.000,1.664E-21
29403.000,1.658E-21
29404.000,1.648E-21
29405.000,1.634E-21
29406.000,1.619E-21
29407.000,1.601E-21
29408.000,1.556E-21
29409.000,1.527E-21
29410.000,1.491E-21
29411.000,1.450E-21
29412.000,1.403E-21
29413.000,1.352E-21
29414.000,1.241E-21
29415.000,1.182E-21
29416.000,1.125E-21
29417.000,1.069E-21
29418.000,1.017E-21
29419.000,9.680E-22
29420.000,9.240E-22
29421.000,8.477E-22
29422.000,8.151E-22
29423.000,7.871E-22
29424.000,7.640E-22
29425.000,7.439E-22
29426.000,7.245E-22
29427.000,6.951E-22
29428.000,6.832E-22
29429.000,6.725E-22
29430.000,6.638E-22
29431.000,6.578E-22
29432.000,6.506E-22
29433.000,6.429E-22
29434.000,6.313E-22
29435.000,6.256E-22
29436.000,6.221E-22
29437.000,6.200E-22
29438.000,6.177E-22
29439.000,6.158E-22
29440.000,6.143E-22
29441.000,6.129E-22
29442.000,6.130E-22
29443.000,6.144E-22
29444.000,6.156E-22
29445.000,6.158E-22
29446.000,6.180E-22
29447.000,6.208E-22
29448.000,6.219E-22
29449.000,6.251E-22
29450.000,6.270E-22
29451.000,6.300E-22
29452.000,6.314E-22
29453.000,6.368E-22
29454.000,6.387E-22
29455.000,6.388E-22
29456.000,6.404E-22
29457.000,6.404E-22
29458.000,6.415E-22
29459.000,6.409E-22
29460.000,6.422E-22
29461.000,6.423E-22
29462.000,6.409E-22
29463.000,6.410E-22
29464.000,6.410E-22
29465.000,6.388E-22
29466.000,6.351E-22
29467.000,6.328E-22
29468.000,6.302E-22
29469.000,6.269E-22
29470.000,6.243E-22
29471.000,6.214E-22
29472.000,6.156E-22
29473.000,6.033E-22
29474.000,5.948E-22
29475.000,5.854E-22
29476.000,5.756E-22
29477.000,5.660E-22
29478.000,5.573E-22
29479.000,5.479E-22
29480.000,5.332E-22
29481.000,5.253E-22
29482.000,5.180E-22
29483.000,5.125E-22
29484.000,5.082E-22
29485.000,5.041E-22
29486.000,4.988E-22
29487.000,4.969E-22
29488.000,4.970E-22
29489.000,4.961E-22
29490.000,4.957E-22
29491.000,4.951E-22
29492.000,4.948E-22
29493.000,4.945E-22
29494.000,4.951E-22
29495.000,4.977E-22
29496.000,4.988E-22
29497.000,5.014E-22
29498.000,5.032E-22
29499.000,5.069E-22
29500.000,5.088E-22
29501.000,5.086E-22
29502.000,5.084E-22
29503.000,5.089E-22
29504.000,5.102E-22
29505.000,5.124E-22
29506.000,5.213E-22
29507.000,5.256E-22
29508.000,5.275E-22
29509.000,5.302E-22
29510.000,5.316E-22
29511.000,5.311E-22
29512.000,5.329E-22
29513.000,5.370E-22
29514.000,5.389E-22
29515.000,5.395E-22
29516.000,5.406E-22
29517.000,5.426E-22
29518.000,5.432E-22
29519.000,5.467E-22
29520.000,5.534E-22
29521.000,5.577E-22
29522.000,5.616E-22
29523.000,5.642E-22
29524.000,5.687E-22
29525.000,5.730E-22
29526.000,5.788E-22
29527.000,5.880E-22
29528.000,5.926E-22
29529.000,5.955E-22
29530.000,5.971E-22
29531.000,5.993E-22
29532.000,6.017E-22
29533.000,6.046E-22
29534.000,6.112E-22
29535.000,6.154E-22
29536.000,6.189E-22
29537.000,6.256E-22
29538.000,6.325E-22
29539.000,6.385E-22
29540.000,6.536E-22
29541.000,6.613E-22
29542.000,6.683E-22
29543.000,6.748E-22
29544.000,6.833E-22
29545.000,6.892E-22
29546.000,6.941E-22
29547.000,7.065E-22
29548.000,7.152E-22
29549.000,7.253E-22
29550.000,7.369E-22
29551.000,7.482E-22
29552.000,7.603E-22
29553.000,7.695E-22
29554.000,7.890E-22
29555.000,7.983E-22
29556.000,8.057E-22
29557.000,8.129E-22
29558.000,8.194E-22
29559.000,8.287E-22
29560.000,8.359E-22
29561.000,8.574E-22
29562.000,8.695E-22
29563.000,8.825E-22
29564.000,8.967E-22
29565.000,9.120E-22
29566.000,9.300E-22
29567.000,9.482E-22
29568.000,9.816E-22
29569.000,9.972E-22
29570.000,1.011E-21
29571.000,1.024E-21
29572.000,1.034E-21
29573.000,1.044E-21
29574.000,1.055E-21
29575.000,1.079E-21
29576.000,1.095E-21
29577.000,1.111E-21
29578.000,1.130E-21
29579.000,1.149E-21
29580.000,1.168E-21
29581.000,1.187E-21
29582.000,1.220E-21
29583.000,1.235E-21
29584.000,1.248E-21
29585.000,1.264E-21
29586.000,1.284E-21
29587.000,1.307E-21
29588.000,1.330E-21
29589.000,1.380E-21
29590.000,1.403E-21
29591.000,1.424E-21
29592.000,1.444E-21
29593.000,1.462E-21
29594.000,1.479E-21
29595.000,1.494E-21
29596.000,1.529E-21
29597.000,1.547E-21
29598.000,1.568E-21
29599.000,1.591E-21
29600.000,1.614E-21
29601.000,1.637E-21
29602.000,1.663E-21
29603.000,1.721E-21
29604.000,1.749E-21
29605.000,1.781E-21
29606.000,1.809E-21
29607.000,1.836E-21
29608.000,1.860E-21
29609.000,1.884E-21
29610.000,1.932E-21
29611.000,1.956E-21
29612.000,1.985E-21
29613.000,2.012E-21
29614.000,2.040E-21
29615.000,2.067E-21
29616.000,2.095E-21
29617.000,2.150E-21
29618.000,2.178E-21
29619.000,2.212E-21
29620.000,2.247E-21
29621.000,2.285E-21
29622.000,2.325E-21
29623.000,2.363E-21
29624.000,2.430E-21
29625.000,2.458E-21
29626.000,2.481E-21
29627.000,2.505E-21
29628.000,2.532E-21
29629.000,2.562E-21
29630.000,2.597E-21
29631.000,2.635E-21
29632.000,2.708E-21
29633.000,2.743E-21
29634.000,2.778E-21
29635.000,2.814E-21
29636.000,2.852E-21
29637.000,2.890E-21
29638.000,2.926E-21
29639.000,2.991E-21
29640.000,3.018E-21
29641.000,3.044E-21
29642.000,3.070E-21
29643.000,3.101E-21
29644.000,3.134E-21
29645.000,3.168E-21
29646.000,3.241E-21
29647.000,3.269E-21
29648.000,3.293E-21
29649.000,3.312E-21
29650.000,3.328E-21
29651.000,3.340E-21
29652.000,3.351E-21
29653.000,3.373E-21
29654.000,3.381E-21
29655.000,3.389E-21
29656.000,3.392E-21
29657.000,3.388E-21
29658.000,3.376E-21
29659.000,3.357E-21
29660.000,3.331E-21
29661.000,3.260E-21
29662.000,3.213E-21
29663.000,3.156E-21
29664.000,3.088E-21
29665.000,3.005E-21
29666.000,2.909E-21
29667.000,2.801E-21
29668.000,2.564E-21
29669.000,2.439E-21
29670.000,2.320E-21
29671.000,2.209E-21
29672.000,2.110E-21
29673.000,2.022E-21
29674.000,1.945E-21
29675.000,1.825E-21
29676.000,1.776E-21
29677.000,1.736E-21
29678.000,1.703E-21
29679.000,1.677E-21
29680.000,1.654E-21
29681.000,1.635E-21
29682.000,1.619E-21
29683.000,1.591E-21
29684.000,1.580E-21
29685.000,1.570E-21
29686.000,1.562E-21
29687.000,1.554E-21
29688.000,1.548E-21
29689.000,1.542E-21
29690.000,1.537E-21
29691.000,1.536E-21
29692.000,1.537E-21
29693.000,1.539E-21
29694.000,1.542E-21
29695.000,1.547E-21
29696.000,1.553E-21
29697.000,1.562E-21
29698.000,1.578E-21
29699.000,1.585E-21
29700.000,1.594E-21
29701.000,1.602E-21
29702.000,1.612E-21
29703.000,1.623E-21
29704.000,1.636E-21
29705.000,1.661E-21
29706.000,1.673E-21
29707.000,1.685E-21
29708.000,1.697E-21
29709.000,1.708E-21
29710.000,1.719E-21
29711.000,1.730E-21
29712.000,1.742E-21
29713.000,1.764E-21
29714.000,1.774E-21
29715.000,1.783E-21
29716.000,1.791E-21
29717.000,1.797E-21
29718.000,1.802E-21
29719.000,1.808E-21
29720.000,1.810E-21
29721.000,1.810E-21
29722.000,1.807E-21
29723.000,1.804E-21
29724.000,1.798E-21
29725.000,1.789E-21
29726.000,1.778E-21
29727.000,1.763E-21
29728.000,1.724E-21
29729.000,1.698E-21
29730.000,1.668E-21
29731.000,1.633E-21
29732.000,1.591E-21
29733.000,1.547E-21
29734.000,1.503E-21
29735.000,1.410E-21
29736.000,1.364E-21
29737.000,1.317E-21
29738.000,1.271E-21
29739.000,1.227E-21
29740.000,1.187E-21
29741.000,1.150E-21
29742.000,1.113E-21
29743.000,1.052E-21
29744.000,1.024E-21
29745.000,9.986E-22
29746.000,9.767E-22
29747.000,9.576E-22
29748.000,9.370E-22
29749.000,9.165E-22
29750.000,8.995E-22
29751.000,8.677E-22
29752.000,8.527E-22
29753.000,8.394E-22
29754.000,8.268E-22
29755.000,8.136E-22
29756.000,8.017E-22
29757.000,7.896E-22
29758.000,7.727E-22
29759.000,7.664E-22
29760.000,7.602E-22
29761.000,7.557E-22
29762.000,7.504E-22
29763.000,7.473E-22
29764.000,7.422E-22
29765.000,7.404E-22
29766.000,7.368E-22
29767.000,7.352E-22
29768.000,7.351E-22
29769.000,7.331E-22
29770.000,7.334E-22
29771.000,7.345E-22
29772.000,7.363E-22
29773.000,7.362E-22
29774.000,7.412E-22
29775.000,7.435E-22
29776.000,7.448E-22
29777.000,7.472E-22
29778.000,7.531E-22
29779.000,7.574E-22
29780.000,7.608E-22
29781.000,7.659E-22
29782.000,7.718E-22
29783.000,7.736E-22
29784.000,7.763E-22
29785.000,7.805E-22
29786.000,7.823E-22
29787.000,7.844E-22
29788.000,7.870E-22
29789.000,7.899E-22
29790.000,7.948E-22
29791.000,7.985E-22
29792.000,8.028E-22
29793.000,8.054E-22
29794.000,8.081E-22
29795.000,8.098E-22
29796.000,8.112E-22
29797.000,8.102E-22
29798.000,8.095E-22
29799.000,8.098E-22
29800.000,8.092E-22
29801.000,8.087E-22
29802.000,8.080E-22
29803.000,8.074E-22
29804.000,8.068E-22
29805.000,8.057E-22
29806.000,8.064E-22
29807.000,8.076E-22
29808.000,8.077E-22
29809.000,8.078E-22
29810.000,8.090E-22
29811.000,8.094E-22
29812.000,8.108E-22
29813.000,8.178E-22
29814.000,8.230E-22
29815.000,8.270E-22
29816.000,8.311E-22
29817.000,8.362E-22
29818.000,8.402E-22
29819.000,8.443E-22
29820.000,8.495E-22
29821.000,8.590E-22
29822.000,8.632E-22
29823.000,8.662E-22
29824.000,8.712E-22
29825.000,8.759E-22
29826.000,8.821E-22
29827.000,8.898E-22
29828.000,8.985E-22
29829.000,9.157E-22
29830.000,9.229E-22
29831.000,9.321E-22
29832.000,9.408E-22
29833.000,9.505E-22
29834.000,9.615E-22
29835.000,9.730E-22
29836.000,9.853E-22
29837.000,1.008E-21
29838.000,1.020E-21
29839.000,1.032E-21
29840.000,1.044E-21
29841.000,1.056E-21
29842.000,1.069E-21
29843.000,1.083E-21
29844.000,1.097E-21
29845.000,1.109E-21
29846.000,1.135E-21
29847.000,1.149E-21
29848.000,1.164E-21
29849.000,1.178E-21
29850.000,1.194E-21
29851.000,1.208E-21
29852.000,1.220E-21
29853.000,1.232E-21
29854.000,1.255E-21
29855.000,1.266E-21
29856.000,1.278E-21
29857.000,1.293E-21
29858.000,1.309E-21
29859.000,1.328E-21
29860.000,1.348E-21
29861.000,1.369E-21
29862.000,1.414E-21
29863.000,1.437E-21
29864.000,1.459E-21
29865.000,1.481E-21
29866.000,1.502E-21
29867.000,1.517E-21
29868.000,1.532E-21
29869.000,1.545E-21
29870.000,1.571E-21
29871.000,1.584E-21
29872.000,1.600E-21
29873.000,1.619E-21
29874.000,1.639E-21
29875.000,1.661E-21
29876.000,1.683E-21
29877.000,1.705E-21
29878.000,1.726E-21
29879.000,1.761E-21
29880.000,1.777E-21
29881.000,1.791E-21
29882.000,1.805E-21
29883.000,1.821E-21
29884.000,1.837E-21
29885.000,1.854E-21
29886.000,1.873E-21
29887.000,1.913E-21
29888.000,1.932E-21
29889.000,1.952E-21
29890.000,1.970E-21
29891.000,1.984E-21
29892.000,1.993E-21
29893.000,2.000E-21
29894.000,2.004E-21
29895.000,2.008E-21
29896.000,2.014E-21
29897.000,2.022E-21
29898.000,2.033E-21
29899.000,2.049E-21
29900.000,2.069E-21
29901.000,2.093E-21
29902.000,2.119E-21
29903.000,2.146E-21
29904.000,2.199E-21
29905.000,2.224E-21
29906.000,2.250E-21
29907.000,2.276E-21
29908.000,2.303E-21
29909.000,2.330E-21
29910.000,2.359E-21
29911.000,2.387E-21
29912.000,2.446E-21
29913.000,2.476E-21
29914.000,2.506E-21
29915.000,2.539E-21
29916.000,2.574E-21
29917.000,2.610E-21
29918.000,2.648E-21
29919.000,2.687E-21
29920.000,2.725E-21
29921.000,2.808E-21
29922.000,2.852E-21
29923.000,2.900E-21
29924.000,2.948E-21
29925.000,2.995E-21
29926.000,3.040E-21
29927.000,3.082E-21
29928.000,3.121E-21
29929.000,3.196E-21
29930.000,3.234E-21
29931.000,3.274E-21
29932.000,3.316E-21
29933.000,3.362E-21
29934.000,3.413E-21
29935.000,3.468E-21
29936.000,3.527E-21
29937.000,3.584E-21
29938.000,3.690E-21
29939.000,3.739E-21
29940.000,3.785E-21
29941.000,3.832E-21
29942.000,3.881E-21
29943.000,3.932E-21
29944.000,3.986E-21
29945.000,4.037E-21
29946.000,4.134E-21
29947.000,4.183E-21
29948.000,4.232E-21
29949.000,4.287E-21
29950.000,4.344E-21
29951.000,4.402E-21
29952.000,4.458E-21
29953.000,4.510E-21
29954.000,4.557E-21
29955.000,4.633E-21
29956.000,4.672E-21
29957.000,4.712E-21
29958.000,4.753E-21
29959.000,4.796E-21
29960.000,4.838E-21
29961.000,4.877E-21
29962.000,4.910E-21
29963.000,4.939E-21
29964.000,4.976E-21
29965.000,4.988E-21
29966.000,4.997E-21
29967.000,5.005E-21
29968.000,5.013E-21
29969.000,5.019E-21
29970.000,5.022E-21
29971.000,5.016E-21
29972.000,5.000E-21
29973.000,4.939E-21
29974.000,4.892E-21
29975.000,4.835E-21
29976.000,4.765E-21
29977.000,4.681E-21
29978.000,4.580E-21
29979.000,4.461E-21
29980.000,4.322E-21
29981.000,4.162E-21
29982.000,3.795E-21
29983.000,3.604E-21
29984.000,3.417E-21
29985.000,3.240E-21
29986.000,3.079E-21
29987.000,2.933E-21
29988.000,2.805E-21
29989.000,2.690E-21
29990.000,2.592E-21
29991.000,2.439E-21
29992.000,2.379E-21
29993.000,2.328E-21
29994.000,2.283E-21
29995.000,2.244E-21
29996.000,2.210E-21
29997.000,2.180E-21
29998.000,2.154E-21
29999.000,2.112E-21
30000.000,2.094E-21
30001.000,2.078E-21
30002.000,2.065E-21
30003.000,2.056E-21
30004.000,2.048E-21
30005.000,2.043E-21
30006.000,2.041E-21
30007.000,2.040E-21
30008.000,2.042E-21
30009.000,2.044E-21
30010.000,2.046E-21
30011.000,2.050E-21
30012.000,2.054E-21
30013.000,2.060E-21
30014.000,2.066E-21
30015.000,2.073E-21
30016.000,2.078E-21
30017.000,2.084E-21
30018.000,2.091E-21
30019.000,2.093E-21
30020.000,2.093E-21
30021.000,2.092E-21
30022.000,2.090E-21
30023.000,2.090E-21
30024.000,2.089E-21
30025.000,2.087E-21
30026.000,2.085E-21
30027.000,2.082E-21
30028.000,2.080E-21
30029.000,2.076E-21
30030.000,2.072E-21
30031.000,2.067E-21
30032.000,2.060E-21
30033.000,2.053E-21
30034.000,2.046E-21
30035.000,2.037E-21
30036.000,2.017E-21
30037.000,2.006E-21
30038.000,1.995E-21
30039.000,1.981E-21
30040.000,1.967E-21
30041.000,1.948E-21
30042.000,1.928E-21
30043.000,1.905E-21
30044.000,1.880E-21
30045.000,1.823E-21
30046.000,1.792E-21
30047.000,1.759E-21
30048.000,1.724E-21
30049.000,1.688E-21
30050.000,1.653E-21
30051.000,1.619E-21
30052.000,1.589E-21
30053.000,1.561E-21
30054.000,1.515E-21
30055.000,1.495E-21
30056.000,1.477E-21
30057.000,1.460E-21
30058.000,1.444E-21
30059.000,1.430E-21
30060.000,1.418E-21
30061.000,1.407E-21
30062.000,1.399E-21
30063.000,1.394E-21
30064.000,1.392E-21
30065.000,1.394E-21
30066.000,1.396E-21
30067.000,1.398E-21
30068.000,1.400E-21
30069.000,1.402E-21
30070.000,1.406E-21
30071.000,1.411E-21
30072.000,1.416E-21
30073.000,1.428E-21
30074.000,1.431E-21
30075.000,1.433E-21
30076.000,1.434E-21
30077.000,1.438E-21
30078.000,1.443E-21
30079.000,1.451E-21
30080.000,1.462E-21
30081.000,1.475E-21
30082.000,1.486E-21
30083.000,1.504E-21
30084.000,1.514E-21
30085.000,1.523E-21
30086.000,1.535E-21
30087.000,1.549E-21
30088.000,1.562E-21
30089.000,1.574E-21
30090.000,1.585E-21
30091.000,1.597E-21
30092.000,1.622E-21
30093.000,1.640E-21
30094.000,1.658E-21
30095.000,1.678E-21
30096.000,1.699E-21
30097.000,1.722E-21
30098.000,1.743E-21
30099.000,1.764E-21
30100.000,1.781E-21
30101.000,1.800E-21
30102.000,1.826E-21
30103.000,1.834E-21
30104.000,1.843E-21
30105.000,1.851E-21
30106.000,1.862E-21
30107.000,1.877E-21
30108.000,1.897E-21
30109.000,1.921E-21
30110.000,1.947E-21
30111.000,1.975E-21
30112.000,2.035E-21
30113.000,2.066E-21
30114.000,2.095E-21
30115.000,2.121E-21
30116.000,2.146E-21
30117.000,2.167E-21
30118.000,2.187E-21
30119.000,2.209E-21
30120.000,2.233E-21
30121.000,2.286E-21
30122.000,2.313E-21
30123.000,2.339E-21
30124.000,2.368E-21
30125.000,2.395E-21
30126.000,2.428E-21
30127.000,2.464E-21
30128.000,2.498E-21
30129.000,2.530E-21
30130.000,2.557E-21
30131.000,2.607E-21
30132.000,2.634E-21
30133.000,2.668E-21
30134.000,2.706E-21
30135.000,2.750E-21
30136.000,2.800E-21
30137.000,2.852E-21
30138.000,2.905E-21
30139.000,2.956E-21
30140.000,3.001E-21
30141.000,3.064E-21
30142.000,3.088E-21
30143.000,3.115E-21
30144.000,3.146E-21
30145.000,3.180E-21
30146.000,3.220E-21
30147.000,3.265E-21
30148.000,3.314E-21
30149.000,3.366E-21
30150.000,3.420E-21
30151.000,3.531E-21
30152.000,3.587E-21
30153.000,3.644E-21
30154.000,3.702E-21
30155.000,3.758E-21
30156.000,3.810E-21
30157.000,3.857E-21
30158.000,3.900E-21
30159.000,3.945E-21
30160.000,3.990E-21
30161.000,4.088E-21
30162.000,4.138E-21
30163.000,4.190E-21
30164.000,4.244E-21
30165.000,4.298E-21
30166.000,4.356E-21
30167.000,4.415E-21
30168.000,4.478E-21
30169.000,4.546E-21
30170.000,4.620E-21
30171.000,4.784E-21
30172.000,4.867E-21
30173.000,4.944E-21
30174.000,5.007E-21
30175.000,5.062E-21
30176.000,5.113E-21
30177.000,5.169E-21
30178.000,5.237E-21
30179.000,5.316E-21
30180.000,5.404E-21
30181.000,5.574E-21
30182.000,5.646E-21
30183.000,5.713E-21
30184.000,5.781E-21
30185.000,5.856E-21
30186.000,5.937E-21
30187.000,6.023E-21
30188.000,6.105E-21
30189.000,6.176E-21
30190.000,6.235E-21
30191.000,6.288E-21
30192.000,6.421E-21
30193.000,6.509E-21
30194.000,6.605E-21
30195.000,6.701E-21
30196.000,6.787E-21
30197.000,6.862E-21
30198.000,6.921E-21
30199.000,6.966E-21
30200.000,7.001E-21
30201.000,7.034E-21
30202.000,7.115E-21
30203.000,7.165E-21
30204.000,7.215E-21
30205.000,7.252E-21
30206.000,7.270E-21
30207.000,7.263E-21
30208.000,7.240E-21
30209.000,7.207E-21
30210.000,7.173E-21
30211.000,7.134E-21
30212.000,7.028E-21
30213.000,6.948E-21
30214.000,6.837E-21
30215.000,6.692E-21
30216.000,6.510E-21
30217.000,6.298E-21
30218.000,6.067E-21
30219.000,5.831E-21
30220.000,5.602E-21
30221.000,5.393E-21
30222.000,5.205E-21
30223.000,4.907E-21
30224.000,4.795E-21
30225.000,4.707E-21
30226.000,4.640E-21
30227.000,4.592E-21
30228.000,4.563E-21
30229.000,4.546E-21
30230.000,4.537E-21
30231.000,4.532E-21
30232.000,4.530E-21
30233.000,4.524E-21
30234.000,4.524E-21
30235.000,4.528E-21
30236.000,4.538E-21
30237.000,4.553E-21
30238.000,4.574E-21
30239.000,4.602E-21
30240.000,4.630E-21
30241.000,4.661E-21
30242.000,4.694E-21
30243.000,4.729E-21
30244.000,4.812E-21
30245.000,4.859E-21
30246.000,4.911E-21
30247.000,4.962E-21
30248.000,5.012E-21
30249.000,5.058E-21
30250.000,5.100E-21
30251.000,5.142E-21
30252.000,5.186E-21
30253.000,5.232E-21
30254.000,5.284E-21
30255.000,5.393E-21
30256.000,5.447E-21
30257.000,5.500E-21
30258.000,5.551E-21
30259.000,5.602E-21
30260.000,5.651E-21
30261.000,5.698E-21
30262.000,5.745E-21
30263.000,5.789E-21
30264.000,5.830E-21
30265.000,5.868E-21
30266.000,5.939E-21
30267.000,5.968E-21
30268.000,5.992E-21
30269.000,6.013E-21
30270.000,6.026E-21
30271.000,6.037E-21
30272.000,6.042E-21
30273.000,6.043E-21
30274.000,6.033E-21
30275.000,6.014E-21
30276.000,5.987E-21
30277.000,5.899E-21
30278.000,5.842E-21
30279.000,5.774E-21
30280.000,5.686E-21
30281.000,5.581E-21
30282.000,5.452E-21
30283.000,5.301E-21
30284.000,5.126E-21
30285.000,4.934E-21
30286.000,4.725E-21
30287.000,4.512E-21
30288.000,4.093E-21
30289.000,3.901E-21
30290.000,3.727E-21
30291.000,3.568E-21
30292.000,3.429E-21
30293.000,3.303E-21
30294.000,3.194E-21
30295.000,3.097E-21
30296.000,3.014E-21
30297.000,2.941E-21
30298.000,2.878E-21
30299.000,2.777E-21
30300.000,2.735E-21
30301.000,2.697E-21
30302.000,2.663E-21
30303.000,2.634E-21
30304.000,2.604E-21
30305.000,2.578E-21
30306.000,2.555E-21
30307.000,2.536E-21
30308.000,2.519E-21
30309.000,2.504E-21
30310.000,2.480E-21
30311.000,2.471E-21
30312.000,2.463E-21
30313.000,2.458E-21
30314.000,2.459E-21
30315.000,2.467E-21
30316.000,2.475E-21
30317.000,2.486E-21
30318.000,2.500E-21
30319.000,2.514E-21
30320.000,2.525E-21
30321.000,2.544E-21
30322.000,2.551E-21
30323.000,2.554E-21
30324.000,2.560E-21
30325.000,2.566E-21
30326.000,2.572E-21
30327.000,2.582E-21
30328.000,2.592E-21
30329.000,2.601E-21
30330.000,2.607E-21
30331.000,2.615E-21
30332.000,2.623E-21
30333.000,2.635E-21
30334.000,2.642E-21
30335.000,2.647E-21
30336.000,2.649E-21
30337.000,2.649E-21
30338.000,2.648E-21
30339.000,2.645E-21
30340.000,2.643E-21
30341.000,2.639E-21
30342.000,2.636E-21
30343.000,2.632E-21
30344.000,2.616E-21
30345.000,2.603E-21
30346.000,2.587E-21
30347.000,2.570E-21
30348.000,2.548E-21
30349.000,2.528E-21
30350.000,2.507E-21
30351.000,2.488E-21
30352.000,2.475E-21
30353.000,2.462E-21
30354.000,2.450E-21
30355.000,2.439E-21
30356.000,2.422E-21
30357.000,2.415E-21
30358.000,2.413E-21
30359.000,2.413E-21
30360.000,2.414E-21
30361.000,2.413E-21
30362.000,2.413E-21
30363.000,2.416E-21
30364.000,2.421E-21
30365.000,2.427E-21
30366.000,2.434E-21
30367.000,2.444E-21
30368.000,2.466E-21
30369.000,2.483E-21
30370.000,2.500E-21
30371.000,2.521E-21
30372.000,2.542E-21
30373.000,2.565E-21
30374.000,2.588E-21
30375.000,2.612E-21
30376.000,2.636E-21
30377.000,2.658E-21
30378.000,2.679E-21
30379.000,2.698E-21
30380.000,2.731E-21
30381.000,2.747E-21
30382.000,2.765E-21
30383.000,2.785E-21
30384.000,2.806E-21
30385.000,2.831E-21
30386.000,2.859E-21
30387.000,2.889E-21
30388.000,2.922E-21
30389.000,2.958E-21
30390.000,2.993E-21
30391.000,3.027E-21
30392.000,3.085E-21
30393.000,3.112E-21
30394.000,3.139E-21
30395.000,3.168E-21
30396.000,3.202E-21
30397.000,3.239E-21
30398.000,3.278E-21
30399.000,3.318E-21
30400.000,3.359E-21
30401.000,3.404E-21
30402.000,3.447E-21
30403.000,3.492E-21
30404.000,3.574E-21
30405.000,3.609E-21
30406.000,3.637E-21
30407.000,3.665E-21
30408.000,3.694E-21
30409.000,3.725E-21
30410.000,3.763E-21
30411.000,3.804E-21
30412.000,3.847E-21
30413.000,3.897E-21
30414.000,3.952E-21
30415.000,4.015E-21
30416.000,4.150E-21
30417.000,4.214E-21
30418.000,4.271E-21
30419.000,4.322E-21
30420.000,4.371E-21
30421.000,4.422E-21
30422.000,4.478E-21
30423.000,4.536E-21
30424.000,4.598E-21
30425.000,4.664E-21
30426.000,4.728E-21
30427.000,4.792E-21
30428.000,4.854E-21
30429.000,4.972E-21
30430.000,5.031E-21
30431.000,5.091E-21
30432.000,5.158E-21
30433.000,5.230E-21
30434.000,5.308E-21
30435.000,5.389E-21
30436.000,5.472E-21
30437.000,5.557E-21
30438.000,5.644E-21
30439.000,5.732E-21
30440.000,5.819E-21
30441.000,5.991E-21
30442.000,6.072E-21
30443.000,6.147E-21
30444.000,6.220E-21
30445.000,6.290E-21
30446.000,6.366E-21
30447.000,6.442E-21
30448.000,6.525E-21
30449.000,6.614E-21
30450.000,6.708E-21
30451.000,6.800E-21
30452.000,6.892E-21
30453.000,6.987E-21
30454.000,7.187E-21
30455.000,7.299E-21
30456.000,7.420E-21
30457.000,7.545E-21
30458.000,7.669E-21
30459.000,7.784E-21
30460.000,7.889E-21
30461.000,7.980E-21
30462.000,8.063E-21
30463.000,8.148E-21
30464.000,8.239E-21
30465.000,8.343E-21
30466.000,8.465E-21
30467.000,8.745E-21
30468.000,8.891E-21
30469.000,9.032E-21
30470.000,9.168E-21
30471.000,9.294E-21
30472.000,9.413E-21
30473.000,9.531E-21
30474.000,9.649E-21
30475.000,9.767E-21
30476.000,9.888E-21
30477.000,1.001E-20
30478.000,1.013E-20
30479.000,1.025E-20
30480.000,1.049E-20
30481.000,1.062E-20
30482.000,1.077E-20
30483.000,1.091E-20
30484.000,1.104E-20
30485.000,1.116E-20
30486.000,1.125E-20
30487.000,1.133E-20
30488.000,1.140E-20
30489.000,1.147E-20
30490.000,1.155E-20
30491.000,1.163E-20
30492.000,1.172E-20
30493.000,1.187E-20
30494.000,1.193E-20
30495.000,1.197E-20
30496.000,1.197E-20
30497.000,1.195E-20
30498.000,1.190E-20
30499.000,1.183E-20
30500.000,1.174E-20
30501.000,1.164E-20
30502.000,1.153E-20
30503.000,1.140E-20
30504.000,1.125E-20
30505.000,1.108E-20
30506.000,1.070E-20
30507.000,1.049E-20
30508.000,1.029E-20
30509.000,1.009E-20
30510.000,9.879E-21
30511.000,9.660E-21
30512.000,9.425E-21
30513.000,9.162E-21
30514.000,8.867E-21
30515.000,8.543E-21
30516.000,8.207E-21
30517.000,7.872E-21
30518.000,7.554E-21
30519.000,7.268E-21
30520.000,6.809E-21
30521.000,6.635E-21
30522.000,6.490E-21
30523.000,6.376E-21
30524.000,6.287E-21
30525.000,6.222E-21
30526.000,6.176E-21
30527.000,6.145E-21
30528.000,6.120E-21
30529.000,6.104E-21
30530.000,6.093E-21
30531.000,6.090E-21
30532.000,6.092E-21
30533.000,6.112E-21
30534.000,6.129E-21
30535.000,6.150E-21
30536.000,6.175E-21
30537.000,6.204E-21
30538.000,6.240E-21
30539.000,6.281E-21
30540.000,6.325E-21
30541.000,6.370E-21
30542.000,6.416E-21
30543.000,6.464E-21
30544.000,6.507E-21
30545.000,6.551E-21
30546.000,6.601E-21
30547.000,6.710E-21
30548.000,6.764E-21
30549.000,6.817E-21
30550.000,6.867E-21
30551.000,6.915E-21
30552.000,6.960E-21
30553.000,7.007E-21
30554.000,7.053E-21
30555.000,7.095E-21
30556.000,7.128E-21
30557.000,7.158E-21
30558.000,7.183E-21
30559.000,7.208E-21
30560.000,7.225E-21
30561.000,7.259E-21
30562.000,7.274E-21
30563.000,7.280E-21
30564.000,7.278E-21
30565.000,7.269E-21
30566.000,7.249E-21
30567.000,7.215E-21
30568.000,7.176E-21
30569.000,7.130E-21
30570.000,7.075E-21
30571.000,7.014E-21
30572.000,6.945E-21
30573.000,6.866E-21
30574.000,6.775E-21
30575.000,6.545E-21
30576.000,6.403E-21
30577.000,6.245E-21
30578.000,6.079E-21
30579.000,5.904E-21
30580.000,5.729E-21
30581.000,5.557E-21
30582.000,5.391E-21
30583.000,5.235E-21
30584.000,5.085E-21
30585.000,4.949E-21
30586.000,4.823E-21
30587.000,4.709E-21
30588.000,4.608E-21
30589.000,4.518E-21
30590.000,4.369E-21
30591.000,4.309E-21
30592.000,4.261E-21
30593.000,4.223E-21
30594.000,4.196E-21
30595.000,4.178E-21
30596.000,4.162E-21
30597.000,4.148E-21
30598.000,4.132E-21
30599.000,4.117E-21
30600.000,4.101E-21
30601.000,4.091E-21
30602.000,4.087E-21
30603.000,4.089E-21
30604.000,4.096E-21
30605.000,4.118E-21
30606.000,4.134E-21
30607.000,4.153E-21
30608.000,4.179E-21
30609.000,4.206E-21
30610.000,4.233E-21
30611.000,4.255E-21
30612.000,4.270E-21
30613.000,4.279E-21
30614.000,4.286E-21
30615.000,4.294E-21
30616.000,4.304E-21
30617.000,4.321E-21
30618.000,4.349E-21
30619.000,4.422E-21
30620.000,4.464E-21
30621.000,4.506E-21
30622.000,4.544E-21
30623.000,4.577E-21
30624.000,4.598E-21
30625.000,4.617E-21
30626.000,4.633E-21
30627.000,4.653E-21
30628.000,4.677E-21
30629.000,4.711E-21
30630.000,4.753E-21
30631.000,4.795E-21
30632.000,4.829E-21
30633.000,4.860E-21
30634.000,4.888E-21
30635.000,4.949E-21
30636.000,4.988E-21
30637.000,5.026E-21
30638.000,5.061E-21
30639.000,5.085E-21
30640.000,5.094E-21
30641.000,5.098E-21
30642.000,5.100E-21
30643.000,5.107E-21
30644.000,5.126E-21
30645.000,5.161E-21
30646.000,5.211E-21
30647.000,5.269E-21
30648.000,5.327E-21
30649.000,5.381E-21
30650.000,5.451E-21
30651.000,5.470E-21
30652.000,5.486E-21
30653.000,5.509E-21
30654.000,5.543E-21
30655.000,5.587E-21
30656.000,5.641E-21
30657.000,5.701E-21
30658.000,5.760E-21
30659.000,5.813E-21
30660.000,5.866E-21
30661.000,5.923E-21
30662.000,5.981E-21
30663.000,6.042E-21
30664.000,6.110E-21
30665.000,6.249E-21
30666.000,6.310E-21
30667.000,6.371E-21
30668.000,6.438E-21
30669.000,6.513E-21
30670.000,6.599E-21
30671.000,6.693E-21
30672.000,6.783E-21
30673.000,6.866E-21
30674.000,6.935E-21
30675.000,6.997E-21
30676.000,7.051E-21
30677.000,7.102E-21
30678.000,7.156E-21
30679.000,7.217E-21
30680.000,7.293E-21
30681.000,7.522E-21
30682.000,7.676E-21
30683.000,7.840E-21
30684.000,7.996E-21
30685.000,8.130E-21
30686.000,8.229E-21
30687.000,8.295E-21
30688.000,8.346E-21
30689.000,8.398E-21
30690.000,8.469E-21
30691.000,8.565E-21
30692.000,8.676E-21
30693.000,8.798E-21
30694.000,8.906E-21
30695.000,9.005E-21
30696.000,9.110E-21
30697.000,9.231E-21
30698.000,9.564E-21
30699.000,9.733E-21
30700.000,9.877E-21
30701.000,9.978E-21
30702.000,1.005E-20
30703.000,1.011E-20
30704.000,1.020E-20
30705.000,1.031E-20
30706.000,1.044E-20
30707.000,1.059E-20
30708.000,1.075E-20
30709.000,1.090E-20
30710.000,1.105E-20
30711.000,1.120E-20
30712.000,1.132E-20
30713.000,1.141E-20
30714.000,1.154E-20
30715.000,1.160E-20
30716.000,1.167E-20
30717.000,1.176E-20
30718.000,1.185E-20
30719.000,1.195E-20
30720.000,1.203E-20
30721.000,1.210E-20
30722.000,1.216E-20
30723.000,1.220E-20
30724.000,1.223E-20
30725.000,1.223E-20
30726.000,1.221E-20
30727.000,1.216E-20
30728.000,1.208E-20
30729.000,1.196E-20
30730.000,1.180E-20
30731.000,1.134E-20
30732.000,1.109E-20
30733.000,1.087E-20
30734.000,1.069E-20
30735.000,1.057E-20
30736.000,1.050E-20
30737.000,1.047E-20
30738.000,1.049E-20
30739.000,1.053E-20
30740.000,1.057E-20
30741.000,1.062E-20
30742.000,1.065E-20
30743.000,1.068E-20
30744.000,1.072E-20
30745.000,1.079E-20
30746.000,1.088E-20
30747.000,1.100E-20
30748.000,1.126E-20
30749.000,1.138E-20
30750.000,1.148E-20
30751.000,1.157E-20
30752.000,1.167E-20
30753.000,1.179E-20
30754.000,1.194E-20
30755.000,1.212E-20
30756.000,1.233E-20
30757.000,1.252E-20
30758.000,1.270E-20
30759.000,1.284E-20
30760.000,1.296E-20
30761.000,1.307E-20
30762.000,1.320E-20
30763.000,1.335E-20
30764.000,1.354E-20
30765.000,1.394E-20
30766.000,1.413E-20
30767.000,1.429E-20
30768.000,1.443E-20
30769.000,1.457E-20
30770.000,1.471E-20
30771.000,1.485E-20
30772.000,1.498E-20
30773.000,1.511E-20
30774.000,1.525E-20
30775.000,1.540E-20
30776.000,1.556E-20
30777.000,1.571E-20
30778.000,1.585E-20
30779.000,1.599E-20
30780.000,1.610E-20
30781.000,1.619E-20
30782.000,1.626E-20
30783.000,1.636E-20
30784.000,1.640E-20
30785.000,1.643E-20
30786.000,1.643E-20
30787.000,1.640E-20
30788.000,1.633E-20
30789.000,1.620E-20
30790.000,1.605E-20
30791.000,1.585E-20
30792.000,1.561E-20
30793.000,1.531E-20
30794.000,1.494E-20
30795.000,1.449E-20
30796.000,1.398E-20
30797.000,1.341E-20
30798.000,1.281E-20
30799.000,1.224E-20
30800.000,1.170E-20
30801.000,1.122E-20
30802.000,1.044E-20
30803.000,1.014E-20
30804.000,9.883E-21
30805.000,9.664E-21
30806.000,9.484E-21
30807.000,9.334E-21
30808.000,9.207E-21
30809.000,9.101E-21
30810.000,9.010E-21
30811.000,8.939E-21
30812.000,8.881E-21
30813.000,8.833E-21
30814.000,8.799E-21
30815.000,8.777E-21
30816.000,8.769E-21
30817.000,8.769E-21
30818.000,8.776E-21
30819.000,8.782E-21
30820.000,8.784E-21
30821.000,8.783E-21
30822.000,8.782E-21
30823.000,8.786E-21
30824.000,8.792E-21
30825.000,8.798E-21
30826.000,8.803E-21
30827.000,8.809E-21
30828.000,8.813E-21
30829.000,8.821E-21
30830.000,8.835E-21
30831.000,8.854E-21
30832.000,8.879E-21
30833.000,8.910E-21
30834.000,8.946E-21
30835.000,8.981E-21
30836.000,9.013E-21
30837.000,9.044E-21
30838.000,9.067E-21
30839.000,9.092E-21
30840.000,9.097E-21
30841.000,9.098E-21
30842.000,9.099E-21
30843.000,9.097E-21
30844.000,9.092E-21
30845.000,9.078E-21
30846.000,9.053E-21
30847.000,9.016E-21
30848.000,8.971E-21
30849.000,8.923E-21
30850.000,8.875E-21
30851.000,8.825E-21
30852.000,8.769E-21
30853.000,8.699E-21
30854.000,8.608E-21
30855.000,8.494E-21
30856.000,8.368E-21
30857.000,8.236E-21
30858.000,8.102E-21
30859.000,7.856E-21
30860.000,7.737E-21
30861.000,7.623E-21
30862.000,7.507E-21
30863.000,7.395E-21
30864.000,7.283E-21
30865.000,7.173E-21
30866.000,7.069E-21
30867.000,6.971E-21
30868.000,6.882E-21
30869.000,6.805E-21
30870.000,6.738E-21
30871.000,6.686E-21
30872.000,6.638E-21
30873.000,6.601E-21
30874.000,6.576E-21
30875.000,6.562E-21
30876.000,6.562E-21
30877.000,6.576E-21
30878.000,6.598E-21
30879.000,6.633E-21
30880.000,6.639E-21
30881.000,6.637E-21
30882.000,6.633E-21
30883.000,6.635E-21
30884.000,6.649E-21
30885.000,6.673E-21
30886.000,6.696E-21
30887.000,6.726E-21
30888.000,6.760E-21
30889.000,6.804E-21
30890.000,6.862E-21
30891.000,6.925E-21
30892.000,6.990E-21
30893.000,7.049E-21
30894.000,7.090E-21
30895.000,7.118E-21
30896.000,7.143E-21
30897.000,7.169E-21
30898.000,7.207E-21
30899.000,7.249E-21
30900.000,7.369E-21
30901.000,7.444E-21
30902.000,7.534E-21
30903.000,7.646E-21
30904.000,7.760E-21
30905.000,7.872E-21
30906.000,7.965E-21
30907.000,8.039E-21
30908.000,8.090E-21
30909.000,8.129E-21
30910.000,8.165E-21
30911.000,8.207E-21
30912.000,8.248E-21
30913.000,8.293E-21
30914.000,8.353E-21
30915.000,8.434E-21
30916.000,8.531E-21
30917.000,8.654E-21
30918.000,8.781E-21
30919.000,8.899E-21
30920.000,8.989E-21
30921.000,9.053E-21
30922.000,9.160E-21
30923.000,9.225E-21
30924.000,9.316E-21
30925.000,9.422E-21
30926.000,9.541E-21
30927.000,9.664E-21
30928.000,9.790E-21
30929.000,9.910E-21
30930.000,1.002E-20
30931.000,1.011E-20
30932.000,1.019E-20
30933.000,1.028E-20
30934.000,1.037E-20
30935.000,1.047E-20
30936.000,1.059E-20
30937.000,1.069E-20
30938.000,1.079E-20
30939.000,1.090E-20
30940.000,1.102E-20
30941.000,1.116E-20
30942.000,1.130E-20
30943.000,1.145E-20
30944.000,1.178E-20
30945.000,1.194E-20
30946.000,1.210E-20
30947.000,1.224E-20
30948.000,1.236E-20
30949.000,1.247E-20
30950.000,1.259E-20
30951.000,1.274E-20
30952.000,1.293E-20
30953.000,1.315E-20
30954.000,1.338E-20
30955.000,1.360E-20
30956.000,1.377E-20
30957.000,1.392E-20
30958.000,1.405E-20
30959.000,1.418E-20
30960.000,1.432E-20
30961.000,1.451E-20
30962.000,1.474E-20
30963.000,1.501E-20
30964.000,1.527E-20
30965.000,1.549E-20
30966.000,1.566E-20
30967.000,1.589E-20
30968.000,1.602E-20
30969.000,1.620E-20
30970.000,1.644E-20
30971.000,1.671E-20
30972.000,1.697E-20
30973.000,1.721E-20
30974.000,1.742E-20
30975.000,1.761E-20
30976.000,1.781E-20
30977.000,1.800E-20
30978.000,1.820E-20
30979.000,1.840E-20
30980.000,1.860E-20
30981.000,1.882E-20
30982.000,1.903E-20
30983.000,1.923E-20
30984.000,1.942E-20
30985.000,1.960E-20
30986.000,1.975E-20
30987.000,1.990E-20
30988.000,2.004E-20
30989.000,2.018E-20
30990.000,2.050E-20
30991.000,2.067E-20
30992.000,2.082E-20
30993.000,2.093E-20
30994.000,2.098E-20
30995.000,2.097E-20
30996.000,2.091E-20
30997.000,2.083E-20
30998.000,2.071E-20
30999.000,2.056E-20
31000.000,2.036E-20
31001.000,2.009E-20
31002.000,1.974E-20
31003.000,1.934E-20
31004.000,1.889E-20
31005.000,1.842E-20
31006.000,1.794E-20
31007.000,1.751E-20
31008.000,1.715E-20
31009.000,1.685E-20
31010.000,1.663E-20
31011.000,1.649E-20
31012.000,1.640E-20
31013.000,1.636E-20
31014.000,1.636E-20
31015.000,1.640E-20
31016.000,1.643E-20
31017.000,1.647E-20
31018.000,1.653E-20
31019.000,1.661E-20
31020.000,1.672E-20
31021.000,1.687E-20
31022.000,1.704E-20
31023.000,1.723E-20
31024.000,1.741E-20
31025.000,1.758E-20
31026.000,1.774E-20
31027.000,1.789E-20
31028.000,1.805E-20
31029.000,1.822E-20
31030.000,1.840E-20
31031.000,1.859E-20
31032.000,1.878E-20
31033.000,1.899E-20
31034.000,1.920E-20
31035.000,1.941E-20
31036.000,1.961E-20
31037.000,1.982E-20
31038.000,2.000E-20
31039.000,2.018E-20
31040.000,2.034E-20
31041.000,2.066E-20
31042.000,2.081E-20
31043.000,2.096E-20
31044.000,2.111E-20
31045.000,2.127E-20
31046.000,2.142E-20
31047.000,2.156E-20
31048.000,2.168E-20
31049.000,2.178E-20
31050.000,2.184E-20
31051.000,2.187E-20
31052.000,2.188E-20
31053.000,2.185E-20
31054.000,2.179E-20
31055.000,2.170E-20
31056.000,2.158E-20
31057.000,2.142E-20
31058.000,2.124E-20
31059.000,2.103E-20
31060.000,2.078E-20
31061.000,2.046E-20
31062.000,2.008E-20
31063.000,1.962E-20
31064.000,1.911E-20
31065.000,1.854E-20
31066.000,1.796E-20
31067.000,1.739E-20
31068.000,1.629E-20
31069.000,1.579E-20
31070.000,1.533E-20
31071.000,1.492E-20
31072.000,1.455E-20
31073.000,1.423E-20
31074.000,1.394E-20
31075.000,1.370E-20
31076.000,1.348E-20
31077.000,1.329E-20
31078.000,1.313E-20
31079.000,1.298E-20
31080.000,1.286E-20
31081.000,1.276E-20
31082.000,1.267E-20
31083.000,1.259E-20
31084.000,1.253E-20
31085.000,1.247E-20
31086.000,1.242E-20
31087.000,1.237E-20
31088.000,1.235E-20
31089.000,1.234E-20
31090.000,1.233E-20
31091.000,1.234E-20
31092.000,1.236E-20
31093.000,1.237E-20
31094.000,1.239E-20
31095.000,1.244E-20
31096.000,1.255E-20
31097.000,1.261E-20
31098.000,1.267E-20
31099.000,1.274E-20
31100.000,1.279E-20
31101.000,1.285E-20
31102.000,1.290E-20
31103.000,1.293E-20
31104.000,1.295E-20
31105.000,1.297E-20
31106.000,1.299E-20
31107.000,1.301E-20
31108.000,1.304E-20
31109.000,1.308E-20
31110.000,1.311E-20
31111.000,1.315E-20
31112.000,1.318E-20
31113.000,1.320E-20
31114.000,1.322E-20
31115.000,1.322E-20
31116.000,1.320E-20
31117.000,1.316E-20
31118.000,1.310E-20
31119.000,1.305E-20
31120.000,1.300E-20
31121.000,1.294E-20
31122.000,1.290E-20
31123.000,1.286E-20
31124.000,1.282E-20
31125.000,1.278E-20
31126.000,1.272E-20
31127.000,1.270E-20
31128.000,1.265E-20
31129.000,1.261E-20
31130.000,1.255E-20
31131.000,1.249E-20
31132.000,1.244E-20
31133.000,1.239E-20
31134.000,1.234E-20
31135.000,1.231E-20
31136.000,1.228E-20
31137.000,1.227E-20
31138.000,1.226E-20
31139.000,1.228E-20
31140.000,1.230E-20
31141.000,1.234E-20
31142.000,1.236E-20
31143.000,1.238E-20
31144.000,1.239E-20
31145.000,1.239E-20
31146.000,1.238E-20
31147.000,1.238E-20
31148.000,1.239E-20
31149.000,1.241E-20
31150.000,1.245E-20
31151.000,1.251E-20
31152.000,1.259E-20
31153.000,1.268E-20
31154.000,1.278E-20
31155.000,1.287E-20
31156.000,1.297E-20
31157.000,1.306E-20
31158.000,1.316E-20
31159.000,1.336E-20
31160.000,1.346E-20
31161.000,1.355E-20
31162.000,1.363E-20
31163.000,1.372E-20
31164.000,1.382E-20
31165.000,1.395E-20
31166.000,1.413E-20
31167.000,1.433E-20
31168.000,1.453E-20
31169.000,1.472E-20
31170.000,1.487E-20
31171.000,1.499E-20
31172.000,1.509E-20
31173.000,1.518E-20
31174.000,1.528E-20
31175.000,1.541E-20
31176.000,1.554E-20
31177.000,1.571E-20
31178.000,1.588E-20
31179.000,1.605E-20
31180.000,1.624E-20
31181.000,1.643E-20
31182.000,1.663E-20
31183.000,1.682E-20
31184.000,1.699E-20
31185.000,1.716E-20
31186.000,1.731E-20
31187.000,1.746E-20
31188.000,1.760E-20
31189.000,1.772E-20
31190.000,1.786E-20
31191.000,1.797E-20
31192.000,1.809E-20
31193.000,1.835E-20
31194.000,1.847E-20
31195.000,1.858E-20
31196.000,1.868E-20
31197.000,1.875E-20
31198.000,1.878E-20
31199.000,1.880E-20
31200.000,1.878E-20
31201.000,1.875E-20
31202.000,1.869E-20
31203.000,1.864E-20
31204.000,1.862E-20
31205.000,1.863E-20
31206.000,1.871E-20
31207.000,1.884E-20
31208.000,1.899E-20
31209.000,1.916E-20
31210.000,1.932E-20
31211.000,1.947E-20
31212.000,1.961E-20
31213.000,1.975E-20
31214.000,1.992E-20
31215.000,2.012E-20
31216.000,2.035E-20
31217.000,2.061E-20
31218.000,2.087E-20
31219.000,2.111E-20
31220.000,2.133E-20
31221.000,2.153E-20
31222.000,2.172E-20
31223.000,2.192E-20
31224.000,2.217E-20
31225.000,2.246E-20
31226.000,2.278E-20
31227.000,2.308E-20
31228.000,2.338E-20
31229.000,2.363E-20
31230.000,2.386E-20
31231.000,2.428E-20
31232.000,2.452E-20
31233.000,2.477E-20
31234.000,2.505E-20
31235.000,2.533E-20
31236.000,2.561E-20
31237.000,2.587E-20
31238.000,2.611E-20
31239.000,2.635E-20
31240.000,2.659E-20
31241.000,2.682E-20
31242.000,2.705E-20
31243.000,2.727E-20
31244.000,2.747E-20
31245.000,2.768E-20
31246.000,2.787E-20
31247.000,2.804E-20
31248.000,2.818E-20
31249.000,2.829E-20
31250.000,2.835E-20
31251.000,2.836E-20
31252.000,2.833E-20
31253.000,2.826E-20
31254.000,2.816E-20
31255.000,2.801E-20
31256.000,2.781E-20
31257.000,2.757E-20
31258.000,2.725E-20
31259.000,2.685E-20
31260.000,2.638E-20
31261.000,2.587E-20
31262.000,2.536E-20
31263.000,2.486E-20
31264.000,2.441E-20
31265.000,2.403E-20
31266.000,2.374E-20
31267.000,2.350E-20
31268.000,2.334E-20
31269.000,2.324E-20
31270.000,2.319E-20
31271.000,2.318E-20
31272.000,2.323E-20
31273.000,2.327E-20
31274.000,2.332E-20
31275.000,2.341E-20
31276.000,2.350E-20
31277.000,2.360E-20
31278.000,2.372E-20
31279.000,2.384E-20
31280.000,2.398E-20
31281.000,2.412E-20
31282.000,2.427E-20
31283.000,2.442E-20
31284.000,2.456E-20
31285.000,2.469E-20
31286.000,2.483E-20
31287.000,2.496E-20
31288.000,2.512E-20
31289.000,2.527E-20
31290.000,2.543E-20
31291.000,2.559E-20
31292.000,2.573E-20
31293.000,2.587E-20
31294.000,2.599E-20
31295.000,2.609E-20
31296.000,2.619E-20
31297.000,2.627E-20
31298.000,2.637E-20
31299.000,2.644E-20
31300.000,2.651E-20
31301.000,2.655E-20
31302.000,2.658E-20
31303.000,2.659E-20
31304.000,2.656E-20
31305.000,2.650E-20
31306.000,2.642E-20
31307.000,2.629E-20
31308.000,2.612E-20
31309.000,2.591E-20
31310.000,2.568E-20
31311.000,2.540E-20
31312.000,2.510E-20
31313.000,2.478E-20
31314.000,2.444E-20
31315.000,2.407E-20
31316.000,2.369E-20
31317.000,2.329E-20
31318.000,2.288E-20
31319.000,2.246E-20
31320.000,2.165E-20
31321.000,2.127E-20
31322.000,2.093E-20
31323.000,2.063E-20
31324.000,2.035E-20
31325.000,2.009E-20
31326.000,1.985E-20
31327.000,1.962E-20
31328.000,1.941E-20
31329.000,1.920E-20
31330.000,1.902E-20
31331.000,1.886E-20
31332.000,1.872E-20
31333.000,1.861E-20
31334.000,1.852E-20
31335.000,1.845E-20
31336.000,1.840E-20
31337.000,1.837E-20
31338.000,1.836E-20
31339.000,1.836E-20
31340.000,1.837E-20
31341.000,1.837E-20
31342.000,1.838E-20
31343.000,1.839E-20
31344.000,1.840E-20
31345.000,1.843E-20
31346.000,1.846E-20
31347.000,1.850E-20
31348.000,1.855E-20
31349.000,1.861E-20
31350.000,1.869E-20
31351.000,1.879E-20
31352.000,1.891E-20
31353.000,1.903E-20
31354.000,1.915E-20
31355.000,1.924E-20
31356.000,1.933E-20
31357.000,1.940E-20
31358.000,1.946E-20
31359.000,1.953E-20
31360.000,1.961E-20
31361.000,1.969E-20
31362.000,1.979E-20
31363.000,1.988E-20
31364.000,1.998E-20
31365.000,2.008E-20
31366.000,2.017E-20
31367.000,2.026E-20
31368.000,2.033E-20
31369.000,2.040E-20
31370.000,2.046E-20
31371.000,2.052E-20
31372.000,2.060E-20
31373.000,2.068E-20
31374.000,2.076E-20
31375.000,2.084E-20
31376.000,2.092E-20
31377.000,2.106E-20
31378.000,2.113E-20
31379.000,2.120E-20
31380.000,2.126E-20
31381.000,2.131E-20
31382.000,2.136E-20
31383.000,2.141E-20
31384.000,2.145E-20
31385.000,2.149E-20
31386.000,2.153E-20
31387.000,2.156E-20
31388.000,2.158E-20
31389.000,2.161E-20
31390.000,2.164E-20
31391.000,2.168E-20
31392.000,2.171E-20
31393.000,2.174E-20
31394.000,2.175E-20
31395.000,2.178E-20
31396.000,2.181E-20
31397.000,2.185E-20
31398.000,2.192E-20
31399.000,2.200E-20
31400.000,2.212E-20
31401.000,2.227E-20
31402.000,2.241E-20
31403.000,2.255E-20
31404.000,2.266E-20
31405.000,2.274E-20
31406.000,2.281E-20
31407.000,2.288E-20
31408.000,2.299E-20
31409.000,2.316E-20
31410.000,2.339E-20
31411.000,2.363E-20
31412.000,2.387E-20
31413.000,2.408E-20
31414.000,2.426E-20
31415.000,2.442E-20
31416.000,2.457E-20
31417.000,2.475E-20
31418.000,2.496E-20
31419.000,2.517E-20
31420.000,2.540E-20
31421.000,2.562E-20
31422.000,2.584E-20
31423.000,2.605E-20
31424.000,2.626E-20
31425.000,2.649E-20
31426.000,2.670E-20
31427.000,2.692E-20
31428.000,2.713E-20
31429.000,2.732E-20
31430.000,2.752E-20
31431.000,2.772E-20
31432.000,2.795E-20
31433.000,2.818E-20
31434.000,2.839E-20
31435.000,2.861E-20
31436.000,2.879E-20
31437.000,2.895E-20
31438.000,2.908E-20
31439.000,2.921E-20
31440.000,2.932E-20
31441.000,2.940E-20
31442.000,2.946E-20
31443.000,2.948E-20
31444.000,2.946E-20
31445.000,2.941E-20
31446.000,2.933E-20
31447.000,2.925E-20
31448.000,2.918E-20
31449.000,2.914E-20
31450.000,2.914E-20
31451.000,2.924E-20
31452.000,2.936E-20
31453.000,2.950E-20
31454.000,2.965E-20
31455.000,2.979E-20
31456.000,2.994E-20
31457.000,3.010E-20
31458.000,3.028E-20
31459.000,3.045E-20
31460.000,3.068E-20
31461.000,3.092E-20
31462.000,3.118E-20
31463.000,3.143E-20
31464.000,3.171E-20
31465.000,3.200E-20
31466.000,3.230E-20
31467.000,3.260E-20
31468.000,3.289E-20
31469.000,3.318E-20
31470.000,3.344E-20
31471.000,3.367E-20
31472.000,3.389E-20
31473.000,3.412E-20
31474.000,3.434E-20
31475.000,3.457E-20
31476.000,3.481E-20
31477.000,3.505E-20
31478.000,3.527E-20
31479.000,3.545E-20
31480.000,3.561E-20
31481.000,3.575E-20
31482.000,3.586E-20
31483.000,3.596E-20
31484.000,3.604E-20
31485.000,3.610E-20
31486.000,3.614E-20
31487.000,3.613E-20
31488.000,3.611E-20
31489.000,3.604E-20
31490.000,3.591E-20
31491.000,3.572E-20
31492.000,3.546E-20
31493.000,3.515E-20
31494.000,3.479E-20
31495.000,3.439E-20
31496.000,3.395E-20
31497.000,3.350E-20
31498.000,3.304E-20
31499.000,3.261E-20
31500.000,3.224E-20
31501.000,3.190E-20
31502.000,3.160E-20
31503.000,3.136E-20
31504.000,3.114E-20
31505.000,3.095E-20
31506.000,3.079E-20
31507.000,3.069E-20
31508.000,3.064E-20
31509.000,3.061E-20
31510.000,3.062E-20
31511.000,3.064E-20
31512.000,3.067E-20
31513.000,3.073E-20
31514.000,3.077E-20
31515.000,3.084E-20
31516.000,3.091E-20
31517.000,3.099E-20
31518.000,3.108E-20
31519.000,3.118E-20
31520.000,3.130E-20
31521.000,3.143E-20
31522.000,3.157E-20
31523.000,3.172E-20
31524.000,3.188E-20
31525.000,3.202E-20
31526.000,3.216E-20
31527.000,3.229E-20
31528.000,3.242E-20
31529.000,3.253E-20
31530.000,3.263E-20
31531.000,3.273E-20
31532.000,3.283E-20
31533.000,3.290E-20
31534.000,3.297E-20
31535.000,3.304E-20
31536.000,3.309E-20
31537.000,3.313E-20
31538.000,3.315E-20
31539.000,3.317E-20
31540.000,3.317E-20
31541.000,3.315E-20
31542.000,3.311E-20
31543.000,3.305E-20
31544.000,3.297E-20
31545.000,3.287E-20
31546.000,3.278E-20
31547.000,3.266E-20
31548.000,3.254E-20
31549.000,3.239E-20
31550.000,3.222E-20
31551.000,3.204E-20
31552.000,3.181E-20
31553.000,3.158E-20
31554.000,3.132E-20
31555.000,3.106E-20
31556.000,3.081E-20
31557.000,3.053E-20
31558.000,3.028E-20
31559.000,3.005E-20
31560.000,2.983E-20
31561.000,2.964E-20
31562.000,2.948E-20
31563.000,2.934E-20
31564.000,2.921E-20
31565.000,2.909E-20
31566.000,2.900E-20
31567.000,2.892E-20
31568.000,2.887E-20
31569.000,2.883E-20
31570.000,2.881E-20
31571.000,2.880E-20
31572.000,2.881E-20
31573.000,2.883E-20
31574.000,2.887E-20
31575.000,2.894E-20
31576.000,2.902E-20
31577.000,2.912E-20
31578.000,2.921E-20
31579.000,2.932E-20
31580.000,2.942E-20
31581.000,2.951E-20
31582.000,2.962E-20
31583.000,2.973E-20
31584.000,2.984E-20
31585.000,2.995E-20
31586.000,3.006E-20
31587.000,3.016E-20
31588.000,3.027E-20
31589.000,3.038E-20
31590.000,3.050E-20
31591.000,3.062E-20
31592.000,3.075E-20
31593.000,3.091E-20
31594.000,3.107E-20
31595.000,3.123E-20
31596.000,3.141E-20
31597.000,3.159E-20
31598.000,3.177E-20
31599.000,3.193E-20
31600.000,3.210E-20
31601.000,3.227E-20
31602.000,3.242E-20
31603.000,3.257E-20
31604.000,3.271E-20
31605.000,3.283E-20
31606.000,3.292E-20
31607.000,3.300E-20
31608.000,3.307E-20
31609.000,3.315E-20
31610.000,3.322E-20
31611.000,3.330E-20
31612.000,3.337E-20
31613.000,3.345E-20
31614.000,3.352E-20
31615.000,3.360E-20
31616.000,3.369E-20
31617.000,3.380E-20
31618.000,3.393E-20
31619.000,3.409E-20
31620.000,3.425E-20
31621.000,3.439E-20
31622.000,3.450E-20
31623.000,3.461E-20
31624.000,3.468E-20
31625.000,3.476E-20
31626.000,3.482E-20
31627.000,3.489E-20
31628.000,3.495E-20
31629.000,3.500E-20
31630.000,3.504E-20
31631.000,3.508E-20
31632.000,3.510E-20
31633.000,3.510E-20
31634.000,3.509E-20
31635.000,3.508E-20
31636.000,3.509E-20
31637.000,3.511E-20
31638.000,3.515E-20
31639.000,3.524E-20
31640.000,3.535E-20
31641.000,3.548E-20
31642.000,3.562E-20
31643.000,3.580E-20
31644.000,3.598E-20
31645.000,3.617E-20
31646.000,3.636E-20
31647.000,3.657E-20
31648.000,3.680E-20
31649.000,3.705E-20
31650.000,3.731E-20
31651.000,3.757E-20
31652.000,3.783E-20
31653.000,3.810E-20
31654.000,3.833E-20
31655.000,3.857E-20
31656.000,3.881E-20
31657.000,3.903E-20
31658.000,3.924E-20
31659.000,3.945E-20
31660.000,3.969E-20
31661.000,3.992E-20
31662.000,4.015E-20
31663.000,4.040E-20
31664.000,4.064E-20
31665.000,4.086E-20
31666.000,4.108E-20
31667.000,4.130E-20
31668.000,4.153E-20
31669.000,4.176E-20
31670.000,4.201E-20
31671.000,4.228E-20
31672.000,4.256E-20
31673.000,4.284E-20
31674.000,4.312E-20
31675.000,4.338E-20
31676.000,4.365E-20
31677.000,4.390E-20
31678.000,4.415E-20
31679.000,4.441E-20
31680.000,4.468E-20
31681.000,4.493E-20
31682.000,4.517E-20
31683.000,4.538E-20
31684.000,4.558E-20
31685.000,4.578E-20
31686.000,4.595E-20
31687.000,4.614E-20
31688.000,4.629E-20
31689.000,4.643E-20
31690.000,4.655E-20
31691.000,4.665E-20
31692.000,4.671E-20
31693.000,4.676E-20
31694.000,4.675E-20
31695.000,4.675E-20
31696.000,4.670E-20
31697.000,4.663E-20
31698.000,4.653E-20
31699.000,4.638E-20
31700.000,4.619E-20
31701.000,4.594E-20
31702.000,4.566E-20
31703.000,4.538E-20
31704.000,4.507E-20
31705.000,4.476E-20
31706.000,4.444E-20
31707.000,4.408E-20
31708.000,4.371E-20
31709.000,4.333E-20
31710.000,4.296E-20
31711.000,4.259E-20
31712.000,4.224E-20
31713.000,4.192E-20
31714.000,4.162E-20
31715.000,4.133E-20
31716.000,4.105E-20
31717.000,4.079E-20
31718.000,4.056E-20
31719.000,4.035E-20
31720.000,4.015E-20
31721.000,3.997E-20
31722.000,3.981E-20
31723.000,3.966E-20
31724.000,3.954E-20
31725.000,3.944E-20
31726.000,3.936E-20
31727.000,3.930E-20
31728.000,3.925E-20
31729.000,3.920E-20
31730.000,3.916E-20
31731.000,3.913E-20
31732.000,3.913E-20
31733.000,3.912E-20
31734.000,3.911E-20
31735.000,3.913E-20
31736.000,3.916E-20
31737.000,3.919E-20
31738.000,3.923E-20
31739.000,3.929E-20
31740.000,3.936E-20
31741.000,3.941E-20
31742.000,3.947E-20
31743.000,3.954E-20
31744.000,3.961E-20
31745.000,3.968E-20
31746.000,3.973E-20
31747.000,3.981E-20
31748.000,3.989E-20
31749.000,3.998E-20
31750.000,4.009E-20
31751.000,4.020E-20
31752.000,4.030E-20
31753.000,4.040E-20
31754.000,4.048E-20
31755.000,4.056E-20
31756.000,4.061E-20
31757.000,4.065E-20
31758.000,4.069E-20
31759.000,4.072E-20
31760.000,4.072E-20
31761.000,4.072E-20
31762.000,4.072E-20
31763.000,4.071E-20
31764.000,4.067E-20
31765.000,4.065E-20
31766.000,4.061E-20
31767.000,4.057E-20
31768.000,4.050E-20
31769.000,4.043E-20
31770.000,4.037E-20
31771.000,4.030E-20
31772.000,4.023E-20
31773.000,4.017E-20
31774.000,4.012E-20
31775.000,4.006E-20
31776.000,3.999E-20
31777.000,3.990E-20
31778.000,3.983E-20
31779.000,3.974E-20
31780.000,3.968E-20
31781.000,3.961E-20
31782.000,3.959E-20
31783.000,3.958E-20
31784.000,3.958E-20
31785.000,3.960E-20
31786.000,3.962E-20
31787.000,3.966E-20
31788.000,3.973E-20
31789.000,3.979E-20
31790.000,3.989E-20
31791.000,3.997E-20
31792.000,4.005E-20
31793.000,4.014E-20
31794.000,4.022E-20
31795.000,4.031E-20
31796.000,4.036E-20
31797.000,4.041E-20
31798.000,4.053E-20
31799.000,4.068E-20
31800.000,4.083E-20
31801.000,4.099E-20
31802.000,4.119E-20
31803.000,4.138E-20
31804.000,4.158E-20
31805.000,4.179E-20
31806.000,4.199E-20
31807.000,4.221E-20
31808.000,4.242E-20
31809.000,4.263E-20
31810.000,4.285E-20
31811.000,4.306E-20
31812.000,4.327E-20
31813.000,4.347E-20
31814.000,4.368E-20
31815.000,4.389E-20
31816.000,4.410E-20
31817.000,4.432E-20
31818.000,4.455E-20
31819.000,4.476E-20
31820.000,4.499E-20
31821.000,4.522E-20
31822.000,4.544E-20
31823.000,4.568E-20
31824.000,4.590E-20
31825.000,4.612E-20
31826.000,4.635E-20
31827.000,4.658E-20
31828.000,4.680E-20
31829.000,4.702E-20
31830.000,4.722E-20
31831.000,4.744E-20
31832.000,4.763E-20
31833.000,4.782E-20
31834.000,4.802E-20
31835.000,4.821E-20
31836.000,4.841E-20
31837.000,4.861E-20
31838.000,4.879E-20
31839.000,4.900E-20
31840.000,4.919E-20
31841.000,4.937E-20
31842.000,4.958E-20
31843.000,4.979E-20
31844.000,5.002E-20
31845.000,5.025E-20
31846.000,5.048E-20
31847.000,5.073E-20
31848.000,5.095E-20
31849.000,5.117E-20
31850.000,5.137E-20
31851.000,5.158E-20
31852.000,5.178E-20
31853.000,5.200E-20
31854.000,5.219E-20
31855.000,5.239E-20
31856.000,5.259E-20
31857.000,5.280E-20
31858.000,5.297E-20
31859.000,5.316E-20
31860.000,5.334E-20
31861.000,5.349E-20
31862.000,5.360E-20
31863.000,5.374E-20
31864.000,5.387E-20
31865.000,5.399E-20
31866.000,5.413E-20
31867.000,5.431E-20
31868.000,5.450E-20
31869.000,5.473E-20
31870.000,5.497E-20
31871.000,5.525E-20
31872.000,5.538E-20
31873.000,5.551E-20
31874.000,5.579E-20
31875.000,5.608E-20
31876.000,5.635E-20
31877.000,5.659E-20
31878.000,5.683E-20
31879.000,5.703E-20
31880.000,5.723E-20
31881.000,5.739E-20
31882.000,5.754E-20
31883.000,5.766E-20
31884.000,5.774E-20
31885.000,5.787E-20
31886.000,5.799E-20
31887.000,5.812E-20
31888.000,5.824E-20
31889.000,5.840E-20
31890.000,5.855E-20
31891.000,5.868E-20
31892.000,5.882E-20
31893.000,5.897E-20
31894.000,5.909E-20
31895.000,5.920E-20
31896.000,5.926E-20
31897.000,5.934E-20
31898.000,5.940E-20
31899.000,5.944E-20
31900.000,5.949E-20
31901.000,5.952E-20
31902.000,5.947E-20
31903.000,5.942E-20
31904.000,5.934E-20
31905.000,5.926E-20
31906.000,5.913E-20
31907.000,5.900E-20
31908.000,5.888E-20
31909.000,5.877E-20
31910.000,5.862E-20
31911.000,5.852E-20
31912.000,5.837E-20
31913.000,5.820E-20
31914.000,5.801E-20
31915.000,5.781E-20
31916.000,5.760E-20
31917.000,5.737E-20
31918.000,5.711E-20
31919.000,5.685E-20
31920.000,5.658E-20
31921.000,5.631E-20
31922.000,5.602E-20
31923.000,5.572E-20
31924.000,5.547E-20
31925.000,5.520E-20
31926.000,5.497E-20
31927.000,5.474E-20
31928.000,5.454E-20
31929.000,5.441E-20
31930.000,5.434E-20
31931.000,5.427E-20
31932.000,5.420E-20
31933.000,5.419E-20
31934.000,5.419E-20
31935.000,5.421E-20
31936.000,5.420E-20
31937.000,5.422E-20
31938.000,5.427E-20
31939.000,5.434E-20
31940.000,5.441E-20
31941.000,5.451E-20
31942.000,5.459E-20
31943.000,5.462E-20
31944.000,5.464E-20
31945.000,5.472E-20
31946.000,5.475E-20
31947.000,5.482E-20
31948.000,5.486E-20
31949.000,5.495E-20
31950.000,5.503E-20
31951.000,5.507E-20
31952.000,5.513E-20
31953.000,5.517E-20
31954.000,5.525E-20
31955.000,5.533E-20
31956.000,5.539E-20
31957.000,5.541E-20
31958.000,5.546E-20
31959.000,5.552E-20
31960.000,5.551E-20
31961.000,5.551E-20
31962.000,5.549E-20
31963.000,5.544E-20
31964.000,5.540E-20
31965.000,5.537E-20
31966.000,5.532E-20
31967.000,5.527E-20
31968.000,5.528E-20
31969.000,5.528E-20
31970.000,5.525E-20
31971.000,5.526E-20
31972.000,5.530E-20
31973.000,5.535E-20
31974.000,5.540E-20
31975.000,5.548E-20
31976.000,5.560E-20
31977.000,5.572E-20
31978.000,5.575E-20
31979.000,5.578E-20
31980.000,5.589E-20
31981.000,5.599E-20
31982.000,5.609E-20
31983.000,5.624E-20
31984.000,5.634E-20
31985.000,5.646E-20
31986.000,5.653E-20
31987.000,5.663E-20
31988.000,5.673E-20
31989.000,5.676E-20
31990.000,5.681E-20
31991.000,5.689E-20
31992.000,5.697E-20
31993.000,5.707E-20
31994.000,5.714E-20
31995.000,5.729E-20
31996.000,5.738E-20
31997.000,5.751E-20
31998.000,5.764E-20
31999.000,5.781E-20
32000.000,5.792E-20
32001.000,5.804E-20
32002.000,5.815E-20
32003.000,5.826E-20
32004.000,5.836E-20
32005.000,5.855E-20
32006.000,5.869E-20
32007.000,5.889E-20
32008.000,5.903E-20
32009.000,5.918E-20
32010.000,5.939E-20
32011.000,5.954E-20
32012.000,5.973E-20
32013.000,5.990E-20
32014.000,6.002E-20
32015.000,6.015E-20
32016.000,6.028E-20
32017.000,6.043E-20
32018.000,6.060E-20
32019.000,6.070E-20
32020.000,6.082E-20
32021.000,6.088E-20
32022.000,6.094E-20
32023.000,6.108E-20
32024.000,6.121E-20
32025.000,6.132E-20
32026.000,6.147E-20
32027.000,6.160E-20
32028.000,6.173E-20
32029.000,6.187E-20
32030.000,6.203E-20
32031.000,6.216E-20
32032.000,6.229E-20
32033.000,6.242E-20
32034.000,6.248E-20
32035.000,6.252E-20
32036.000,6.259E-20
32037.000,6.259E-20
32038.000,6.268E-20
32039.000,6.274E-20
32040.000,6.277E-20
32041.000,6.285E-20
32042.000,6.295E-20
32043.000,6.300E-20
32044.000,6.311E-20
32045.000,6.321E-20
32046.000,6.334E-20
32047.000,6.345E-20
32048.000,6.359E-20
32049.000,6.371E-20
32050.000,6.395E-20
32051.000,6.416E-20
32052.000,6.434E-20
32053.000,6.449E-20
32054.000,6.460E-20
32055.000,6.483E-20
32056.000,6.497E-20
32057.000,6.517E-20
32058.000,6.531E-20
32059.000,6.539E-20
32060.000,6.547E-20
32061.000,6.558E-20
32062.000,6.573E-20
32063.000,6.587E-20
32064.000,6.611E-20
32065.000,6.631E-20
32066.000,6.650E-20
32067.000,6.671E-20
32068.000,6.699E-20
32069.000,6.722E-20
32070.000,6.744E-20
32071.000,6.765E-20
32072.000,6.789E-20
32073.000,6.816E-20
32074.000,6.833E-20
32075.000,6.851E-20
32076.000,6.875E-20
32077.000,6.893E-20
32078.000,6.917E-20
32079.000,6.942E-20
32080.000,6.964E-20
32081.000,6.999E-20
32082.000,7.024E-20
32083.000,7.054E-20
32084.000,7.084E-20
32085.000,7.116E-20
32086.000,7.150E-20
32087.000,7.179E-20
32088.000,7.212E-20
32089.000,7.239E-20
32090.000,7.261E-20
32091.000,7.286E-20
32092.000,7.314E-20
32093.000,7.334E-20
32094.000,7.358E-20
32095.000,7.370E-20
32096.000,7.382E-20
32097.000,7.403E-20
32098.000,7.428E-20
32099.000,7.446E-20
32100.000,7.470E-20
32101.000,7.504E-20
32102.000,7.535E-20
32103.000,7.564E-20
32104.000,7.591E-20
32105.000,7.616E-20
32106.000,7.638E-20
32107.000,7.661E-20
32108.000,7.684E-20
32109.000,7.695E-20
32110.000,7.699E-20
32111.000,7.711E-20
32112.000,7.728E-20
32113.000,7.744E-20
32114.000,7.753E-20
32115.000,7.757E-20
32116.000,7.755E-20
32117.000,7.750E-20
32118.000,7.758E-20
32119.000,7.755E-20
32120.000,7.754E-20
32121.000,7.743E-20
32122.000,7.740E-20
32123.000,7.742E-20
32124.000,7.741E-20
32125.000,7.745E-20
32126.000,7.742E-20
32127.000,7.734E-20
32128.000,7.727E-20
32129.000,7.719E-20
32130.000,7.712E-20
32131.000,7.695E-20
32132.000,7.677E-20
32133.000,7.663E-20
32134.000,7.654E-20
32135.000,7.634E-20
32136.000,7.615E-20
32137.000,7.600E-20
32138.000,7.590E-20
32139.000,7.575E-20
32140.000,7.561E-20
32141.000,7.553E-20
32142.000,7.546E-20
32143.000,7.542E-20
32144.000,7.543E-20
32145.000,7.554E-20
32146.000,7.555E-20
32147.000,7.560E-20
32148.000,7.562E-20
32149.000,7.572E-20
32150.000,7.579E-20
32151.000,7.596E-20
32152.000,7.608E-20
32153.000,7.627E-20
32154.000,7.636E-20
32155.000,7.649E-20
32156.000,7.654E-20
32157.000,7.668E-20
32158.000,7.675E-20
32159.000,7.681E-20
32160.000,7.688E-20
32161.000,7.694E-20
32162.000,7.699E-20
32163.000,7.694E-20
32164.000,7.703E-20
32165.000,7.709E-20
32166.000,7.711E-20
32167.000,7.722E-20
32168.000,7.734E-20
32169.000,7.748E-20
32170.000,7.760E-20
32171.000,7.779E-20
32172.000,7.786E-20
32173.000,7.803E-20
32174.000,7.823E-20
32175.000,7.833E-20
32176.000,7.855E-20
32177.000,7.873E-20
32178.000,7.890E-20
32179.000,7.909E-20
32180.000,7.921E-20
32181.000,7.934E-20
32182.000,7.946E-20
32183.000,7.950E-20
32184.000,7.951E-20
32185.000,7.949E-20
32186.000,7.946E-20
32187.000,7.942E-20
32188.000,7.946E-20
32189.000,7.944E-20
32190.000,7.943E-20
32191.000,7.946E-20
32192.000,7.943E-20
32193.000,7.949E-20
32194.000,7.949E-20
32195.000,7.947E-20
32196.000,7.955E-20
32197.000,7.969E-20
32198.000,7.976E-20
32199.000,7.986E-20
32200.000,7.994E-20
32201.000,7.996E-20
32202.000,8.006E-20
32203.000,8.022E-20
32204.000,8.038E-20
32205.000,8.063E-20
32206.000,8.096E-20
32207.000,8.118E-20
32208.000,8.145E-20
32209.000,8.170E-20
32210.000,8.196E-20
32211.000,8.225E-20
32212.000,8.251E-20
32213.000,8.276E-20
32214.000,8.301E-20
32215.000,8.322E-20
32216.000,8.337E-20
32217.000,8.349E-20
32218.000,8.361E-20
32219.000,8.386E-20
32220.000,8.412E-20
32221.000,8.439E-20
32222.000,8.464E-20
32223.000,8.485E-20
32224.000,8.506E-20
32225.000,8.524E-20
32226.000,8.547E-20
32227.000,8.559E-20
32228.000,8.582E-20
32229.000,8.594E-20
32230.000,8.595E-20
32231.000,8.591E-20
32232.000,8.590E-20
32233.000,8.591E-20
32234.000,8.586E-20
32235.000,8.580E-20
32236.000,8.572E-20
32237.000,8.553E-20
32238.000,8.539E-20
32239.000,8.521E-20
32240.000,8.505E-20
32241.000,8.495E-20
32242.000,8.481E-20
32243.000,8.477E-20
32244.000,8.474E-20
32245.000,8.466E-20
32246.000,8.462E-20
32247.000,8.458E-20
32248.000,8.445E-20
32249.000,8.438E-20
32250.000,8.438E-20
32251.000,8.436E-20
32252.000,8.426E-20
32253.000,8.423E-20
32254.000,8.417E-20
32255.000,8.407E-20
32256.000,8.402E-20
32257.000,8.401E-20
32258.000,8.410E-20
32259.000,8.415E-20
32260.000,8.418E-20
32261.000,8.419E-20
32262.000,8.423E-20
32263.000,8.436E-20
32264.000,8.441E-20
32265.000,8.437E-20
32266.000,8.437E-20
32267.000,8.441E-20
32268.000,8.441E-20
32269.000,8.440E-20
32270.000,8.439E-20
32271.000,8.447E-20
32272.000,8.455E-20
32273.000,8.463E-20
32274.000,8.464E-20
32275.000,8.475E-20
32276.000,8.483E-20
32277.000,8.490E-20
32278.000,8.481E-20
32279.000,8.483E-20
32280.000,8.490E-20
32281.000,8.497E-20
32282.000,8.501E-20
32283.000,8.506E-20
32284.000,8.508E-20
32285.000,8.510E-20
32286.000,8.521E-20
32287.000,8.534E-20
32288.000,8.545E-20
32289.000,8.555E-20
32290.000,8.571E-20
32291.000,8.582E-20
32292.000,8.600E-20
32293.000,8.619E-20
32294.000,8.630E-20
32295.000,8.641E-20
32296.000,8.652E-20
32297.000,8.667E-20
32298.000,8.679E-20
32299.000,8.694E-20
32300.000,8.706E-20
32301.000,8.724E-20
32302.000,8.739E-20
32303.000,8.754E-20
32304.000,8.781E-20
32305.000,8.805E-20
32306.000,8.839E-20
32307.000,8.868E-20
32308.000,8.891E-20
32309.000,8.931E-20
32310.000,8.975E-20
32311.000,9.021E-20
32312.000,9.066E-20
32313.000,9.099E-20
32314.000,9.124E-20
32315.000,9.160E-20
32316.000,9.214E-20
32317.000,9.265E-20
32318.000,9.288E-20
32319.000,9.311E-20
32320.000,9.362E-20
32321.000,9.419E-20
32322.000,9.481E-20
32323.000,9.544E-20
32324.000,9.610E-20
32325.000,9.669E-20
32326.000,9.714E-20
32327.000,9.767E-20
32328.000,9.818E-20
32329.000,9.859E-20
32330.000,9.886E-20
32331.000,9.920E-20
32332.000,9.943E-20
32333.000,9.962E-20
32334.000,9.989E-20
32335.000,1.001E-19
32336.000,1.001E-19
32337.000,1.002E-19
32338.000,1.004E-19
32339.000,1.006E-19
32340.000,1.008E-19
32341.000,1.010E-19
32342.000,1.011E-19
32343.000,1.014E-19
32344.000,1.017E-19
32345.000,1.020E-19
32346.000,1.022E-19
32347.000,1.025E-19
32348.000,1.029E-19
32349.000,1.033E-19
32350.000,1.036E-19
32351.000,1.041E-19
32352.000,1.045E-19
32353.000,1.049E-19
32354.000,1.052E-19
32355.000,1.054E-19
32356.000,1.056E-19
32357.000,1.058E-19
32358.000,1.059E-19
32359.000,1.059E-19
32360.000,1.061E-19
32361.000,1.062E-19
32362.000,1.062E-19
32363.000,1.061E-19
32364.000,1.061E-19
32365.000,1.061E-19
32366.000,1.061E-19
32367.000,1.060E-19
32368.000,1.061E-19
32369.000,1.062E-19
32370.000,1.062E-19
32371.000,1.064E-19
32372.000,1.067E-19
32373.000,1.070E-19
32374.000,1.073E-19
32375.000,1.075E-19
32376.000,1.079E-19
32377.000,1.082E-19
32378.000,1.084E-19
32379.000,1.085E-19
32380.000,1.086E-19
32381.000,1.087E-19
32382.000,1.088E-19
32383.000,1.088E-19
32384.000,1.090E-19
32385.000,1.091E-19
32386.000,1.091E-19
32387.000,1.093E-19
32388.000,1.094E-19
32389.000,1.094E-19
32390.000,1.095E-19
32391.000,1.095E-19
32392.000,1.095E-19
32393.000,1.097E-19
32394.000,1.098E-19
32395.000,1.099E-19
32396.000,1.100E-19
32397.000,1.102E-19
32398.000,1.104E-19
32399.000,1.105E-19
32400.000,1.105E-19
32401.000,1.105E-19
32402.000,1.104E-19
32403.000,1.104E-19
32404.000,1.102E-19
32405.000,1.099E-19
32406.000,1.098E-19
32407.000,1.098E-19
32408.000,1.096E-19
32409.000,1.093E-19
32410.000,1.090E-19
32411.000,1.088E-19
32412.000,1.087E-19
32413.000,1.084E-19
32414.000,1.084E-19
32415.000,1.084E-19
32416.000,1.084E-19
32417.000,1.085E-19
32418.000,1.087E-19
32419.000,1.089E-19
32420.000,1.091E-19
32421.000,1.092E-19
32422.000,1.095E-19
32423.000,1.096E-19
32424.000,1.099E-19
32425.000,1.100E-19
32426.000,1.103E-19
32427.000,1.104E-19
32428.000,1.105E-19
32429.000,1.108E-19
32430.000,1.111E-19
32431.000,1.113E-19
32432.000,1.117E-19
32433.000,1.121E-19
32434.000,1.124E-19
32435.000,1.127E-19
32436.000,1.130E-19
32437.000,1.134E-19
32438.000,1.137E-19
32439.000,1.142E-19
32440.000,1.145E-19
32441.000,1.148E-19
32442.000,1.151E-19
32443.000,1.154E-19
32444.000,1.157E-19
32445.000,1.158E-19
32446.000,1.159E-19
32447.000,1.159E-19
32448.000,1.160E-19
32449.000,1.160E-19
32450.000,1.162E-19
32451.000,1.164E-19
32452.000,1.165E-19
32453.000,1.167E-19
32454.000,1.170E-19
32455.000,1.171E-19
32456.000,1.173E-19
32457.000,1.172E-19
32458.000,1.172E-19
32459.000,1.171E-19
32460.000,1.169E-19
32461.000,1.168E-19
32462.000,1.168E-19
32463.000,1.168E-19
32464.000,1.168E-19
32465.000,1.167E-19
32466.000,1.168E-19
32467.000,1.168E-19
32468.000,1.167E-19
32469.000,1.166E-19
32470.000,1.166E-19
32471.000,1.167E-19
32472.000,1.167E-19
32473.000,1.168E-19
32474.000,1.169E-19
32475.000,1.170E-19
32476.000,1.171E-19
32477.000,1.171E-19
32478.000,1.172E-19
32479.000,1.173E-19
32480.000,1.172E-19
32481.000,1.171E-19
32482.000,1.170E-19
32483.000,1.168E-19
32484.000,1.167E-19
32485.000,1.167E-19
32486.000,1.166E-19
32487.000,1.166E-19
32488.000,1.166E-19
32489.000,1.165E-19
32490.000,1.165E-19
32491.000,1.164E-19
32492.000,1.164E-19
32493.000,1.164E-19
32494.000,1.163E-19
32495.000,1.161E-19
32496.000,1.160E-19
32497.000,1.159E-19
32498.000,1.158E-19
32499.000,1.160E-19
32500.000,1.159E-19
32501.000,1.159E-19
32502.000,1.158E-19
32503.000,1.160E-19
32504.000,1.161E-19
32505.000,1.162E-19
32506.000,1.163E-19
32507.000,1.163E-19
32508.000,1.163E-19
32509.000,1.164E-19
32510.000,1.165E-19
32511.000,1.167E-19
32512.000,1.169E-19
32513.000,1.171E-19
32514.000,1.172E-19
32515.000,1.174E-19
32516.000,1.175E-19
32517.000,1.176E-19
32518.000,1.176E-19
32519.000,1.177E-19
32520.000,1.179E-19
32521.000,1.180E-19
32522.000,1.182E-19
32523.000,1.183E-19
32524.000,1.184E-19
32525.000,1.186E-19
32526.000,1.187E-19
32527.000,1.191E-19
32528.000,1.194E-19
32529.000,1.198E-19
32530.000,1.200E-19
32531.000,1.203E-19
32532.000,1.206E-19
32533.000,1.209E-19
32534.000,1.212E-19
32535.000,1.215E-19
32536.000,1.215E-19
32537.000,1.217E-19
32538.000,1.219E-19
32539.000,1.222E-19
32540.000,1.224E-19
32541.000,1.226E-19
32542.000,1.227E-19
32543.000,1.228E-19
32544.000,1.230E-19
32545.000,1.232E-19
32546.000,1.236E-19
32547.000,1.238E-19
32548.000,1.240E-19
32549.000,1.242E-19
32550.000,1.243E-19
32551.000,1.245E-19
32552.000,1.247E-19
32553.000,1.250E-19
32554.000,1.254E-19
32555.000,1.257E-19
32556.000,1.261E-19
32557.000,1.266E-19
32558.000,1.270E-19
32559.000,1.272E-19
32560.000,1.274E-19
32561.000,1.279E-19
32562.000,1.283E-19
32563.000,1.287E-19
32564.000,1.290E-19
32565.000,1.294E-19
32566.000,1.298E-19
32567.000,1.301E-19
32568.000,1.306E-19
32569.000,1.309E-19
32570.000,1.314E-19
32571.000,1.317E-19
32572.000,1.321E-19
32573.000,1.324E-19
32574.000,1.330E-19
32575.000,1.334E-19
32576.000,1.338E-19
32577.000,1.340E-19
32578.000,1.342E-19
32579.000,1.348E-19
32580.000,1.353E-19
32581.000,1.358E-19
32582.000,1.363E-19
32583.000,1.367E-19
32584.000,1.371E-19
32585.000,1.375E-19
32586.000,1.379E-19
32587.000,1.382E-19
32588.000,1.383E-19
32589.000,1.387E-19
32590.000,1.390E-19
32591.000,1.391E-19
32592.000,1.395E-19
32593.000,1.397E-19
32594.000,1.397E-19
32595.000,1.398E-19
32596.000,1.400E-19
32597.000,1.404E-19
32598.000,1.407E-19
32599.000,1.409E-19
32600.000,1.412E-19
32601.000,1.415E-19
32602.000,1.417E-19
32603.000,1.419E-19
32604.000,1.422E-19
32605.000,1.423E-19
32606.000,1.425E-19
32607.000,1.427E-19
32608.000,1.429E-19
32609.000,1.430E-19
32610.000,1.433E-19
32611.000,1.434E-19
32612.000,1.436E-19
32613.000,1.439E-19
32614.000,1.441E-19
32615.000,1.443E-19
32616.000,1.446E-19
32617.000,1.448E-19
32618.000,1.451E-19
32619.000,1.454E-19
32620.000,1.457E-19
32621.000,1.460E-19
32622.000,1.464E-19
32623.000,1.468E-19
32624.000,1.472E-19
32625.000,1.476E-19
32626.000,1.480E-19
32627.000,1.482E-19
32628.000,1.484E-19
32629.000,1.486E-19
32630.000,1.490E-19
32631.000,1.494E-19
32632.000,1.498E-19
32633.000,1.503E-19
32634.000,1.507E-19
32635.000,1.511E-19
32636.000,1.516E-19
32637.000,1.520E-19
32638.000,1.523E-19
32639.000,1.526E-19
32640.000,1.529E-19
32641.000,1.533E-19
32642.000,1.536E-19
32643.000,1.538E-19
32644.000,1.540E-19
32645.000,1.541E-19
32646.000,1.543E-19
32647.000,1.544E-19
32648.000,1.546E-19
32649.000,1.548E-19
32650.000,1.550E-19
32651.000,1.550E-19
32652.000,1.550E-19
32653.000,1.551E-19
32654.000,1.552E-19
32655.000,1.553E-19
32656.000,1.553E-19
32657.000,1.554E-19
32658.000,1.552E-19
32659.000,1.551E-19
32660.000,1.550E-19
32661.000,1.550E-19
32662.000,1.550E-19
32663.000,1.548E-19
32664.000,1.549E-19
32665.000,1.548E-19
32666.000,1.546E-19
32667.000,1.545E-19
32668.000,1.543E-19
32669.000,1.542E-19
32670.000,1.541E-19
32671.000,1.539E-19
32672.000,1.539E-19
32673.000,1.537E-19
32674.000,1.536E-19
32675.000,1.537E-19
32676.000,1.537E-19
32677.000,1.537E-19
32678.000,1.539E-19
32679.000,1.541E-19
32680.000,1.544E-19
32681.000,1.547E-19
32682.000,1.549E-19
32683.000,1.550E-19
32684.000,1.553E-19
32685.000,1.554E-19
32686.000,1.556E-19
32687.000,1.557E-19
32688.000,1.558E-19
32689.000,1.560E-19
32690.000,1.563E-19
32691.000,1.564E-19
32692.000,1.565E-19
32693.000,1.566E-19
32694.000,1.567E-19
32695.000,1.568E-19
32696.000,1.568E-19
32697.000,1.570E-19
32698.000,1.573E-19
32699.000,1.574E-19
32700.000,1.576E-19
32701.000,1.578E-19
32702.000,1.581E-19
32703.000,1.583E-19
32704.000,1.584E-19
32705.000,1.586E-19
32706.000,1.588E-19
32707.000,1.589E-19
32708.000,1.589E-19
32709.000,1.591E-19
32710.000,1.591E-19
32711.000,1.592E-19
32712.000,1.593E-19
32713.000,1.593E-19
32714.000,1.593E-19
32715.000,1.593E-19
32716.000,1.592E-19
32717.000,1.592E-19
32718.000,1.591E-19
32719.000,1.591E-19
32720.000,1.590E-19
32721.000,1.589E-19
32722.000,1.590E-19
32723.000,1.591E-19
32724.000,1.592E-19
32725.000,1.592E-19
32726.000,1.592E-19
32727.000,1.592E-19
32728.000,1.593E-19
32729.000,1.593E-19
32730.000,1.593E-19
32731.000,1.592E-19
32732.000,1.592E-19
32733.000,1.591E-19
32734.000,1.590E-19
32735.000,1.589E-19
32736.000,1.589E-19
32737.000,1.590E-19
32738.000,1.591E-19
32739.000,1.591E-19
32740.000,1.592E-19
32741.000,1.594E-19
32742.000,1.596E-19
32743.000,1.597E-19
32744.000,1.599E-19
32745.000,1.601E-19
32746.000,1.603E-19
32747.000,1.604E-19
32748.000,1.606E-19
32749.000,1.609E-19
32750.000,1.610E-19
32751.000,1.612E-19
32752.000,1.614E-19
32753.000,1.615E-19
32754.000,1.619E-19
32755.000,1.622E-19
32756.000,1.626E-19
32757.000,1.629E-19
32758.000,1.632E-19
32759.000,1.633E-19
32760.000,1.635E-19
32761.000,1.637E-19
32762.000,1.641E-19
32763.000,1.645E-19
32764.000,1.648E-19
32765.000,1.650E-19
32766.000,1.652E-19
32767.000,1.654E-19
32768.000,1.655E-19
32769.000,1.659E-19
32770.000,1.662E-19
32771.000,1.665E-19
32772.000,1.668E-19
32773.000,1.671E-19
32774.000,1.675E-19
32775.000,1.678E-19
32776.000,1.683E-19
32777.000,1.686E-19
32778.000,1.689E-19
32779.000,1.691E-19
32780.000,1.695E-19
32781.000,1.696E-19
32782.000,1.698E-19
32783.000,1.702E-19
32784.000,1.705E-19
32785.000,1.708E-19
32786.000,1.712E-19
32787.000,1.717E-19
32788.000,1.722E-19
32789.000,1.726E-19
32790.000,1.731E-19
32791.000,1.735E-19
32792.000,1.738E-19
32793.000,1.742E-19
32794.000,1.747E-19
32795.000,1.751E-19
32796.000,1.752E-19
32797.000,1.754E-19
32798.000,1.758E-19
32799.000,1.763E-19
32800.000,1.767E-19
32801.000,1.771E-19
32802.000,1.775E-19
32803.000,1.779E-19
32804.000,1.783E-19
32805.000,1.788E-19
32806.000,1.791E-19
32807.000,1.795E-19
32808.000,1.799E-19
32809.000,1.803E-19
32810.000,1.805E-19
32811.000,1.807E-19
32812.000,1.812E-19
32813.000,1.815E-19
32814.000,1.819E-19
32815.000,1.824E-19
32816.000,1.829E-19
32817.000,1.833E-19
32818.000,1.838E-19
32819.000,1.843E-19
32820.000,1.846E-19
32821.000,1.852E-19
32822.000,1.858E-19
32823.000,1.861E-19
32824.000,1.864E-19
32825.000,1.867E-19
32826.000,1.872E-19
32827.000,1.879E-19
32828.000,1.885E-19
32829.000,1.890E-19
32830.000,1.894E-19
32831.000,1.898E-19
32832.000,1.903E-19
32833.000,1.908E-19
32834.000,1.912E-19
32835.000,1.917E-19
32836.000,1.922E-19
32837.000,1.926E-19
32838.000,1.927E-19
32839.000,1.929E-19
32840.000,1.932E-19
32841.000,1.935E-19
32842.000,1.938E-19
32843.000,1.941E-19
32844.000,1.945E-19
32845.000,1.946E-19
32846.000,1.950E-19
32847.000,1.953E-19
32848.000,1.955E-19
32849.000,1.958E-19
32850.000,1.960E-19
32851.000,1.961E-19
32852.000,1.962E-19
32853.000,1.964E-19
32854.000,1.966E-19
32855.000,1.969E-19
32856.000,1.972E-19
32857.000,1.976E-19
32858.000,1.979E-19
32859.000,1.983E-19
32860.000,1.986E-19
32861.000,1.989E-19
32862.000,1.992E-19
32863.000,1.995E-19
32864.000,1.998E-19
32865.000,2.000E-19
32866.000,2.002E-19
32867.000,2.005E-19
32868.000,2.009E-19
32869.000,2.013E-19
32870.000,2.018E-19
32871.000,2.022E-19
32872.000,2.025E-19
32873.000,2.029E-19
32874.000,2.034E-19
32875.000,2.038E-19
32876.000,2.040E-19
32877.000,2.043E-19
32878.000,2.044E-19
32879.000,2.046E-19
32880.000,2.050E-19
32881.000,2.052E-19
32882.000,2.055E-19
32883.000,2.059E-19
32884.000,2.064E-19
32885.000,2.067E-19
32886.000,2.070E-19
32887.000,2.074E-19
32888.000,2.077E-19
32889.000,2.081E-19
32890.000,2.085E-19
32891.000,2.089E-19
32892.000,2.091E-19
32893.000,2.092E-19
32894.000,2.093E-19
32895.000,2.095E-19
32896.000,2.099E-19
32897.000,2.101E-19
32898.000,2.102E-19
32899.000,2.103E-19
32900.000,2.103E-19
32901.000,2.104E-19
32902.000,2.103E-19
32903.000,2.104E-19
32904.000,2.103E-19
32905.000,2.101E-19
32906.000,2.100E-19
32907.000,2.099E-19
32908.000,2.098E-19
32909.000,2.097E-19
32910.000,2.097E-19
32911.000,2.097E-19
32912.000,2.097E-19
32913.000,2.096E-19
32914.000,2.095E-19
32915.000,2.096E-19
32916.000,2.096E-19
32917.000,2.095E-19
32918.000,2.095E-19
32919.000,2.095E-19
32920.000,2.096E-19
32921.000,2.096E-19
32922.000,2.096E-19
32923.000,2.098E-19
32924.000,2.098E-19
32925.000,2.099E-19
32926.000,2.099E-19
32927.000,2.101E-19
32928.000,2.102E-19
32929.000,2.104E-19
32930.000,2.105E-19
32931.000,2.105E-19
32932.000,2.105E-19
32933.000,2.107E-19
32934.000,2.109E-19
32935.000,2.111E-19
32936.000,2.113E-19
32937.000,2.115E-19
32938.000,2.116E-19
32939.000,2.117E-19
32940.000,2.118E-19
32941.000,2.121E-19
32942.000,2.124E-19
32943.000,2.124E-19
32944.000,2.125E-19
32945.000,2.128E-19
32946.000,2.129E-19
32947.000,2.130E-19
32948.000,2.133E-19
32949.000,2.135E-19
32950.000,2.137E-19
32951.000,2.140E-19
32952.000,2.141E-19
32953.000,2.143E-19
32954.000,2.144E-19
32955.000,2.146E-19
32956.000,2.147E-19
32957.000,2.147E-19
32958.000,2.148E-19
32959.000,2.149E-19
32960.000,2.151E-19
32961.000,2.153E-19
32962.000,2.155E-19
32963.000,2.158E-19
32964.000,2.160E-19
32965.000,2.163E-19
32966.000,2.165E-19
32967.000,2.168E-19
32968.000,2.170E-19
32969.000,2.171E-19
32970.000,2.173E-19
32971.000,2.176E-19
32972.000,2.178E-19
32973.000,2.181E-19
32974.000,2.184E-19
32975.000,2.186E-19
32976.000,2.188E-19
32977.000,2.190E-19
32978.000,2.192E-19
32979.000,2.195E-19
32980.000,2.197E-19
32981.000,2.198E-19
32982.000,2.199E-19
32983.000,2.202E-19
32984.000,2.205E-19
32985.000,2.207E-19
32986.000,2.209E-19
32987.000,2.210E-19
32988.000,2.213E-19
32989.000,2.215E-19
32990.000,2.217E-19
32991.000,2.219E-19
32992.000,2.220E-19
32993.000,2.222E-19
32994.000,2.225E-19
32995.000,2.227E-19
32996.000,2.230E-19
32997.000,2.235E-19
32998.000,2.239E-19
32999.000,2.243E-19
33000.000,2.248E-19
33001.000,2.253E-19
33002.000,2.257E-19
33003.000,2.261E-19
33004.000,2.267E-19
33005.000,2.269E-19
33006.000,2.271E-19
33007.000,2.273E-19
33008.000,2.279E-19
33009.000,2.284E-19
33010.000,2.289E-19
33011.000,2.293E-19
33012.000,2.297E-19
33013.000,2.302E-19
33014.000,2.307E-19
33015.000,2.312E-19
33016.000,2.317E-19
33017.000,2.323E-19
33018.000,2.326E-19
33019.000,2.329E-19
33020.000,2.335E-19
33021.000,2.340E-19
33022.000,2.344E-19
33023.000,2.350E-19
33024.000,2.354E-19
33025.000,2.358E-19
33026.000,2.364E-19
33027.000,2.368E-19
33028.000,2.374E-19
33029.000,2.379E-19
33030.000,2.381E-19
33031.000,2.383E-19
33032.000,2.388E-19
33033.000,2.393E-19
33034.000,2.397E-19
33035.000,2.402E-19
33036.000,2.407E-19
33037.000,2.413E-19
33038.000,2.418E-19
33039.000,2.424E-19
33040.000,2.429E-19
33041.000,2.437E-19
33042.000,2.440E-19
33043.000,2.443E-19
33044.000,2.450E-19
33045.000,2.457E-19
33046.000,2.463E-19
33047.000,2.466E-19
33048.000,2.470E-19
33049.000,2.474E-19
33050.000,2.478E-19
33051.000,2.482E-19
33052.000,2.487E-19
33053.000,2.490E-19
33054.000,2.492E-19
33055.000,2.495E-19
33056.000,2.500E-19
33057.000,2.504E-19
33058.000,2.509E-19
33059.000,2.514E-19
33060.000,2.519E-19
33061.000,2.524E-19
33062.000,2.530E-19
33063.000,2.534E-19
33064.000,2.541E-19
33065.000,2.543E-19
33066.000,2.545E-19
33067.000,2.550E-19
33068.000,2.555E-19
33069.000,2.560E-19
33070.000,2.566E-19
33071.000,2.570E-19
33072.000,2.574E-19
33073.000,2.581E-19
33074.000,2.586E-19
33075.000,2.591E-19
33076.000,2.597E-19
33077.000,2.599E-19
33078.000,2.601E-19
33079.000,2.604E-19
33080.000,2.607E-19
33081.000,2.609E-19
33082.000,2.611E-19
33083.000,2.613E-19
33084.000,2.619E-19
33085.000,2.622E-19
33086.000,2.625E-19
33087.000,2.629E-19
33088.000,2.634E-19
33089.000,2.635E-19
33090.000,2.637E-19
33091.000,2.641E-19
33092.000,2.646E-19
33093.000,2.650E-19
33094.000,2.653E-19
33095.000,2.660E-19
33096.000,2.663E-19
33097.000,2.667E-19
33098.000,2.672E-19
33099.000,2.676E-19
33100.000,2.676E-19
33101.000,2.676E-19
33102.000,2.680E-19
33103.000,2.685E-19
33104.000,2.689E-19
33105.000,2.691E-19
33106.000,2.695E-19
33107.000,2.698E-19
33108.000,2.702E-19
33109.000,2.705E-19
33110.000,2.706E-19
33111.000,2.710E-19
33112.000,2.711E-19
33113.000,2.713E-19
33114.000,2.714E-19
33115.000,2.717E-19
33116.000,2.721E-19
33117.000,2.724E-19
33118.000,2.728E-19
33119.000,2.731E-19
33120.000,2.733E-19
33121.000,2.733E-19
33122.000,2.735E-19
33123.000,2.736E-19
33124.000,2.737E-19
33125.000,2.740E-19
33126.000,2.742E-19
33127.000,2.743E-19
33128.000,2.746E-19
33129.000,2.749E-19
33130.000,2.752E-19
33131.000,2.751E-19
33132.000,2.751E-19
33133.000,2.753E-19
33134.000,2.753E-19
33135.000,2.754E-19
33136.000,2.756E-19
33137.000,2.756E-19
33138.000,2.757E-19
33139.000,2.760E-19
33140.000,2.760E-19
33141.000,2.761E-19
33142.000,2.761E-19
33143.000,2.763E-19
33144.000,2.763E-19
33145.000,2.763E-19
33146.000,2.763E-19
33147.000,2.764E-19
33148.000,2.764E-19
33149.000,2.764E-19
33150.000,2.764E-19
33151.000,2.767E-19
33152.000,2.770E-19
33153.000,2.770E-19
33154.000,2.773E-19
33155.000,2.773E-19
33156.000,2.775E-19
33157.000,2.776E-19
33158.000,2.777E-19
33159.000,2.780E-19
33160.000,2.782E-19
33161.000,2.781E-19
33162.000,2.784E-19
33163.000,2.787E-19
33164.000,2.790E-19
33165.000,2.793E-19
33166.000,2.796E-19
33167.000,2.800E-19
33168.000,2.801E-19
33169.000,2.802E-19
33170.000,2.807E-19
33171.000,2.808E-19
33172.000,2.811E-19
33173.000,2.814E-19
33174.000,2.817E-19
33175.000,2.820E-19
33176.000,2.826E-19
33177.000,2.830E-19
33178.000,2.835E-19
33179.000,2.837E-19
33180.000,2.839E-19
33181.000,2.843E-19
33182.000,2.844E-19
33183.000,2.849E-19
33184.000,2.853E-19
33185.000,2.856E-19
33186.000,2.860E-19
33187.000,2.866E-19
33188.000,2.869E-19
33189.000,2.872E-19
33190.000,2.875E-19
33191.000,2.881E-19
33192.000,2.886E-19
33193.000,2.889E-19
33194.000,2.892E-19
33195.000,2.896E-19
33196.000,2.898E-19
33197.000,2.902E-19
33198.000,2.906E-19
33199.000,2.910E-19
33200.000,2.913E-19
33201.000,2.917E-19
33202.000,2.921E-19
33203.000,2.924E-19
33204.000,2.931E-19
33205.000,2.937E-19
33206.000,2.942E-19
33207.000,2.945E-19
33208.000,2.949E-19
33209.000,2.954E-19
33210.000,2.961E-19
33211.000,2.964E-19
33212.000,2.968E-19
33213.000,2.977E-19
33214.000,2.981E-19
33215.000,2.987E-19
33216.000,2.994E-19
33217.000,2.999E-19
33218.000,3.006E-19
33219.000,3.013E-19
33220.000,3.019E-19
33221.000,3.023E-19
33222.000,3.027E-19
33223.000,3.032E-19
33224.000,3.040E-19
33225.000,3.044E-19
33226.000,3.052E-19
33227.000,3.059E-19
33228.000,3.065E-19
33229.000,3.074E-19
33230.000,3.081E-19
33231.000,3.089E-19
33232.000,3.093E-19
33233.000,3.097E-19
33234.000,3.103E-19
33235.000,3.111E-19
33236.000,3.115E-19
33237.000,3.121E-19
33238.000,3.128E-19
33239.000,3.137E-19
33240.000,3.143E-19
33241.000,3.153E-19
33242.000,3.158E-19
33243.000,3.162E-19
33244.000,3.166E-19
33245.000,3.176E-19
33246.000,3.181E-19
33247.000,3.188E-19
33248.000,3.192E-19
33249.000,3.199E-19
33250.000,3.204E-19
33251.000,3.211E-19
33252.000,3.215E-19
33253.000,3.219E-19
33254.000,3.224E-19
33255.000,3.229E-19
33256.000,3.237E-19
33257.000,3.242E-19
33258.000,3.249E-19
33259.000,3.257E-19
33260.000,3.262E-19
33261.000,3.265E-19
33262.000,3.272E-19
33263.000,3.281E-19
33264.000,3.285E-19
33265.000,3.290E-19
33266.000,3.296E-19
33267.000,3.297E-19
33268.000,3.300E-19
33269.000,3.301E-19
33270.000,3.303E-19
33271.000,3.312E-19
33272.000,3.313E-19
33273.000,3.318E-19
33274.000,3.319E-19
33275.000,3.321E-19
33276.000,3.324E-19
33277.000,3.325E-19
33278.000,3.326E-19
33279.000,3.329E-19
33280.000,3.327E-19
33281.000,3.331E-19
33282.000,3.334E-19
33283.000,3.336E-19
33284.000,3.339E-19
33285.000,3.341E-19
33286.000,3.343E-19
33287.000,3.348E-19
33288.000,3.355E-19
33289.000,3.356E-19
33290.000,3.359E-19
33291.000,3.361E-19
33292.000,3.364E-19
33293.000,3.363E-19
33294.000,3.369E-19
33295.000,3.372E-19
33296.000,3.375E-19
33297.000,3.380E-19
33298.000,3.384E-19
33299.000,3.387E-19
33300.000,3.390E-19
33301.000,3.396E-19
33302.000,3.400E-19
33303.000,3.407E-19
33304.000,3.410E-19
33305.000,3.413E-19
33306.000,3.415E-19
33307.000,3.421E-19
33308.000,3.429E-19
33309.000,3.434E-19
33310.000,3.438E-19
33311.000,3.441E-19
33312.000,3.442E-19
33313.000,3.448E-19
33314.000,3.455E-19
33315.000,3.457E-19
33316.000,3.460E-19
33317.000,3.462E-19
33318.000,3.466E-19
33319.000,3.472E-19
33320.000,3.477E-19
33321.000,3.480E-19
33322.000,3.485E-19
33323.000,3.491E-19
33324.000,3.497E-19
33325.000,3.499E-19
33326.000,3.500E-19
33327.000,3.505E-19
33328.000,3.510E-19
33329.000,3.516E-19
33330.000,3.518E-19
33331.000,3.521E-19
33332.000,3.522E-19
33333.000,3.527E-19
33334.000,3.527E-19
33335.000,3.529E-19
33336.000,3.530E-19
33337.000,3.532E-19
33338.000,3.536E-19
33339.000,3.538E-19
33340.000,3.540E-19
33341.000,3.539E-19
33342.000,3.542E-19
33343.000,3.543E-19
33344.000,3.548E-19
33345.000,3.549E-19
33346.000,3.551E-19
33347.000,3.551E-19
33348.000,3.556E-19
33349.000,3.556E-19
33350.000,3.561E-19
33351.000,3.564E-19
33352.000,3.563E-19
33353.000,3.566E-19
33354.000,3.565E-19
33355.000,3.567E-19
33356.000,3.569E-19
33357.000,3.571E-19
33358.000,3.572E-19
33359.000,3.576E-19
33360.000,3.577E-19
33361.000,3.578E-19
33362.000,3.583E-19
33363.000,3.586E-19
33364.000,3.588E-19
33365.000,3.589E-19
33366.000,3.590E-19
33367.000,3.591E-19
33368.000,3.593E-19
33369.000,3.597E-19
33370.000,3.601E-19
33371.000,3.607E-19
33372.000,3.611E-19
33373.000,3.616E-19
33374.000,3.622E-19
33375.000,3.623E-19
33376.000,3.625E-19
33377.000,3.629E-19
33378.000,3.634E-19
33379.000,3.636E-19
33380.000,3.642E-19
33381.000,3.646E-19
33382.000,3.653E-19
33383.000,3.660E-19
33384.000,3.664E-19
33385.000,3.669E-19
33386.000,3.677E-19
33387.000,3.686E-19
33388.000,3.691E-19
33389.000,3.697E-19
33390.000,3.704E-19
33391.000,3.713E-19
33392.000,3.721E-19
33393.000,3.723E-19
33394.000,3.726E-19
33395.000,3.730E-19
33396.000,3.739E-19
33397.000,3.746E-19
33398.000,3.755E-19
33399.000,3.764E-19
33400.000,3.770E-19
33401.000,3.777E-19
33402.000,3.784E-19
33403.000,3.793E-19
33404.000,3.798E-19
33405.000,3.803E-19
33406.000,3.809E-19
33407.000,3.815E-19
33408.000,3.824E-19
33409.000,3.830E-19
33410.000,3.837E-19
33411.000,3.844E-19
33412.000,3.853E-19
33413.000,3.857E-19
33414.000,3.861E-19
33415.000,3.868E-19
33416.000,3.877E-19
33417.000,3.888E-19
33418.000,3.900E-19
33419.000,3.910E-19
33420.000,3.921E-19
33421.000,3.925E-19
33422.000,3.934E-19
33423.000,3.939E-19
33424.000,3.943E-19
33425.000,3.952E-19
33426.000,3.960E-19
33427.000,3.969E-19
33428.000,3.975E-19
33429.000,3.983E-19
33430.000,3.994E-19
33431.000,4.005E-19
33432.000,4.010E-19
33433.000,4.016E-19
33434.000,4.026E-19
33435.000,4.037E-19
33436.000,4.048E-19
33437.000,4.056E-19
33438.000,4.062E-19
33439.000,4.072E-19
33440.000,4.078E-19
33441.000,4.085E-19
33442.000,4.091E-19
33443.000,4.096E-19
33444.000,4.106E-19
33445.000,4.113E-19
33446.000,4.120E-19
33447.000,4.129E-19
33448.000,4.137E-19
33449.000,4.145E-19
33450.000,4.154E-19
33451.000,4.158E-19
33452.000,4.162E-19
33453.000,4.171E-19
33454.000,4.181E-19
33455.000,4.189E-19
33456.000,4.199E-19
33457.000,4.206E-19
33458.000,4.212E-19
33459.000,4.216E-19
33460.000,4.222E-19
33461.000,4.223E-19
33462.000,4.224E-19
33463.000,4.230E-19
33464.000,4.238E-19
33465.000,4.242E-19
33466.000,4.248E-19
33467.000,4.253E-19
33468.000,4.257E-19
33469.000,4.259E-19
33470.000,4.259E-19
33471.000,4.259E-19
33472.000,4.260E-19
33473.000,4.259E-19
33474.000,4.262E-19
33475.000,4.262E-19
33476.000,4.263E-19
33477.000,4.267E-19
33478.000,4.272E-19
33479.000,4.273E-19
33480.000,4.274E-19
33481.000,4.279E-19
33482.000,4.282E-19
33483.000,4.287E-19
33484.000,4.294E-19
33485.000,4.297E-19
33486.000,4.301E-19
33487.000,4.305E-19
33488.000,4.309E-19
33489.000,4.311E-19
33490.000,4.312E-19
33491.000,4.313E-19
33492.000,4.315E-19
33493.000,4.317E-19
33494.000,4.317E-19
33495.000,4.318E-19
33496.000,4.319E-19
33497.000,4.320E-19
33498.000,4.321E-19
33499.000,4.322E-19
33500.000,4.325E-19
33501.000,4.330E-19
33502.000,4.336E-19
33503.000,4.337E-19
33504.000,4.340E-19
33505.000,4.345E-19
33506.000,4.348E-19
33507.000,4.351E-19
33508.000,4.355E-19
33509.000,4.357E-19
33510.000,4.362E-19
33511.000,4.365E-19
33512.000,4.371E-19
33513.000,4.378E-19
33514.000,4.386E-19
33515.000,4.393E-19
33516.000,4.398E-19
33517.000,4.402E-19
33518.000,4.411E-19
33519.000,4.419E-19
33520.000,4.422E-19
33521.000,4.430E-19
33522.000,4.435E-19
33523.000,4.440E-19
33524.000,4.447E-19
33525.000,4.448E-19
33526.000,4.450E-19
33527.000,4.455E-19
33528.000,4.462E-19
33529.000,4.464E-19
33530.000,4.469E-19
33531.000,4.477E-19
33532.000,4.483E-19
33533.000,4.484E-19
33534.000,4.485E-19
33535.000,4.486E-19
33536.000,4.490E-19
33537.000,4.491E-19
33538.000,4.494E-19
33539.000,4.498E-19
33540.000,4.504E-19
33541.000,4.509E-19
33542.000,4.513E-19
33543.000,4.515E-19
33544.000,4.518E-19
33545.000,4.524E-19
33546.000,4.525E-19
33547.000,4.528E-19
33548.000,4.533E-19
33549.000,4.539E-19
33550.000,4.548E-19
33551.000,4.553E-19
33552.000,4.556E-19
33553.000,4.560E-19
33554.000,4.565E-19
33555.000,4.569E-19
33556.000,4.575E-19
33557.000,4.581E-19
33558.000,4.580E-19
33559.000,4.589E-19
33560.000,4.593E-19
33561.000,4.597E-19
33562.000,4.601E-19
33563.000,4.610E-19
33564.000,4.619E-19
33565.000,4.626E-19
33566.000,4.633E-19
33567.000,4.640E-19
33568.000,4.646E-19
33569.000,4.653E-19
33570.000,4.657E-19
33571.000,4.661E-19
33572.000,4.666E-19
33573.000,4.670E-19
33574.000,4.672E-19
33575.000,4.679E-19
33576.000,4.690E-19
33577.000,4.695E-19
33578.000,4.701E-19
33579.000,4.705E-19
33580.000,4.709E-19
33581.000,4.714E-19
33582.000,4.722E-19
33583.000,4.726E-19
33584.000,4.737E-19
33585.000,4.743E-19
33586.000,4.749E-19
33587.000,4.755E-19
33588.000,4.759E-19
33589.000,4.762E-19
33590.000,4.766E-19
33591.000,4.778E-19
33592.000,4.784E-19
33593.000,4.791E-19
33594.000,4.795E-19
33595.000,4.799E-19
33596.000,4.804E-19
33597.000,4.808E-19
33598.000,4.817E-19
33599.000,4.827E-19
33600.000,4.837E-19
33601.000,4.843E-19
33602.000,4.851E-19
33603.000,4.859E-19
33604.000,4.868E-19
33605.000,4.873E-19
33606.000,4.878E-19
33607.000,4.886E-19
33608.000,4.896E-19
33609.000,4.907E-19
33610.000,4.914E-19
33611.000,4.922E-19
33612.000,4.931E-19
33613.000,4.937E-19
33614.000,4.941E-19
33615.000,4.944E-19
33616.000,4.953E-19
33617.000,4.963E-19
33618.000,4.972E-19
33619.000,4.981E-19
33620.000,4.991E-19
33621.000,4.997E-19
33622.000,5.009E-19
33623.000,5.014E-19
33624.000,5.019E-19
33625.000,5.029E-19
33626.000,5.036E-19
33627.000,5.043E-19
33628.000,5.053E-19
33629.000,5.061E-19
33630.000,5.072E-19
33631.000,5.074E-19
33632.000,5.077E-19
33633.000,5.086E-19
33634.000,5.096E-19
33635.000,5.104E-19
33636.000,5.113E-19
33637.000,5.120E-19
33638.000,5.127E-19
33639.000,5.132E-19
33640.000,5.136E-19
33641.000,5.140E-19
33642.000,5.152E-19
33643.000,5.159E-19
33644.000,5.163E-19
33645.000,5.172E-19
33646.000,5.178E-19
33647.000,5.185E-19
33648.000,5.189E-19
33649.000,5.193E-19
33650.000,5.199E-19
33651.000,5.204E-19
33652.000,5.215E-19
33653.000,5.225E-19
33654.000,5.235E-19
33655.000,5.242E-19
33656.000,5.249E-19
33657.000,5.253E-19
33658.000,5.257E-19
33659.000,5.266E-19
33660.000,5.279E-19
33661.000,5.285E-19
33662.000,5.296E-19
33663.000,5.303E-19
33664.000,5.312E-19
33665.000,5.324E-19
33666.000,5.330E-19
33667.000,5.336E-19
33668.000,5.350E-19
33669.000,5.362E-19
33670.000,5.373E-19
33671.000,5.388E-19
33672.000,5.399E-19
33673.000,5.409E-19
33674.000,5.415E-19
33675.000,5.420E-19
33676.000,5.439E-19
33677.000,5.454E-19
33678.000,5.467E-19
33679.000,5.479E-19
33680.000,5.491E-19
33681.000,5.504E-19
33682.000,5.509E-19
33683.000,5.513E-19
33684.000,5.522E-19
33685.000,5.537E-19
33686.000,5.547E-19
33687.000,5.558E-19
33688.000,5.568E-19
33689.000,5.575E-19
33690.000,5.585E-19
33691.000,5.589E-19
33692.000,5.593E-19
33693.000,5.601E-19
33694.000,5.607E-19
33695.000,5.611E-19
33696.000,5.613E-19
33697.000,5.615E-19
33698.000,5.617E-19
33699.000,5.619E-19
33700.000,5.620E-19
33701.000,5.625E-19
33702.000,5.627E-19
33703.000,5.634E-19
33704.000,5.638E-19
33705.000,5.642E-19
33706.000,5.648E-19
33707.000,5.652E-19
33708.000,5.656E-19
33709.000,5.661E-19
33710.000,5.667E-19
33711.000,5.669E-19
33712.000,5.668E-19
33713.000,5.671E-19
33714.000,5.668E-19
33715.000,5.669E-19
33716.000,5.668E-19
33717.000,5.667E-19
33718.000,5.667E-19
33719.000,5.667E-19
33720.000,5.671E-19
33721.000,5.675E-19
33722.000,5.679E-19
33723.000,5.681E-19
33724.000,5.682E-19
33725.000,5.683E-19
33726.000,5.685E-19
33727.000,5.690E-19
33728.000,5.690E-19
33729.000,5.691E-19
33730.000,5.693E-19
33731.000,5.694E-19
33732.000,5.693E-19
33733.000,5.692E-19
33734.000,5.691E-19
33735.000,5.689E-19
33736.000,5.692E-19
33737.000,5.694E-19
33738.000,5.697E-19
33739.000,5.699E-19
33740.000,5.702E-19
33741.000,5.704E-19
33742.000,5.706E-19
33743.000,5.707E-19
33744.000,5.714E-19
33745.000,5.722E-19
33746.000,5.730E-19
33747.000,5.735E-19
33748.000,5.742E-19
33749.000,5.745E-19
33750.000,5.748E-19
33751.000,5.752E-19
33752.000,5.759E-19
33753.000,5.766E-19
33754.000,5.772E-19
33755.000,5.779E-19
33756.000,5.789E-19
33757.000,5.794E-19
33758.000,5.799E-19
33759.000,5.803E-19
33760.000,5.815E-19
33761.000,5.826E-19
33762.000,5.838E-19
33763.000,5.850E-19
33764.000,5.861E-19
33765.000,5.867E-19
33766.000,5.874E-19
33767.000,5.886E-19
33768.000,5.897E-19
33769.000,5.911E-19
33770.000,5.925E-19
33771.000,5.939E-19
33772.000,5.954E-19
33773.000,5.962E-19
33774.000,5.969E-19
33775.000,5.984E-19
33776.000,5.997E-19
33777.000,6.012E-19
33778.000,6.023E-19
33779.000,6.039E-19
33780.000,6.053E-19
33781.000,6.062E-19
33782.000,6.072E-19
33783.000,6.084E-19
33784.000,6.093E-19
33785.000,6.108E-19
33786.000,6.122E-19
33787.000,6.134E-19
33788.000,6.149E-19
33789.000,6.160E-19
33790.000,6.165E-19
33791.000,6.170E-19
33792.000,6.176E-19
33793.000,6.182E-19
33794.000,6.192E-19
33795.000,6.197E-19
33796.000,6.202E-19
33797.000,6.213E-19
33798.000,6.217E-19
33799.000,6.222E-19
33800.000,6.231E-19
33801.000,6.236E-19
33802.000,6.246E-19
33803.000,6.253E-19
33804.000,6.259E-19
33805.000,6.268E-19
33806.000,6.270E-19
33807.000,6.272E-19
33808.000,6.278E-19
33809.000,6.285E-19
33810.000,6.291E-19
33811.000,6.292E-19
33812.000,6.300E-19
33813.000,6.310E-19
33814.000,6.313E-19
33815.000,6.315E-19
33816.000,6.323E-19
33817.000,6.330E-19
33818.000,6.338E-19
33819.000,6.345E-19
33820.000,6.351E-19
33821.000,6.356E-19
33822.000,6.359E-19
33823.000,6.362E-19
33824.000,6.367E-19
33825.000,6.374E-19
33826.000,6.379E-19
33827.000,6.385E-19
33828.000,6.387E-19
33829.000,6.394E-19
33830.000,6.395E-19
33831.000,6.397E-19
33832.000,6.404E-19
33833.000,6.407E-19
33834.000,6.410E-19
33835.000,6.415E-19
33836.000,6.422E-19
33837.000,6.425E-19
33838.000,6.428E-19
33839.000,6.432E-19
33840.000,6.441E-19
33841.000,6.449E-19
33842.000,6.459E-19
33843.000,6.465E-19
33844.000,6.474E-19
33845.000,6.478E-19
33846.000,6.482E-19
33847.000,6.491E-19
33848.000,6.504E-19
33849.000,6.515E-19
33850.000,6.529E-19
33851.000,6.542E-19
33852.000,6.556E-19
33853.000,6.563E-19
33854.000,6.571E-19
33855.000,6.584E-19
33856.000,6.596E-19
33857.000,6.607E-19
33858.000,6.620E-19
33859.000,6.631E-19
33860.000,6.645E-19
33861.000,6.653E-19
33862.000,6.661E-19
33863.000,6.675E-19
33864.000,6.688E-19
33865.000,6.702E-19
33866.000,6.723E-19
33867.000,6.740E-19
33868.000,6.752E-19
33869.000,6.762E-19
33870.000,6.771E-19
33871.000,6.785E-19
33872.000,6.796E-19
33873.000,6.810E-19
33874.000,6.823E-19
33875.000,6.842E-19
33876.000,6.856E-19
33877.000,6.863E-19
33878.000,6.870E-19
33879.000,6.884E-19
33880.000,6.899E-19
33881.000,6.910E-19
33882.000,6.922E-19
33883.000,6.939E-19
33884.000,6.945E-19
33885.000,6.952E-19
33886.000,6.966E-19
33887.000,6.979E-19
33888.000,6.994E-19
33889.000,7.008E-19
33890.000,7.022E-19
33891.000,7.040E-19
33892.000,7.046E-19
33893.000,7.051E-19
33894.000,7.065E-19
33895.000,7.080E-19
33896.000,7.091E-19
33897.000,7.104E-19
33898.000,7.114E-19
33899.000,7.122E-19
33900.000,7.125E-19
33901.000,7.129E-19
33902.000,7.133E-19
33903.000,7.146E-19
33904.000,7.161E-19
33905.000,7.169E-19
33906.000,7.176E-19
33907.000,7.189E-19
33908.000,7.195E-19
33909.000,7.202E-19
33910.000,7.217E-19
33911.000,7.228E-19
33912.000,7.241E-19
33913.000,7.251E-19
33914.000,7.261E-19
33915.000,7.265E-19
33916.000,7.269E-19
33917.000,7.274E-19
33918.000,7.283E-19
33919.000,7.286E-19
33920.000,7.293E-19
33921.000,7.297E-19
33922.000,7.305E-19
33923.000,7.311E-19
33924.000,7.317E-19
33925.000,7.331E-19
33926.000,7.341E-19
33927.000,7.355E-19
33928.000,7.370E-19
33929.000,7.384E-19
33930.000,7.391E-19
33931.000,7.398E-19
33932.000,7.405E-19
33933.000,7.413E-19
33934.000,7.424E-19
33935.000,7.433E-19
33936.000,7.443E-19
33937.000,7.451E-19
33938.000,7.455E-19
33939.000,7.459E-19
33940.000,7.462E-19
33941.000,7.474E-19
33942.000,7.486E-19
33943.000,7.499E-19
33944.000,7.511E-19
33945.000,7.525E-19
33946.000,7.528E-19
33947.000,7.531E-19
33948.000,7.544E-19
33949.000,7.555E-19
33950.000,7.563E-19
33951.000,7.574E-19
33952.000,7.585E-19
33953.000,7.592E-19
33954.000,7.598E-19
33955.000,7.603E-19
33956.000,7.609E-19
33957.000,7.615E-19
33958.000,7.620E-19
33959.000,7.626E-19
33960.000,7.630E-19
33961.000,7.630E-19
33962.000,7.631E-19
33963.000,7.637E-19
33964.000,7.645E-19
33965.000,7.656E-19
33966.000,7.670E-19
33967.000,7.679E-19
33968.000,7.682E-19
33969.000,7.685E-19
33970.000,7.694E-19
33971.000,7.700E-19
33972.000,7.709E-19
33973.000,7.720E-19
33974.000,7.728E-19
33975.000,7.734E-19
33976.000,7.738E-19
33977.000,7.742E-19
33978.000,7.755E-19
33979.000,7.768E-19
33980.000,7.775E-19
33981.000,7.790E-19
33982.000,7.799E-19
33983.000,7.805E-19
33984.000,7.811E-19
33985.000,7.823E-19
33986.000,7.837E-19
33987.000,7.850E-19
33988.000,7.859E-19
33989.000,7.867E-19
33990.000,7.871E-19
33991.000,7.874E-19
33992.000,7.878E-19
33993.000,7.887E-19
33994.000,7.891E-19
33995.000,7.898E-19
33996.000,7.906E-19
33997.000,7.908E-19
33998.000,7.910E-19
33999.000,7.913E-19
34000.000,7.917E-19
34001.000,7.926E-19
34002.000,7.930E-19
34003.000,7.933E-19
34004.000,7.938E-19
34005.000,7.943E-19
34006.000,7.948E-19
34007.000,7.951E-19
34008.000,7.957E-19
34009.000,7.962E-19
34010.000,7.965E-19
34011.000,7.965E-19
34012.000,7.968E-19
34013.000,7.972E-19
34014.000,7.976E-19
34015.000,7.977E-19
34016.000,7.977E-19
34017.000,7.979E-19
34018.000,7.981E-19
34019.000,7.988E-19
34020.000,7.989E-19
34021.000,7.990E-19
34022.000,7.994E-19
34023.000,7.998E-19
34024.000,8.000E-19
34025.000,8.004E-19
34026.000,8.009E-19
34027.000,8.012E-19
34028.000,8.015E-19
34029.000,8.017E-19
34030.000,8.023E-19
34031.000,8.027E-19
34032.000,8.042E-19
34033.000,8.051E-19
34034.000,8.058E-19
34035.000,8.064E-19
34036.000,8.070E-19
34037.000,8.077E-19
34038.000,8.085E-19
34039.000,8.093E-19
34040.000,8.098E-19
34041.000,8.110E-19
34042.000,8.113E-19
34043.000,8.117E-19
34044.000,8.124E-19
34045.000,8.134E-19
34046.000,8.142E-19
34047.000,8.156E-19
34048.000,8.172E-19
34049.000,8.177E-19
34050.000,8.183E-19
34051.000,8.196E-19
34052.000,8.204E-19
34053.000,8.219E-19
34054.000,8.234E-19
34055.000,8.248E-19
34056.000,8.264E-19
34057.000,8.272E-19
34058.000,8.280E-19
34059.000,8.294E-19
34060.000,8.314E-19
34061.000,8.332E-19
34062.000,8.345E-19
34063.000,8.361E-19
34064.000,8.369E-19
34065.000,8.376E-19
34066.000,8.391E-19
34067.000,8.404E-19
34068.000,8.415E-19
34069.000,8.427E-19
34070.000,8.441E-19
34071.000,8.448E-19
34072.000,8.455E-19
34073.000,8.467E-19
34074.000,8.485E-19
34075.000,8.503E-19
34076.000,8.520E-19
34077.000,8.537E-19
34078.000,8.545E-19
34079.000,8.553E-19
34080.000,8.573E-19
34081.000,8.588E-19
34082.000,8.604E-19
34083.000,8.622E-19
34084.000,8.639E-19
34085.000,8.656E-19
34086.000,8.665E-19
34087.000,8.674E-19
34088.000,8.695E-19
34089.000,8.711E-19
34090.000,8.728E-19
34091.000,8.746E-19
34092.000,8.765E-19
34093.000,8.773E-19
34094.000,8.782E-19
34095.000,8.795E-19
34096.000,8.806E-19
34097.000,8.822E-19
34098.000,8.835E-19
34099.000,8.848E-19
34100.000,8.856E-19
34101.000,8.864E-19
34102.000,8.873E-19
34103.000,8.885E-19
34104.000,8.902E-19
34105.000,8.916E-19
34106.000,8.933E-19
34107.000,8.941E-19
34108.000,8.950E-19
34109.000,8.962E-19
34110.000,8.976E-19
34111.000,8.991E-19
34112.000,9.006E-19
34113.000,9.025E-19
34114.000,9.034E-19
34115.000,9.044E-19
34116.000,9.060E-19
34117.000,9.073E-19
34118.000,9.090E-19
34119.000,9.108E-19
34120.000,9.122E-19
34121.000,9.129E-19
34122.000,9.136E-19
34123.000,9.153E-19
34124.000,9.164E-19
34125.000,9.179E-19
34126.000,9.192E-19
34127.000,9.210E-19
34128.000,9.218E-19
34129.000,9.226E-19
34130.000,9.243E-19
34131.000,9.259E-19
34132.000,9.276E-19
34133.000,9.290E-19
34134.000,9.310E-19
34135.000,9.319E-19
34136.000,9.327E-19
34137.000,9.346E-19
34138.000,9.358E-19
34139.000,9.375E-19
34140.000,9.393E-19
34141.000,9.409E-19
34142.000,9.416E-19
34143.000,9.422E-19
34144.000,9.441E-19
34145.000,9.455E-19
34146.000,9.471E-19
34147.000,9.483E-19
34148.000,9.496E-19
34149.000,9.505E-19
34150.000,9.514E-19
34151.000,9.528E-19
34152.000,9.542E-19
34153.000,9.558E-19
34154.000,9.574E-19
34155.000,9.591E-19
34156.000,9.599E-19
34157.000,9.607E-19
34158.000,9.622E-19
34159.000,9.629E-19
34160.000,9.634E-19
34161.000,9.645E-19
34162.000,9.654E-19
34163.000,9.660E-19
34164.000,9.665E-19
34165.000,9.675E-19
34166.000,9.683E-19
34167.000,9.691E-19
34168.000,9.703E-19
34169.000,9.718E-19
34170.000,9.723E-19
34171.000,9.728E-19
34172.000,9.738E-19
34173.000,9.745E-19
34174.000,9.752E-19
34175.000,9.759E-19
34176.000,9.766E-19
34177.000,9.770E-19
34178.000,9.774E-19
34179.000,9.783E-19
34180.000,9.788E-19
34181.000,9.796E-19
34182.000,9.803E-19
34183.000,9.804E-19
34184.000,9.806E-19
34185.000,9.808E-19
34186.000,9.808E-19
34187.000,9.812E-19
34188.000,9.815E-19
34189.000,9.817E-19
34190.000,9.816E-19
34191.000,9.818E-19
34192.000,9.821E-19
34193.000,9.825E-19
34194.000,9.830E-19
34195.000,9.836E-19
34196.000,9.843E-19
34197.000,9.851E-19
34198.000,9.853E-19
34199.000,9.854E-19
34200.000,9.857E-19
34201.000,9.862E-19
34202.000,9.866E-19
34203.000,9.871E-19
34204.000,9.869E-19
34205.000,9.869E-19
34206.000,9.870E-19
34207.000,9.875E-19
34208.000,9.876E-19
34209.000,9.879E-19
34210.000,9.881E-19
34211.000,9.887E-19
34212.000,9.888E-19
34213.000,9.889E-19
34214.000,9.896E-19
34215.000,9.906E-19
34216.000,9.918E-19
34217.000,9.924E-19
34218.000,9.933E-19
34219.000,9.938E-19
34220.000,9.943E-19
34221.000,9.955E-19
34222.000,9.966E-19
34223.000,9.975E-19
34224.000,9.983E-19
34225.000,9.996E-19
34226.000,1.000E-18
34227.000,1.001E-18
34228.000,1.002E-18
34229.000,1.003E-18
34230.000,1.004E-18
34231.000,1.006E-18
34232.000,1.007E-18
34233.000,1.008E-18
34234.000,1.010E-18
34235.000,1.011E-18
34236.000,1.013E-18
34237.000,1.014E-18
34238.000,1.016E-18
34239.000,1.016E-18
34240.000,1.017E-18
34241.000,1.018E-18
34242.000,1.020E-18
34243.000,1.021E-18
34244.000,1.021E-18
34245.000,1.022E-18
34246.000,1.023E-18
34247.000,1.023E-18
34248.000,1.024E-18
34249.000,1.025E-18
34250.000,1.027E-18
34251.000,1.029E-18
34252.000,1.030E-18
34253.000,1.031E-18
34254.000,1.031E-18
34255.000,1.032E-18
34256.000,1.034E-18
34257.000,1.035E-18
34258.000,1.037E-18
34259.000,1.038E-18
34260.000,1.038E-18
34261.000,1.039E-18
34262.000,1.040E-18
34263.000,1.041E-18
34264.000,1.042E-18
34265.000,1.043E-18
34266.000,1.043E-18
34267.000,1.044E-18
34268.000,1.045E-18
34269.000,1.046E-18
34270.000,1.047E-18
34271.000,1.048E-18
34272.000,1.049E-18
34273.000,1.050E-18
34274.000,1.050E-18
34275.000,1.051E-18
34276.000,1.052E-18
34277.000,1.053E-18
34278.000,1.054E-18
34279.000,1.055E-18
34280.000,1.056E-18
34281.000,1.057E-18
34282.000,1.058E-18
34283.000,1.059E-18
34284.000,1.062E-18
34285.000,1.063E-18
34286.000,1.065E-18
34287.000,1.066E-18
34288.000,1.067E-18
34289.000,1.070E-18
34290.000,1.072E-18
34291.000,1.074E-18
34292.000,1.076E-18
34293.000,1.077E-18
34294.000,1.078E-18
34295.000,1.081E-18
34296.000,1.083E-18
34297.000,1.085E-18
34298.000,1.088E-18
34299.000,1.090E-18
34300.000,1.091E-18
34301.000,1.093E-18
34302.000,1.095E-18
34303.000,1.097E-18
34304.000,1.100E-18
34305.000,1.102E-18
34306.000,1.104E-18
34307.000,1.105E-18
34308.000,1.106E-18
34309.000,1.108E-18
34310.000,1.110E-18
34311.000,1.112E-18
34312.000,1.114E-18
34313.000,1.115E-18
34314.000,1.116E-18
34315.000,1.119E-18
34316.000,1.121E-18
34317.000,1.123E-18
34318.000,1.124E-18
34319.000,1.127E-18
34320.000,1.128E-18
34321.000,1.129E-18
34322.000,1.131E-18
34323.000,1.133E-18
34324.000,1.134E-18
34325.000,1.136E-18
34326.000,1.137E-18
34327.000,1.139E-18
34328.000,1.141E-18
34329.000,1.143E-18
34330.000,1.145E-18
34331.000,1.147E-18
34332.000,1.148E-18
34333.000,1.149E-18
34334.000,1.150E-18
34335.000,1.151E-18
34336.000,1.153E-18
34337.000,1.155E-18
34338.000,1.156E-18
34339.000,1.158E-18
34340.000,1.159E-18
34341.000,1.160E-18
34342.000,1.162E-18
34343.000,1.164E-18
34344.000,1.166E-18
34345.000,1.169E-18
34346.000,1.169E-18
34347.000,1.170E-18
34348.000,1.172E-18
34349.000,1.174E-18
34350.000,1.175E-18
34351.000,1.177E-18
34352.000,1.179E-18
34353.000,1.180E-18
34354.000,1.180E-18
34355.000,1.181E-18
34356.000,1.183E-18
34357.000,1.185E-18
34358.000,1.187E-18
34359.000,1.188E-18
34360.000,1.190E-18
34361.000,1.192E-18
34362.000,1.194E-18
34363.000,1.195E-18
34364.000,1.197E-18
34365.000,1.199E-18
34366.000,1.200E-18
34367.000,1.201E-18
34368.000,1.202E-18
34369.000,1.204E-18
34370.000,1.205E-18
34371.000,1.207E-18
34372.000,1.207E-18
34373.000,1.208E-18
34374.000,1.210E-18
34375.000,1.211E-18
34376.000,1.213E-18
34377.000,1.215E-18
34378.000,1.216E-18
34379.000,1.217E-18
34380.000,1.218E-18
34381.000,1.219E-18
34382.000,1.221E-18
34383.000,1.223E-18
34384.000,1.226E-18
34385.000,1.227E-18
34386.000,1.228E-18
34387.000,1.229E-18
34388.000,1.231E-18
34389.000,1.233E-18
34390.000,1.234E-18
34391.000,1.236E-18
34392.000,1.237E-18
34393.000,1.238E-18
34394.000,1.240E-18
34395.000,1.241E-18
34396.000,1.242E-18
34397.000,1.244E-18
34398.000,1.245E-18
34399.000,1.245E-18
34400.000,1.247E-18
34401.000,1.249E-18
34402.000,1.250E-18
34403.000,1.252E-18
34404.000,1.253E-18
34405.000,1.253E-18
34406.000,1.254E-18
34407.000,1.255E-18
34408.000,1.256E-18
34409.000,1.258E-18
34410.000,1.260E-18
34411.000,1.260E-18
34412.000,1.261E-18
34413.000,1.262E-18
34414.000,1.263E-18
34415.000,1.265E-18
34416.000,1.266E-18
34417.000,1.267E-18
34418.000,1.268E-18
34419.000,1.269E-18
34420.000,1.270E-18
34421.000,1.271E-18
34422.000,1.272E-18
34423.000,1.273E-18
34424.000,1.274E-18
34425.000,1.274E-18
34426.000,1.274E-18
34427.000,1.275E-18
34428.000,1.275E-18
34429.000,1.275E-18
34430.000,1.276E-18
34431.000,1.277E-18
34432.000,1.277E-18
34433.000,1.277E-18
34434.000,1.278E-18
34435.000,1.280E-18
34436.000,1.280E-18
34437.000,1.281E-18
34438.000,1.282E-18
34439.000,1.284E-18
34440.000,1.285E-18
34441.000,1.287E-18
34442.000,1.288E-18
34443.000,1.289E-18
34444.000,1.289E-18
34445.000,1.290E-18
34446.000,1.291E-18
34447.000,1.291E-18
34448.000,1.293E-18
34449.000,1.294E-18
34450.000,1.294E-18
34451.000,1.295E-18
34452.000,1.295E-18
34453.000,1.296E-18
34454.000,1.298E-18
34455.000,1.299E-18
34456.000,1.301E-18
34457.000,1.302E-18
34458.000,1.304E-18
34459.000,1.305E-18
34460.000,1.306E-18
34461.000,1.307E-18
34462.000,1.308E-18
34463.000,1.309E-18
34464.000,1.310E-18
34465.000,1.311E-18
34466.000,1.314E-18
34467.000,1.315E-18
34468.000,1.316E-18
34469.000,1.317E-18
34470.000,1.318E-18
34471.000,1.320E-18
34472.000,1.321E-18
34473.000,1.322E-18
34474.000,1.324E-18
34475.000,1.325E-18
34476.000,1.325E-18
34477.000,1.326E-18
34478.000,1.329E-18
34479.000,1.331E-18
34480.000,1.333E-18
34481.000,1.334E-18
34482.000,1.335E-18
34483.000,1.335E-18
34484.000,1.337E-18
34485.000,1.338E-18
34486.000,1.339E-18
34487.000,1.339E-18
34488.000,1.339E-18
34489.000,1.340E-18
34490.000,1.341E-18
34491.000,1.342E-18
34492.000,1.344E-18
34493.000,1.345E-18
34494.000,1.345E-18
34495.000,1.346E-18
34496.000,1.346E-18
34497.000,1.346E-18
34498.000,1.346E-18
34499.000,1.348E-18
34500.000,1.348E-18
34501.000,1.349E-18
34502.000,1.350E-18
34503.000,1.352E-18
34504.000,1.352E-18
34505.000,1.353E-18
34506.000,1.354E-18
34507.000,1.354E-18
34508.000,1.356E-18
34509.000,1.357E-18
34510.000,1.357E-18
34511.000,1.359E-18
34512.000,1.359E-18
34513.000,1.360E-18
34514.000,1.361E-18
34515.000,1.362E-18
34516.000,1.363E-18
34517.000,1.365E-18
34518.000,1.366E-18
34519.000,1.367E-18
34520.000,1.368E-18
34521.000,1.369E-18
34522.000,1.371E-18
34523.000,1.373E-18
34524.000,1.375E-18
34525.000,1.376E-18
34526.000,1.377E-18
34527.000,1.379E-18
34528.000,1.380E-18
34529.000,1.382E-18
34530.000,1.384E-18
34531.000,1.384E-18
34532.000,1.385E-18
34533.000,1.387E-18
34534.000,1.389E-18
34535.000,1.392E-18
34536.000,1.393E-18
34537.000,1.394E-18
34538.000,1.395E-18
34539.000,1.398E-18
34540.000,1.400E-18
34541.000,1.403E-18
34542.000,1.405E-18
34543.000,1.406E-18
34544.000,1.407E-18
34545.000,1.410E-18
34546.000,1.412E-18
34547.000,1.415E-18
34548.000,1.418E-18
34549.000,1.420E-18
34550.000,1.421E-18
34551.000,1.422E-18
34552.000,1.424E-18
34553.000,1.426E-18
34554.000,1.429E-18
34555.000,1.430E-18
34556.000,1.431E-18
34557.000,1.432E-18
34558.000,1.434E-18
34559.000,1.436E-18
34560.000,1.437E-18
34561.000,1.439E-18
34562.000,1.440E-18
34563.000,1.442E-18
34564.000,1.444E-18
34565.000,1.445E-18
34566.000,1.447E-18
34567.000,1.449E-18
34568.000,1.450E-18
34569.000,1.451E-18
34570.000,1.453E-18
34571.000,1.455E-18
34572.000,1.456E-18
34573.000,1.457E-18
34574.000,1.458E-18
34575.000,1.458E-18
34576.000,1.460E-18
34577.000,1.461E-18
34578.000,1.463E-18
34579.000,1.465E-18
34580.000,1.466E-18
34581.000,1.466E-18
34582.000,1.468E-18
34583.000,1.470E-18
34584.000,1.471E-18
34585.000,1.473E-18
34586.000,1.473E-18
34587.000,1.474E-18
34588.000,1.476E-18
34589.000,1.477E-18
34590.000,1.479E-18
34591.000,1.480E-18
34592.000,1.482E-18
34593.000,1.483E-18
34594.000,1.483E-18
34595.000,1.485E-18
34596.000,1.486E-18
34597.000,1.487E-18
34598.000,1.489E-18
34599.000,1.490E-18
34600.000,1.490E-18
34601.000,1.493E-18
34602.000,1.495E-18
34603.000,1.495E-18
34604.000,1.497E-18
34605.000,1.498E-18
34606.000,1.499E-18
34607.000,1.501E-18
34608.000,1.503E-18
34609.000,1.504E-18
34610.000,1.507E-18
34611.000,1.508E-18
34612.000,1.509E-18
34613.000,1.510E-18
34614.000,1.513E-18
34615.000,1.515E-18
34616.000,1.516E-18
34617.000,1.516E-18
34618.000,1.517E-18
34619.000,1.519E-18
34620.000,1.522E-18
34621.000,1.524E-18
34622.000,1.526E-18
34623.000,1.527E-18
34624.000,1.529E-18
34625.000,1.531E-18
34626.000,1.534E-18
34627.000,1.536E-18
34628.000,1.538E-18
34629.000,1.539E-18
34630.000,1.540E-18
34631.000,1.542E-18
34632.000,1.544E-18
34633.000,1.546E-18
34634.000,1.548E-18
34635.000,1.548E-18
34636.000,1.549E-18
34637.000,1.551E-18
34638.000,1.552E-18
34639.000,1.554E-18
34640.000,1.555E-18
34641.000,1.556E-18
34642.000,1.557E-18
34643.000,1.559E-18
34644.000,1.560E-18
34645.000,1.562E-18
34646.000,1.564E-18
34647.000,1.565E-18
34648.000,1.565E-18
34649.000,1.566E-18
34650.000,1.567E-18
34651.000,1.569E-18
34652.000,1.570E-18
34653.000,1.571E-18
34654.000,1.572E-18
34655.000,1.573E-18
34656.000,1.575E-18
34657.000,1.576E-18
34658.000,1.577E-18
34659.000,1.577E-18
34660.000,1.578E-18
34661.000,1.580E-18
34662.000,1.581E-18
34663.000,1.583E-18
34664.000,1.583E-18
34665.000,1.584E-18
34666.000,1.584E-18
34667.000,1.586E-18
34668.000,1.587E-18
34669.000,1.589E-18
34670.000,1.590E-18
34671.000,1.590E-18
34672.000,1.590E-18
34673.000,1.592E-18
34674.000,1.592E-18
34675.000,1.593E-18
34676.000,1.593E-18
34677.000,1.594E-18
34678.000,1.594E-18
34679.000,1.594E-18
34680.000,1.596E-18
34681.000,1.598E-18
34682.000,1.599E-18
34683.000,1.600E-18
34684.000,1.601E-18
34685.000,1.603E-18
34686.000,1.605E-18
34687.000,1.606E-18
34688.000,1.608E-18
34689.000,1.609E-18
34690.000,1.610E-18
34691.000,1.612E-18
34692.000,1.614E-18
34693.000,1.616E-18
34694.000,1.616E-18
34695.000,1.617E-18
34696.000,1.619E-18
34697.000,1.621E-18
34698.000,1.622E-18
34699.000,1.624E-18
34700.000,1.625E-18
34701.000,1.625E-18
34702.000,1.627E-18
34703.000,1.629E-18
34704.000,1.630E-18
34705.000,1.632E-18
34706.000,1.632E-18
34707.000,1.633E-18
34708.000,1.635E-18
34709.000,1.637E-18
34710.000,1.639E-18
34711.000,1.640E-18
34712.000,1.640E-18
34713.000,1.640E-18
34714.000,1.642E-18
34715.000,1.643E-18
34716.000,1.646E-18
34717.000,1.648E-18
34718.000,1.649E-18
34719.000,1.649E-18
34720.000,1.650E-18
34721.000,1.653E-18
34722.000,1.655E-18
34723.000,1.657E-18
34724.000,1.657E-18
34725.000,1.658E-18
34726.000,1.661E-18
34727.000,1.662E-18
34728.000,1.664E-18
34729.000,1.665E-18
34730.000,1.667E-18
34731.000,1.669E-18
34732.000,1.670E-18
34733.000,1.673E-18
34734.000,1.676E-18
34735.000,1.678E-18
34736.000,1.680E-18
34737.000,1.681E-18
34738.000,1.685E-18
34739.000,1.687E-18
34740.000,1.690E-18
34741.000,1.692E-18
34742.000,1.693E-18
34743.000,1.696E-18
34744.000,1.698E-18
34745.000,1.701E-18
34746.000,1.705E-18
34747.000,1.706E-18
34748.000,1.707E-18
34749.000,1.710E-18
34750.000,1.713E-18
34751.000,1.716E-18
34752.000,1.718E-18
34753.000,1.720E-18
34754.000,1.722E-18
34755.000,1.726E-18
34756.000,1.729E-18
34757.000,1.732E-18
34758.000,1.735E-18
34759.000,1.736E-18
34760.000,1.738E-18
34761.000,1.742E-18
34762.000,1.746E-18
34763.000,1.749E-18
34764.000,1.753E-18
34765.000,1.755E-18
34766.000,1.758E-18
34767.000,1.762E-18
34768.000,1.766E-18
34769.000,1.770E-18
34770.000,1.772E-18
34771.000,1.773E-18
34772.000,1.777E-18
34773.000,1.782E-18
34774.000,1.786E-18
34775.000,1.790E-18
34776.000,1.792E-18
34777.000,1.794E-18
34778.000,1.798E-18
34779.000,1.803E-18
34780.000,1.807E-18
34781.000,1.811E-18
34782.000,1.813E-18
34783.000,1.814E-18
34784.000,1.819E-18
34785.000,1.823E-18
34786.000,1.827E-18
34787.000,1.831E-18
34788.000,1.833E-18
34789.000,1.835E-18
34790.000,1.839E-18
34791.000,1.843E-18
34792.000,1.847E-18
34793.000,1.848E-18
34794.000,1.850E-18
34795.000,1.853E-18
34796.000,1.856E-18
34797.000,1.860E-18
34798.000,1.864E-18
34799.000,1.865E-18
34800.000,1.867E-18
34801.000,1.871E-18
34802.000,1.873E-18
34803.000,1.876E-18
34804.000,1.879E-18
34805.000,1.881E-18
34806.000,1.882E-18
34807.000,1.883E-18
34808.000,1.885E-18
34809.000,1.887E-18
34810.000,1.890E-18
34811.000,1.891E-18
34812.000,1.892E-18
34813.000,1.895E-18
34814.000,1.899E-18
34815.000,1.901E-18
34816.000,1.902E-18
34817.000,1.903E-18
34818.000,1.904E-18
34819.000,1.905E-18
34820.000,1.907E-18
34821.000,1.909E-18
34822.000,1.909E-18
34823.000,1.910E-18
34824.000,1.912E-18
34825.000,1.913E-18
34826.000,1.915E-18
34827.000,1.917E-18
34828.000,1.918E-18
34829.000,1.918E-18
34830.000,1.919E-18
34831.000,1.920E-18
34832.000,1.922E-18
34833.000,1.923E-18
34834.000,1.923E-18
34835.000,1.924E-18
34836.000,1.925E-18
34837.000,1.926E-18
34838.000,1.927E-18
34839.000,1.928E-18
34840.000,1.929E-18
34841.000,1.931E-18
34842.000,1.933E-18
34843.000,1.933E-18
34844.000,1.934E-18
34845.000,1.934E-18
34846.000,1.935E-18
34847.000,1.936E-18
34848.000,1.937E-18
34849.000,1.938E-18
34850.000,1.939E-18
34851.000,1.939E-18
34852.000,1.940E-18
34853.000,1.941E-18
34854.000,1.941E-18
34855.000,1.942E-18
34856.000,1.942E-18
34857.000,1.942E-18
34858.000,1.943E-18
34859.000,1.945E-18
34860.000,1.945E-18
34861.000,1.946E-18
34862.000,1.947E-18
34863.000,1.947E-18
34864.000,1.948E-18
34865.000,1.951E-18
34866.000,1.952E-18
34867.000,1.953E-18
34868.000,1.954E-18
34869.000,1.955E-18
34870.000,1.957E-18
34871.000,1.958E-18
34872.000,1.960E-18
34873.000,1.961E-18
34874.000,1.962E-18
34875.000,1.964E-18
34876.000,1.966E-18
34877.000,1.968E-18
34878.000,1.970E-18
34879.000,1.971E-18
34880.000,1.972E-18
34881.000,1.975E-18
34882.000,1.977E-18
34883.000,1.980E-18
34884.000,1.981E-18
34885.000,1.982E-18
34886.000,1.985E-18
34887.000,1.988E-18
34888.000,1.990E-18
34889.000,1.993E-18
34890.000,1.994E-18
34891.000,1.995E-18
34892.000,1.997E-18
34893.000,2.000E-18
34894.000,2.002E-18
34895.000,2.005E-18
34896.000,2.007E-18
34897.000,2.009E-18
34898.000,2.010E-18
34899.000,2.014E-18
34900.000,2.016E-18
34901.000,2.017E-18
34902.000,2.018E-18
34903.000,2.021E-18
34904.000,2.024E-18
34905.000,2.026E-18
34906.000,2.028E-18
34907.000,2.029E-18
34908.000,2.030E-18
34909.000,2.034E-18
34910.000,2.037E-18
34911.000,2.041E-18
34912.000,2.043E-18
34913.000,2.045E-18
34914.000,2.047E-18
34915.000,2.051E-18
34916.000,2.054E-18
34917.000,2.056E-18
34918.000,2.057E-18
34919.000,2.058E-18
34920.000,2.061E-18
34921.000,2.064E-18
34922.000,2.067E-18
34923.000,2.068E-18
34924.000,2.069E-18
34925.000,2.071E-18
34926.000,2.072E-18
34927.000,2.075E-18
34928.000,2.077E-18
34929.000,2.079E-18
34930.000,2.081E-18
34931.000,2.084E-18
34932.000,2.088E-18
34933.000,2.091E-18
34934.000,2.094E-18
34935.000,2.095E-18
34936.000,2.096E-18
34937.000,2.098E-18
34938.000,2.100E-18
34939.000,2.104E-18
34940.000,2.105E-18
34941.000,2.106E-18
34942.000,2.109E-18
34943.000,2.110E-18
34944.000,2.112E-18
34945.000,2.115E-18
34946.000,2.116E-18
34947.000,2.117E-18
34948.000,2.120E-18
34949.000,2.123E-18
34950.000,2.124E-18
34951.000,2.125E-18
34952.000,2.126E-18
34953.000,2.129E-18
34954.000,2.131E-18
34955.000,2.133E-18
34956.000,2.135E-18
34957.000,2.136E-18
34958.000,2.137E-18
34959.000,2.140E-18
34960.000,2.142E-18
34961.000,2.145E-18
34962.000,2.146E-18
34963.000,2.147E-18
34964.000,2.149E-18
34965.000,2.152E-18
34966.000,2.155E-18
34967.000,2.156E-18
34968.000,2.157E-18
34969.000,2.159E-18
34970.000,2.161E-18
34971.000,2.164E-18
34972.000,2.166E-18
34973.000,2.167E-18
34974.000,2.168E-18
34975.000,2.170E-18
34976.000,2.171E-18
34977.000,2.174E-18
34978.000,2.176E-18
34979.000,2.178E-18
34980.000,2.179E-18
34981.000,2.180E-18
34982.000,2.181E-18
34983.000,2.182E-18
34984.000,2.182E-18
34985.000,2.183E-18
34986.000,2.185E-18
34987.000,2.186E-18
34988.000,2.186E-18
34989.000,2.186E-18
34990.000,2.185E-18
34991.000,2.186E-18
34992.000,2.187E-18
34993.000,2.188E-18
34994.000,2.188E-18
34995.000,2.188E-18
34996.000,2.189E-18
34997.000,2.189E-18
34998.000,2.190E-18
34999.000,2.191E-18
35000.000,2.191E-18
35001.000,2.191E-18
35002.000,2.191E-18
35003.000,2.192E-18
35004.000,2.192E-18
35005.000,2.192E-18
35006.000,2.192E-18
35007.000,2.192E-18
35008.000,2.192E-18
35009.000,2.192E-18
35010.000,2.192E-18
35011.000,2.192E-18
35012.000,2.192E-18
35013.000,2.191E-18
35014.000,2.191E-18
35015.000,2.192E-18
35016.000,2.193E-18
35017.000,2.192E-18
35018.000,2.191E-18
35019.000,2.192E-18
35020.000,2.192E-18
35021.000,2.194E-18
35022.000,2.195E-18
35023.000,2.195E-18
35024.000,2.196E-18
35025.000,2.198E-18
35026.000,2.199E-18
35027.000,2.199E-18
35028.000,2.199E-18
35029.000,2.199E-18
35030.000,2.200E-18
35031.000,2.201E-18
35032.000,2.203E-18
35033.000,2.204E-18
35034.000,2.205E-18
35035.000,2.206E-18
35036.000,2.208E-18
35037.000,2.210E-18
35038.000,2.211E-18
35039.000,2.212E-18
35040.000,2.214E-18
35041.000,2.216E-18
35042.000,2.220E-18
35043.000,2.223E-18
35044.000,2.224E-18
35045.000,2.225E-18
35046.000,2.230E-18
35047.000,2.233E-18
35048.000,2.237E-18
35049.000,2.239E-18
35050.000,2.241E-18
35051.000,2.245E-18
35052.000,2.248E-18
35053.000,2.251E-18
35054.000,2.253E-18
35055.000,2.256E-18
35056.000,2.259E-18
35057.000,2.262E-18
35058.000,2.266E-18
35059.000,2.270E-18
35060.000,2.273E-18
35061.000,2.275E-18
35062.000,2.279E-18
35063.000,2.283E-18
35064.000,2.288E-18
35065.000,2.290E-18
35066.000,2.291E-18
35067.000,2.296E-18
35068.000,2.301E-18
35069.000,2.305E-18
35070.000,2.308E-18
35071.000,2.309E-18
35072.000,2.311E-18
35073.000,2.316E-18
35074.000,2.319E-18
35075.000,2.323E-18
35076.000,2.325E-18
35077.000,2.327E-18
35078.000,2.331E-18
35079.000,2.336E-18
35080.000,2.339E-18
35081.000,2.342E-18
35082.000,2.344E-18
35083.000,2.350E-18
35084.000,2.355E-18
35085.000,2.358E-18
35086.000,2.362E-18
35087.000,2.365E-18
35088.000,2.368E-18
35089.000,2.371E-18
35090.000,2.375E-18
35091.000,2.379E-18
35092.000,2.381E-18
35093.000,2.383E-18
35094.000,2.387E-18
35095.000,2.390E-18
35096.000,2.393E-18
35097.000,2.394E-18
35098.000,2.396E-18
35099.000,2.399E-18
35100.000,2.401E-18
35101.000,2.404E-18
35102.000,2.406E-18
35103.000,2.408E-18
35104.000,2.409E-18
35105.000,2.411E-18
35106.000,2.413E-18
35107.000,2.415E-18
35108.000,2.417E-18
35109.000,2.418E-18
35110.000,2.421E-18
35111.000,2.424E-18
35112.000,2.427E-18
35113.000,2.428E-18
35114.000,2.430E-18
35115.000,2.432E-18
35116.000,2.434E-18
35117.000,2.436E-18
35118.000,2.437E-18
35119.000,2.437E-18
35120.000,2.438E-18
35121.000,2.440E-18
35122.000,2.441E-18
35123.000,2.443E-18
35124.000,2.444E-18
35125.000,2.444E-18
35126.000,2.445E-18
35127.000,2.446E-18
35128.000,2.449E-18
35129.000,2.450E-18
35130.000,2.451E-18
35131.000,2.454E-18
35132.000,2.456E-18
35133.000,2.457E-18
35134.000,2.459E-18
35135.000,2.460E-18
35136.000,2.463E-18
35137.000,2.465E-18
35138.000,2.468E-18
35139.000,2.469E-18
35140.000,2.471E-18
35141.000,2.473E-18
35142.000,2.475E-18
35143.000,2.479E-18
35144.000,2.482E-18
35145.000,2.483E-18
35146.000,2.485E-18
35147.000,2.487E-18
35148.000,2.490E-18
35149.000,2.492E-18
35150.000,2.493E-18
35151.000,2.494E-18
35152.000,2.496E-18
35153.000,2.498E-18
35154.000,2.499E-18
35155.000,2.500E-18
35156.000,2.501E-18
35157.000,2.504E-18
35158.000,2.505E-18
35159.000,2.507E-18
35160.000,2.508E-18
35161.000,2.509E-18
35162.000,2.511E-18
35163.000,2.512E-18
35164.000,2.513E-18
35165.000,2.514E-18
35166.000,2.514E-18
35167.000,2.515E-18
35168.000,2.516E-18
35169.000,2.518E-18
35170.000,2.519E-18
35171.000,2.519E-18
35172.000,2.519E-18
35173.000,2.521E-18
35174.000,2.521E-18
35175.000,2.522E-18
35176.000,2.522E-18
35177.000,2.522E-18
35178.000,2.522E-18
35179.000,2.523E-18
35180.000,2.524E-18
35181.000,2.524E-18
35182.000,2.525E-18
35183.000,2.526E-18
35184.000,2.527E-18
35185.000,2.529E-18
35186.000,2.531E-18
35187.000,2.531E-18
35188.000,2.532E-18
35189.000,2.534E-18
35190.000,2.537E-18
35191.000,2.539E-18
35192.000,2.540E-18
35193.000,2.541E-18
35194.000,2.543E-18
35195.000,2.545E-18
35196.000,2.547E-18
35197.000,2.547E-18
35198.000,2.548E-18
35199.000,2.551E-18
35200.000,2.554E-18
35201.000,2.556E-18
35202.000,2.558E-18
35203.000,2.559E-18
35204.000,2.562E-18
35205.000,2.565E-18
35206.000,2.568E-18
35207.000,2.571E-18
35208.000,2.573E-18
35209.000,2.579E-18
35210.000,2.583E-18
35211.000,2.587E-18
35212.000,2.589E-18
35213.000,2.591E-18
35214.000,2.596E-18
35215.000,2.601E-18
35216.000,2.606E-18
35217.000,2.612E-18
35218.000,2.615E-18
35219.000,2.618E-18
35220.000,2.623E-18
35221.000,2.629E-18
35222.000,2.634E-18
35223.000,2.637E-18
35224.000,2.640E-18
35225.000,2.645E-18
35226.000,2.650E-18
35227.000,2.655E-18
35228.000,2.658E-18
35229.000,2.661E-18
35230.000,2.667E-18
35231.000,2.672E-18
35232.000,2.678E-18
35233.000,2.681E-18
35234.000,2.685E-18
35235.000,2.690E-18
35236.000,2.697E-18
35237.000,2.703E-18
35238.000,2.706E-18
35239.000,2.709E-18
35240.000,2.715E-18
35241.000,2.722E-18
35242.000,2.728E-18
35243.000,2.732E-18
35244.000,2.735E-18
35245.000,2.741E-18
35246.000,2.746E-18
35247.000,2.752E-18
35248.000,2.756E-18
35249.000,2.759E-18
35250.000,2.766E-18
35251.000,2.772E-18
35252.000,2.779E-18
35253.000,2.787E-18
35254.000,2.790E-18
35255.000,2.793E-18
35256.000,2.799E-18
35257.000,2.805E-18
35258.000,2.811E-18
35259.000,2.814E-18
35260.000,2.817E-18
35261.000,2.823E-18
35262.000,2.829E-18
35263.000,2.835E-18
35264.000,2.838E-18
35265.000,2.841E-18
35266.000,2.848E-18
35267.000,2.854E-18
35268.000,2.860E-18
35269.000,2.864E-18
35270.000,2.867E-18
35271.000,2.871E-18
35272.000,2.878E-18
35273.000,2.884E-18
35274.000,2.886E-18
35275.000,2.888E-18
35276.000,2.892E-18
35277.000,2.897E-18
35278.000,2.902E-18
35279.000,2.904E-18
35280.000,2.905E-18
35281.000,2.911E-18
35282.000,2.914E-18
35283.000,2.918E-18
35284.000,2.920E-18
35285.000,2.921E-18
35286.000,2.925E-18
35287.000,2.929E-18
35288.000,2.930E-18
35289.000,2.932E-18
35290.000,2.933E-18
35291.000,2.935E-18
35292.000,2.936E-18
35293.000,2.938E-18
35294.000,2.938E-18
35295.000,2.938E-18
35296.000,2.937E-18
35297.000,2.937E-18
35298.000,2.937E-18
35299.000,2.937E-18
35300.000,2.937E-18
35301.000,2.936E-18
35302.000,2.934E-18
35303.000,2.932E-18
35304.000,2.932E-18
35305.000,2.931E-18
35306.000,2.930E-18
35307.000,2.929E-18
35308.000,2.928E-18
35309.000,2.927E-18
35310.000,2.926E-18
35311.000,2.926E-18
35312.000,2.925E-18
35313.000,2.923E-18
35314.000,2.922E-18
35315.000,2.921E-18
35316.000,2.920E-18
35317.000,2.919E-18
35318.000,2.917E-18
35319.000,2.914E-18
35320.000,2.913E-18
35321.000,2.913E-18
35322.000,2.912E-18
35323.000,2.910E-18
35324.000,2.908E-18
35325.000,2.907E-18
35326.000,2.906E-18
35327.000,2.907E-18
35328.000,2.906E-18
35329.000,2.907E-18
35330.000,2.907E-18
35331.000,2.907E-18
35332.000,2.907E-18
35333.000,2.907E-18
35334.000,2.907E-18
35335.000,2.907E-18
35336.000,2.907E-18
35337.000,2.907E-18
35338.000,2.908E-18
35339.000,2.907E-18
35340.000,2.908E-18
35341.000,2.908E-18
35342.000,2.907E-18
35343.000,2.906E-18
35344.000,2.907E-18
35345.000,2.906E-18
35346.000,2.906E-18
35347.000,2.907E-18
35348.000,2.909E-18
35349.000,2.910E-18
35350.000,2.911E-18
35351.000,2.911E-18
35352.000,2.912E-18
35353.000,2.913E-18
35354.000,2.914E-18
35355.000,2.915E-18
35356.000,2.915E-18
35357.000,2.916E-18
35358.000,2.919E-18
35359.000,2.920E-18
35360.000,2.922E-18
35361.000,2.923E-18
35362.000,2.925E-18
35363.000,2.928E-18
35364.000,2.931E-18
35365.000,2.932E-18
35366.000,2.933E-18
35367.000,2.935E-18
35368.000,2.938E-18
35369.000,2.940E-18
35370.000,2.941E-18
35371.000,2.942E-18
35372.000,2.945E-18
35373.000,2.948E-18
35374.000,2.951E-18
35375.000,2.952E-18
35376.000,2.954E-18
35377.000,2.958E-18
35378.000,2.961E-18
35379.000,2.966E-18
35380.000,2.967E-18
35381.000,2.969E-18
35382.000,2.972E-18
35383.000,2.978E-18
35384.000,2.982E-18
35385.000,2.983E-18
35386.000,2.985E-18
35387.000,2.989E-18
35388.000,2.993E-18
35389.000,2.997E-18
35390.000,3.000E-18
35391.000,3.002E-18
35392.000,3.005E-18
35393.000,3.008E-18
35394.000,3.013E-18
35395.000,3.016E-18
35396.000,3.019E-18
35397.000,3.023E-18
35398.000,3.026E-18
35399.000,3.029E-18
35400.000,3.032E-18
35401.000,3.034E-18
35402.000,3.039E-18
35403.000,3.044E-18
35404.000,3.048E-18
35405.000,3.049E-18
35406.000,3.051E-18
35407.000,3.054E-18
35408.000,3.059E-18
35409.000,3.061E-18
35410.000,3.063E-18
35411.000,3.066E-18
35412.000,3.070E-18
35413.000,3.074E-18
35414.000,3.075E-18
35415.000,3.077E-18
35416.000,3.081E-18
35417.000,3.084E-18
35418.000,3.086E-18
35419.000,3.088E-18
35420.000,3.090E-18
35421.000,3.094E-18
35422.000,3.097E-18
35423.000,3.101E-18
35424.000,3.102E-18
35425.000,3.102E-18
35426.000,3.103E-18
35427.000,3.104E-18
35428.000,3.104E-18
35429.000,3.105E-18
35430.000,3.106E-18
35431.000,3.107E-18
35432.000,3.109E-18
35433.000,3.110E-18
35434.000,3.110E-18
35435.000,3.110E-18
35436.000,3.112E-18
35437.000,3.111E-18
35438.000,3.114E-18
35439.000,3.114E-18
35440.000,3.115E-18
35441.000,3.115E-18
35442.000,3.115E-18
35443.000,3.115E-18
35444.000,3.116E-18
35445.000,3.117E-18
35446.000,3.117E-18
35447.000,3.117E-18
35448.000,3.118E-18
35449.000,3.117E-18
35450.000,3.116E-18
35451.000,3.117E-18
35452.000,3.116E-18
35453.000,3.116E-18
35454.000,3.116E-18
35455.000,3.117E-18
35456.000,3.118E-18
35457.000,3.118E-18
35458.000,3.118E-18
35459.000,3.119E-18
35460.000,3.119E-18
35461.000,3.119E-18
35462.000,3.119E-18
35463.000,3.120E-18
35464.000,3.120E-18
35465.000,3.120E-18
35466.000,3.120E-18
35467.000,3.119E-18
35468.000,3.120E-18
35469.000,3.120E-18
35470.000,3.121E-18
35471.000,3.121E-18
35472.000,3.122E-18
35473.000,3.123E-18
35474.000,3.124E-18
35475.000,3.126E-18
35476.000,3.128E-18
35477.000,3.130E-18
35478.000,3.131E-18
35479.000,3.132E-18
35480.000,3.134E-18
35481.000,3.136E-18
35482.000,3.138E-18
35483.000,3.138E-18
35484.000,3.139E-18
35485.000,3.140E-18
35486.000,3.142E-18
35487.000,3.145E-18
35488.000,3.145E-18
35489.000,3.146E-18
35490.000,3.148E-18
35491.000,3.151E-18
35492.000,3.154E-18
35493.000,3.156E-18
35494.000,3.158E-18
35495.000,3.160E-18
35496.000,3.165E-18
35497.000,3.169E-18
35498.000,3.171E-18
35499.000,3.172E-18
35500.000,3.177E-18
35501.000,3.181E-18
35502.000,3.182E-18
35503.000,3.184E-18
35504.000,3.187E-18
35505.000,3.191E-18
35506.000,3.194E-18
35507.000,3.196E-18
35508.000,3.198E-18
35509.000,3.204E-18
35510.000,3.208E-18
35511.000,3.212E-18
35512.000,3.213E-18
35513.000,3.215E-18
35514.000,3.218E-18
35515.000,3.223E-18
35516.000,3.227E-18
35517.000,3.229E-18
35518.000,3.231E-18
35519.000,3.236E-18
35520.000,3.241E-18
35521.000,3.246E-18
35522.000,3.249E-18
35523.000,3.252E-18
35524.000,3.258E-18
35525.000,3.266E-18
35526.000,3.270E-18
35527.000,3.273E-18
35528.000,3.281E-18
35529.000,3.286E-18
35530.000,3.292E-18
35531.000,3.294E-18
35532.000,3.297E-18
35533.000,3.303E-18
35534.000,3.310E-18
35535.000,3.316E-18
35536.000,3.319E-18
35537.000,3.322E-18
35538.000,3.329E-18
35539.000,3.338E-18
35540.000,3.345E-18
35541.000,3.348E-18
35542.000,3.351E-18
35543.000,3.360E-18
35544.000,3.368E-18
35545.000,3.375E-18
35546.000,3.379E-18
35547.000,3.383E-18
35548.000,3.393E-18
35549.000,3.400E-18
35550.000,3.405E-18
35551.000,3.409E-18
35552.000,3.413E-18
35553.000,3.420E-18
35554.000,3.425E-18
35555.000,3.428E-18
35556.000,3.431E-18
35557.000,3.437E-18
35558.000,3.442E-18
35559.000,3.447E-18
35560.000,3.450E-18
35561.000,3.454E-18
35562.000,3.461E-18
35563.000,3.466E-18
35564.000,3.472E-18
35565.000,3.474E-18
35566.000,3.477E-18
35567.000,3.483E-18
35568.000,3.488E-18
35569.000,3.492E-18
35570.000,3.495E-18
35571.000,3.497E-18
35572.000,3.502E-18
35573.000,3.506E-18
35574.000,3.508E-18
35575.000,3.509E-18
35576.000,3.514E-18
35577.000,3.518E-18
35578.000,3.523E-18
35579.000,3.525E-18
35580.000,3.527E-18
35581.000,3.530E-18
35582.000,3.535E-18
35583.000,3.538E-18
35584.000,3.539E-18
35585.000,3.540E-18
35586.000,3.543E-18
35587.000,3.545E-18
35588.000,3.546E-18
35589.000,3.546E-18
35590.000,3.545E-18
35591.000,3.546E-18
35592.000,3.547E-18
35593.000,3.547E-18
35594.000,3.547E-18
35595.000,3.550E-18
35596.000,3.551E-18
35597.000,3.550E-18
35598.000,3.551E-18
35599.000,3.552E-18
35600.000,3.552E-18
35601.000,3.555E-18
35602.000,3.557E-18
35603.000,3.557E-18
35604.000,3.557E-18
35605.000,3.557E-18
35606.000,3.558E-18
35607.000,3.557E-18
35608.000,3.557E-18
35609.000,3.557E-18
35610.000,3.556E-18
35611.000,3.557E-18
35612.000,3.556E-18
35613.000,3.556E-18
35614.000,3.555E-18
35615.000,3.554E-18
35616.000,3.555E-18
35617.000,3.554E-18
35618.000,3.554E-18
35619.000,3.555E-18
35620.000,3.556E-18
35621.000,3.553E-18
35622.000,3.553E-18
35623.000,3.553E-18
35624.000,3.554E-18
35625.000,3.557E-18
35626.000,3.558E-18
35627.000,3.559E-18
35628.000,3.560E-18
35629.000,3.562E-18
35630.000,3.563E-18
35631.000,3.564E-18
35632.000,3.565E-18
35633.000,3.568E-18
35634.000,3.570E-18
35635.000,3.570E-18
35636.000,3.570E-18
35637.000,3.570E-18
35638.000,3.574E-18
35639.000,3.577E-18
35640.000,3.578E-18
35641.000,3.579E-18
35642.000,3.580E-18
35643.000,3.584E-18
35644.000,3.586E-18
35645.000,3.588E-18
35646.000,3.589E-18
35647.000,3.591E-18
35648.000,3.593E-18
35649.000,3.595E-18
35650.000,3.595E-18
35651.000,3.595E-18
35652.000,3.600E-18
35653.000,3.602E-18
35654.000,3.604E-18
35655.000,3.606E-18
35656.000,3.608E-18
35657.000,3.609E-18
35658.000,3.613E-18
35659.000,3.614E-18
35660.000,3.615E-18
35661.000,3.619E-18
35662.000,3.624E-18
35663.000,3.627E-18
35664.000,3.629E-18
35665.000,3.630E-18
35666.000,3.635E-18
35667.000,3.637E-18
35668.000,3.642E-18
35669.000,3.644E-18
35670.000,3.646E-18
35671.000,3.649E-18
35672.000,3.656E-18
35673.000,3.659E-18
35674.000,3.662E-18
35675.000,3.666E-18
35676.000,3.671E-18
35677.000,3.675E-18
35678.000,3.678E-18
35679.000,3.681E-18
35680.000,3.686E-18
35681.000,3.693E-18
35682.000,3.699E-18
35683.000,3.703E-18
35684.000,3.706E-18
35685.000,3.711E-18
35686.000,3.717E-18
35687.000,3.720E-18
35688.000,3.722E-18
35689.000,3.730E-18
35690.000,3.738E-18
35691.000,3.746E-18
35692.000,3.749E-18
35693.000,3.752E-18
35694.000,3.760E-18
35695.000,3.766E-18
35696.000,3.773E-18
35697.000,3.776E-18
35698.000,3.780E-18
35699.000,3.789E-18
35700.000,3.796E-18
35701.000,3.799E-18
35702.000,3.803E-18
35703.000,3.812E-18
35704.000,3.821E-18
35705.000,3.829E-18
35706.000,3.833E-18
35707.000,3.837E-18
35708.000,3.844E-18
35709.000,3.849E-18
35710.000,3.857E-18
35711.000,3.862E-18
35712.000,3.866E-18
35713.000,3.873E-18
35714.000,3.878E-18
35715.000,3.881E-18
35716.000,3.883E-18
35717.000,3.890E-18
35718.000,3.895E-18
35719.000,3.901E-18
35720.000,3.904E-18
35721.000,3.906E-18
35722.000,3.911E-18
35723.000,3.917E-18
35724.000,3.925E-18
35725.000,3.927E-18
35726.000,3.929E-18
35727.000,3.931E-18
35728.000,3.936E-18
35729.000,3.939E-18
35730.000,3.942E-18
35731.000,3.946E-18
35732.000,3.949E-18
35733.000,3.954E-18
35734.000,3.955E-18
35735.000,3.956E-18
35736.000,3.958E-18
35737.000,3.959E-18
35738.000,3.962E-18
35739.000,3.964E-18
35740.000,3.967E-18
35741.000,3.970E-18
35742.000,3.973E-18
35743.000,3.975E-18
35744.000,3.977E-18
35745.000,3.981E-18
35746.000,3.983E-18
35747.000,3.984E-18
35748.000,3.985E-18
35749.000,3.987E-18
35750.000,3.989E-18
35751.000,3.990E-18
35752.000,3.993E-18
35753.000,3.995E-18
35754.000,3.998E-18
35755.000,3.997E-18
35756.000,3.997E-18
35757.000,3.999E-18
35758.000,4.000E-18
35759.000,4.000E-18
35760.000,4.001E-18
35761.000,4.001E-18
35762.000,4.002E-18
35763.000,4.003E-18
35764.000,4.004E-18
35765.000,4.003E-18
35766.000,4.004E-18
35767.000,4.004E-18
35768.000,4.004E-18
35769.000,4.005E-18
35770.000,4.009E-18
35771.000,4.010E-18
35772.000,4.011E-18
35773.000,4.012E-18
35774.000,4.011E-18
35775.000,4.011E-18
35776.000,4.011E-18
35777.000,4.012E-18
35778.000,4.011E-18
35779.000,4.013E-18
35780.000,4.012E-18
35781.000,4.011E-18
35782.000,4.012E-18
35783.000,4.011E-18
35784.000,4.011E-18
35785.000,4.011E-18
35786.000,4.013E-18
35787.000,4.013E-18
35788.000,4.013E-18
35789.000,4.014E-18
35790.000,4.014E-18
35791.000,4.014E-18
35792.000,4.015E-18
35793.000,4.017E-18
35794.000,4.018E-18
35795.000,4.019E-18
35796.000,4.021E-18
35797.000,4.020E-18
35798.000,4.020E-18
35799.000,4.021E-18
35800.000,4.022E-18
35801.000,4.023E-18
35802.000,4.024E-18
35803.000,4.025E-18
35804.000,4.027E-18
35805.000,4.028E-18
35806.000,4.030E-18
35807.000,4.031E-18
35808.000,4.032E-18
35809.000,4.036E-18
35810.000,4.037E-18
35811.000,4.040E-18
35812.000,4.041E-18
35813.000,4.043E-18
35814.000,4.046E-18
35815.000,4.049E-18
35816.000,4.049E-18
35817.000,4.050E-18
35818.000,4.053E-18
35819.000,4.056E-18
35820.000,4.057E-18
35821.000,4.059E-18
35822.000,4.062E-18
35823.000,4.065E-18
35824.000,4.071E-18
35825.000,4.073E-18
35826.000,4.074E-18
35827.000,4.079E-18
35828.000,4.084E-18
35829.000,4.088E-18
35830.000,4.089E-18
35831.000,4.091E-18
35832.000,4.098E-18
35833.000,4.103E-18
35834.000,4.105E-18
35835.000,4.107E-18
35836.000,4.111E-18
35837.000,4.116E-18
35838.000,4.120E-18
35839.000,4.123E-18
35840.000,4.126E-18
35841.000,4.132E-18
35842.000,4.137E-18
35843.000,4.140E-18
35844.000,4.143E-18
35845.000,4.147E-18
35846.000,4.151E-18
35847.000,4.158E-18
35848.000,4.160E-18
35849.000,4.162E-18
35850.000,4.167E-18
35851.000,4.173E-18
35852.000,4.176E-18
35853.000,4.179E-18
35854.000,4.185E-18
35855.000,4.191E-18
35856.000,4.195E-18
35857.000,4.197E-18
35858.000,4.199E-18
35859.000,4.207E-18
35860.000,4.213E-18
35861.000,4.215E-18
35862.000,4.217E-18
35863.000,4.223E-18
35864.000,4.228E-18
35865.000,4.235E-18
35866.000,4.238E-18
35867.000,4.241E-18
35868.000,4.246E-18
35869.000,4.248E-18
35870.000,4.250E-18
35871.000,4.252E-18
35872.000,4.256E-18
35873.000,4.258E-18
35874.000,4.263E-18
35875.000,4.266E-18
35876.000,4.268E-18
35877.000,4.270E-18
35878.000,4.271E-18
35879.000,4.273E-18
35880.000,4.276E-18
35881.000,4.279E-18
35882.000,4.283E-18
35883.000,4.287E-18
35884.000,4.288E-18
35885.000,4.289E-18
35886.000,4.294E-18
35887.000,4.294E-18
35888.000,4.295E-18
35889.000,4.296E-18
35890.000,4.298E-18
35891.000,4.302E-18
35892.000,4.307E-18
35893.000,4.310E-18
35894.000,4.312E-18
35895.000,4.315E-18
35896.000,4.318E-18
35897.000,4.319E-18
35898.000,4.320E-18
35899.000,4.326E-18
35900.000,4.330E-18
35901.000,4.333E-18
35902.000,4.334E-18
35903.000,4.336E-18
35904.000,4.339E-18
35905.000,4.341E-18
35906.000,4.342E-18
35907.000,4.344E-18
35908.000,4.346E-18
35909.000,4.351E-18
35910.000,4.353E-18
35911.000,4.354E-18
35912.000,4.356E-18
35913.000,4.358E-18
35914.000,4.361E-18
35915.000,4.362E-18
35916.000,4.364E-18
35917.000,4.365E-18
35918.000,4.367E-18
35919.000,4.369E-18
35920.000,4.371E-18
35921.000,4.374E-18
35922.000,4.378E-18
35923.000,4.379E-18
35924.000,4.379E-18
35925.000,4.379E-18
35926.000,4.380E-18
35927.000,4.382E-18
35928.000,4.384E-18
35929.000,4.386E-18
35930.000,4.390E-18
35931.000,4.391E-18
35932.000,4.393E-18
35933.000,4.394E-18
35934.000,4.395E-18
35935.000,4.397E-18
35936.000,4.400E-18
35937.000,4.402E-18
35938.000,4.403E-18
35939.000,4.406E-18
35940.000,4.406E-18
35941.000,4.410E-18
35942.000,4.411E-18
35943.000,4.413E-18
35944.000,4.416E-18
35945.000,4.419E-18
35946.000,4.420E-18
35947.000,4.420E-18
35948.000,4.420E-18
35949.000,4.422E-18
35950.000,4.423E-18
35951.000,4.424E-18
35952.000,4.426E-18
35953.000,4.429E-18
35954.000,4.431E-18
35955.000,4.433E-18
35956.000,4.434E-18
35957.000,4.436E-18
35958.000,4.440E-18
35959.000,4.442E-18
35960.000,4.443E-18
35961.000,4.445E-18
35962.000,4.449E-18
35963.000,4.450E-18
35964.000,4.453E-18
35965.000,4.455E-18
35966.000,4.459E-18
35967.000,4.462E-18
35968.000,4.465E-18
35969.000,4.468E-18
35970.000,4.473E-18
35971.000,4.477E-18
35972.000,4.478E-18
35973.000,4.480E-18
35974.000,4.483E-18
35975.000,4.488E-18
35976.000,4.491E-18
35977.000,4.492E-18
35978.000,4.494E-18
35979.000,4.495E-18
35980.000,4.498E-18
35981.000,4.501E-18
35982.000,4.503E-18
35983.000,4.507E-18
35984.000,4.512E-18
35985.000,4.519E-18
35986.000,4.522E-18
35987.000,4.525E-18
35988.000,4.530E-18
35989.000,4.539E-18
35990.000,4.543E-18
35991.000,4.546E-18
35992.000,4.554E-18
35993.000,4.561E-18
35994.000,4.564E-18
35995.000,4.568E-18
35996.000,4.575E-18
35997.000,4.580E-18
35998.000,4.586E-18
35999.000,4.588E-18
36000.000,4.590E-18
36001.000,4.597E-18
36002.000,4.603E-18
36003.000,4.607E-18
36004.000,4.610E-18
36005.000,4.616E-18
36006.000,4.624E-18
36007.000,4.627E-18
36008.000,4.630E-18
36009.000,4.633E-18
36010.000,4.641E-18
36011.000,4.648E-18
36012.000,4.652E-18
36013.000,4.656E-18
36014.000,4.661E-18
36015.000,4.665E-18
36016.000,4.669E-18
36017.000,4.672E-18
36018.000,4.679E-18
36019.000,4.685E-18
36020.000,4.693E-18
36021.000,4.696E-18
36022.000,4.699E-18
36023.000,4.704E-18
36024.000,4.711E-18
36025.000,4.714E-18
36026.000,4.717E-18
36027.000,4.724E-18
36028.000,4.730E-18
36029.000,4.734E-18
36030.000,4.737E-18
36031.000,4.743E-18
36032.000,4.749E-18
36033.000,4.755E-18
36034.000,4.759E-18
36035.000,4.764E-18
36036.000,4.771E-18
36037.000,4.777E-18
36038.000,4.780E-18
36039.000,4.783E-18
36040.000,4.788E-18
36041.000,4.795E-18
36042.000,4.798E-18
36043.000,4.800E-18
36044.000,4.804E-18
36045.000,4.809E-18
36046.000,4.814E-18
36047.000,4.816E-18
36048.000,4.817E-18
36049.000,4.822E-18
36050.000,4.826E-18
36051.000,4.827E-18
36052.000,4.829E-18
36053.000,4.833E-18
36054.000,4.836E-18
36055.000,4.837E-18
36056.000,4.838E-18
36057.000,4.841E-18
36058.000,4.844E-18
36059.000,4.848E-18
36060.000,4.849E-18
36061.000,4.849E-18
36062.000,4.851E-18
36063.000,4.853E-18
36064.000,4.853E-18
36065.000,4.854E-18
36066.000,4.856E-18
36067.000,4.857E-18
36068.000,4.858E-18
36069.000,4.859E-18
36070.000,4.860E-18
36071.000,4.860E-18
36072.000,4.860E-18
36073.000,4.860E-18
36074.000,4.861E-18
36075.000,4.864E-18
36076.000,4.865E-18
36077.000,4.866E-18
36078.000,4.868E-18
36079.000,4.866E-18
36080.000,4.869E-18
36081.000,4.871E-18
36082.000,4.872E-18
36083.000,4.873E-18
36084.000,4.874E-18
36085.000,4.878E-18
36086.000,4.877E-18
36087.000,4.875E-18
36088.000,4.873E-18
36089.000,4.872E-18
36090.000,4.873E-18
36091.000,4.874E-18
36092.000,4.875E-18
36093.000,4.877E-18
36094.000,4.878E-18
36095.000,4.879E-18
36096.000,4.880E-18
36097.000,4.883E-18
36098.000,4.888E-18
36099.000,4.890E-18
36100.000,4.891E-18
36101.000,4.895E-18
36102.000,4.897E-18
36103.000,4.899E-18
36104.000,4.901E-18
36105.000,4.905E-18
36106.000,4.907E-18
36107.000,4.908E-18
36108.000,4.910E-18
36109.000,4.912E-18
36110.000,4.915E-18
36111.000,4.916E-18
36112.000,4.918E-18
36113.000,4.919E-18
36114.000,4.922E-18
36115.000,4.927E-18
36116.000,4.928E-18
36117.000,4.930E-18
36118.000,4.935E-18
36119.000,4.936E-18
36120.000,4.938E-18
36121.000,4.939E-18
36122.000,4.943E-18
36123.000,4.946E-18
36124.000,4.948E-18
36125.000,4.950E-18
36126.000,4.953E-18
36127.000,4.954E-18
36128.000,4.956E-18
36129.000,4.957E-18
36130.000,4.958E-18
36131.000,4.960E-18
36132.000,4.963E-18
36133.000,4.966E-18
36134.000,4.968E-18
36135.000,4.971E-18
36136.000,4.974E-18
36137.000,4.975E-18
36138.000,4.977E-18
36139.000,4.979E-18
36140.000,4.981E-18
36141.000,4.982E-18
36142.000,4.982E-18
36143.000,4.984E-18
36144.000,4.984E-18
36145.000,4.986E-18
36146.000,4.988E-18
36147.000,4.989E-18
36148.000,4.989E-18
36149.000,4.990E-18
36150.000,4.992E-18
36151.000,4.994E-18
36152.000,4.997E-18
36153.000,5.004E-18
36154.000,5.006E-18
36155.000,5.007E-18
36156.000,5.010E-18
36157.000,5.015E-18
36158.000,5.017E-18
36159.000,5.019E-18
36160.000,5.025E-18
36161.000,5.031E-18
36162.000,5.035E-18
36163.000,5.038E-18
36164.000,5.041E-18
36165.000,5.043E-18
36166.000,5.047E-18
36167.000,5.050E-18
36168.000,5.053E-18
36169.000,5.060E-18
36170.000,5.064E-18
36171.000,5.068E-18
36172.000,5.071E-18
36173.000,5.079E-18
36174.000,5.088E-18
36175.000,5.092E-18
36176.000,5.096E-18
36177.000,5.105E-18
36178.000,5.113E-18
36179.000,5.121E-18
36180.000,5.124E-18
36181.000,5.127E-18
36182.000,5.133E-18
36183.000,5.139E-18
36184.000,5.143E-18
36185.000,5.146E-18
36186.000,5.152E-18
36187.000,5.158E-18
36188.000,5.162E-18
36189.000,5.166E-18
36190.000,5.171E-18
36191.000,5.175E-18
36192.000,5.179E-18
36193.000,5.183E-18
36194.000,5.186E-18
36195.000,5.193E-18
36196.000,5.196E-18
36197.000,5.198E-18
36198.000,5.199E-18
36199.000,5.205E-18
36200.000,5.210E-18
36201.000,5.213E-18
36202.000,5.215E-18
36203.000,5.218E-18
36204.000,5.219E-18
36205.000,5.221E-18
36206.000,5.223E-18
36207.000,5.225E-18
36208.000,5.226E-18
36209.000,5.227E-18
36210.000,5.229E-18
36211.000,5.232E-18
36212.000,5.233E-18
36213.000,5.234E-18
36214.000,5.236E-18
36215.000,5.238E-18
36216.000,5.240E-18
36217.000,5.242E-18
36218.000,5.242E-18
36219.000,5.241E-18
36220.000,5.242E-18
36221.000,5.237E-18
36222.000,5.235E-18
36223.000,5.234E-18
36224.000,5.233E-18
36225.000,5.232E-18
36226.000,5.233E-18
36227.000,5.233E-18
36228.000,5.233E-18
36229.000,5.231E-18
36230.000,5.231E-18
36231.000,5.231E-18
36232.000,5.234E-18
36233.000,5.236E-18
36234.000,5.236E-18
36235.000,5.237E-18
36236.000,5.237E-18
36237.000,5.238E-18
36238.000,5.236E-18
36239.000,5.236E-18
36240.000,5.236E-18
36241.000,5.236E-18
36242.000,5.236E-18
36243.000,5.235E-18
36244.000,5.235E-18
36245.000,5.238E-18
36246.000,5.240E-18
36247.000,5.240E-18
36248.000,5.240E-18
36249.000,5.240E-18
36250.000,5.243E-18
36251.000,5.246E-18
36252.000,5.248E-18
36253.000,5.250E-18
36254.000,5.251E-18
36255.000,5.253E-18
36256.000,5.254E-18
36257.000,5.258E-18
36258.000,5.261E-18
36259.000,5.264E-18
36260.000,5.267E-18
36261.000,5.270E-18
36262.000,5.275E-18
36263.000,5.278E-18
36264.000,5.281E-18
36265.000,5.283E-18
36266.000,5.289E-18
36267.000,5.294E-18
36268.000,5.296E-18
36269.000,5.298E-18
36270.000,5.302E-18
36271.000,5.307E-18
36272.000,5.310E-18
36273.000,5.313E-18
36274.000,5.321E-18
36275.000,5.329E-18
36276.000,5.333E-18
36277.000,5.337E-18
36278.000,5.341E-18
36279.000,5.349E-18
36280.000,5.352E-18
36281.000,5.355E-18
36282.000,5.361E-18
36283.000,5.369E-18
36284.000,5.376E-18
36285.000,5.378E-18
36286.000,5.381E-18
36287.000,5.388E-18
36288.000,5.393E-18
36289.000,5.395E-18
36290.000,5.397E-18
36291.000,5.403E-18
36292.000,5.408E-18
36293.000,5.412E-18
36294.000,5.415E-18
36295.000,5.418E-18
36296.000,5.424E-18
36297.000,5.426E-18
36298.000,5.429E-18
36299.000,5.436E-18
36300.000,5.442E-18
36301.000,5.445E-18
36302.000,5.448E-18
36303.000,5.453E-18
36304.000,5.459E-18
36305.000,5.463E-18
36306.000,5.467E-18
36307.000,5.472E-18
36308.000,5.479E-18
36309.000,5.482E-18
36310.000,5.485E-18
36311.000,5.490E-18
36312.000,5.495E-18
36313.000,5.502E-18
36314.000,5.505E-18
36315.000,5.509E-18
36316.000,5.518E-18
36317.000,5.522E-18
36318.000,5.525E-18
36319.000,5.528E-18
36320.000,5.534E-18
36321.000,5.540E-18
36322.000,5.543E-18
36323.000,5.546E-18
36324.000,5.551E-18
36325.000,5.557E-18
36326.000,5.560E-18
36327.000,5.562E-18
36328.000,5.568E-18
36329.000,5.576E-18
36330.000,5.581E-18
36331.000,5.585E-18
36332.000,5.591E-18
36333.000,5.598E-18
36334.000,5.601E-18
36335.000,5.603E-18
36336.000,5.609E-18
36337.000,5.614E-18
36338.000,5.617E-18
36339.000,5.620E-18
36340.000,5.623E-18
36341.000,5.629E-18
36342.000,5.633E-18
36343.000,5.635E-18
36344.000,5.637E-18
36345.000,5.645E-18
36346.000,5.652E-18
36347.000,5.655E-18
36348.000,5.658E-18
36349.000,5.664E-18
36350.000,5.669E-18
36351.000,5.671E-18
36352.000,5.674E-18
36353.000,5.678E-18
36354.000,5.683E-18
36355.000,5.685E-18
36356.000,5.688E-18
36357.000,5.694E-18
36358.000,5.698E-18
36359.000,5.702E-18
36360.000,5.706E-18
36361.000,5.713E-18
36362.000,5.720E-18
36363.000,5.721E-18
36364.000,5.723E-18
36365.000,5.729E-18
36366.000,5.735E-18
36367.000,5.738E-18
36368.000,5.742E-18
36369.000,5.749E-18
36370.000,5.755E-18
36371.000,5.757E-18
36372.000,5.759E-18
36373.000,5.764E-18
36374.000,5.767E-18
36375.000,5.769E-18
36376.000,5.771E-18
36377.000,5.776E-18
36378.000,5.781E-18
36379.000,5.781E-18
36380.000,5.782E-18
36381.000,5.787E-18
36382.000,5.789E-18
36383.000,5.793E-18
36384.000,5.794E-18
36385.000,5.796E-18
36386.000,5.800E-18
36387.000,5.801E-18
36388.000,5.802E-18
36389.000,5.803E-18
36390.000,5.803E-18
36391.000,5.803E-18
36392.000,5.803E-18
36393.000,5.804E-18
36394.000,5.804E-18
36395.000,5.804E-18
36396.000,5.804E-18
36397.000,5.804E-18
36398.000,5.802E-18
36399.000,5.800E-18
36400.000,5.801E-18
36401.000,5.802E-18
36402.000,5.799E-18
36403.000,5.805E-18
36404.000,5.805E-18
36405.000,5.805E-18
36406.000,5.806E-18
36407.000,5.809E-18
36408.000,5.807E-18
36409.000,5.806E-18
36410.000,5.804E-18
36411.000,5.803E-18
36412.000,5.802E-18
36413.000,5.802E-18
36414.000,5.801E-18
36415.000,5.798E-18
36416.000,5.795E-18
36417.000,5.793E-18
36418.000,5.791E-18
36419.000,5.788E-18
36420.000,5.786E-18
36421.000,5.784E-18
36422.000,5.782E-18
36423.000,5.779E-18
36424.000,5.778E-18
36425.000,5.777E-18
36426.000,5.774E-18
36427.000,5.770E-18
36428.000,5.768E-18
36429.000,5.767E-18
36430.000,5.762E-18
36431.000,5.760E-18
36432.000,5.760E-18
36433.000,5.760E-18
36434.000,5.754E-18
36435.000,5.751E-18
36436.000,5.748E-18
36437.000,5.746E-18
36438.000,5.743E-18
36439.000,5.740E-18
36440.000,5.737E-18
36441.000,5.736E-18
36442.000,5.734E-18
36443.000,5.733E-18
36444.000,5.734E-18
36445.000,5.734E-18
36446.000,5.734E-18
36447.000,5.734E-18
36448.000,5.731E-18
36449.000,5.731E-18
36450.000,5.732E-18
36451.000,5.736E-18
36452.000,5.736E-18
36453.000,5.737E-18
36454.000,5.737E-18
36455.000,5.737E-18
36456.000,5.735E-18
36457.000,5.736E-18
36458.000,5.736E-18
36459.000,5.738E-18
36460.000,5.740E-18
36461.000,5.740E-18
36462.000,5.741E-18
36463.000,5.744E-18
36464.000,5.750E-18
36465.000,5.752E-18
36466.000,5.753E-18
36467.000,5.759E-18
36468.000,5.769E-18
36469.000,5.773E-18
36470.000,5.777E-18
36471.000,5.782E-18
36472.000,5.790E-18
36473.000,5.793E-18
36474.000,5.795E-18
36475.000,5.802E-18
36476.000,5.808E-18
36477.000,5.812E-18
36478.000,5.815E-18
36479.000,5.819E-18
36480.000,5.825E-18
36481.000,5.828E-18
36482.000,5.830E-18
36483.000,5.838E-18
36484.000,5.845E-18
36485.000,5.848E-18
36486.000,5.851E-18
36487.000,5.857E-18
36488.000,5.866E-18
36489.000,5.870E-18
36490.000,5.875E-18
36491.000,5.880E-18
36492.000,5.888E-18
36493.000,5.894E-18
36494.000,5.899E-18
36495.000,5.906E-18
36496.000,5.915E-18
36497.000,5.918E-18
36498.000,5.921E-18
36499.000,5.929E-18
36500.000,5.936E-18
36501.000,5.939E-18
36502.000,5.943E-18
36503.000,5.950E-18
36504.000,5.956E-18
36505.000,5.959E-18
36506.000,5.963E-18
36507.000,5.972E-18
36508.000,5.982E-18
36509.000,5.985E-18
36510.000,5.988E-18
36511.000,5.997E-18
36512.000,6.002E-18
36513.000,6.006E-18
36514.000,6.010E-18
36515.000,6.017E-18
36516.000,6.022E-18
36517.000,6.025E-18
36518.000,6.028E-18
36519.000,6.034E-18
36520.000,6.040E-18
36521.000,6.043E-18
36522.000,6.046E-18
36523.000,6.050E-18
36524.000,6.057E-18
36525.000,6.061E-18
36526.000,6.064E-18
36527.000,6.069E-18
36528.000,6.077E-18
36529.000,6.079E-18
36530.000,6.081E-18
36531.000,6.089E-18
36532.000,6.097E-18
36533.000,6.100E-18
36534.000,6.102E-18
36535.000,6.110E-18
36536.000,6.116E-18
36537.000,6.120E-18
36538.000,6.125E-18
36539.000,6.132E-18
36540.000,6.137E-18
36541.000,6.140E-18
36542.000,6.143E-18
36543.000,6.148E-18
36544.000,6.157E-18
36545.000,6.160E-18
36546.000,6.163E-18
36547.000,6.170E-18
36548.000,6.176E-18
36549.000,6.179E-18
36550.000,6.182E-18
36551.000,6.189E-18
36552.000,6.196E-18
36553.000,6.200E-18
36554.000,6.204E-18
36555.000,6.211E-18
36556.000,6.216E-18
36557.000,6.220E-18
36558.000,6.224E-18
36559.000,6.230E-18
36560.000,6.238E-18
36561.000,6.241E-18
36562.000,6.244E-18
36563.000,6.250E-18
36564.000,6.255E-18
36565.000,6.258E-18
36566.000,6.261E-18
36567.000,6.269E-18
36568.000,6.278E-18
36569.000,6.280E-18
36570.000,6.283E-18
36571.000,6.290E-18
36572.000,6.297E-18
36573.000,6.300E-18
36574.000,6.303E-18
36575.000,6.313E-18
36576.000,6.320E-18
36577.000,6.325E-18
36578.000,6.329E-18
36579.000,6.338E-18
36580.000,6.345E-18
36581.000,6.348E-18
36582.000,6.352E-18
36583.000,6.360E-18
36584.000,6.368E-18
36585.000,6.373E-18
36586.000,6.377E-18
36587.000,6.383E-18
36588.000,6.389E-18
36589.000,6.393E-18
36590.000,6.397E-18
36591.000,6.401E-18
36592.000,6.406E-18
36593.000,6.411E-18
36594.000,6.416E-18
36595.000,6.423E-18
36596.000,6.425E-18
36597.000,6.427E-18
36598.000,6.432E-18
36599.000,6.433E-18
36600.000,6.435E-18
36601.000,6.437E-18
36602.000,6.441E-18
36603.000,6.447E-18
36604.000,6.450E-18
36605.000,6.453E-18
36606.000,6.459E-18
36607.000,6.464E-18
36608.000,6.467E-18
36609.000,6.469E-18
36610.000,6.471E-18
36611.000,6.476E-18
36612.000,6.478E-18
36613.000,6.480E-18
36614.000,6.480E-18
36615.000,6.484E-18
36616.000,6.485E-18
36617.000,6.487E-18
36618.000,6.487E-18
36619.000,6.489E-18
36620.000,6.488E-18
36621.000,6.488E-18
36622.000,6.487E-18
36623.000,6.488E-18
36624.000,6.488E-18
36625.000,6.487E-18
36626.000,6.491E-18
36627.000,6.493E-18
36628.000,6.495E-18
36629.000,6.496E-18
36630.000,6.494E-18
36631.000,6.494E-18
36632.000,6.494E-18
36633.000,6.494E-18
36634.000,6.492E-18
36635.000,6.491E-18
36636.000,6.491E-18
36637.000,6.492E-18
36638.000,6.492E-18
36639.000,6.495E-18
36640.000,6.496E-18
36641.000,6.497E-18
36642.000,6.500E-18
36643.000,6.503E-18
36644.000,6.504E-18
36645.000,6.506E-18
36646.000,6.509E-18
36647.000,6.513E-18
36648.000,6.515E-18
36649.000,6.516E-18
36650.000,6.521E-18
36651.000,6.523E-18
36652.000,6.525E-18
36653.000,6.529E-18
36654.000,6.533E-18
36655.000,6.535E-18
36656.000,6.536E-18
36657.000,6.543E-18
36658.000,6.550E-18
36659.000,6.553E-18
36660.000,6.557E-18
36661.000,6.561E-18
36662.000,6.567E-18
36663.000,6.570E-18
36664.000,6.572E-18
36665.000,6.576E-18
36666.000,6.580E-18
36667.000,6.583E-18
36668.000,6.586E-18
36669.000,6.590E-18
36670.000,6.594E-18
36671.000,6.596E-18
36672.000,6.597E-18
36673.000,6.603E-18
36674.000,6.607E-18
36675.000,6.608E-18
36676.000,6.610E-18
36677.000,6.616E-18
36678.000,6.620E-18
36679.000,6.623E-18
36680.000,6.626E-18
36681.000,6.631E-18
36682.000,6.637E-18
36683.000,6.641E-18
36684.000,6.644E-18
36685.000,6.649E-18
36686.000,6.653E-18
36687.000,6.655E-18
36688.000,6.657E-18
36689.000,6.660E-18
36690.000,6.663E-18
36691.000,6.666E-18
36692.000,6.671E-18
36693.000,6.676E-18
36694.000,6.679E-18
36695.000,6.682E-18
36696.000,6.685E-18
36697.000,6.690E-18
36698.000,6.691E-18
36699.000,6.692E-18
36700.000,6.696E-18
36701.000,6.697E-18
36702.000,6.698E-18
36703.000,6.699E-18
36704.000,6.701E-18
36705.000,6.704E-18
36706.000,6.705E-18
36707.000,6.706E-18
36708.000,6.709E-18
36709.000,6.712E-18
36710.000,6.714E-18
36711.000,6.716E-18
36712.000,6.716E-18
36713.000,6.716E-18
36714.000,6.717E-18
36715.000,6.719E-18
36716.000,6.724E-18
36717.000,6.726E-18
36718.000,6.728E-18
36719.000,6.729E-18
36720.000,6.733E-18
36721.000,6.733E-18
36722.000,6.733E-18
36723.000,6.739E-18
36724.000,6.746E-18
36725.000,6.748E-18
36726.000,6.749E-18
36727.000,6.752E-18
36728.000,6.759E-18
36729.000,6.762E-18
36730.000,6.764E-18
36731.000,6.768E-18
36732.000,6.771E-18
36733.000,6.774E-18
36734.000,6.776E-18
36735.000,6.783E-18
36736.000,6.790E-18
36737.000,6.794E-18
36738.000,6.797E-18
36739.000,6.805E-18
36740.000,6.813E-18
36741.000,6.818E-18
36742.000,6.822E-18
36743.000,6.832E-18
36744.000,6.842E-18
36745.000,6.847E-18
36746.000,6.853E-18
36747.000,6.861E-18
36748.000,6.871E-18
36749.000,6.877E-18
36750.000,6.882E-18
36751.000,6.891E-18
36752.000,6.895E-18
36753.000,6.899E-18
36754.000,6.907E-18
36755.000,6.916E-18
36756.000,6.921E-18
36757.000,6.926E-18
36758.000,6.932E-18
36759.000,6.940E-18
36760.000,6.945E-18
36761.000,6.950E-18
36762.000,6.961E-18
36763.000,6.969E-18
36764.000,6.973E-18
36765.000,6.977E-18
36766.000,6.984E-18
36767.000,6.990E-18
36768.000,6.993E-18
36769.000,6.995E-18
36770.000,7.000E-18
36771.000,7.006E-18
36772.000,7.009E-18
36773.000,7.013E-18
36774.000,7.016E-18
36775.000,7.020E-18
36776.000,7.023E-18
36777.000,7.027E-18
36778.000,7.032E-18
36779.000,7.035E-18
36780.000,7.037E-18
36781.000,7.040E-18
36782.000,7.044E-18
36783.000,7.046E-18
36784.000,7.048E-18
36785.000,7.050E-18
36786.000,7.051E-18
36787.000,7.053E-18
36788.000,7.055E-18
36789.000,7.060E-18
36790.000,7.063E-18
36791.000,7.064E-18
36792.000,7.065E-18
36793.000,7.065E-18
36794.000,7.066E-18
36795.000,7.068E-18
36796.000,7.070E-18
36797.000,7.075E-18
36798.000,7.075E-18
36799.000,7.076E-18
36800.000,7.077E-18
36801.000,7.077E-18
36802.000,7.077E-18
36803.000,7.078E-18
36804.000,7.074E-18
36805.000,7.072E-18
36806.000,7.072E-18
36807.000,7.071E-18
36808.000,7.073E-18
36809.000,7.072E-18
36810.000,7.070E-18
36811.000,7.068E-18
36812.000,7.066E-18
36813.000,7.066E-18
36814.000,7.067E-18
36815.000,7.068E-18
36816.000,7.066E-18
36817.000,7.066E-18
36818.000,7.066E-18
36819.000,7.066E-18
36820.000,7.066E-18
36821.000,7.066E-18
36822.000,7.066E-18
36823.000,7.067E-18
36824.000,7.066E-18
36825.000,7.065E-18
36826.000,7.063E-18
36827.000,7.061E-18
36828.000,7.057E-18
36829.000,7.058E-18
36830.000,7.058E-18
36831.000,7.061E-18
36832.000,7.061E-18
36833.000,7.060E-18
36834.000,7.059E-18
36835.000,7.061E-18
36836.000,7.061E-18
36837.000,7.062E-18
36838.000,7.063E-18
36839.000,7.063E-18
36840.000,7.063E-18
36841.000,7.064E-18
36842.000,7.065E-18
36843.000,7.061E-18
36844.000,7.063E-18
36845.000,7.065E-18
36846.000,7.067E-18
36847.000,7.068E-18
36848.000,7.071E-18
36849.000,7.074E-18
36850.000,7.076E-18
36851.000,7.077E-18
36852.000,7.080E-18
36853.000,7.083E-18
36854.000,7.087E-18
36855.000,7.090E-18
36856.000,7.090E-18
36857.000,7.090E-18
36858.000,7.091E-18
36859.000,7.092E-18
36860.000,7.093E-18
36861.000,7.096E-18
36862.000,7.099E-18
36863.000,7.101E-18
36864.000,7.103E-18
36865.000,7.108E-18
36866.000,7.110E-18
36867.000,7.110E-18
36868.000,7.111E-18
36869.000,7.115E-18
36870.000,7.119E-18
36871.000,7.122E-18
36872.000,7.125E-18
36873.000,7.125E-18
36874.000,7.127E-18
36875.000,7.129E-18
36876.000,7.133E-18
36877.000,7.138E-18
36878.000,7.141E-18
36879.000,7.144E-18
36880.000,7.151E-18
36881.000,7.155E-18
36882.000,7.157E-18
36883.000,7.160E-18
36884.000,7.166E-18
36885.000,7.170E-18
36886.000,7.169E-18
36887.000,7.167E-18
36888.000,7.168E-18
36889.000,7.171E-18
36890.000,7.173E-18
36891.000,7.175E-18
36892.000,7.178E-18
36893.000,7.180E-18
36894.000,7.181E-18
36895.000,7.183E-18
36896.000,7.185E-18
36897.000,7.186E-18
36898.000,7.187E-18
36899.000,7.193E-18
36900.000,7.196E-18
36901.000,7.198E-18
36902.000,7.200E-18
36903.000,7.201E-18
36904.000,7.201E-18
36905.000,7.201E-18
36906.000,7.201E-18
36907.000,7.199E-18
36908.000,7.199E-18
36909.000,7.199E-18
36910.000,7.199E-18
36911.000,7.201E-18
36912.000,7.199E-18
36913.000,7.198E-18
36914.000,7.194E-18
36915.000,7.198E-18
36916.000,7.201E-18
36917.000,7.204E-18
36918.000,7.210E-18
36919.000,7.215E-18
36920.000,7.215E-18
36921.000,7.216E-18
36922.000,7.218E-18
36923.000,7.221E-18
36924.000,7.224E-18
36925.000,7.230E-18
36926.000,7.235E-18
36927.000,7.236E-18
36928.000,7.238E-18
36929.000,7.243E-18
36930.000,7.250E-18
36931.000,7.251E-18
36932.000,7.251E-18
36933.000,7.256E-18
36934.000,7.258E-18
36935.000,7.260E-18
36936.000,7.261E-18
36937.000,7.263E-18
36938.000,7.265E-18
36939.000,7.267E-18
36940.000,7.273E-18
36941.000,7.277E-18
36942.000,7.280E-18
36943.000,7.282E-18
36944.000,7.287E-18
36945.000,7.290E-18
36946.000,7.292E-18
36947.000,7.293E-18
36948.000,7.299E-18
36949.000,7.306E-18
36950.000,7.308E-18
36951.000,7.310E-18
36952.000,7.313E-18
36953.000,7.317E-18
36954.000,7.322E-18
36955.000,7.326E-18
36956.000,7.331E-18
36957.000,7.334E-18
36958.000,7.337E-18
36959.000,7.345E-18
36960.000,7.349E-18
36961.000,7.354E-18
36962.000,7.359E-18
36963.000,7.366E-18
36964.000,7.375E-18
36965.000,7.379E-18
36966.000,7.384E-18
36967.000,7.389E-18
36968.000,7.394E-18
36969.000,7.399E-18
36970.000,7.406E-18
36971.000,7.408E-18
36972.000,7.410E-18
36973.000,7.412E-18
36974.000,7.419E-18
36975.000,7.425E-18
36976.000,7.430E-18
36977.000,7.435E-18
36978.000,7.441E-18
36979.000,7.445E-18
36980.000,7.450E-18
36981.000,7.454E-18
36982.000,7.464E-18
36983.000,7.467E-18
36984.000,7.470E-18
36985.000,7.479E-18
36986.000,7.488E-18
36987.000,7.492E-18
36988.000,7.495E-18
36989.000,7.502E-18
36990.000,7.508E-18
36991.000,7.512E-18
36992.000,7.515E-18
36993.000,7.524E-18
36994.000,7.526E-18
36995.000,7.528E-18
36996.000,7.535E-18
36997.000,7.538E-18
36998.000,7.541E-18
36999.000,7.544E-18
37000.000,7.548E-18
37001.000,7.555E-18
37002.000,7.559E-18
37003.000,7.563E-18
37004.000,7.575E-18
37005.000,7.580E-18
37006.000,7.585E-18
37007.000,7.594E-18
37008.000,7.604E-18
37009.000,7.609E-18
37010.000,7.615E-18
37011.000,7.620E-18
37012.000,7.625E-18
37013.000,7.627E-18
37014.000,7.629E-18
37015.000,7.642E-18
37016.000,7.649E-18
37017.000,7.654E-18
37018.000,7.659E-18
37019.000,7.672E-18
37020.000,7.676E-18
37021.000,7.680E-18
37022.000,7.685E-18
37023.000,7.695E-18
37024.000,7.701E-18
37025.000,7.707E-18
37026.000,7.714E-18
37027.000,7.723E-18
37028.000,7.727E-18
37029.000,7.732E-18
37030.000,7.742E-18
37031.000,7.749E-18
37032.000,7.755E-18
37033.000,7.767E-18
37034.000,7.781E-18
37035.000,7.787E-18
37036.000,7.792E-18
37037.000,7.800E-18
37038.000,7.807E-18
37039.000,7.811E-18
37040.000,7.815E-18
37041.000,7.828E-18
37042.000,7.833E-18
37043.000,7.838E-18
37044.000,7.844E-18
37045.000,7.858E-18
37046.000,7.863E-18
37047.000,7.868E-18
37048.000,7.878E-18
37049.000,7.885E-18
37050.000,7.890E-18
37051.000,7.896E-18
37052.000,7.904E-18
37053.000,7.907E-18
37054.000,7.910E-18
37055.000,7.918E-18
37056.000,7.929E-18
37057.000,7.933E-18
37058.000,7.937E-18
37059.000,7.949E-18
37060.000,7.958E-18
37061.000,7.964E-18
37062.000,7.970E-18
37063.000,7.978E-18
37064.000,7.989E-18
37065.000,7.993E-18
37066.000,7.998E-18
37067.000,8.006E-18
37068.000,8.009E-18
37069.000,8.012E-18
37070.000,8.019E-18
37071.000,8.024E-18
37072.000,8.024E-18
37073.000,8.025E-18
37074.000,8.033E-18
37075.000,8.038E-18
37076.000,8.040E-18
37077.000,8.043E-18
37078.000,8.046E-18
37079.000,8.049E-18
37080.000,8.052E-18
37081.000,8.054E-18
37082.000,8.056E-18
37083.000,8.057E-18
37084.000,8.057E-18
37085.000,8.059E-18
37086.000,8.056E-18
37087.000,8.059E-18
37088.000,8.061E-18
37089.000,8.059E-18
37090.000,8.056E-18
37091.000,8.052E-18
37092.000,8.047E-18
37093.000,8.045E-18
37094.000,8.043E-18
37095.000,8.042E-18
37096.000,8.040E-18
37097.000,8.039E-18
37098.000,8.037E-18
37099.000,8.035E-18
37100.000,8.027E-18
37101.000,8.024E-18
37102.000,8.022E-18
37103.000,8.020E-18
37104.000,8.013E-18
37105.000,8.009E-18
37106.000,8.004E-18
37107.000,7.994E-18
37108.000,7.988E-18
37109.000,7.981E-18
37110.000,7.974E-18
37111.000,7.967E-18
37112.000,7.961E-18
37113.000,7.956E-18
37114.000,7.946E-18
37115.000,7.935E-18
37116.000,7.930E-18
37117.000,7.926E-18
37118.000,7.918E-18
37119.000,7.915E-18
37120.000,7.912E-18
37121.000,7.903E-18
37122.000,7.892E-18
37123.000,7.891E-18
37124.000,7.890E-18
37125.000,7.888E-18
37126.000,7.881E-18
37127.000,7.877E-18
37128.000,7.873E-18
37129.000,7.867E-18
37130.000,7.865E-18
37131.000,7.863E-18
37132.000,7.853E-18
37133.000,7.845E-18
37134.000,7.842E-18
37135.000,7.840E-18
37136.000,7.833E-18
37137.000,7.827E-18
37138.000,7.823E-18
37139.000,7.819E-18
37140.000,7.813E-18
37141.000,7.812E-18
37142.000,7.811E-18
37143.000,7.805E-18
37144.000,7.805E-18
37145.000,7.804E-18
37146.000,7.803E-18
37147.000,7.798E-18
37148.000,7.795E-18
37149.000,7.794E-18
37150.000,7.794E-18
37151.000,7.793E-18
37152.000,7.794E-18
37153.000,7.794E-18
37154.000,7.795E-18
37155.000,7.797E-18
37156.000,7.799E-18
37157.000,7.800E-18
37158.000,7.797E-18
37159.000,7.797E-18
37160.000,7.797E-18
37161.000,7.798E-18
37162.000,7.799E-18
37163.000,7.801E-18
37164.000,7.803E-18
37165.000,7.807E-18
37166.000,7.806E-18
37167.000,7.811E-18
37168.000,7.815E-18
37169.000,7.817E-18
37170.000,7.821E-18
37171.000,7.825E-18
37172.000,7.831E-18
37173.000,7.836E-18
37174.000,7.838E-18
37175.000,7.839E-18
37176.000,7.845E-18
37177.000,7.846E-18
37178.000,7.849E-18
37179.000,7.852E-18
37180.000,7.857E-18
37181.000,7.860E-18
37182.000,7.863E-18
37183.000,7.873E-18
37184.000,7.882E-18
37185.000,7.887E-18
37186.000,7.891E-18
37187.000,7.893E-18
37188.000,7.895E-18
37189.000,7.896E-18
37190.000,7.903E-18
37191.000,7.912E-18
37192.000,7.915E-18
37193.000,7.917E-18
37194.000,7.920E-18
37195.000,7.924E-18
37196.000,7.928E-18
37197.000,7.933E-18
37198.000,7.937E-18
37199.000,7.940E-18
37200.000,7.942E-18
37201.000,7.948E-18
37202.000,7.954E-18
37203.000,7.952E-18
37204.000,7.951E-18
37205.000,7.956E-18
37206.000,7.958E-18
37207.000,7.961E-18
37208.000,7.964E-18
37209.000,7.970E-18
37210.000,7.971E-18
37211.000,7.972E-18
37212.000,7.978E-18
37213.000,7.983E-18
37214.000,7.988E-18
37215.000,7.992E-18
37216.000,7.996E-18
37217.000,7.999E-18
37218.000,8.002E-18
37219.000,8.001E-18
37220.000,8.006E-18
37221.000,8.008E-18
37222.000,8.010E-18
37223.000,8.014E-18
37224.000,8.017E-18
37225.000,8.020E-18
37226.000,8.025E-18
37227.000,8.032E-18
37228.000,8.034E-18
37229.000,8.037E-18
37230.000,8.038E-18
37231.000,8.043E-18
37232.000,8.044E-18
37233.000,8.045E-18
37234.000,8.050E-18
37235.000,8.052E-18
37236.000,8.055E-18
37237.000,8.058E-18
37238.000,8.062E-18
37239.000,8.064E-18
37240.000,8.065E-18
37241.000,8.068E-18
37242.000,8.072E-18
37243.000,8.075E-18
37244.000,8.079E-18
37245.000,8.085E-18
37246.000,8.088E-18
37247.000,8.091E-18
37248.000,8.099E-18
37249.000,8.108E-18
37250.000,8.111E-18
37251.000,8.114E-18
37252.000,8.119E-18
37253.000,8.121E-18
37254.000,8.124E-18
37255.000,8.132E-18
37256.000,8.142E-18
37257.000,8.146E-18
37258.000,8.150E-18
37259.000,8.160E-18
37260.000,8.164E-18
37261.000,8.169E-18
37262.000,8.178E-18
37263.000,8.183E-18
37264.000,8.188E-18
37265.000,8.192E-18
37266.000,8.202E-18
37267.000,8.207E-18
37268.000,8.211E-18
37269.000,8.223E-18
37270.000,8.236E-18
37271.000,8.241E-18
37272.000,8.245E-18
37273.000,8.257E-18
37274.000,8.263E-18
37275.000,8.265E-18
37276.000,8.268E-18
37277.000,8.277E-18
37278.000,8.282E-18
37279.000,8.286E-18
37280.000,8.293E-18
37281.000,8.299E-18
37282.000,8.303E-18
37283.000,8.306E-18
37284.000,8.316E-18
37285.000,8.319E-18
37286.000,8.321E-18
37287.000,8.329E-18
37288.000,8.339E-18
37289.000,8.342E-18
37290.000,8.345E-18
37291.000,8.359E-18
37292.000,8.364E-18
37293.000,8.369E-18
37294.000,8.381E-18
37295.000,8.396E-18
37296.000,8.400E-18
37297.000,8.404E-18
37298.000,8.412E-18
37299.000,8.415E-18
37300.000,8.419E-18
37301.000,8.434E-18
37302.000,8.440E-18
37303.000,8.444E-18
37304.000,8.448E-18
37305.000,8.457E-18
37306.000,8.466E-18
37307.000,8.469E-18
37308.000,8.471E-18
37309.000,8.483E-18
37310.000,8.488E-18
37311.000,8.492E-18
37312.000,8.505E-18
37313.000,8.513E-18
37314.000,8.520E-18
37315.000,8.527E-18
37316.000,8.536E-18
37317.000,8.539E-18
37318.000,8.542E-18
37319.000,8.550E-18
37320.000,8.560E-18
37321.000,8.568E-18
37322.000,8.575E-18
37323.000,8.582E-18
37324.000,8.586E-18
37325.000,8.590E-18
37326.000,8.595E-18
37327.000,8.603E-18
37328.000,8.607E-18
37329.000,8.611E-18
37330.000,8.623E-18
37331.000,8.626E-18
37332.000,8.630E-18
37333.000,8.634E-18
37334.000,8.639E-18
37335.000,8.643E-18
37336.000,8.646E-18
37337.000,8.659E-18
37338.000,8.664E-18
37339.000,8.669E-18
37340.000,8.673E-18
37341.000,8.680E-18
37342.000,8.684E-18
37343.000,8.688E-18
37344.000,8.696E-18
37345.000,8.700E-18
37346.000,8.703E-18
37347.000,8.707E-18
37348.000,8.714E-18
37349.000,8.716E-18
37350.000,8.718E-18
37351.000,8.724E-18
37352.000,8.729E-18
37353.000,8.734E-18
37354.000,8.738E-18
37355.000,8.745E-18
37356.000,8.748E-18
37357.000,8.752E-18
37358.000,8.764E-18
37359.000,8.768E-18
37360.000,8.772E-18
37361.000,8.776E-18
37362.000,8.778E-18
37363.000,8.778E-18
37364.000,8.779E-18
37365.000,8.785E-18
37366.000,8.793E-18
37367.000,8.793E-18
37368.000,8.793E-18
37369.000,8.793E-18
37370.000,8.793E-18
37371.000,8.792E-18
37372.000,8.798E-18
37373.000,8.801E-18
37374.000,8.800E-18
37375.000,8.800E-18
37376.000,8.799E-18
37377.000,8.797E-18
37378.000,8.796E-18
37379.000,8.791E-18
37380.000,8.790E-18
37381.000,8.789E-18
37382.000,8.788E-18
37383.000,8.786E-18
37384.000,8.783E-18
37385.000,8.781E-18
37386.000,8.778E-18
37387.000,8.781E-18
37388.000,8.780E-18
37389.000,8.778E-18
37390.000,8.770E-18
37391.000,8.768E-18
37392.000,8.766E-18
37393.000,8.764E-18
37394.000,8.756E-18
37395.000,8.752E-18
37396.000,8.747E-18
37397.000,8.741E-18
37398.000,8.738E-18
37399.000,8.735E-18
37400.000,8.726E-18
37401.000,8.718E-18
37402.000,8.713E-18
37403.000,8.708E-18
37404.000,8.706E-18
37405.000,8.700E-18
37406.000,8.694E-18
37407.000,8.682E-18
37408.000,8.673E-18
37409.000,8.668E-18
37410.000,8.662E-18
37411.000,8.650E-18
37412.000,8.644E-18
37413.000,8.638E-18
37414.000,8.626E-18
37415.000,8.618E-18
37416.000,8.612E-18
37417.000,8.607E-18
37418.000,8.600E-18
37419.000,8.598E-18
37420.000,8.596E-18
37421.000,8.588E-18
37422.000,8.582E-18
37423.000,8.577E-18
37424.000,8.572E-18
37425.000,8.567E-18
37426.000,8.565E-18
37427.000,8.562E-18
37428.000,8.552E-18
37429.000,8.542E-18
37430.000,8.541E-18
37431.000,8.540E-18
37432.000,8.533E-18
37433.000,8.532E-18
37434.000,8.531E-18
37435.000,8.523E-18
37436.000,8.520E-18
37437.000,8.518E-18
37438.000,8.517E-18
37439.000,8.513E-18
37440.000,8.514E-18
37441.000,8.516E-18
37442.000,8.520E-18
37443.000,8.521E-18
37444.000,8.522E-18
37445.000,8.523E-18
37446.000,8.522E-18
37447.000,8.523E-18
37448.000,8.525E-18
37449.000,8.528E-18
37450.000,8.536E-18
37451.000,8.537E-18
37452.000,8.537E-18
37453.000,8.538E-18
37454.000,8.538E-18
37455.000,8.538E-18
37456.000,8.540E-18
37457.000,8.541E-18
37458.000,8.544E-18
37459.000,8.548E-18
37460.000,8.558E-18
37461.000,8.564E-18
37462.000,8.570E-18
37463.000,8.574E-18
37464.000,8.584E-18
37465.000,8.590E-18
37466.000,8.596E-18
37467.000,8.614E-18
37468.000,8.618E-18
37469.000,8.621E-18
37470.000,8.631E-18
37471.000,8.646E-18
37472.000,8.650E-18
37473.000,8.653E-18
37474.000,8.660E-18
37475.000,8.666E-18
37476.000,8.672E-18
37477.000,8.680E-18
37478.000,8.688E-18
37479.000,8.693E-18
37480.000,8.698E-18
37481.000,8.710E-18
37482.000,8.716E-18
37483.000,8.722E-18
37484.000,8.739E-18
37485.000,8.751E-18
37486.000,8.758E-18
37487.000,8.765E-18
37488.000,8.779E-18
37489.000,8.785E-18
37490.000,8.792E-18
37491.000,8.802E-18
37492.000,8.809E-18
37493.000,8.816E-18
37494.000,8.828E-18
37495.000,8.841E-18
37496.000,8.843E-18
37497.000,8.845E-18
37498.000,8.853E-18
37499.000,8.857E-18
37500.000,8.860E-18
37501.000,8.870E-18
37502.000,8.885E-18
37503.000,8.890E-18
37504.000,8.895E-18
37505.000,8.907E-18
37506.000,8.913E-18
37507.000,8.919E-18
37508.000,8.931E-18
37509.000,8.939E-18
37510.000,8.942E-18
37511.000,8.946E-18
37512.000,8.953E-18
37513.000,8.955E-18
37514.000,8.958E-18
37515.000,8.962E-18
37516.000,8.968E-18
37517.000,8.971E-18
37518.000,8.974E-18
37519.000,8.979E-18
37520.000,8.978E-18
37521.000,8.976E-18
37522.000,8.984E-18
37523.000,8.987E-18
37524.000,8.987E-18
37525.000,8.988E-18
37526.000,8.996E-18
37527.000,8.996E-18
37528.000,8.995E-18
37529.000,8.999E-18
37530.000,8.999E-18
37531.000,9.002E-18
37532.000,9.005E-18
37533.000,9.012E-18
37534.000,9.013E-18
37535.000,9.015E-18
37536.000,9.020E-18
37537.000,9.024E-18
37538.000,9.028E-18
37539.000,9.032E-18
37540.000,9.042E-18
37541.000,9.045E-18
37542.000,9.048E-18
37543.000,9.051E-18
37544.000,9.053E-18
37545.000,9.054E-18
37546.000,9.058E-18
37547.000,9.057E-18
37548.000,9.057E-18
37549.000,9.056E-18
37550.000,9.055E-18
37551.000,9.055E-18
37552.000,9.056E-18
37553.000,9.060E-18
37554.000,9.064E-18
37555.000,9.067E-18
37556.000,9.069E-18
37557.000,9.073E-18
37558.000,9.073E-18
37559.000,9.073E-18
37560.000,9.077E-18
37561.000,9.081E-18
37562.000,9.084E-18
37563.000,9.087E-18
37564.000,9.096E-18
37565.000,9.098E-18
37566.000,9.101E-18
37567.000,9.108E-18
37568.000,9.111E-18
37569.000,9.113E-18
37570.000,9.119E-18
37571.000,9.125E-18
37572.000,9.129E-18
37573.000,9.132E-18
37574.000,9.138E-18
37575.000,9.141E-18
37576.000,9.143E-18
37577.000,9.150E-18
37578.000,9.151E-18
37579.000,9.155E-18
37580.000,9.159E-18
37581.000,9.170E-18
37582.000,9.175E-18
37583.000,9.180E-18
37584.000,9.188E-18
37585.000,9.192E-18
37586.000,9.195E-18
37587.000,9.204E-18
37588.000,9.216E-18
37589.000,9.219E-18
37590.000,9.222E-18
37591.000,9.231E-18
37592.000,9.234E-18
37593.000,9.238E-18
37594.000,9.246E-18
37595.000,9.254E-18
37596.000,9.261E-18
37597.000,9.268E-18
37598.000,9.277E-18
37599.000,9.280E-18
37600.000,9.282E-18
37601.000,9.288E-18
37602.000,9.299E-18
37603.000,9.302E-18
37604.000,9.305E-18
37605.000,9.315E-18
37606.000,9.316E-18
37607.000,9.318E-18
37608.000,9.321E-18
37609.000,9.322E-18
37610.000,9.322E-18
37611.000,9.328E-18
37612.000,9.337E-18
37613.000,9.342E-18
37614.000,9.347E-18
37615.000,9.354E-18
37616.000,9.357E-18
37617.000,9.361E-18
37618.000,9.366E-18
37619.000,9.372E-18
37620.000,9.374E-18
37621.000,9.376E-18
37622.000,9.378E-18
37623.000,9.379E-18
37624.000,9.380E-18
37625.000,9.383E-18
37626.000,9.387E-18
37627.000,9.390E-18
37628.000,9.399E-18
37629.000,9.406E-18
37630.000,9.408E-18
37631.000,9.410E-18
37632.000,9.415E-18
37633.000,9.416E-18
37634.000,9.418E-18
37635.000,9.427E-18
37636.000,9.433E-18
37637.000,9.435E-18
37638.000,9.436E-18
37639.000,9.446E-18
37640.000,9.444E-18
37641.000,9.442E-18
37642.000,9.446E-18
37643.000,9.446E-18
37644.000,9.445E-18
37645.000,9.444E-18
37646.000,9.443E-18
37647.000,9.442E-18
37648.000,9.442E-18
37649.000,9.439E-18
37650.000,9.439E-18
37651.000,9.438E-18
37652.000,9.437E-18
37653.000,9.438E-18
37654.000,9.442E-18
37655.000,9.445E-18
37656.000,9.449E-18
37657.000,9.449E-18
37658.000,9.450E-18
37659.000,9.454E-18
37660.000,9.455E-18
37661.000,9.455E-18
37662.000,9.460E-18
37663.000,9.458E-18
37664.000,9.460E-18
37665.000,9.461E-18
37666.000,9.462E-18
37667.000,9.463E-18
37668.000,9.463E-18
37669.000,9.460E-18
37670.000,9.455E-18
37671.000,9.454E-18
37672.000,9.453E-18
37673.000,9.455E-18
37674.000,9.452E-18
37675.000,9.449E-18
37676.000,9.442E-18
37677.000,9.440E-18
37678.000,9.439E-18
37679.000,9.432E-18
37680.000,9.430E-18
37681.000,9.428E-18
37682.000,9.426E-18
37683.000,9.426E-18
37684.000,9.423E-18
37685.000,9.419E-18
37686.000,9.415E-18
37687.000,9.412E-18
37688.000,9.409E-18
37689.000,9.406E-18
37690.000,9.402E-18
37691.000,9.399E-18
37692.000,9.397E-18
37693.000,9.394E-18
37694.000,9.391E-18
37695.000,9.389E-18
37696.000,9.389E-18
37697.000,9.388E-18
37698.000,9.383E-18
37699.000,9.377E-18
37700.000,9.376E-18
37701.000,9.375E-18
37702.000,9.374E-18
37703.000,9.373E-18
37704.000,9.369E-18
37705.000,9.365E-18
37706.000,9.355E-18
37707.000,9.349E-18
37708.000,9.346E-18
37709.000,9.342E-18
37710.000,9.336E-18
37711.000,9.333E-18
37712.000,9.330E-18
37713.000,9.322E-18
37714.000,9.321E-18
37715.000,9.320E-18
37716.000,9.315E-18
37717.000,9.320E-18
37718.000,9.319E-18
37719.000,9.318E-18
37720.000,9.314E-18
37721.000,9.314E-18
37722.000,9.314E-18
37723.000,9.312E-18
37724.000,9.310E-18
37725.000,9.313E-18
37726.000,9.315E-18
37727.000,9.321E-18
37728.000,9.322E-18
37729.000,9.323E-18
37730.000,9.323E-18
37731.000,9.325E-18
37732.000,9.327E-18
37733.000,9.330E-18
37734.000,9.331E-18
37735.000,9.334E-18
37736.000,9.337E-18
37737.000,9.339E-18
37738.000,9.342E-18
37739.000,9.346E-18
37740.000,9.356E-18
37741.000,9.362E-18
37742.000,9.367E-18
37743.000,9.382E-18
37744.000,9.387E-18
37745.000,9.393E-18
37746.000,9.400E-18
37747.000,9.409E-18
37748.000,9.415E-18
37749.000,9.421E-18
37750.000,9.435E-18
37751.000,9.440E-18
37752.000,9.446E-18
37753.000,9.465E-18
37754.000,9.478E-18
37755.000,9.483E-18
37756.000,9.487E-18
37757.000,9.500E-18
37758.000,9.505E-18
37759.000,9.511E-18
37760.000,9.525E-18
37761.000,9.542E-18
37762.000,9.547E-18
37763.000,9.553E-18
37764.000,9.570E-18
37765.000,9.578E-18
37766.000,9.585E-18
37767.000,9.601E-18
37768.000,9.610E-18
37769.000,9.620E-18
37770.000,9.633E-18
37771.000,9.646E-18
37772.000,9.652E-18
37773.000,9.658E-18
37774.000,9.673E-18
37775.000,9.681E-18
37776.000,9.688E-18
37777.000,9.698E-18
37778.000,9.704E-18
37779.000,9.709E-18
37780.000,9.723E-18
37781.000,9.734E-18
37782.000,9.741E-18
37783.000,9.748E-18
37784.000,9.762E-18
37785.000,9.767E-18
37786.000,9.772E-18
37787.000,9.781E-18
37788.000,9.788E-18
37789.000,9.794E-18
37790.000,9.807E-18
37791.000,9.816E-18
37792.000,9.820E-18
37793.000,9.824E-18
37794.000,9.833E-18
37795.000,9.840E-18
37796.000,9.847E-18
37797.000,9.855E-18
37798.000,9.859E-18
37799.000,9.863E-18
37800.000,9.872E-18
37801.000,9.880E-18
37802.000,9.884E-18
37803.000,9.888E-18
37804.000,9.892E-18
37805.000,9.894E-18
37806.000,9.897E-18
37807.000,9.904E-18
37808.000,9.907E-18
37809.000,9.909E-18
37810.000,9.913E-18
37811.000,9.919E-18
37812.000,9.922E-18
37813.000,9.924E-18
37814.000,9.924E-18
37815.000,9.924E-18
37816.000,9.924E-18
37817.000,9.930E-18
37818.000,9.932E-18
37819.000,9.934E-18
37820.000,9.938E-18
37821.000,9.934E-18
37822.000,9.934E-18
37823.000,9.935E-18
37824.000,9.941E-18
37825.000,9.941E-18
37826.000,9.941E-18
37827.000,9.942E-18
37828.000,9.945E-18
37829.000,9.948E-18
37830.000,9.945E-18
37831.000,9.942E-18
37832.000,9.942E-18
37833.000,9.942E-18
37834.000,9.940E-18
37835.000,9.941E-18
37836.000,9.942E-18
37837.000,9.942E-18
37838.000,9.941E-18
37839.000,9.939E-18
37840.000,9.939E-18
37841.000,9.940E-18
37842.000,9.941E-18
37843.000,9.941E-18
37844.000,9.940E-18
37845.000,9.937E-18
37846.000,9.935E-18
37847.000,9.932E-18
37848.000,9.929E-18
37849.000,9.926E-18
37850.000,9.924E-18
37851.000,9.922E-18
37852.000,9.920E-18
37853.000,9.921E-18
37854.000,9.923E-18
37855.000,9.922E-18
37856.000,9.920E-18
37857.000,9.924E-18
37858.000,9.925E-18
37859.000,9.926E-18
37860.000,9.925E-18
37861.000,9.924E-18
37862.000,9.924E-18
37863.000,9.916E-18
37864.000,9.918E-18
37865.000,9.915E-18
37866.000,9.912E-18
37867.000,9.905E-18
37868.000,9.906E-18
37869.000,9.907E-18
37870.000,9.905E-18
37871.000,9.905E-18
37872.000,9.905E-18
37873.000,9.911E-18
37874.000,9.907E-18
37875.000,9.906E-18
37876.000,9.904E-18
37877.000,9.899E-18
37878.000,9.897E-18
37879.000,9.896E-18
37880.000,9.889E-18
37881.000,9.882E-18
37882.000,9.876E-18
37883.000,9.873E-18
37884.000,9.870E-18
37885.000,9.868E-18
37886.000,9.859E-18
37887.000,9.856E-18
37888.000,9.854E-18
37889.000,9.853E-18
37890.000,9.845E-18
37891.000,9.843E-18
37892.000,9.841E-18
37893.000,9.833E-18
37894.000,9.831E-18
37895.000,9.830E-18
37896.000,9.824E-18
37897.000,9.820E-18
37898.000,9.817E-18
37899.000,9.813E-18
37900.000,9.805E-18
37901.000,9.803E-18
37902.000,9.801E-18
37903.000,9.792E-18
37904.000,9.791E-18
37905.000,9.789E-18
37906.000,9.786E-18
37907.000,9.784E-18
37908.000,9.783E-18
37909.000,9.776E-18
37910.000,9.773E-18
37911.000,9.772E-18
37912.000,9.770E-18
37913.000,9.765E-18
37914.000,9.760E-18
37915.000,9.754E-18
37916.000,9.751E-18
37917.000,9.747E-18
37918.000,9.744E-18
37919.000,9.734E-18
37920.000,9.729E-18
37921.000,9.726E-18
37922.000,9.724E-18
37923.000,9.722E-18
37924.000,9.718E-18
37925.000,9.714E-18
37926.000,9.709E-18
37927.000,9.709E-18
37928.000,9.709E-18
37929.000,9.705E-18
37930.000,9.704E-18
37931.000,9.702E-18
37932.000,9.699E-18
37933.000,9.692E-18
37934.000,9.690E-18
37935.000,9.689E-18
37936.000,9.683E-18
37937.000,9.681E-18
37938.000,9.679E-18
37939.000,9.675E-18
37940.000,9.672E-18
37941.000,9.670E-18
37942.000,9.669E-18
37943.000,9.670E-18
37944.000,9.669E-18
37945.000,9.668E-18
37946.000,9.670E-18
37947.000,9.668E-18
37948.000,9.666E-18
37949.000,9.665E-18
37950.000,9.664E-18
37951.000,9.663E-18
37952.000,9.662E-18
37953.000,9.664E-18
37954.000,9.665E-18
37955.000,9.664E-18
37956.000,9.663E-18
37957.000,9.664E-18
37958.000,9.665E-18
37959.000,9.669E-18
37960.000,9.669E-18
37961.000,9.670E-18
37962.000,9.672E-18
37963.000,9.672E-18
37964.000,9.672E-18
37965.000,9.676E-18
37966.000,9.676E-18
37967.000,9.677E-18
37968.000,9.683E-18
37969.000,9.686E-18
37970.000,9.687E-18
37971.000,9.688E-18
37972.000,9.690E-18
37973.000,9.691E-18
37974.000,9.692E-18
37975.000,9.692E-18
37976.000,9.694E-18
37977.000,9.696E-18
37978.000,9.702E-18
37979.000,9.708E-18
37980.000,9.708E-18
37981.000,9.708E-18
37982.000,9.711E-18
37983.000,9.711E-18
37984.000,9.710E-18
37985.000,9.711E-18
37986.000,9.713E-18
37987.000,9.715E-18
37988.000,9.721E-18
37989.000,9.725E-18
37990.000,9.729E-18
37991.000,9.730E-18
37992.000,9.732E-18
37993.000,9.736E-18
37994.000,9.740E-18
37995.000,9.748E-18
37996.000,9.753E-18
37997.000,9.758E-18
37998.000,9.765E-18
37999.000,9.769E-18
38000.000,9.773E-18
38001.000,9.778E-18
38002.000,9.777E-18
38003.000,9.777E-18
38004.000,9.782E-18
38005.000,9.788E-18
38006.000,9.793E-18
38007.000,9.797E-18
38008.000,9.805E-18
38009.000,9.807E-18
38010.000,9.810E-18
38011.000,9.817E-18
38012.000,9.820E-18
38013.000,9.823E-18
38014.000,9.829E-18
38015.000,9.835E-18
38016.000,9.841E-18
38017.000,9.851E-18
38018.000,9.861E-18
38019.000,9.866E-18
38020.000,9.871E-18
38021.000,9.880E-18
38022.000,9.886E-18
38023.000,9.891E-18
38024.000,9.902E-18
38025.000,9.908E-18
38026.000,9.913E-18
38027.000,9.926E-18
38028.000,9.933E-18
38029.000,9.940E-18
38030.000,9.949E-18
38031.000,9.958E-18
38032.000,9.962E-18
38033.000,9.967E-18
38034.000,9.984E-18
38035.000,9.991E-18
38036.000,9.998E-18
38037.000,1.001E-17
38038.000,1.002E-17
38039.000,1.003E-17
38040.000,1.004E-17
38041.000,1.005E-17
38042.000,1.005E-17
38043.000,1.007E-17
38044.000,1.007E-17
38045.000,1.008E-17
38046.000,1.009E-17
38047.000,1.011E-17
38048.000,1.011E-17
38049.000,1.012E-17
38050.000,1.014E-17
38051.000,1.015E-17
38052.000,1.016E-17
38053.000,1.017E-17
38054.000,1.018E-17
38055.000,1.018E-17
38056.000,1.019E-17
38057.000,1.020E-17
38058.000,1.020E-17
38059.000,1.021E-17
38060.000,1.022E-17
38061.000,1.023E-17
38062.000,1.024E-17
38063.000,1.025E-17
38064.000,1.025E-17
38065.000,1.026E-17
38066.000,1.028E-17
38067.000,1.029E-17
38068.000,1.029E-17
38069.000,1.031E-17
38070.000,1.032E-17
38071.000,1.032E-17
38072.000,1.033E-17
38073.000,1.034E-17
38074.000,1.035E-17
38075.000,1.035E-17
38076.000,1.036E-17
38077.000,1.036E-17
38078.000,1.037E-17
38079.000,1.038E-17
38080.000,1.038E-17
38081.000,1.039E-17
38082.000,1.041E-17
38083.000,1.041E-17
38084.000,1.042E-17
38085.000,1.043E-17
38086.000,1.043E-17
38087.000,1.043E-17
38088.000,1.044E-17
38089.000,1.044E-17
38090.000,1.044E-17
38091.000,1.045E-17
38092.000,1.046E-17
38093.000,1.047E-17
38094.000,1.047E-17
38095.000,1.048E-17
38096.000,1.048E-17
38097.000,1.048E-17
38098.000,1.049E-17
38099.000,1.050E-17
38100.000,1.050E-17
38101.000,1.050E-17
38102.000,1.051E-17
38103.000,1.051E-17
38104.000,1.051E-17
38105.000,1.051E-17
38106.000,1.051E-17
38107.000,1.051E-17
38108.000,1.051E-17
38109.000,1.051E-17
38110.000,1.051E-17
38111.000,1.051E-17
38112.000,1.051E-17
38113.000,1.050E-17
38114.000,1.050E-17
38115.000,1.050E-17
38116.000,1.050E-17
38117.000,1.051E-17
38118.000,1.051E-17
38119.000,1.051E-17
38120.000,1.051E-17
38121.000,1.051E-17
38122.000,1.051E-17
38123.000,1.050E-17
38124.000,1.049E-17
38125.000,1.049E-17
38126.000,1.049E-17
38127.000,1.048E-17
38128.000,1.048E-17
38129.000,1.048E-17
38130.000,1.047E-17
38131.000,1.047E-17
38132.000,1.047E-17
38133.000,1.046E-17
38134.000,1.045E-17
38135.000,1.045E-17
38136.000,1.045E-17
38137.000,1.045E-17
38138.000,1.044E-17
38139.000,1.044E-17
38140.000,1.044E-17
38141.000,1.044E-17
38142.000,1.043E-17
38143.000,1.042E-17
38144.000,1.041E-17
38145.000,1.041E-17
38146.000,1.040E-17
38147.000,1.040E-17
38148.000,1.040E-17
38149.000,1.040E-17
38150.000,1.040E-17
38151.000,1.040E-17
38152.000,1.040E-17
38153.000,1.039E-17
38154.000,1.038E-17
38155.000,1.038E-17
38156.000,1.038E-17
38157.000,1.037E-17
38158.000,1.037E-17
38159.000,1.037E-17
38160.000,1.036E-17
38161.000,1.036E-17
38162.000,1.036E-17
38163.000,1.036E-17
38164.000,1.035E-17
38165.000,1.035E-17
38166.000,1.035E-17
38167.000,1.035E-17
38168.000,1.035E-17
38169.000,1.034E-17
38170.000,1.033E-17
38171.000,1.033E-17
38172.000,1.033E-17
38173.000,1.033E-17
38174.000,1.032E-17
38175.000,1.032E-17
38176.000,1.032E-17
38177.000,1.032E-17
38178.000,1.031E-17
38179.000,1.031E-17
38180.000,1.031E-17
38181.000,1.031E-17
38182.000,1.031E-17
38183.000,1.030E-17
38184.000,1.030E-17
38185.000,1.029E-17
38186.000,1.029E-17
38187.000,1.030E-17
38188.000,1.029E-17
38189.000,1.029E-17
38190.000,1.029E-17
38191.000,1.028E-17
38192.000,1.028E-17
38193.000,1.028E-17
38194.000,1.028E-17
38195.000,1.028E-17
38196.000,1.028E-17
38197.000,1.029E-17
38198.000,1.029E-17
38199.000,1.030E-17
38200.000,1.030E-17
38201.000,1.030E-17
38202.000,1.030E-17
38203.000,1.030E-17
38204.000,1.030E-17
38205.000,1.029E-17
38206.000,1.029E-17
38207.000,1.029E-17
38208.000,1.029E-17
38209.000,1.028E-17
38210.000,1.028E-17
38211.000,1.028E-17
38212.000,1.027E-17
38213.000,1.026E-17
38214.000,1.026E-17
38215.000,1.027E-17
38216.000,1.027E-17
38217.000,1.027E-17
38218.000,1.027E-17
38219.000,1.028E-17
38220.000,1.027E-17
38221.000,1.026E-17
38222.000,1.026E-17
38223.000,1.025E-17
38224.000,1.025E-17
38225.000,1.024E-17
38226.000,1.024E-17
38227.000,1.025E-17
38228.000,1.025E-17
38229.000,1.026E-17
38230.000,1.026E-17
38231.000,1.026E-17
38232.000,1.027E-17
38233.000,1.026E-17
38234.000,1.026E-17
38235.000,1.026E-17
38236.000,1.026E-17
38237.000,1.026E-17
38238.000,1.026E-17
38239.000,1.026E-17
38240.000,1.026E-17
38241.000,1.026E-17
38242.000,1.026E-17
38243.000,1.026E-17
38244.000,1.026E-17
38245.000,1.027E-17
38246.000,1.027E-17
38247.000,1.027E-17
38248.000,1.027E-17
38249.000,1.027E-17
38250.000,1.027E-17
38251.000,1.027E-17
38252.000,1.028E-17
38253.000,1.028E-17
38254.000,1.029E-17
38255.000,1.029E-17
38256.000,1.029E-17
38257.000,1.030E-17
38258.000,1.031E-17
38259.000,1.031E-17
38260.000,1.031E-17
38261.000,1.031E-17
38262.000,1.031E-17
38263.000,1.031E-17
38264.000,1.032E-17
38265.000,1.032E-17
38266.000,1.032E-17
38267.000,1.033E-17
38268.000,1.033E-17
38269.000,1.033E-17
38270.000,1.035E-17
38271.000,1.036E-17
38272.000,1.036E-17
38273.000,1.037E-17
38274.000,1.037E-17
38275.000,1.038E-17
38276.000,1.039E-17
38277.000,1.040E-17
38278.000,1.040E-17
38279.000,1.041E-17
38280.000,1.042E-17
38281.000,1.043E-17
38282.000,1.043E-17
38283.000,1.044E-17
38284.000,1.044E-17
38285.000,1.045E-17
38286.000,1.045E-17
38287.000,1.046E-17
38288.000,1.046E-17
38289.000,1.047E-17
38290.000,1.048E-17
38291.000,1.048E-17
38292.000,1.049E-17
38293.000,1.050E-17
38294.000,1.050E-17
38295.000,1.051E-17
38296.000,1.052E-17
38297.000,1.053E-17
38298.000,1.054E-17
38299.000,1.055E-17
38300.000,1.055E-17
38301.000,1.057E-17
38302.000,1.058E-17
38303.000,1.059E-17
38304.000,1.059E-17
38305.000,1.060E-17
38306.000,1.061E-17
38307.000,1.061E-17
38308.000,1.062E-17
38309.000,1.062E-17
38310.000,1.062E-17
38311.000,1.063E-17
38312.000,1.063E-17
38313.000,1.064E-17
38314.000,1.066E-17
38315.000,1.067E-17
38316.000,1.068E-17
38317.000,1.070E-17
38318.000,1.071E-17
38319.000,1.072E-17
38320.000,1.073E-17
38321.000,1.074E-17
38322.000,1.074E-17
38323.000,1.075E-17
38324.000,1.075E-17
38325.000,1.076E-17
38326.000,1.076E-17
38327.000,1.078E-17
38328.000,1.078E-17
38329.000,1.079E-17
38330.000,1.081E-17
38331.000,1.081E-17
38332.000,1.082E-17
38333.000,1.083E-17
38334.000,1.083E-17
38335.000,1.083E-17
38336.000,1.084E-17
38337.000,1.085E-17
38338.000,1.085E-17
38339.000,1.087E-17
38340.000,1.088E-17
38341.000,1.088E-17
38342.000,1.090E-17
38343.000,1.090E-17
38344.000,1.090E-17
38345.000,1.091E-17
38346.000,1.092E-17
38347.000,1.092E-17
38348.000,1.092E-17
38349.000,1.093E-17
38350.000,1.093E-17
38351.000,1.093E-17
38352.000,1.094E-17
38353.000,1.094E-17
38354.000,1.095E-17
38355.000,1.096E-17
38356.000,1.096E-17
38357.000,1.097E-17
38358.000,1.098E-17
38359.000,1.098E-17
38360.000,1.098E-17
38361.000,1.099E-17
38362.000,1.099E-17
38363.000,1.099E-17
38364.000,1.099E-17
38365.000,1.100E-17
38366.000,1.100E-17
38367.000,1.100E-17
38368.000,1.100E-17
38369.000,1.100E-17
38370.000,1.101E-17
38371.000,1.101E-17
38372.000,1.101E-17
38373.000,1.101E-17
38374.000,1.101E-17
38375.000,1.101E-17
38376.000,1.101E-17
38377.000,1.100E-17
38378.000,1.100E-17
38379.000,1.100E-17
38380.000,1.099E-17
38381.000,1.099E-17
38382.000,1.099E-17
38383.000,1.099E-17
38384.000,1.099E-17
38385.000,1.099E-17
38386.000,1.099E-17
38387.000,1.099E-17
38388.000,1.099E-17
38389.000,1.098E-17
38390.000,1.097E-17
38391.000,1.097E-17
38392.000,1.097E-17
38393.000,1.096E-17
38394.000,1.096E-17
38395.000,1.096E-17
38396.000,1.096E-17
38397.000,1.096E-17
38398.000,1.095E-17
38399.000,1.094E-17
38400.000,1.094E-17
38401.000,1.093E-17
38402.000,1.092E-17
38403.000,1.092E-17
38404.000,1.092E-17
38405.000,1.091E-17
38406.000,1.091E-17
38407.000,1.091E-17
38408.000,1.091E-17
38409.000,1.091E-17
38410.000,1.090E-17
38411.000,1.088E-17
38412.000,1.088E-17
38413.000,1.087E-17
38414.000,1.086E-17
38415.000,1.085E-17
38416.000,1.085E-17
38417.000,1.084E-17
38418.000,1.083E-17
38419.000,1.083E-17
38420.000,1.082E-17
38421.000,1.081E-17
38422.000,1.080E-17
38423.000,1.078E-17
38424.000,1.078E-17
38425.000,1.077E-17
38426.000,1.076E-17
38427.000,1.076E-17
38428.000,1.075E-17
38429.000,1.074E-17
38430.000,1.074E-17
38431.000,1.074E-17
38432.000,1.073E-17
38433.000,1.072E-17
38434.000,1.071E-17
38435.000,1.071E-17
38436.000,1.069E-17
38437.000,1.068E-17
38438.000,1.068E-17
38439.000,1.067E-17
38440.000,1.066E-17
38441.000,1.065E-17
38442.000,1.064E-17
38443.000,1.063E-17
38444.000,1.062E-17
38445.000,1.061E-17
38446.000,1.061E-17
38447.000,1.061E-17
38448.000,1.060E-17
38449.000,1.059E-17
38450.000,1.059E-17
38451.000,1.058E-17
38452.000,1.058E-17
38453.000,1.057E-17
38454.000,1.056E-17
38455.000,1.055E-17
38456.000,1.055E-17
38457.000,1.054E-17
38458.000,1.053E-17
38459.000,1.053E-17
38460.000,1.053E-17
38461.000,1.052E-17
38462.000,1.052E-17
38463.000,1.051E-17
38464.000,1.049E-17
38465.000,1.049E-17
38466.000,1.049E-17
38467.000,1.048E-17
38468.000,1.048E-17
38469.000,1.048E-17
38470.000,1.049E-17
38471.000,1.048E-17
38472.000,1.048E-17
38473.000,1.048E-17
38474.000,1.047E-17
38475.000,1.046E-17
38476.000,1.045E-17
38477.000,1.044E-17
38478.000,1.044E-17
38479.000,1.043E-17
38480.000,1.044E-17
38481.000,1.044E-17
38482.000,1.044E-17
38483.000,1.044E-17
38484.000,1.044E-17
38485.000,1.044E-17
38486.000,1.044E-17
38487.000,1.044E-17
38488.000,1.044E-17
38489.000,1.044E-17
38490.000,1.043E-17
38491.000,1.043E-17
38492.000,1.043E-17
38493.000,1.042E-17
38494.000,1.042E-17
38495.000,1.042E-17
38496.000,1.042E-17
38497.000,1.042E-17
38498.000,1.041E-17
38499.000,1.041E-17
38500.000,1.041E-17
38501.000,1.041E-17
38502.000,1.041E-17
38503.000,1.041E-17
38504.000,1.042E-17
38505.000,1.042E-17
38506.000,1.042E-17
38507.000,1.043E-17
38508.000,1.044E-17
38509.000,1.044E-17
38510.000,1.044E-17
38511.000,1.044E-17
38512.000,1.045E-17
38513.000,1.045E-17
38514.000,1.046E-17
38515.000,1.046E-17
38516.000,1.046E-17
38517.000,1.046E-17
38518.000,1.046E-17
38519.000,1.047E-17
38520.000,1.048E-17
38521.000,1.048E-17
38522.000,1.048E-17
38523.000,1.048E-17
38524.000,1.049E-17
38525.000,1.050E-17
38526.000,1.051E-17
38527.000,1.051E-17
38528.000,1.051E-17
38529.000,1.051E-17
38530.000,1.052E-17
38531.000,1.053E-17
38532.000,1.053E-17
38533.000,1.054E-17
38534.000,1.054E-17
38535.000,1.055E-17
38536.000,1.055E-17
38537.000,1.056E-17
38538.000,1.056E-17
38539.000,1.057E-17
38540.000,1.058E-17
38541.000,1.059E-17
38542.000,1.059E-17
38543.000,1.060E-17
38544.000,1.061E-17
38545.000,1.061E-17
38546.000,1.062E-17
38547.000,1.063E-17
38548.000,1.064E-17
38549.000,1.065E-17
38550.000,1.066E-17
38551.000,1.067E-17
38552.000,1.068E-17
38553.000,1.069E-17
38554.000,1.070E-17
38555.000,1.071E-17
38556.000,1.073E-17
38557.000,1.074E-17
38558.000,1.074E-17
38559.000,1.076E-17
38560.000,1.077E-17
38561.000,1.077E-17
38562.000,1.078E-17
38563.000,1.078E-17
38564.000,1.079E-17
38565.000,1.081E-17
38566.000,1.081E-17
38567.000,1.082E-17
38568.000,1.084E-17
38569.000,1.085E-17
38570.000,1.085E-17
38571.000,1.087E-17
38572.000,1.088E-17
38573.000,1.089E-17
38574.000,1.091E-17
38575.000,1.091E-17
38576.000,1.091E-17
38577.000,1.093E-17
38578.000,1.093E-17
38579.000,1.094E-17
38580.000,1.095E-17
38581.000,1.096E-17
38582.000,1.096E-17
38583.000,1.097E-17
38584.000,1.098E-17
38585.000,1.099E-17
38586.000,1.101E-17
38587.000,1.102E-17
38588.000,1.102E-17
38589.000,1.104E-17
38590.000,1.105E-17
38591.000,1.106E-17
38592.000,1.107E-17
38593.000,1.108E-17
38594.000,1.109E-17
38595.000,1.111E-17
38596.000,1.111E-17
38597.000,1.112E-17
38598.000,1.114E-17
38599.000,1.115E-17
38600.000,1.115E-17
38601.000,1.117E-17
38602.000,1.118E-17
38603.000,1.118E-17
38604.000,1.119E-17
38605.000,1.119E-17
38606.000,1.120E-17
38607.000,1.121E-17
38608.000,1.121E-17
38609.000,1.121E-17
38610.000,1.123E-17
38611.000,1.123E-17
38612.000,1.124E-17
38613.000,1.125E-17
38614.000,1.126E-17
38615.000,1.126E-17
38616.000,1.127E-17
38617.000,1.129E-17
38618.000,1.130E-17
38619.000,1.130E-17
38620.000,1.131E-17
38621.000,1.131E-17
38622.000,1.131E-17
38623.000,1.132E-17
38624.000,1.132E-17
38625.000,1.132E-17
38626.000,1.133E-17
38627.000,1.134E-17
38628.000,1.134E-17
38629.000,1.134E-17
38630.000,1.135E-17
38631.000,1.136E-17
38632.000,1.137E-17
38633.000,1.137E-17
38634.000,1.138E-17
38635.000,1.138E-17
38636.000,1.139E-17
38637.000,1.140E-17
38638.000,1.141E-17
38639.000,1.142E-17
38640.000,1.143E-17
38641.000,1.143E-17
38642.000,1.144E-17
38643.000,1.144E-17
38644.000,1.144E-17
38645.000,1.144E-17
38646.000,1.143E-17
38647.000,1.143E-17
38648.000,1.144E-17
38649.000,1.144E-17
38650.000,1.145E-17
38651.000,1.145E-17
38652.000,1.145E-17
38653.000,1.146E-17
38654.000,1.146E-17
38655.000,1.146E-17
38656.000,1.145E-17
38657.000,1.145E-17
38658.000,1.145E-17
38659.000,1.145E-17
38660.000,1.145E-17
38661.000,1.146E-17
38662.000,1.146E-17
38663.000,1.146E-17
38664.000,1.146E-17
38665.000,1.145E-17
38666.000,1.145E-17
38667.000,1.144E-17
38668.000,1.144E-17
38669.000,1.144E-17
38670.000,1.143E-17
38671.000,1.143E-17
38672.000,1.144E-17
38673.000,1.144E-17
38674.000,1.144E-17
38675.000,1.144E-17
38676.000,1.144E-17
38677.000,1.144E-17
38678.000,1.143E-17
38679.000,1.142E-17
38680.000,1.141E-17
38681.000,1.140E-17
38682.000,1.139E-17
38683.000,1.137E-17
38684.000,1.137E-17
38685.000,1.136E-17
38686.000,1.135E-17
38687.000,1.134E-17
38688.000,1.134E-17
38689.000,1.134E-17
38690.000,1.134E-17
38691.000,1.133E-17
38692.000,1.133E-17
38693.000,1.133E-17
38694.000,1.132E-17
38695.000,1.132E-17
38696.000,1.132E-17
38697.000,1.131E-17
38698.000,1.130E-17
38699.000,1.130E-17
38700.000,1.129E-17
38701.000,1.128E-17
38702.000,1.127E-17
38703.000,1.126E-17
38704.000,1.124E-17
38705.000,1.123E-17
38706.000,1.123E-17
38707.000,1.122E-17
38708.000,1.122E-17
38709.000,1.121E-17
38710.000,1.119E-17
38711.000,1.118E-17
38712.000,1.117E-17
38713.000,1.116E-17
38714.000,1.116E-17
38715.000,1.116E-17
38716.000,1.115E-17
38717.000,1.115E-17
38718.000,1.115E-17
38719.000,1.114E-17
38720.000,1.113E-17
38721.000,1.113E-17
38722.000,1.111E-17
38723.000,1.111E-17
38724.000,1.110E-17
38725.000,1.109E-17
38726.000,1.109E-17
38727.000,1.109E-17
38728.000,1.108E-17
38729.000,1.108E-17
38730.000,1.108E-17
38731.000,1.107E-17
38732.000,1.107E-17
38733.000,1.106E-17
38734.000,1.105E-17
38735.000,1.104E-17
38736.000,1.104E-17
38737.000,1.102E-17
38738.000,1.102E-17
38739.000,1.101E-17
38740.000,1.100E-17
38741.000,1.100E-17
38742.000,1.099E-17
38743.000,1.098E-17
38744.000,1.098E-17
38745.000,1.099E-17
38746.000,1.099E-17
38747.000,1.099E-17
38748.000,1.099E-17
38749.000,1.098E-17
38750.000,1.098E-17
38751.000,1.098E-17
38752.000,1.097E-17
38753.000,1.096E-17
38754.000,1.096E-17
38755.000,1.096E-17
38756.000,1.096E-17
38757.000,1.096E-17
38758.000,1.096E-17
38759.000,1.096E-17
38760.000,1.096E-17
38761.000,1.096E-17
38762.000,1.096E-17
38763.000,1.096E-17
38764.000,1.097E-17
38765.000,1.097E-17
38766.000,1.097E-17
38767.000,1.097E-17
38768.000,1.097E-17
38769.000,1.098E-17
38770.000,1.098E-17
38771.000,1.098E-17
38772.000,1.098E-17
38773.000,1.098E-17
38774.000,1.097E-17
38775.000,1.097E-17
38776.000,1.097E-17
38777.000,1.097E-17
38778.000,1.097E-17
38779.000,1.097E-17
38780.000,1.097E-17
38781.000,1.097E-17
38782.000,1.098E-17
38783.000,1.098E-17
38784.000,1.098E-17
38785.000,1.098E-17
38786.000,1.098E-17
38787.000,1.098E-17
38788.000,1.098E-17
38789.000,1.098E-17
38790.000,1.098E-17
38791.000,1.097E-17
38792.000,1.097E-17
38793.000,1.098E-17
38794.000,1.098E-17
38795.000,1.098E-17
38796.000,1.098E-17
38797.000,1.098E-17
38798.000,1.098E-17
38799.000,1.098E-17
38800.000,1.098E-17
38801.000,1.098E-17
38802.000,1.098E-17
38803.000,1.098E-17
38804.000,1.098E-17
38805.000,1.099E-17
38806.000,1.099E-17
38807.000,1.099E-17
38808.000,1.099E-17
38809.000,1.098E-17
38810.000,1.098E-17
38811.000,1.098E-17
38812.000,1.098E-17
38813.000,1.098E-17
38814.000,1.098E-17
38815.000,1.099E-17
38816.000,1.099E-17
38817.000,1.099E-17
38818.000,1.099E-17
38819.000,1.100E-17
38820.000,1.100E-17
38821.000,1.100E-17
38822.000,1.100E-17
38823.000,1.101E-17
38824.000,1.101E-17
38825.000,1.101E-17
38826.000,1.101E-17
38827.000,1.101E-17
38828.000,1.101E-17
38829.000,1.101E-17
38830.000,1.100E-17
38831.000,1.100E-17
38832.000,1.101E-17
38833.000,1.102E-17
38834.000,1.103E-17
38835.000,1.103E-17
38836.000,1.104E-17
38837.000,1.104E-17
38838.000,1.104E-17
38839.000,1.105E-17
38840.000,1.106E-17
38841.000,1.106E-17
38842.000,1.106E-17
38843.000,1.107E-17
38844.000,1.107E-17
38845.000,1.107E-17
38846.000,1.107E-17
38847.000,1.108E-17
38848.000,1.108E-17
38849.000,1.109E-17
38850.000,1.109E-17
38851.000,1.109E-17
38852.000,1.110E-17
38853.000,1.110E-17
38854.000,1.110E-17
38855.000,1.110E-17
38856.000,1.111E-17
38857.000,1.111E-17
38858.000,1.111E-17
38859.000,1.112E-17
38860.000,1.112E-17
38861.000,1.112E-17
38862.000,1.113E-17
38863.000,1.113E-17
38864.000,1.113E-17
38865.000,1.114E-17
38866.000,1.114E-17
38867.000,1.114E-17
38868.000,1.115E-17
38869.000,1.115E-17
38870.000,1.115E-17
38871.000,1.114E-17
38872.000,1.114E-17
38873.000,1.114E-17
38874.000,1.115E-17
38875.000,1.115E-17
38876.000,1.116E-17
38877.000,1.117E-17
38878.000,1.118E-17
38879.000,1.118E-17
38880.000,1.118E-17
38881.000,1.119E-17
38882.000,1.119E-17
38883.000,1.119E-17
38884.000,1.119E-17
38885.000,1.119E-17
38886.000,1.120E-17
38887.000,1.120E-17
38888.000,1.120E-17
38889.000,1.119E-17
38890.000,1.119E-17
38891.000,1.119E-17
38892.000,1.119E-17
38893.000,1.119E-17
38894.000,1.119E-17
38895.000,1.119E-17
38896.000,1.119E-17
38897.000,1.119E-17
38898.000,1.119E-17
38899.000,1.119E-17
38900.000,1.119E-17
38901.000,1.118E-17
38902.000,1.118E-17
38903.000,1.118E-17
38904.000,1.117E-17
38905.000,1.117E-17
38906.000,1.117E-17
38907.000,1.117E-17
38908.000,1.117E-17
38909.000,1.117E-17
38910.000,1.117E-17
38911.000,1.117E-17
38912.000,1.117E-17
38913.000,1.117E-17
38914.000,1.116E-17
38915.000,1.116E-17
38916.000,1.115E-17
38917.000,1.114E-17
38918.000,1.114E-17
38919.000,1.113E-17
38920.000,1.113E-17
38921.000,1.112E-17
38922.000,1.112E-17
38923.000,1.112E-17
38924.000,1.111E-17
38925.000,1.111E-17
38926.000,1.110E-17
38927.000,1.110E-17
38928.000,1.110E-17
38929.000,1.110E-17
38930.000,1.110E-17
38931.000,1.110E-17
38932.000,1.110E-17
38933.000,1.109E-17
38934.000,1.108E-17
38935.000,1.108E-17
38936.000,1.108E-17
38937.000,1.108E-17
38938.000,1.107E-17
38939.000,1.106E-17
38940.000,1.106E-17
38941.000,1.106E-17
38942.000,1.105E-17
38943.000,1.105E-17
38944.000,1.105E-17
38945.000,1.104E-17
38946.000,1.104E-17
38947.000,1.103E-17
38948.000,1.102E-17
38949.000,1.102E-17
38950.000,1.102E-17
38951.000,1.102E-17
38952.000,1.102E-17
38953.000,1.102E-17
38954.000,1.102E-17
38955.000,1.102E-17
38956.000,1.102E-17
38957.000,1.101E-17
38958.000,1.100E-17
38959.000,1.100E-17
38960.000,1.100E-17
38961.000,1.100E-17
38962.000,1.100E-17
38963.000,1.100E-17
38964.000,1.100E-17
38965.000,1.100E-17
38966.000,1.100E-17
38967.000,1.100E-17
38968.000,1.100E-17
38969.000,1.100E-17
38970.000,1.100E-17
38971.000,1.100E-17
38972.000,1.100E-17
38973.000,1.100E-17
38974.000,1.099E-17
38975.000,1.099E-17
38976.000,1.099E-17
38977.000,1.100E-17
38978.000,1.100E-17
38979.000,1.100E-17
38980.000,1.101E-17
38981.000,1.101E-17
38982.000,1.101E-17
38983.000,1.102E-17
38984.000,1.102E-17
38985.000,1.102E-17
38986.000,1.102E-17
38987.000,1.102E-17
38988.000,1.102E-17
38989.000,1.102E-17
38990.000,1.103E-17
38991.000,1.103E-17
38992.000,1.104E-17
38993.000,1.104E-17
38994.000,1.104E-17
38995.000,1.104E-17
38996.000,1.104E-17
38997.000,1.105E-17
38998.000,1.105E-17
38999.000,1.105E-17
39000.000,1.105E-17
39001.000,1.106E-17
39002.000,1.106E-17
39003.000,1.106E-17
39004.000,1.107E-17
39005.000,1.107E-17
39006.000,1.108E-17
39007.000,1.108E-17
39008.000,1.108E-17
39009.000,1.109E-17
39010.000,1.109E-17
39011.000,1.109E-17
39012.000,1.110E-17
39013.000,1.110E-17
39014.000,1.110E-17
39015.000,1.111E-17
39016.000,1.111E-17
39017.000,1.111E-17
39018.000,1.112E-17
39019.000,1.112E-17
39020.000,1.113E-17
39021.000,1.113E-17
39022.000,1.113E-17
39023.000,1.114E-17
39024.000,1.116E-17
39025.000,1.117E-17
39026.000,1.117E-17
39027.000,1.118E-17
39028.000,1.119E-17
39029.000,1.119E-17
39030.000,1.119E-17
39031.000,1.119E-17
39032.000,1.120E-17
39033.000,1.121E-17
39034.000,1.121E-17
39035.000,1.121E-17
39036.000,1.121E-17
39037.000,1.121E-17
39038.000,1.122E-17
39039.000,1.122E-17
39040.000,1.122E-17
39041.000,1.123E-17
39042.000,1.123E-17
39043.000,1.123E-17
39044.000,1.124E-17
39045.000,1.124E-17
39046.000,1.125E-17
39047.000,1.125E-17
39048.000,1.126E-17
39049.000,1.126E-17
39050.000,1.127E-17
39051.000,1.127E-17
39052.000,1.127E-17
39053.000,1.128E-17
39054.000,1.128E-17
39055.000,1.128E-17
39056.000,1.129E-17
39057.000,1.129E-17
39058.000,1.129E-17
39059.000,1.129E-17
39060.000,1.130E-17
39061.000,1.130E-17
39062.000,1.131E-17
39063.000,1.131E-17
39064.000,1.131E-17
39065.000,1.132E-17
39066.000,1.132E-17
39067.000,1.133E-17
39068.000,1.133E-17
39069.000,1.133E-17
39070.000,1.133E-17
39071.000,1.133E-17
39072.000,1.133E-17
39073.000,1.134E-17
39074.000,1.134E-17
39075.000,1.134E-17
39076.000,1.135E-17
39077.000,1.135E-17
39078.000,1.135E-17
39079.000,1.136E-17
39080.000,1.137E-17
39081.000,1.137E-17
39082.000,1.137E-17
39083.000,1.137E-17
39084.000,1.138E-17
39085.000,1.138E-17
39086.000,1.138E-17
39087.000,1.138E-17
39088.000,1.139E-17
39089.000,1.139E-17
39090.000,1.140E-17
39091.000,1.140E-17
39092.000,1.140E-17
39093.000,1.141E-17
39094.000,1.141E-17
39095.000,1.142E-17
39096.000,1.142E-17
39097.000,1.142E-17
39098.000,1.142E-17
39099.000,1.142E-17
39100.000,1.142E-17
39101.000,1.142E-17
39102.000,1.143E-17
39103.000,1.143E-17
39104.000,1.143E-17
39105.000,1.144E-17
39106.000,1.145E-17
39107.000,1.145E-17
39108.000,1.145E-17
39109.000,1.145E-17
39110.000,1.146E-17
39111.000,1.146E-17
39112.000,1.147E-17
39113.000,1.147E-17
39114.000,1.147E-17
39115.000,1.147E-17
39116.000,1.147E-17
39117.000,1.148E-17
39118.000,1.148E-17
39119.000,1.149E-17
39120.000,1.149E-17
39121.000,1.150E-17
39122.000,1.151E-17
39123.000,1.151E-17
39124.000,1.151E-17
39125.000,1.152E-17
39126.000,1.152E-17
39127.000,1.153E-17
39128.000,1.153E-17
39129.000,1.153E-17
39130.000,1.153E-17
39131.000,1.154E-17
39132.000,1.154E-17
39133.000,1.154E-17
39134.000,1.154E-17
39135.000,1.154E-17
39136.000,1.155E-17
39137.000,1.156E-17
39138.000,1.156E-17
39139.000,1.157E-17
39140.000,1.158E-17
39141.000,1.158E-17
39142.000,1.158E-17
39143.000,1.159E-17
39144.000,1.159E-17
39145.000,1.160E-17
39146.000,1.160E-17
39147.000,1.160E-17
39148.000,1.160E-17
39149.000,1.160E-17
39150.000,1.160E-17
39151.000,1.161E-17
39152.000,1.162E-17
39153.000,1.162E-17
39154.000,1.163E-17
39155.000,1.164E-17
39156.000,1.164E-17
39157.000,1.164E-17
39158.000,1.164E-17
39159.000,1.164E-17
39160.000,1.164E-17
39161.000,1.164E-17
39162.000,1.164E-17
39163.000,1.164E-17
39164.000,1.164E-17
39165.000,1.164E-17
39166.000,1.164E-17
39167.000,1.164E-17
39168.000,1.165E-17
39169.000,1.165E-17
39170.000,1.165E-17
39171.000,1.165E-17
39172.000,1.165E-17
39173.000,1.165E-17
39174.000,1.165E-17
39175.000,1.165E-17
39176.000,1.165E-17
39177.000,1.165E-17
39178.000,1.165E-17
39179.000,1.165E-17
39180.000,1.164E-17
39181.000,1.164E-17
39182.000,1.163E-17
39183.000,1.163E-17
39184.000,1.162E-17
39185.000,1.161E-17
39186.000,1.160E-17
39187.000,1.160E-17
39188.000,1.160E-17
39189.000,1.160E-17
39190.000,1.159E-17
39191.000,1.158E-17
39192.000,1.157E-17
39193.000,1.157E-17
39194.000,1.156E-17
39195.000,1.156E-17
39196.000,1.156E-17
39197.000,1.155E-17
39198.000,1.154E-17
39199.000,1.154E-17
39200.000,1.154E-17
39201.000,1.153E-17
39202.000,1.153E-17
39203.000,1.151E-17
39204.000,1.151E-17
39205.000,1.150E-17
39206.000,1.149E-17
39207.000,1.149E-17
39208.000,1.148E-17
39209.000,1.148E-17
39210.000,1.147E-17
39211.000,1.147E-17
39212.000,1.147E-17
39213.000,1.146E-17
39214.000,1.145E-17
39215.000,1.145E-17
39216.000,1.144E-17
39217.000,1.142E-17
39218.000,1.141E-17
39219.000,1.141E-17
39220.000,1.140E-17
39221.000,1.139E-17
39222.000,1.139E-17
39223.000,1.139E-17
39224.000,1.138E-17
39225.000,1.138E-17
39226.000,1.138E-17
39227.000,1.137E-17
39228.000,1.136E-17
39229.000,1.136E-17
39230.000,1.135E-17
39231.000,1.134E-17
39232.000,1.134E-17
39233.000,1.133E-17
39234.000,1.131E-17
39235.000,1.130E-17
39236.000,1.130E-17
39237.000,1.129E-17
39238.000,1.128E-17
39239.000,1.128E-17
39240.000,1.127E-17
39241.000,1.127E-17
39242.000,1.127E-17
39243.000,1.126E-17
39244.000,1.126E-17
39245.000,1.125E-17
39246.000,1.124E-17
39247.000,1.124E-17
39248.000,1.124E-17
39249.000,1.123E-17
39250.000,1.123E-17
39251.000,1.122E-17
39252.000,1.122E-17
39253.000,1.121E-17
39254.000,1.120E-17
39255.000,1.119E-17
39256.000,1.119E-17
39257.000,1.118E-17
39258.000,1.118E-17
39259.000,1.117E-17
39260.000,1.116E-17
39261.000,1.116E-17
39262.000,1.116E-17
39263.000,1.115E-17
39264.000,1.115E-17
39265.000,1.115E-17
39266.000,1.115E-17
39267.000,1.114E-17
39268.000,1.114E-17
39269.000,1.114E-17
39270.000,1.114E-17
39271.000,1.113E-17
39272.000,1.113E-17
39273.000,1.113E-17
39274.000,1.114E-17
39275.000,1.114E-17
39276.000,1.114E-17
39277.000,1.114E-17
39278.000,1.115E-17
39279.000,1.115E-17
39280.000,1.115E-17
39281.000,1.115E-17
39282.000,1.115E-17
39283.000,1.115E-17
39284.000,1.115E-17
39285.000,1.114E-17
39286.000,1.115E-17
39287.000,1.115E-17
39288.000,1.115E-17
39289.000,1.115E-17
39290.000,1.115E-17
39291.000,1.115E-17
39292.000,1.115E-17
39293.000,1.116E-17
39294.000,1.116E-17
39295.000,1.116E-17
39296.000,1.116E-17
39297.000,1.117E-17
39298.000,1.118E-17
39299.000,1.118E-17
39300.000,1.119E-17
39301.000,1.119E-17
39302.000,1.119E-17
39303.000,1.119E-17
39304.000,1.120E-17
39305.000,1.120E-17
39306.000,1.120E-17
39307.000,1.120E-17
39308.000,1.121E-17
39309.000,1.121E-17
39310.000,1.121E-17
39311.000,1.122E-17
39312.000,1.123E-17
39313.000,1.123E-17
39314.000,1.124E-17
39315.000,1.124E-17
39316.000,1.125E-17
39317.000,1.126E-17
39318.000,1.126E-17
39319.000,1.127E-17
39320.000,1.127E-17
39321.000,1.127E-17
39322.000,1.128E-17
39323.000,1.128E-17
39324.000,1.129E-17
39325.000,1.129E-17
39326.000,1.130E-17
39327.000,1.130E-17
39328.000,1.130E-17
39329.000,1.130E-17
39330.000,1.130E-17
39331.000,1.131E-17
39332.000,1.131E-17
39333.000,1.131E-17
39334.000,1.132E-17
39335.000,1.133E-17
39336.000,1.134E-17
39337.000,1.134E-17
39338.000,1.135E-17
39339.000,1.136E-17
39340.000,1.136E-17
39341.000,1.136E-17
39342.000,1.136E-17
39343.000,1.137E-17
39344.000,1.137E-17
39345.000,1.137E-17
39346.000,1.137E-17
39347.000,1.138E-17
39348.000,1.138E-17
39349.000,1.138E-17
39350.000,1.138E-17
39351.000,1.139E-17
39352.000,1.139E-17
39353.000,1.140E-17
39354.000,1.141E-17
39355.000,1.141E-17
39356.000,1.141E-17
39357.000,1.141E-17
39358.000,1.141E-17
39359.000,1.141E-17
39360.000,1.141E-17
39361.000,1.141E-17
39362.000,1.141E-17
39363.000,1.141E-17
39364.000,1.142E-17
39365.000,1.143E-17
39366.000,1.143E-17
39367.000,1.143E-17
39368.000,1.143E-17
39369.000,1.143E-17
39370.000,1.143E-17
39371.000,1.143E-17
39372.000,1.143E-17
39373.000,1.142E-17
39374.000,1.142E-17
39375.000,1.142E-17
39376.000,1.142E-17
39377.000,1.141E-17
39378.000,1.141E-17
39379.000,1.141E-17
39380.000,1.141E-17
39381.000,1.140E-17
39382.000,1.140E-17
39383.000,1.141E-17
39384.000,1.141E-17
39385.000,1.141E-17
39386.000,1.141E-17
39387.000,1.141E-17
39388.000,1.141E-17
39389.000,1.141E-17
39390.000,1.142E-17
39391.000,1.141E-17
39392.000,1.141E-17
39393.000,1.142E-17
39394.000,1.142E-17
39395.000,1.142E-17
39396.000,1.142E-17
39397.000,1.142E-17
39398.000,1.142E-17
39399.000,1.142E-17
39400.000,1.142E-17
39401.000,1.142E-17
39402.000,1.142E-17
39403.000,1.143E-17
39404.000,1.143E-17
39405.000,1.142E-17
39406.000,1.142E-17
39407.000,1.142E-17
39408.000,1.142E-17
39409.000,1.142E-17
39410.000,1.141E-17
39411.000,1.141E-17
39412.000,1.141E-17
39413.000,1.141E-17
39414.000,1.141E-17
39415.000,1.141E-17
39416.000,1.141E-17
39417.000,1.141E-17
39418.000,1.141E-17
39419.000,1.141E-17
39420.000,1.141E-17
39421.000,1.141E-17
39422.000,1.141E-17
39423.000,1.141E-17
39424.000,1.141E-17
39425.000,1.141E-17
39426.000,1.141E-17
39427.000,1.141E-17
39428.000,1.141E-17
39429.000,1.141E-17
39430.000,1.141E-17
39431.000,1.141E-17
39432.000,1.140E-17
39433.000,1.140E-17
39434.000,1.140E-17
39435.000,1.139E-17
39436.000,1.139E-17
39437.000,1.139E-17
39438.000,1.139E-17
39439.000,1.139E-17
39440.000,1.139E-17
39441.000,1.139E-17
39442.000,1.140E-17
39443.000,1.139E-17
39444.000,1.139E-17
39445.000,1.139E-17
39446.000,1.138E-17
39447.000,1.138E-17
39448.000,1.138E-17
39449.000,1.137E-17
39450.000,1.137E-17
39451.000,1.136E-17
39452.000,1.135E-17
39453.000,1.135E-17
39454.000,1.135E-17
39455.000,1.135E-17
39456.000,1.135E-17
39457.000,1.135E-17
39458.000,1.135E-17
39459.000,1.135E-17
39460.000,1.135E-17
39461.000,1.134E-17
39462.000,1.134E-17
39463.000,1.134E-17
39464.000,1.134E-17
39465.000,1.133E-17
39466.000,1.132E-17
39467.000,1.132E-17
39468.000,1.132E-17
39469.000,1.132E-17
39470.000,1.131E-17
39471.000,1.130E-17
39472.000,1.130E-17
39473.000,1.130E-17
39474.000,1.129E-17
39475.000,1.129E-17
39476.000,1.129E-17
39477.000,1.129E-17
39478.000,1.129E-17
39479.000,1.129E-17
39480.000,1.129E-17
39481.000,1.129E-17
39482.000,1.129E-17
39483.000,1.129E-17
39484.000,1.129E-17
39485.000,1.129E-17
39486.000,1.128E-17
39487.000,1.128E-17
39488.000,1.127E-17
39489.000,1.127E-17
39490.000,1.127E-17
39491.000,1.126E-17
39492.000,1.126E-17
39493.000,1.126E-17
39494.000,1.125E-17
39495.000,1.125E-17
39496.000,1.125E-17
39497.000,1.125E-17
39498.000,1.125E-17
39499.000,1.125E-17
39500.000,1.124E-17
39501.000,1.124E-17
39502.000,1.124E-17
39503.000,1.124E-17
39504.000,1.124E-17
39505.000,1.124E-17
39506.000,1.124E-17
39507.000,1.124E-17
39508.000,1.124E-17
39509.000,1.125E-17
39510.000,1.125E-17
39511.000,1.125E-17
39512.000,1.125E-17
39513.000,1.124E-17
39514.000,1.124E-17
39515.000,1.124E-17
39516.000,1.124E-17
39517.000,1.123E-17
39518.000,1.123E-17
39519.000,1.123E-17
39520.000,1.123E-17
39521.000,1.123E-17
39522.000,1.123E-17
39523.000,1.123E-17
39524.000,1.123E-17
39525.000,1.123E-17
39526.000,1.122E-17
39527.000,1.122E-17
39528.000,1.122E-17
39529.000,1.122E-17
39530.000,1.122E-17
39531.000,1.122E-17
39532.000,1.122E-17
39533.000,1.122E-17
39534.000,1.122E-17
39535.000,1.121E-17
39536.000,1.121E-17
39537.000,1.121E-17
39538.000,1.121E-17
39539.000,1.121E-17
39540.000,1.121E-17
39541.000,1.121E-17
39542.000,1.121E-17
39543.000,1.120E-17
39544.000,1.120E-17
39545.000,1.119E-17
39546.000,1.119E-17
39547.000,1.119E-17
39548.000,1.119E-17
39549.000,1.119E-17
39550.000,1.119E-17
39551.000,1.119E-17
39552.000,1.119E-17
39553.000,1.119E-17
39554.000,1.118E-17
39555.000,1.117E-17
39556.000,1.117E-17
39557.000,1.117E-17
39558.000,1.117E-17
39559.000,1.117E-17
39560.000,1.117E-17
39561.000,1.117E-17
39562.000,1.117E-17
39563.000,1.117E-17
39564.000,1.117E-17
39565.000,1.117E-17
39566.000,1.116E-17
39567.000,1.116E-17
39568.000,1.116E-17
39569.000,1.115E-17
39570.000,1.115E-17
39571.000,1.115E-17
39572.000,1.115E-17
39573.000,1.115E-17
39574.000,1.115E-17
39575.000,1.115E-17
39576.000,1.115E-17
39577.000,1.114E-17
39578.000,1.114E-17
39579.000,1.114E-17
39580.000,1.114E-17
39581.000,1.114E-17
39582.000,1.114E-17
39583.000,1.114E-17
39584.000,1.114E-17
39585.000,1.114E-17
39586.000,1.115E-17
39587.000,1.115E-17
39588.000,1.115E-17
39589.000,1.115E-17
39590.000,1.115E-17
39591.000,1.115E-17
39592.000,1.115E-17
39593.000,1.115E-17
39594.000,1.115E-17
39595.000,1.116E-17
39596.000,1.116E-17
39597.000,1.116E-17
39598.000,1.116E-17
39599.000,1.116E-17
39600.000,1.117E-17
39601.000,1.117E-17
39602.000,1.117E-17
39603.000,1.117E-17
39604.000,1.117E-17
39605.000,1.117E-17
39606.000,1.117E-17
39607.000,1.117E-17
39608.000,1.118E-17
39609.000,1.118E-17
39610.000,1.118E-17
39611.000,1.119E-17
39612.000,1.119E-17
39613.000,1.119E-17
39614.000,1.119E-17
39615.000,1.120E-17
39616.000,1.120E-17
39617.000,1.120E-17
39618.000,1.120E-17
39619.000,1.120E-17
39620.000,1.120E-17
39621.000,1.120E-17
39622.000,1.120E-17
39623.000,1.120E-17
39624.000,1.121E-17
39625.000,1.121E-17
39626.000,1.121E-17
39627.000,1.122E-17
39628.000,1.122E-17
39629.000,1.122E-17
39630.000,1.122E-17
39631.000,1.122E-17
39632.000,1.122E-17
39633.000,1.122E-17
39634.000,1.122E-17
39635.000,1.123E-17
39636.000,1.123E-17
39637.000,1.124E-17
39638.000,1.125E-17
39639.000,1.126E-17
39640.000,1.126E-17
39641.000,1.126E-17
39642.000,1.127E-17
39643.000,1.127E-17
39644.000,1.127E-17
39645.000,1.128E-17
39646.000,1.128E-17
39647.000,1.128E-17
39648.000,1.128E-17
39649.000,1.128E-17
39650.000,1.128E-17
39651.000,1.129E-17
39652.000,1.130E-17
39653.000,1.130E-17
39654.000,1.130E-17
39655.000,1.130E-17
39656.000,1.131E-17
39657.000,1.132E-17
39658.000,1.133E-17
39659.000,1.133E-17
39660.000,1.133E-17
39661.000,1.133E-17
39662.000,1.133E-17
39663.000,1.133E-17
39664.000,1.133E-17
39665.000,1.133E-17
39666.000,1.134E-17
39667.000,1.134E-17
39668.000,1.134E-17
39669.000,1.134E-17
39670.000,1.135E-17
39671.000,1.135E-17
39672.000,1.135E-17
39673.000,1.136E-17
39674.000,1.136E-17
39675.000,1.136E-17
39676.000,1.137E-17
39677.000,1.137E-17
39678.000,1.138E-17
39679.000,1.140E-17
39680.000,1.140E-17
39681.000,1.140E-17
39682.000,1.140E-17
39683.000,1.140E-17
39684.000,1.140E-17
39685.000,1.141E-17
39686.000,1.141E-17
39687.000,1.141E-17
39688.000,1.141E-17
39689.000,1.142E-17
39690.000,1.143E-17
39691.000,1.143E-17
39692.000,1.143E-17
39693.000,1.144E-17
39694.000,1.144E-17
39695.000,1.144E-17
39696.000,1.145E-17
39697.000,1.145E-17
39698.000,1.145E-17
39699.000,1.145E-17
39700.000,1.146E-17
39701.000,1.146E-17
39702.000,1.146E-17
39703.000,1.146E-17
39704.000,1.146E-17
39705.000,1.146E-17
39706.000,1.147E-17
39707.000,1.148E-17
39708.000,1.148E-17
39709.000,1.148E-17
39710.000,1.148E-17
39711.000,1.148E-17
39712.000,1.149E-17
39713.000,1.149E-17
39714.000,1.149E-17
39715.000,1.149E-17
39716.000,1.149E-17
39717.000,1.149E-17
39718.000,1.149E-17
39719.000,1.149E-17
39720.000,1.149E-17
39721.000,1.149E-17
39722.000,1.149E-17
39723.000,1.149E-17
39724.000,1.149E-17
39725.000,1.149E-17
39726.000,1.149E-17
39727.000,1.150E-17
39728.000,1.150E-17
39729.000,1.149E-17
39730.000,1.149E-17
39731.000,1.149E-17
39732.000,1.149E-17
39733.000,1.148E-17
39734.000,1.148E-17
39735.000,1.148E-17
39736.000,1.148E-17
39737.000,1.148E-17
39738.000,1.148E-17
39739.000,1.148E-17
39740.000,1.148E-17
39741.000,1.148E-17
39742.000,1.148E-17
39743.000,1.148E-17
39744.000,1.147E-17
39745.000,1.147E-17
39746.000,1.146E-17
39747.000,1.145E-17
39748.000,1.145E-17
39749.000,1.144E-17
39750.000,1.143E-17
39751.000,1.142E-17
39752.000,1.142E-17
39753.000,1.141E-17
39754.000,1.141E-17
39755.000,1.141E-17
39756.000,1.141E-17
39757.000,1.140E-17
39758.000,1.139E-17
39759.000,1.138E-17
39760.000,1.138E-17
39761.000,1.136E-17
39762.000,1.136E-17
39763.000,1.135E-17
39764.000,1.134E-17
39765.000,1.134E-17
39766.000,1.133E-17
39767.000,1.133E-17
39768.000,1.132E-17
39769.000,1.131E-17
39770.000,1.130E-17
39771.000,1.129E-17
39772.000,1.128E-17
39773.000,1.127E-17
39774.000,1.126E-17
39775.000,1.126E-17
39776.000,1.125E-17
39777.000,1.123E-17
39778.000,1.123E-17
39779.000,1.122E-17
39780.000,1.121E-17
39781.000,1.121E-17
39782.000,1.120E-17
39783.000,1.119E-17
39784.000,1.119E-17
39785.000,1.118E-17
39786.000,1.118E-17
39787.000,1.117E-17
39788.000,1.116E-17
39789.000,1.115E-17
39790.000,1.115E-17
39791.000,1.114E-17
39792.000,1.113E-17
39793.000,1.113E-17
39794.000,1.112E-17
39795.000,1.112E-17
39796.000,1.111E-17
39797.000,1.111E-17
39798.000,1.111E-17
39799.000,1.110E-17
39800.000,1.109E-17
39801.000,1.109E-17
39802.000,1.108E-17
39803.000,1.108E-17
39804.000,1.107E-17
39805.000,1.107E-17
39806.000,1.107E-17
39807.000,1.106E-17
39808.000,1.106E-17
39809.000,1.105E-17
39810.000,1.105E-17
39811.000,1.105E-17
39812.000,1.104E-17
39813.000,1.104E-17
39814.000,1.104E-17
39815.000,1.103E-17
39816.000,1.103E-17
39817.000,1.103E-17
39818.000,1.102E-17
39819.000,1.102E-17
39820.000,1.101E-17
39821.000,1.101E-17
39822.000,1.101E-17
39823.000,1.101E-17
39824.000,1.101E-17
39825.000,1.101E-17
39826.000,1.101E-17
39827.000,1.101E-17
39828.000,1.101E-17
39829.000,1.101E-17
39830.000,1.101E-17
39831.000,1.100E-17
39832.000,1.100E-17
39833.000,1.100E-17
39834.000,1.099E-17
39835.000,1.098E-17
39836.000,1.098E-17
39837.000,1.097E-17
39838.000,1.097E-17
39839.000,1.097E-17
39840.000,1.096E-17
39841.000,1.096E-17
39842.000,1.097E-17
39843.000,1.096E-17
39844.000,1.096E-17
39845.000,1.096E-17
39846.000,1.096E-17
39847.000,1.095E-17
39848.000,1.095E-17
39849.000,1.095E-17
39850.000,1.095E-17
39851.000,1.095E-17
39852.000,1.095E-17
39853.000,1.095E-17
39854.000,1.095E-17
39855.000,1.095E-17
39856.000,1.095E-17
39857.000,1.095E-17
39858.000,1.095E-17
39859.000,1.095E-17
39860.000,1.095E-17
39861.000,1.095E-17
39862.000,1.094E-17
39863.000,1.094E-17
39864.000,1.093E-17
39865.000,1.093E-17
39866.000,1.093E-17
39867.000,1.093E-17
39868.000,1.093E-17
39869.000,1.093E-17
39870.000,1.093E-17
39871.000,1.093E-17
39872.000,1.093E-17
39873.000,1.093E-17
39874.000,1.093E-17
39875.000,1.093E-17
39876.000,1.093E-17
39877.000,1.093E-17
39878.000,1.093E-17
39879.000,1.093E-17
39880.000,1.092E-17
39881.000,1.092E-17
39882.000,1.092E-17
39883.000,1.092E-17
39884.000,1.092E-17
39885.000,1.091E-17
39886.000,1.092E-17
39887.000,1.092E-17
39888.000,1.092E-17
39889.000,1.092E-17
39890.000,1.092E-17
39891.000,1.092E-17
39892.000,1.092E-17
39893.000,1.092E-17
39894.000,1.092E-17
39895.000,1.091E-17
39896.000,1.092E-17
39897.000,1.093E-17
39898.000,1.093E-17
39899.000,1.093E-17
39900.000,1.093E-17
39901.000,1.092E-17
39902.000,1.092E-17
39903.000,1.092E-17
39904.000,1.091E-17
39905.000,1.091E-17
39906.000,1.090E-17
39907.000,1.091E-17
39908.000,1.091E-17
39909.000,1.091E-17
39910.000,1.091E-17
39911.000,1.091E-17
39912.000,1.091E-17
39913.000,1.091E-17
39914.000,1.091E-17
39915.000,1.092E-17
39916.000,1.092E-17
39917.000,1.092E-17
39918.000,1.093E-17
39919.000,1.093E-17
39920.000,1.093E-17
39921.000,1.093E-17
39922.000,1.093E-17
39923.000,1.093E-17
39924.000,1.093E-17
39925.000,1.093E-17
39926.000,1.093E-17
39927.000,1.093E-17
39928.000,1.093E-17
39929.000,1.093E-17
39930.000,1.093E-17
39931.000,1.093E-17
39932.000,1.093E-17
39933.000,1.094E-17
39934.000,1.094E-17
39935.000,1.094E-17
39936.000,1.094E-17
39937.000,1.094E-17
39938.000,1.095E-17
39939.000,1.096E-17
39940.000,1.096E-17
39941.000,1.097E-17
39942.000,1.097E-17
39943.000,1.097E-17
39944.000,1.098E-17
39945.000,1.098E-17
39946.000,1.098E-17
39947.000,1.098E-17
39948.000,1.097E-17
39949.000,1.097E-17
39950.000,1.098E-17
39951.000,1.098E-17
39952.000,1.099E-17
39953.000,1.100E-17
39954.000,1.100E-17
39955.000,1.101E-17
39956.000,1.102E-17
39957.000,1.102E-17
39958.000,1.102E-17
39959.000,1.102E-17
39960.000,1.102E-17
39961.000,1.102E-17
39962.000,1.102E-17
39963.000,1.102E-17
39964.000,1.102E-17
39965.000,1.102E-17
39966.000,1.102E-17
39967.000,1.103E-17
39968.000,1.103E-17
39969.000,1.104E-17
39970.000,1.104E-17
39971.000,1.105E-17
39972.000,1.106E-17
39973.000,1.106E-17
39974.000,1.106E-17
39975.000,1.107E-17
39976.000,1.107E-17
39977.000,1.108E-17
39978.000,1.108E-17
39979.000,1.107E-17
39980.000,1.107E-17
39981.000,1.107E-17
39982.000,1.108E-17
39983.000,1.108E-17
39984.000,1.108E-17
39985.000,1.108E-17
39986.000,1.108E-17
39987.000,1.108E-17
39988.000,1.108E-17
39989.000,1.109E-17
39990.000,1.109E-17
39991.000,1.108E-17
39992.000,1.108E-17
39993.000,1.108E-17
39994.000,1.109E-17
39995.000,1.109E-17
39996.000,1.109E-17
39997.000,1.109E-17
39998.000,1.110E-17
39999.000,1.111E-17
40000.000,1.111E-17
40001.000,1.111E-17
40002.000,1.111E-17
40003.000,1.112E-17
40004.000,1.112E-17
40005.000,1.112E-17
40006.000,1.111E-17
40007.000,1.111E-17
40008.000,1.111E-17
40009.000,1.111E-17
40010.000,1.110E-17
40011.000,1.110E-17
40012.000,1.109E-17
40013.000,1.109E-17
40014.000,1.109E-17
40015.000,1.109E-17
40016.000,1.109E-17
40017.000,1.109E-17
40018.000,1.109E-17
40019.000,1.108E-17
40020.000,1.108E-17
40021.000,1.108E-17
40022.000,1.108E-17
40023.000,1.108E-17
40024.000,1.108E-17
40025.000,1.108E-17
40026.000,1.108E-17
40027.000,1.108E-17
40028.000,1.108E-17
40029.000,1.108E-17
40030.000,1.109E-17
40031.000,1.108E-17
40032.000,1.108E-17
40033.000,1.108E-17
40034.000,1.108E-17
40035.000,1.107E-17
40036.000,1.107E-17
40037.000,1.107E-17
40038.000,1.106E-17
40039.000,1.106E-17
40040.000,1.106E-17
40041.000,1.106E-17
40042.000,1.106E-17
40043.000,1.106E-17
40044.000,1.106E-17
40045.000,1.106E-17
40046.000,1.105E-17
40047.000,1.105E-17
40048.000,1.105E-17
40049.000,1.105E-17
40050.000,1.105E-17
40051.000,1.104E-17
40052.000,1.104E-17
40053.000,1.103E-17
40054.000,1.102E-17
40055.000,1.102E-17
40056.000,1.102E-17
40057.000,1.102E-17
40058.000,1.101E-17
40059.000,1.101E-17
40060.000,1.101E-17
40061.000,1.101E-17
40062.000,1.100E-17
40063.000,1.100E-17
40064.000,1.100E-17
40065.000,1.100E-17
40066.000,1.100E-17
40067.000,1.099E-17
40068.000,1.098E-17
40069.000,1.098E-17
40070.000,1.098E-17
40071.000,1.098E-17
40072.000,1.098E-17
40073.000,1.097E-17
40074.000,1.097E-17
40075.000,1.097E-17
40076.000,1.097E-17
40077.000,1.097E-17
40078.000,1.096E-17
40079.000,1.096E-17
40080.000,1.096E-17
40081.000,1.096E-17
40082.000,1.096E-17
40083.000,1.097E-17
40084.000,1.096E-17
40085.000,1.096E-17
40086.000,1.096E-17
40087.000,1.095E-17
40088.000,1.094E-17
40089.000,1.093E-17
40090.000,1.093E-17
40091.000,1.093E-17
40092.000,1.093E-17
40093.000,1.093E-17
40094.000,1.093E-17
40095.000,1.093E-17
40096.000,1.094E-17
40097.000,1.094E-17
40098.000,1.094E-17
40099.000,1.094E-17
40100.000,1.093E-17
40101.000,1.093E-17
40102.000,1.093E-17
40103.000,1.093E-17
40104.000,1.093E-17
40105.000,1.093E-17
40106.000,1.093E-17
40107.000,1.093E-17
40108.000,1.093E-17
40109.000,1.093E-17
40110.000,1.093E-17
40111.000,1.094E-17
40112.000,1.094E-17
40113.000,1.093E-17
40114.000,1.093E-17
40115.000,1.093E-17
40116.000,1.094E-17
40117.000,1.094E-17
40118.000,1.094E-17
40119.000,1.094E-17
40120.000,1.094E-17
40121.000,1.094E-17
40122.000,1.094E-17
40123.000,1.094E-17
40124.000,1.095E-17
40125.000,1.095E-17
40126.000,1.095E-17
40127.000,1.095E-17
40128.000,1.095E-17
40129.000,1.095E-17
40130.000,1.095E-17
40131.000,1.095E-17
40132.000,1.095E-17
40133.000,1.096E-17
40134.000,1.096E-17
40135.000,1.096E-17
40136.000,1.097E-17
40137.000,1.097E-17
40138.000,1.097E-17
40139.000,1.097E-17
40140.000,1.098E-17
40141.000,1.098E-17
40142.000,1.098E-17
40143.000,1.098E-17
40144.000,1.098E-17
40145.000,1.098E-17
40146.000,1.098E-17
40147.000,1.098E-17
40148.000,1.099E-17
40149.000,1.100E-17
40150.000,1.100E-17
40151.000,1.100E-17
40152.000,1.100E-17
40153.000,1.101E-17
40154.000,1.100E-17
40155.000,1.100E-17
40156.000,1.100E-17
40157.000,1.099E-17
40158.000,1.099E-17
40159.000,1.099E-17
40160.000,1.099E-17
40161.000,1.099E-17
40162.000,1.099E-17
40163.000,1.099E-17
40164.000,1.099E-17
40165.000,1.099E-17
40166.000,1.099E-17
40167.000,1.099E-17
40168.000,1.099E-17
40169.000,1.099E-17
40170.000,1.098E-17
40171.000,1.098E-17
40172.000,1.099E-17
40173.000,1.099E-17
40174.000,1.099E-17
40175.000,1.099E-17
40176.000,1.098E-17
40177.000,1.098E-17
40178.000,1.098E-17
40179.000,1.097E-17
40180.000,1.097E-17
40181.000,1.096E-17
40182.000,1.096E-17
40183.000,1.095E-17
40184.000,1.096E-17
40185.000,1.096E-17
40186.000,1.095E-17
40187.000,1.094E-17
40188.000,1.094E-17
40189.000,1.094E-17
40190.000,1.094E-17
40191.000,1.093E-17
40192.000,1.093E-17
40193.000,1.092E-17
40194.000,1.092E-17
40195.000,1.091E-17
40196.000,1.090E-17
40197.000,1.089E-17
40198.000,1.089E-17
40199.000,1.088E-17
40200.000,1.088E-17
40201.000,1.087E-17
40202.000,1.087E-17
40203.000,1.087E-17
40204.000,1.086E-17
40205.000,1.086E-17
40206.000,1.086E-17
40207.000,1.085E-17
40208.000,1.085E-17
40209.000,1.085E-17
40210.000,1.085E-17
40211.000,1.084E-17
40212.000,1.083E-17
40213.000,1.082E-17
40214.000,1.082E-17
40215.000,1.081E-17
40216.000,1.081E-17
40217.000,1.080E-17
40218.000,1.080E-17
40219.000,1.079E-17
40220.000,1.077E-17
40221.000,1.077E-17
40222.000,1.076E-17
40223.000,1.076E-17
40224.000,1.075E-17
40225.000,1.075E-17
40226.000,1.074E-17
40227.000,1.074E-17
40228.000,1.074E-17
40229.000,1.074E-17
40230.000,1.073E-17
40231.000,1.073E-17
40232.000,1.072E-17
40233.000,1.071E-17
40234.000,1.071E-17
40235.000,1.071E-17
40236.000,1.070E-17
40237.000,1.070E-17
40238.000,1.070E-17
40239.000,1.070E-17
40240.000,1.069E-17
40241.000,1.068E-17
40242.000,1.067E-17
40243.000,1.067E-17
40244.000,1.066E-17
40245.000,1.066E-17
40246.000,1.065E-17
40247.000,1.065E-17
40248.000,1.064E-17
40249.000,1.063E-17
40250.000,1.063E-17
40251.000,1.062E-17
40252.000,1.062E-17
40253.000,1.062E-17
40254.000,1.062E-17
40255.000,1.062E-17
40256.000,1.061E-17
40257.000,1.061E-17
40258.000,1.061E-17
40259.000,1.060E-17
40260.000,1.060E-17
40261.000,1.060E-17
40262.000,1.059E-17
40263.000,1.059E-17
40264.000,1.058E-17
40265.000,1.058E-17
40266.000,1.057E-17
40267.000,1.056E-17
40268.000,1.056E-17
40269.000,1.056E-17
40270.000,1.055E-17
40271.000,1.055E-17
40272.000,1.054E-17
40273.000,1.054E-17
40274.000,1.054E-17
40275.000,1.053E-17
40276.000,1.053E-17
40277.000,1.053E-17
40278.000,1.053E-17
40279.000,1.053E-17
40280.000,1.052E-17
40281.000,1.052E-17
40282.000,1.053E-17
40283.000,1.053E-17
40284.000,1.053E-17
40285.000,1.053E-17
40286.000,1.052E-17
40287.000,1.052E-17
40288.000,1.052E-17
40289.000,1.052E-17
40290.000,1.052E-17
40291.000,1.051E-17
40292.000,1.051E-17
40293.000,1.051E-17
40294.000,1.051E-17
40295.000,1.051E-17
40296.000,1.051E-17
40297.000,1.051E-17
40298.000,1.051E-17
40299.000,1.051E-17
40300.000,1.051E-17
40301.000,1.051E-17
40302.000,1.051E-17
40303.000,1.052E-17
40304.000,1.052E-17
40305.000,1.052E-17
40306.000,1.052E-17
40307.000,1.052E-17
40308.000,1.053E-17
40309.000,1.053E-17
40310.000,1.054E-17
40311.000,1.055E-17
40312.000,1.055E-17
40313.000,1.055E-17
40314.000,1.055E-17
40315.000,1.055E-17
40316.000,1.056E-17
40317.000,1.056E-17
40318.000,1.056E-17
40319.000,1.055E-17
40320.000,1.055E-17
40321.000,1.055E-17
40322.000,1.055E-17
40323.000,1.055E-17
40324.000,1.056E-17
40325.000,1.056E-17
40326.000,1.056E-17
40327.000,1.057E-17
40328.000,1.058E-17
40329.000,1.058E-17
40330.000,1.059E-17
40331.000,1.059E-17
40332.000,1.059E-17
40333.000,1.059E-17
40334.000,1.060E-17
40335.000,1.061E-17
40336.000,1.061E-17
40337.000,1.061E-17
40338.000,1.061E-17
40339.000,1.061E-17
40340.000,1.061E-17
40341.000,1.061E-17
40342.000,1.061E-17
40343.000,1.061E-17
40344.000,1.061E-17
40345.000,1.061E-17
40346.000,1.062E-17
40347.000,1.062E-17
40348.000,1.062E-17
40349.000,1.062E-17
40350.000,1.062E-17
40351.000,1.062E-17
40352.000,1.062E-17
40353.000,1.062E-17
40354.000,1.062E-17
40355.000,1.062E-17
40356.000,1.062E-17
40357.000,1.062E-17
40358.000,1.062E-17
40359.000,1.063E-17
40360.000,1.063E-17
40361.000,1.063E-17
40362.000,1.063E-17
40363.000,1.063E-17
40364.000,1.063E-17
40365.000,1.063E-17
40366.000,1.063E-17
40367.000,1.063E-17
40368.000,1.063E-17
40369.000,1.063E-17
40370.000,1.062E-17
40371.000,1.063E-17
40372.000,1.063E-17
40373.000,1.062E-17
40374.000,1.062E-17
40375.000,1.062E-17
40376.000,1.062E-17
40377.000,1.062E-17
40378.000,1.062E-17
40379.000,1.062E-17
40380.000,1.062E-17
40381.000,1.061E-17
40382.000,1.061E-17
40383.000,1.060E-17
40384.000,1.060E-17
40385.000,1.059E-17
40386.000,1.059E-17
40387.000,1.059E-17
40388.000,1.059E-17
40389.000,1.059E-17
40390.000,1.059E-17
40391.000,1.058E-17
40392.000,1.058E-17
40393.000,1.058E-17
40394.000,1.057E-17
40395.000,1.057E-17
40396.000,1.057E-17
40397.000,1.056E-17
40398.000,1.056E-17
40399.000,1.056E-17
40400.000,1.055E-17
40401.000,1.055E-17
40402.000,1.055E-17
40403.000,1.055E-17
40404.000,1.055E-17
40405.000,1.055E-17
40406.000,1.055E-17
40407.000,1.055E-17
40408.000,1.055E-17
40409.000,1.055E-17
40410.000,1.055E-17
40411.000,1.055E-17
40412.000,1.054E-17
40413.000,1.054E-17
40414.000,1.054E-17
40415.000,1.054E-17
40416.000,1.053E-17
40417.000,1.053E-17
40418.000,1.053E-17
40419.000,1.053E-17
40420.000,1.053E-17
40421.000,1.053E-17
40422.000,1.053E-17
40423.000,1.053E-17
40424.000,1.053E-17
40425.000,1.052E-17
40426.000,1.052E-17
40427.000,1.052E-17
40428.000,1.052E-17
40429.000,1.052E-17
40430.000,1.051E-17
40431.000,1.051E-17
40432.000,1.050E-17
40433.000,1.050E-17
40434.000,1.050E-17
40435.000,1.050E-17
40436.000,1.050E-17
40437.000,1.049E-17
40438.000,1.049E-17
40439.000,1.049E-17
40440.000,1.049E-17
40441.000,1.049E-17
40442.000,1.049E-17
40443.000,1.048E-17
40444.000,1.048E-17
40445.000,1.047E-17
40446.000,1.047E-17
40447.000,1.046E-17
40448.000,1.045E-17
40449.000,1.045E-17
40450.000,1.045E-17
40451.000,1.045E-17
40452.000,1.044E-17
40453.000,1.044E-17
40454.000,1.044E-17
40455.000,1.044E-17
40456.000,1.044E-17
40457.000,1.044E-17
40458.000,1.043E-17
40459.000,1.043E-17
40460.000,1.043E-17
40461.000,1.042E-17
40462.000,1.041E-17
40463.000,1.041E-17
40464.000,1.041E-17
40465.000,1.041E-17
40466.000,1.040E-17
40467.000,1.040E-17
40468.000,1.040E-17
40469.000,1.040E-17
40470.000,1.040E-17
40471.000,1.039E-17
40472.000,1.039E-17
40473.000,1.039E-17
40474.000,1.038E-17
40475.000,1.037E-17
40476.000,1.036E-17
40477.000,1.036E-17
40478.000,1.035E-17
40479.000,1.035E-17
40480.000,1.035E-17
40481.000,1.034E-17
40482.000,1.033E-17
40483.000,1.033E-17
40484.000,1.033E-17
40485.000,1.033E-17
40486.000,1.033E-17
40487.000,1.032E-17
40488.000,1.032E-17
40489.000,1.031E-17
40490.000,1.031E-17
40491.000,1.031E-17
40492.000,1.031E-17
40493.000,1.031E-17
40494.000,1.030E-17
40495.000,1.029E-17
40496.000,1.029E-17
40497.000,1.029E-17
40498.000,1.029E-17
40499.000,1.029E-17
40500.000,1.029E-17
40501.000,1.028E-17
40502.000,1.027E-17
40503.000,1.027E-17
40504.000,1.027E-17
40505.000,1.026E-17
40506.000,1.026E-17
40507.000,1.025E-17
40508.000,1.025E-17
40509.000,1.024E-17
40510.000,1.024E-17
40511.000,1.024E-17
40512.000,1.024E-17
40513.000,1.023E-17
40514.000,1.023E-17
40515.000,1.023E-17
40516.000,1.022E-17
40517.000,1.022E-17
40518.000,1.022E-17
40519.000,1.022E-17
40520.000,1.021E-17
40521.000,1.021E-17
40522.000,1.020E-17
40523.000,1.020E-17
40524.000,1.020E-17
40525.000,1.020E-17
40526.000,1.020E-17
40527.000,1.020E-17
40528.000,1.020E-17
40529.000,1.020E-17
40530.000,1.019E-17
40531.000,1.019E-17
40532.000,1.019E-17
40533.000,1.019E-17
40534.000,1.019E-17
40535.000,1.019E-17
40536.000,1.019E-17
40537.000,1.019E-17
40538.000,1.019E-17
40539.000,1.019E-17
40540.000,1.019E-17
40541.000,1.018E-17
40542.000,1.018E-17
40543.000,1.019E-17
40544.000,1.019E-17
40545.000,1.019E-17
40546.000,1.019E-17
40547.000,1.019E-17
40548.000,1.018E-17
40549.000,1.018E-17
40550.000,1.018E-17
40551.000,1.018E-17
40552.000,1.018E-17
40553.000,1.018E-17
40554.000,1.018E-17
40555.000,1.018E-17
40556.000,1.017E-17
40557.000,1.017E-17
40558.000,1.017E-17
40559.000,1.017E-17
40560.000,1.016E-17
40561.000,1.016E-17
40562.000,1.016E-17
40563.000,1.016E-17
40564.000,1.016E-17
40565.000,1.016E-17
40566.000,1.016E-17
40567.000,1.016E-17
40568.000,1.016E-17
40569.000,1.016E-17
40570.000,1.016E-17
40571.000,1.016E-17
40572.000,1.016E-17
40573.000,1.016E-17
40574.000,1.016E-17
40575.000,1.016E-17
40576.000,1.016E-17
40577.000,1.016E-17
40578.000,1.016E-17
40579.000,1.016E-17
40580.000,1.016E-17
40581.000,1.016E-17
40582.000,1.016E-17
40583.000,1.015E-17
40584.000,1.015E-17
40585.000,1.016E-17
40586.000,1.016E-17
40587.000,1.016E-17
40588.000,1.016E-17
40589.000,1.016E-17
40590.000,1.016E-17
40591.000,1.016E-17
40592.000,1.016E-17
40593.000,1.016E-17
40594.000,1.017E-17
40595.000,1.017E-17
40596.000,1.017E-17
40597.000,1.017E-17
40598.000,1.017E-17
40599.000,1.017E-17
40600.000,1.017E-17
40601.000,1.017E-17
40602.000,1.017E-17
40603.000,1.017E-17
40604.000,1.016E-17
40605.000,1.016E-17
40606.000,1.016E-17
40607.000,1.017E-17
40608.000,1.017E-17
40609.000,1.017E-17
40610.000,1.018E-17
40611.000,1.018E-17
40612.000,1.018E-17
40613.000,1.018E-17
40614.000,1.018E-17
40615.000,1.018E-17
40616.000,1.018E-17
40617.000,1.018E-17
40618.000,1.018E-17
40619.000,1.019E-17
40620.000,1.019E-17
40621.000,1.019E-17
40622.000,1.019E-17
40623.000,1.019E-17
40624.000,1.019E-17
40625.000,1.019E-17
40626.000,1.019E-17
40627.000,1.019E-17
40628.000,1.019E-17
40629.000,1.019E-17
40630.000,1.019E-17
40631.000,1.019E-17
40632.000,1.019E-17
40633.000,1.019E-17
40634.000,1.019E-17
40635.000,1.019E-17
40636.000,1.019E-17
40637.000,1.020E-17
40638.000,1.020E-17
40639.000,1.020E-17
40640.000,1.019E-17
40641.000,1.019E-17
40642.000,1.019E-17
40643.000,1.019E-17
40644.000,1.019E-17
40645.000,1.019E-17
40646.000,1.019E-17
40647.000,1.019E-17
40648.000,1.019E-17
40649.000,1.019E-17
40650.000,1.019E-17
40651.000,1.019E-17
40652.000,1.019E-17
40653.000,1.019E-17
40654.000,1.019E-17
40655.000,1.019E-17
40656.000,1.019E-17
40657.000,1.019E-17
40658.000,1.019E-17
40659.000,1.019E-17
40660.000,1.019E-17
40661.000,1.019E-17
40662.000,1.019E-17
40663.000,1.019E-17
40664.000,1.019E-17
40665.000,1.018E-17
40666.000,1.018E-17
40667.000,1.019E-17
40668.000,1.019E-17
40669.000,1.019E-17
40670.000,1.019E-17
40671.000,1.019E-17
40672.000,1.019E-17
40673.000,1.019E-17
40674.000,1.019E-17
40675.000,1.020E-17
40676.000,1.020E-17
40677.000,1.020E-17
40678.000,1.020E-17
40679.000,1.020E-17
40680.000,1.020E-17
40681.000,1.020E-17
40682.000,1.019E-17
40683.000,1.019E-17
40684.000,1.018E-17
40685.000,1.018E-17
40686.000,1.018E-17
40687.000,1.019E-17
40688.000,1.019E-17
40689.000,1.019E-17
40690.000,1.019E-17
40691.000,1.019E-17
40692.000,1.019E-17
40693.000,1.019E-17
40694.000,1.019E-17
40695.000,1.019E-17
40696.000,1.019E-17
40697.000,1.019E-17
40698.000,1.018E-17
40699.000,1.018E-17
40700.000,1.018E-17
40701.000,1.018E-17
40702.000,1.019E-17
40703.000,1.019E-17
40704.000,1.019E-17
40705.000,1.019E-17
40706.000,1.018E-17
40707.000,1.018E-17
40708.000,1.018E-17
40709.000,1.018E-17
40710.000,1.018E-17
40711.000,1.018E-17
40712.000,1.018E-17
40713.000,1.018E-17
40714.000,1.018E-17
40715.000,1.018E-17
40716.000,1.018E-17
40717.000,1.018E-17
40718.000,1.018E-17
40719.000,1.018E-17
40720.000,1.017E-17
40721.000,1.017E-17
40722.000,1.017E-17
40723.000,1.017E-17
40724.000,1.017E-17
40725.000,1.017E-17
40726.000,1.017E-17
40727.000,1.016E-17
40728.000,1.016E-17
40729.000,1.016E-17
40730.000,1.015E-17
40731.000,1.015E-17
40732.000,1.015E-17
40733.000,1.015E-17
40734.000,1.015E-17
40735.000,1.015E-17
40736.000,1.014E-17
40737.000,1.014E-17
40738.000,1.014E-17
40739.000,1.014E-17
40740.000,1.014E-17
40741.000,1.013E-17
40742.000,1.013E-17
40743.000,1.013E-17
40744.000,1.012E-17
40745.000,1.012E-17
40746.000,1.012E-17
40747.000,1.012E-17
40748.000,1.012E-17
40749.000,1.012E-17
40750.000,1.012E-17
40751.000,1.011E-17
40752.000,1.011E-17
40753.000,1.011E-17
40754.000,1.011E-17
40755.000,1.011E-17
40756.000,1.010E-17
40757.000,1.010E-17
40758.000,1.010E-17
40759.000,1.010E-17
40760.000,1.010E-17
40761.000,1.010E-17
40762.000,1.010E-17
40763.000,1.009E-17
40764.000,1.009E-17
40765.000,1.009E-17
40766.000,1.008E-17
40767.000,1.007E-17
40768.000,1.007E-17
40769.000,1.007E-17
40770.000,1.006E-17
40771.000,1.005E-17
40772.000,1.005E-17
40773.000,1.004E-17
40774.000,1.003E-17
40775.000,1.003E-17
40776.000,1.003E-17
40777.000,1.003E-17
40778.000,1.002E-17
40779.000,1.002E-17
40780.000,1.001E-17
40781.000,1.001E-17
40782.000,1.000E-17
40783.000,9.998E-18
40784.000,9.994E-18
40785.000,9.990E-18
40786.000,9.980E-18
40787.000,9.974E-18
40788.000,9.969E-18
40789.000,9.962E-18
40790.000,9.956E-18
40791.000,9.940E-18
40792.000,9.934E-18
40793.000,9.927E-18
40794.000,9.922E-18
40795.000,9.917E-18
40796.000,9.908E-18
40797.000,9.903E-18
40798.000,9.897E-18
40799.000,9.891E-18
40800.000,9.885E-18
40801.000,9.874E-18
40802.000,9.868E-18
40803.000,9.861E-18
40804.000,9.855E-18
40805.000,9.849E-18
40806.000,9.839E-18
40807.000,9.835E-18
40808.000,9.831E-18
40809.000,9.827E-18
40810.000,9.823E-18
40811.000,9.813E-18
40812.000,9.808E-18
40813.000,9.804E-18
40814.000,9.799E-18
40815.000,9.794E-18
40816.000,9.782E-18
40817.000,9.777E-18
40818.000,9.773E-18
40819.000,9.768E-18
40820.000,9.763E-18
40821.000,9.755E-18
40822.000,9.751E-18
40823.000,9.746E-18
40824.000,9.741E-18
40825.000,9.736E-18
40826.000,9.727E-18
40827.000,9.722E-18
40828.000,9.716E-18
40829.000,9.711E-18
40830.000,9.706E-18
40831.000,9.699E-18
40832.000,9.695E-18
40833.000,9.690E-18
40834.000,9.687E-18
40835.000,9.684E-18
40836.000,9.677E-18
40837.000,9.674E-18
40838.000,9.671E-18
40839.000,9.668E-18
40840.000,9.664E-18
40841.000,9.655E-18
40842.000,9.652E-18
40843.000,9.649E-18
40844.000,9.647E-18
40845.000,9.645E-18
40846.000,9.639E-18
40847.000,9.637E-18
40848.000,9.636E-18
40849.000,9.634E-18
40850.000,9.632E-18
40851.000,9.628E-18
40852.000,9.626E-18
40853.000,9.623E-18
40854.000,9.622E-18
40855.000,9.620E-18
40856.000,9.616E-18
40857.000,9.615E-18
40858.000,9.614E-18
40859.000,9.612E-18
40860.000,9.610E-18
40861.000,9.609E-18
40862.000,9.608E-18
40863.000,9.606E-18
40864.000,9.606E-18
40865.000,9.606E-18
40866.000,9.605E-18
40867.000,9.606E-18
40868.000,9.607E-18
40869.000,9.608E-18
40870.000,9.608E-18
40871.000,9.610E-18
40872.000,9.610E-18
40873.000,9.609E-18
40874.000,9.608E-18
40875.000,9.608E-18
40876.000,9.607E-18
40877.000,9.606E-18
40878.000,9.604E-18
40879.000,9.603E-18
40880.000,9.603E-18
40881.000,9.601E-18
40882.000,9.601E-18
40883.000,9.600E-18
40884.000,9.599E-18
40885.000,9.599E-18
40886.000,9.599E-18
40887.000,9.600E-18
40888.000,9.601E-18
40889.000,9.601E-18
40890.000,9.602E-18
40891.000,9.605E-18
40892.000,9.607E-18
40893.000,9.609E-18
40894.000,9.610E-18
40895.000,9.612E-18
40896.000,9.613E-18
40897.000,9.613E-18
40898.000,9.612E-18
40899.000,9.612E-18
40900.000,9.611E-18
40901.000,9.609E-18
40902.000,9.608E-18
40903.000,9.607E-18
40904.000,9.607E-18
40905.000,9.607E-18
40906.000,9.607E-18
40907.000,9.607E-18
40908.000,9.607E-18
40909.000,9.607E-18
40910.000,9.607E-18
40911.000,9.606E-18
40912.000,9.605E-18
40913.000,9.604E-18
40914.000,9.603E-18
40915.000,9.603E-18
40916.000,9.603E-18
40917.000,9.602E-18
40918.000,9.600E-18
40919.000,9.601E-18
40920.000,9.603E-18
40921.000,9.603E-18
40922.000,9.602E-18
40923.000,9.601E-18
40924.000,9.601E-18
40925.000,9.600E-18
40926.000,9.599E-18
40927.000,9.599E-18
40928.000,9.597E-18
40929.000,9.596E-18
40930.000,9.596E-18
40931.000,9.596E-18
40932.000,9.596E-18
40933.000,9.599E-18
40934.000,9.601E-18
40935.000,9.602E-18
40936.000,9.603E-18
40937.000,9.603E-18
40938.000,9.607E-18
40939.000,9.606E-18
40940.000,9.605E-18
40941.000,9.604E-18
40942.000,9.603E-18
40943.000,9.600E-18
40944.000,9.599E-18
40945.000,9.598E-18
40946.000,9.597E-18
40947.000,9.597E-18
40948.000,9.599E-18
40949.000,9.598E-18
40950.000,9.597E-18
40951.000,9.597E-18
40952.000,9.597E-18
40953.000,9.597E-18
40954.000,9.599E-18
40955.000,9.600E-18
40956.000,9.599E-18
40957.000,9.597E-18
40958.000,9.600E-18
40959.000,9.601E-18
40960.000,9.603E-18
40961.000,9.603E-18
40962.000,9.602E-18
40963.000,9.602E-18
40964.000,9.603E-18
40965.000,9.603E-18
40966.000,9.603E-18
40967.000,9.604E-18
40968.000,9.602E-18
40969.000,9.601E-18
40970.000,9.599E-18
40971.000,9.600E-18
40972.000,9.601E-18
40973.000,9.601E-18
40974.000,9.600E-18
40975.000,9.601E-18
40976.000,9.604E-18
40977.000,9.607E-18
40978.000,9.608E-18
40979.000,9.610E-18
40980.000,9.610E-18
40981.000,9.610E-18
40982.000,9.609E-18
40983.000,9.609E-18
40984.000,9.609E-18
40985.000,9.610E-18
40986.000,9.610E-18
40987.000,9.610E-18
40988.000,9.611E-18
40989.000,9.612E-18
40990.000,9.613E-18
40991.000,9.613E-18
40992.000,9.612E-18
40993.000,9.611E-18
40994.000,9.610E-18
40995.000,9.609E-18
40996.000,9.608E-18
40997.000,9.606E-18
40998.000,9.607E-18
40999.000,9.608E-18
41000.000,9.610E-18
41001.000,9.610E-18
41002.000,9.610E-18
41003.000,9.610E-18
41004.000,9.611E-18
41005.000,9.611E-18
41006.000,9.610E-18
41007.000,9.608E-18
41008.000,9.606E-18
41009.000,9.604E-18
41010.000,9.598E-18
41011.000,9.597E-18
41012.000,9.597E-18
41013.000,9.596E-18
41014.000,9.595E-18
41015.000,9.593E-18
41016.000,9.590E-18
41017.000,9.586E-18
41018.000,9.585E-18
41019.000,9.583E-18
41020.000,9.581E-18
41021.000,9.579E-18
41022.000,9.574E-18
41023.000,9.573E-18
41024.000,9.571E-18
41025.000,9.571E-18
41026.000,9.571E-18
41027.000,9.568E-18
41028.000,9.566E-18
41029.000,9.564E-18
41030.000,9.562E-18
41031.000,9.560E-18
41032.000,9.558E-18
41033.000,9.556E-18
41034.000,9.555E-18
41035.000,9.554E-18
41036.000,9.552E-18
41037.000,9.549E-18
41038.000,9.547E-18
41039.000,9.545E-18
41040.000,9.540E-18
41041.000,9.536E-18
41042.000,9.530E-18
41043.000,9.526E-18
41044.000,9.523E-18
41045.000,9.520E-18
41046.000,9.517E-18
41047.000,9.513E-18
41048.000,9.510E-18
41049.000,9.506E-18
41050.000,9.505E-18
41051.000,9.503E-18
41052.000,9.500E-18
41053.000,9.498E-18
41054.000,9.492E-18
41055.000,9.491E-18
41056.000,9.490E-18
41057.000,9.489E-18
41058.000,9.488E-18
41059.000,9.482E-18
41060.000,9.478E-18
41061.000,9.475E-18
41062.000,9.472E-18
41063.000,9.469E-18
41064.000,9.461E-18
41065.000,9.457E-18
41066.000,9.452E-18
41067.000,9.449E-18
41068.000,9.446E-18
41069.000,9.443E-18
41070.000,9.440E-18
41071.000,9.438E-18
41072.000,9.435E-18
41073.000,9.432E-18
41074.000,9.429E-18
41075.000,9.426E-18
41076.000,9.419E-18
41077.000,9.417E-18
41078.000,9.415E-18
41079.000,9.413E-18
41080.000,9.411E-18
41081.000,9.410E-18
41082.000,9.408E-18
41083.000,9.405E-18
41084.000,9.404E-18
41085.000,9.404E-18
41086.000,9.400E-18
41087.000,9.398E-18
41088.000,9.397E-18
41089.000,9.396E-18
41090.000,9.395E-18
41091.000,9.394E-18
41092.000,9.392E-18
41093.000,9.390E-18
41094.000,9.385E-18
41095.000,9.381E-18
41096.000,9.371E-18
41097.000,9.368E-18
41098.000,9.365E-18
41099.000,9.361E-18
41100.000,9.357E-18
41101.000,9.354E-18
41102.000,9.350E-18
41103.000,9.347E-18
41104.000,9.346E-18
41105.000,9.345E-18
41106.000,9.343E-18
41107.000,9.342E-18
41108.000,9.335E-18
41109.000,9.332E-18
41110.000,9.329E-18
41111.000,9.327E-18
41112.000,9.325E-18
41113.000,9.319E-18
41114.000,9.316E-18
41115.000,9.314E-18
41116.000,9.313E-18
41117.000,9.311E-18
41118.000,9.311E-18
41119.000,9.310E-18
41120.000,9.308E-18
41121.000,9.307E-18
41122.000,9.306E-18
41123.000,9.301E-18
41124.000,9.299E-18
41125.000,9.296E-18
41126.000,9.294E-18
41127.000,9.291E-18
41128.000,9.289E-18
41129.000,9.287E-18
41130.000,9.280E-18
41131.000,9.278E-18
41132.000,9.276E-18
41133.000,9.274E-18
41134.000,9.272E-18
41135.000,9.270E-18
41136.000,9.268E-18
41137.000,9.266E-18
41138.000,9.263E-18
41139.000,9.260E-18
41140.000,9.255E-18
41141.000,9.252E-18
41142.000,9.249E-18
41143.000,9.245E-18
41144.000,9.241E-18
41145.000,9.236E-18
41146.000,9.233E-18
41147.000,9.231E-18
41148.000,9.230E-18
41149.000,9.228E-18
41150.000,9.226E-18
41151.000,9.224E-18
41152.000,9.219E-18
41153.000,9.217E-18
41154.000,9.215E-18
41155.000,9.212E-18
41156.000,9.210E-18
41157.000,9.205E-18
41158.000,9.203E-18
41159.000,9.202E-18
41160.000,9.199E-18
41161.000,9.197E-18
41162.000,9.192E-18
41163.000,9.190E-18
41164.000,9.187E-18
41165.000,9.184E-18
41166.000,9.182E-18
41167.000,9.180E-18
41168.000,9.179E-18
41169.000,9.175E-18
41170.000,9.173E-18
41171.000,9.172E-18
41172.000,9.170E-18
41173.000,9.168E-18
41174.000,9.163E-18
41175.000,9.160E-18
41176.000,9.158E-18
41177.000,9.156E-18
41178.000,9.154E-18
41179.000,9.150E-18
41180.000,9.147E-18
41181.000,9.144E-18
41182.000,9.141E-18
41183.000,9.137E-18
41184.000,9.130E-18
41185.000,9.126E-18
41186.000,9.123E-18
41187.000,9.119E-18
41188.000,9.115E-18
41189.000,9.113E-18
41190.000,9.111E-18
41191.000,9.110E-18
41192.000,9.109E-18
41193.000,9.109E-18
41194.000,9.107E-18
41195.000,9.104E-18
41196.000,9.101E-18
41197.000,9.097E-18
41198.000,9.094E-18
41199.000,9.091E-18
41200.000,9.088E-18
41201.000,9.080E-18
41202.000,9.077E-18
41203.000,9.074E-18
41204.000,9.071E-18
41205.000,9.069E-18
41206.000,9.067E-18
41207.000,9.064E-18
41208.000,9.060E-18
41209.000,9.057E-18
41210.000,9.055E-18
41211.000,9.053E-18
41212.000,9.051E-18
41213.000,9.050E-18
41214.000,9.049E-18
41215.000,9.048E-18
41216.000,9.047E-18
41217.000,9.046E-18
41218.000,9.043E-18
41219.000,9.043E-18
41220.000,9.042E-18
41221.000,9.041E-18
41222.000,9.039E-18
41223.000,9.037E-18
41224.000,9.036E-18
41225.000,9.034E-18
41226.000,9.033E-18
41227.000,9.032E-18
41228.000,9.032E-18
41229.000,9.031E-18
41230.000,9.030E-18
41231.000,9.029E-18
41232.000,9.029E-18
41233.000,9.028E-18
41234.000,9.027E-18
41235.000,9.023E-18
41236.000,9.022E-18
41237.000,9.021E-18
41238.000,9.020E-18
41239.000,9.019E-18
41240.000,9.018E-18
41241.000,9.017E-18
41242.000,9.015E-18
41243.000,9.015E-18
41244.000,9.014E-18
41245.000,9.013E-18
41246.000,9.013E-18
41247.000,9.011E-18
41248.000,9.010E-18
41249.000,9.009E-18
41250.000,9.006E-18
41251.000,9.004E-18
41252.000,9.001E-18
41253.000,9.001E-18
41254.000,9.000E-18
41255.000,8.998E-18
41256.000,8.996E-18
41257.000,8.996E-18
41258.000,8.995E-18
41259.000,8.992E-18
41260.000,8.992E-18
41261.000,8.992E-18
41262.000,8.991E-18
41263.000,8.989E-18
41264.000,8.984E-18
41265.000,8.982E-18
41266.000,8.981E-18
41267.000,8.979E-18
41268.000,8.976E-18
41269.000,8.972E-18
41270.000,8.971E-18
41271.000,8.970E-18
41272.000,8.968E-18
41273.000,8.966E-18
41274.000,8.965E-18
41275.000,8.963E-18
41276.000,8.959E-18
41277.000,8.958E-18
41278.000,8.956E-18
41279.000,8.954E-18
41280.000,8.953E-18
41281.000,8.946E-18
41282.000,8.945E-18
41283.000,8.944E-18
41284.000,8.943E-18
41285.000,8.943E-18
41286.000,8.941E-18
41287.000,8.939E-18
41288.000,8.937E-18
41289.000,8.937E-18
41290.000,8.937E-18
41291.000,8.935E-18
41292.000,8.934E-18
41293.000,8.928E-18
41294.000,8.926E-18
41295.000,8.924E-18
41296.000,8.921E-18
41297.000,8.919E-18
41298.000,8.912E-18
41299.000,8.910E-18
41300.000,8.907E-18
41301.000,8.904E-18
41302.000,8.901E-18
41303.000,8.900E-18
41304.000,8.899E-18
41305.000,8.893E-18
41306.000,8.891E-18
41307.000,8.888E-18
41308.000,8.886E-18
41309.000,8.885E-18
41310.000,8.881E-18
41311.000,8.879E-18
41312.000,8.876E-18
41313.000,8.875E-18
41314.000,8.874E-18
41315.000,8.870E-18
41316.000,8.870E-18
41317.000,8.870E-18
41318.000,8.869E-18
41319.000,8.867E-18
41320.000,8.867E-18
41321.000,8.866E-18
41322.000,8.865E-18
41323.000,8.864E-18
41324.000,8.863E-18
41325.000,8.862E-18
41326.000,8.860E-18
41327.000,8.858E-18
41328.000,8.856E-18
41329.000,8.855E-18
41330.000,8.854E-18
41331.000,8.853E-18
41332.000,8.852E-18
41333.000,8.851E-18
41334.000,8.851E-18
41335.000,8.851E-18
41336.000,8.851E-18
41337.000,8.851E-18
41338.000,8.851E-18
41339.000,8.851E-18
41340.000,8.851E-18
41341.000,8.851E-18
41342.000,8.850E-18
41343.000,8.849E-18
41344.000,8.848E-18
41345.000,8.846E-18
41346.000,8.847E-18
41347.000,8.846E-18
41348.000,8.845E-18
41349.000,8.844E-18
41350.000,8.843E-18
41351.000,8.845E-18
41352.000,8.844E-18
41353.000,8.842E-18
41354.000,8.842E-18
41355.000,8.842E-18
41356.000,8.841E-18
41357.000,8.842E-18
41358.000,8.842E-18
41359.000,8.844E-18
41360.000,8.845E-18
41361.000,8.845E-18
41362.000,8.845E-18
41363.000,8.846E-18
41364.000,8.846E-18
41365.000,8.847E-18
41366.000,8.846E-18
41367.000,8.845E-18
41368.000,8.844E-18
41369.000,8.844E-18
41370.000,8.843E-18
41371.000,8.842E-18
41372.000,8.841E-18
41373.000,8.841E-18
41374.000,8.840E-18
41375.000,8.839E-18
41376.000,8.839E-18
41377.000,8.838E-18
41378.000,8.839E-18
41379.000,8.839E-18
41380.000,8.839E-18
41381.000,8.838E-18
41382.000,8.837E-18
41383.000,8.837E-18
41384.000,8.837E-18
41385.000,8.835E-18
41386.000,8.834E-18
41387.000,8.831E-18
41388.000,8.830E-18
41389.000,8.828E-18
41390.000,8.826E-18
41391.000,8.825E-18
41392.000,8.821E-18
41393.000,8.819E-18
41394.000,8.817E-18
41395.000,8.815E-18
41396.000,8.813E-18
41397.000,8.811E-18
41398.000,8.810E-18
41399.000,8.805E-18
41400.000,8.803E-18
41401.000,8.801E-18
41402.000,8.799E-18
41403.000,8.797E-18
41404.000,8.792E-18
41405.000,8.789E-18
41406.000,8.785E-18
41407.000,8.783E-18
41408.000,8.780E-18
41409.000,8.777E-18
41410.000,8.775E-18
41411.000,8.771E-18
41412.000,8.769E-18
41413.000,8.767E-18
41414.000,8.763E-18
41415.000,8.760E-18
41416.000,8.756E-18
41417.000,8.754E-18
41418.000,8.751E-18
41419.000,8.748E-18
41420.000,8.745E-18
41421.000,8.741E-18
41422.000,8.737E-18
41423.000,8.732E-18
41424.000,8.729E-18
41425.000,8.726E-18
41426.000,8.723E-18
41427.000,8.721E-18
41428.000,8.713E-18
41429.000,8.710E-18
41430.000,8.708E-18
41431.000,8.705E-18
41432.000,8.702E-18
41433.000,8.699E-18
41434.000,8.695E-18
41435.000,8.688E-18
41436.000,8.685E-18
41437.000,8.682E-18
41438.000,8.679E-18
41439.000,8.676E-18
41440.000,8.672E-18
41441.000,8.669E-18
41442.000,8.667E-18
41443.000,8.666E-18
41444.000,8.664E-18
41445.000,8.661E-18
41446.000,8.659E-18
41447.000,8.652E-18
41448.000,8.649E-18
41449.000,8.646E-18
41450.000,8.643E-18
41451.000,8.639E-18
41452.000,8.634E-18
41453.000,8.631E-18
41454.000,8.628E-18
41455.000,8.626E-18
41456.000,8.623E-18
41457.000,8.619E-18
41458.000,8.616E-18
41459.000,8.608E-18
41460.000,8.605E-18
41461.000,8.602E-18
41462.000,8.599E-18
41463.000,8.597E-18
41464.000,8.594E-18
41465.000,8.592E-18
41466.000,8.590E-18
41467.000,8.588E-18
41468.000,8.586E-18
41469.000,8.585E-18
41470.000,8.584E-18
41471.000,8.578E-18
41472.000,8.575E-18
41473.000,8.572E-18
41474.000,8.570E-18
41475.000,8.567E-18
41476.000,8.564E-18
41477.000,8.561E-18
41478.000,8.557E-18
41479.000,8.555E-18
41480.000,8.553E-18
41481.000,8.551E-18
41482.000,8.550E-18
41483.000,8.547E-18
41484.000,8.544E-18
41485.000,8.541E-18
41486.000,8.539E-18
41487.000,8.537E-18
41488.000,8.534E-18
41489.000,8.530E-18
41490.000,8.527E-18
41491.000,8.525E-18
41492.000,8.524E-18
41493.000,8.523E-18
41494.000,8.522E-18
41495.000,8.519E-18
41496.000,8.517E-18
41497.000,8.515E-18
41498.000,8.512E-18
41499.000,8.510E-18
41500.000,8.508E-18
41501.000,8.505E-18
41502.000,8.498E-18
41503.000,8.497E-18
41504.000,8.495E-18
41505.000,8.493E-18
41506.000,8.491E-18
41507.000,8.488E-18
41508.000,8.486E-18
41509.000,8.482E-18
41510.000,8.478E-18
41511.000,8.475E-18
41512.000,8.473E-18
41513.000,8.470E-18
41514.000,8.464E-18
41515.000,8.462E-18
41516.000,8.460E-18
41517.000,8.459E-18
41518.000,8.457E-18
41519.000,8.455E-18
41520.000,8.454E-18
41521.000,8.449E-18
41522.000,8.448E-18
41523.000,8.446E-18
41524.000,8.443E-18
41525.000,8.441E-18
41526.000,8.439E-18
41527.000,8.436E-18
41528.000,8.433E-18
41529.000,8.431E-18
41530.000,8.429E-18
41531.000,8.427E-18
41532.000,8.425E-18
41533.000,8.420E-18
41534.000,8.417E-18
41535.000,8.414E-18
41536.000,8.413E-18
41537.000,8.412E-18
41538.000,8.409E-18
41539.000,8.407E-18
41540.000,8.402E-18
41541.000,8.400E-18
41542.000,8.398E-18
41543.000,8.394E-18
41544.000,8.391E-18
41545.000,8.385E-18
41546.000,8.381E-18
41547.000,8.378E-18
41548.000,8.375E-18
41549.000,8.373E-18
41550.000,8.372E-18
41551.000,8.371E-18
41552.000,8.366E-18
41553.000,8.364E-18
41554.000,8.361E-18
41555.000,8.359E-18
41556.000,8.356E-18
41557.000,8.353E-18
41558.000,8.350E-18
41559.000,8.344E-18
41560.000,8.341E-18
41561.000,8.338E-18
41562.000,8.337E-18
41563.000,8.335E-18
41564.000,8.333E-18
41565.000,8.330E-18
41566.000,8.327E-18
41567.000,8.325E-18
41568.000,8.323E-18
41569.000,8.320E-18
41570.000,8.318E-18
41571.000,8.313E-18
41572.000,8.310E-18
41573.000,8.308E-18
41574.000,8.306E-18
41575.000,8.304E-18
41576.000,8.302E-18
41577.000,8.300E-18
41578.000,8.298E-18
41579.000,8.296E-18
41580.000,8.293E-18
41581.000,8.291E-18
41582.000,8.289E-18
41583.000,8.284E-18
41584.000,8.282E-18
41585.000,8.280E-18
41586.000,8.279E-18
41587.000,8.278E-18
41588.000,8.277E-18
41589.000,8.276E-18
41590.000,8.273E-18
41591.000,8.272E-18
41592.000,8.271E-18
41593.000,8.269E-18
41594.000,8.267E-18
41595.000,8.265E-18
41596.000,8.264E-18
41597.000,8.260E-18
41598.000,8.258E-18
41599.000,8.256E-18
41600.000,8.255E-18
41601.000,8.254E-18
41602.000,8.254E-18
41603.000,8.253E-18
41604.000,8.252E-18
41605.000,8.250E-18
41606.000,8.248E-18
41607.000,8.246E-18
41608.000,8.245E-18
41609.000,8.243E-18
41610.000,8.241E-18
41611.000,8.239E-18
41612.000,8.237E-18
41613.000,8.236E-18
41614.000,8.237E-18
41615.000,8.237E-18
41616.000,8.241E-18
41617.000,8.241E-18
41618.000,8.241E-18
41619.000,8.240E-18
41620.000,8.239E-18
41621.000,8.237E-18
41622.000,8.236E-18
41623.000,8.235E-18
41624.000,8.234E-18
41625.000,8.232E-18
41626.000,8.232E-18
41627.000,8.232E-18
41628.000,8.233E-18
41629.000,8.234E-18
41630.000,8.236E-18
41631.000,8.235E-18
41632.000,8.235E-18
41633.000,8.235E-18
41634.000,8.235E-18
41635.000,8.234E-18
41636.000,8.235E-18
41637.000,8.235E-18
41638.000,8.235E-18
41639.000,8.235E-18
41640.000,8.235E-18
41641.000,8.236E-18
41642.000,8.236E-18
41643.000,8.237E-18
41644.000,8.237E-18
41645.000,8.237E-18
41646.000,8.238E-18
41647.000,8.239E-18
41648.000,8.241E-18
41649.000,8.243E-18
41650.000,8.244E-18
41651.000,8.245E-18
41652.000,8.246E-18
41653.000,8.248E-18
41654.000,8.249E-18
41655.000,8.249E-18
41656.000,8.247E-18
41657.000,8.246E-18
41658.000,8.246E-18
41659.000,8.246E-18
41660.000,8.246E-18
41661.000,8.245E-18
41662.000,8.244E-18
41663.000,8.244E-18
41664.000,8.244E-18
41665.000,8.244E-18
41666.000,8.245E-18
41667.000,8.247E-18
41668.000,8.251E-18
41669.000,8.252E-18
41670.000,8.253E-18
41671.000,8.253E-18
41672.000,8.253E-18
41673.000,8.253E-18
41674.000,8.253E-18
41675.000,8.248E-18
41676.000,8.245E-18
41677.000,8.243E-18
41678.000,8.242E-18
41679.000,8.240E-18
41680.000,8.238E-18
41681.000,8.237E-18
41682.000,8.237E-18
41683.000,8.235E-18
41684.000,8.234E-18
41685.000,8.234E-18
41686.000,8.234E-18
41687.000,8.232E-18
41688.000,8.230E-18
41689.000,8.225E-18
41690.000,8.223E-18
41691.000,8.221E-18
41692.000,8.221E-18
41693.000,8.220E-18
41694.000,8.216E-18
41695.000,8.214E-18
41696.000,8.212E-18
41697.000,8.211E-18
41698.000,8.209E-18
41699.000,8.209E-18
41700.000,8.208E-18
41701.000,8.203E-18
41702.000,8.201E-18
41703.000,8.199E-18
41704.000,8.196E-18
41705.000,8.194E-18
41706.000,8.193E-18
41707.000,8.191E-18
41708.000,8.184E-18
41709.000,8.181E-18
41710.000,8.177E-18
41711.000,8.174E-18
41712.000,8.172E-18
41713.000,8.168E-18
41714.000,8.165E-18
41715.000,8.159E-18
41716.000,8.156E-18
41717.000,8.153E-18
41718.000,8.150E-18
41719.000,8.148E-18
41720.000,8.146E-18
41721.000,8.145E-18
41722.000,8.140E-18
41723.000,8.137E-18
41724.000,8.134E-18
41725.000,8.132E-18
41726.000,8.131E-18
41727.000,8.128E-18
41728.000,8.125E-18
41729.000,8.120E-18
41730.000,8.118E-18
41731.000,8.115E-18
41732.000,8.112E-18
41733.000,8.108E-18
41734.000,8.102E-18
41735.000,8.099E-18
41736.000,8.097E-18
41737.000,8.095E-18
41738.000,8.093E-18
41739.000,8.092E-18
41740.000,8.091E-18
41741.000,8.088E-18
41742.000,8.086E-18
41743.000,8.084E-18
41744.000,8.080E-18
41745.000,8.077E-18
41746.000,8.073E-18
41747.000,8.070E-18
41748.000,8.062E-18
41749.000,8.059E-18
41750.000,8.056E-18
41751.000,8.053E-18
41752.000,8.051E-18
41753.000,8.048E-18
41754.000,8.045E-18
41755.000,8.039E-18
41756.000,8.036E-18
41757.000,8.032E-18
41758.000,8.028E-18
41759.000,8.024E-18
41760.000,8.020E-18
41761.000,8.017E-18
41762.000,8.009E-18
41763.000,8.006E-18
41764.000,8.003E-18
41765.000,8.000E-18
41766.000,7.997E-18
41767.000,7.995E-18
41768.000,7.992E-18
41769.000,7.986E-18
41770.000,7.982E-18
41771.000,7.978E-18
41772.000,7.975E-18
41773.000,7.971E-18
41774.000,7.968E-18
41775.000,7.965E-18
41776.000,7.957E-18
41777.000,7.954E-18
41778.000,7.950E-18
41779.000,7.947E-18
41780.000,7.943E-18
41781.000,7.938E-18
41782.000,7.934E-18
41783.000,7.925E-18
41784.000,7.921E-18
41785.000,7.917E-18
41786.000,7.914E-18
41787.000,7.910E-18
41788.000,7.908E-18
41789.000,7.905E-18
41790.000,7.899E-18
41791.000,7.896E-18
41792.000,7.894E-18
41793.000,7.891E-18
41794.000,7.888E-18
41795.000,7.883E-18
41796.000,7.879E-18
41797.000,7.870E-18
41798.000,7.867E-18
41799.000,7.863E-18
41800.000,7.860E-18
41801.000,7.856E-18
41802.000,7.852E-18
41803.000,7.848E-18
41804.000,7.842E-18
41805.000,7.840E-18
41806.000,7.838E-18
41807.000,7.835E-18
41808.000,7.832E-18
41809.000,7.828E-18
41810.000,7.824E-18
41811.000,7.815E-18
41812.000,7.811E-18
41813.000,7.807E-18
41814.000,7.804E-18
41815.000,7.801E-18
41816.000,7.797E-18
41817.000,7.793E-18
41818.000,7.789E-18
41819.000,7.787E-18
41820.000,7.786E-18
41821.000,7.785E-18
41822.000,7.785E-18
41823.000,7.784E-18
41824.000,7.782E-18
41825.000,7.778E-18
41826.000,7.775E-18
41827.000,7.773E-18
41828.000,7.770E-18
41829.000,7.767E-18
41830.000,7.764E-18
41831.000,7.761E-18
41832.000,7.755E-18
41833.000,7.751E-18
41834.000,7.747E-18
41835.000,7.745E-18
41836.000,7.742E-18
41837.000,7.739E-18
41838.000,7.737E-18
41839.000,7.732E-18
41840.000,7.731E-18
41841.000,7.731E-18
41842.000,7.731E-18
41843.000,7.731E-18
41844.000,7.730E-18
41845.000,7.729E-18
41846.000,7.726E-18
41847.000,7.725E-18
41848.000,7.724E-18
41849.000,7.722E-18
41850.000,7.719E-18
41851.000,7.718E-18
41852.000,7.717E-18
41853.000,7.713E-18
41854.000,7.713E-18
41855.000,7.713E-18
41856.000,7.710E-18
41857.000,7.708E-18
41858.000,7.705E-18
41859.000,7.703E-18
41860.000,7.698E-18
41861.000,7.696E-18
41862.000,7.695E-18
41863.000,7.694E-18
41864.000,7.693E-18
41865.000,7.692E-18
41866.000,7.691E-18
41867.000,7.688E-18
41868.000,7.686E-18
41869.000,7.685E-18
41870.000,7.683E-18
41871.000,7.681E-18
41872.000,7.679E-18
41873.000,7.678E-18
41874.000,7.677E-18
41875.000,7.677E-18
41876.000,7.678E-18
41877.000,7.679E-18
41878.000,7.680E-18
41879.000,7.679E-18
41880.000,7.678E-18
41881.000,7.676E-18
41882.000,7.675E-18
41883.000,7.674E-18
41884.000,7.672E-18
41885.000,7.670E-18
41886.000,7.668E-18
41887.000,7.666E-18
41888.000,7.663E-18
41889.000,7.661E-18
41890.000,7.659E-18
41891.000,7.658E-18
41892.000,7.658E-18
41893.000,7.658E-18
41894.000,7.657E-18
41895.000,7.656E-18
41896.000,7.655E-18
41897.000,7.654E-18
41898.000,7.653E-18
41899.000,7.652E-18
41900.000,7.651E-18
41901.000,7.649E-18
41902.000,7.645E-18
41903.000,7.643E-18
41904.000,7.641E-18
41905.000,7.640E-18
41906.000,7.640E-18
41907.000,7.638E-18
41908.000,7.636E-18
41909.000,7.634E-18
41910.000,7.633E-18
41911.000,7.633E-18
41912.000,7.633E-18
41913.000,7.634E-18
41914.000,7.634E-18
41915.000,7.634E-18
41916.000,7.633E-18
41917.000,7.632E-18
41918.000,7.631E-18
41919.000,7.630E-18
41920.000,7.628E-18
41921.000,7.625E-18
41922.000,7.622E-18
41923.000,7.620E-18
41924.000,7.619E-18
41925.000,7.618E-18
41926.000,7.616E-18
41927.000,7.615E-18
41928.000,7.613E-18
41929.000,7.611E-18
41930.000,7.612E-18
41931.000,7.611E-18
41932.000,7.611E-18
41933.000,7.609E-18
41934.000,7.608E-18
41935.000,7.607E-18
41936.000,7.607E-18
41937.000,7.606E-18
41938.000,7.605E-18
41939.000,7.602E-18
41940.000,7.600E-18
41941.000,7.597E-18
41942.000,7.595E-18
41943.000,7.592E-18
41944.000,7.590E-18
41945.000,7.588E-18
41946.000,7.585E-18
41947.000,7.583E-18
41948.000,7.581E-18
41949.000,7.579E-18
41950.000,7.578E-18
41951.000,7.576E-18
41952.000,7.574E-18
41953.000,7.570E-18
41954.000,7.570E-18
41955.000,7.570E-18
41956.000,7.568E-18
41957.000,7.566E-18
41958.000,7.565E-18
41959.000,7.563E-18
41960.000,7.560E-18
41961.000,7.559E-18
41962.000,7.557E-18
41963.000,7.555E-18
41964.000,7.553E-18
41965.000,7.551E-18
41966.000,7.548E-18
41967.000,7.543E-18
41968.000,7.541E-18
41969.000,7.540E-18
41970.000,7.538E-18
41971.000,7.536E-18
41972.000,7.534E-18
41973.000,7.533E-18
41974.000,7.528E-18
41975.000,7.527E-18
41976.000,7.525E-18
41977.000,7.522E-18
41978.000,7.520E-18
41979.000,7.518E-18
41980.000,7.517E-18
41981.000,7.515E-18
41982.000,7.514E-18
41983.000,7.511E-18
41984.000,7.510E-18
41985.000,7.509E-18
41986.000,7.506E-18
41987.000,7.504E-18
41988.000,7.501E-18
41989.000,7.499E-18
41990.000,7.495E-18
41991.000,7.493E-18
41992.000,7.491E-18
41993.000,7.490E-18
41994.000,7.488E-18
41995.000,7.486E-18
41996.000,7.484E-18
41997.000,7.480E-18
41998.000,7.478E-18
41999.000,7.477E-18
42000.000,7.474E-18
42001.000,7.471E-18
42002.000,7.468E-18
42003.000,7.466E-18
42004.000,7.463E-18
42005.000,7.461E-18
42006.000,7.460E-18
42007.000,7.458E-18
42008.000,7.456E-18
42009.000,7.454E-18
42010.000,7.452E-18
42011.000,7.449E-18
42012.000,7.446E-18
42013.000,7.441E-18
42014.000,7.439E-18
42015.000,7.437E-18
42016.000,7.435E-18
42017.000,7.432E-18
42018.000,7.430E-18
42019.000,7.428E-18
42020.000,7.423E-18
42021.000,7.420E-18
42022.000,7.418E-18
42023.000,7.416E-18
42024.000,7.414E-18
42025.000,7.412E-18
42026.000,7.410E-18
42027.000,7.404E-18
42028.000,7.403E-18
42029.000,7.402E-18
42030.000,7.401E-18
42031.000,7.400E-18
42032.000,7.399E-18
42033.000,7.398E-18
42034.000,7.395E-18
42035.000,7.393E-18
42036.000,7.392E-18
42037.000,7.390E-18
42038.000,7.388E-18
42039.000,7.385E-18
42040.000,7.382E-18
42041.000,7.379E-18
42042.000,7.376E-18
42043.000,7.371E-18
42044.000,7.369E-18
42045.000,7.367E-18
42046.000,7.363E-18
42047.000,7.360E-18
42048.000,7.357E-18
42049.000,7.354E-18
42050.000,7.349E-18
42051.000,7.347E-18
42052.000,7.346E-18
42053.000,7.344E-18
42054.000,7.342E-18
42055.000,7.341E-18
42056.000,7.340E-18
42057.000,7.339E-18
42058.000,7.337E-18
42059.000,7.335E-18
42060.000,7.333E-18
42061.000,7.330E-18
42062.000,7.328E-18
42063.000,7.326E-18
42064.000,7.323E-18
42065.000,7.320E-18
42066.000,7.314E-18
42067.000,7.310E-18
42068.000,7.307E-18
42069.000,7.304E-18
42070.000,7.302E-18
42071.000,7.300E-18
42072.000,7.297E-18
42073.000,7.291E-18
42074.000,7.290E-18
42075.000,7.288E-18
42076.000,7.286E-18
42077.000,7.285E-18
42078.000,7.283E-18
42079.000,7.282E-18
42080.000,7.279E-18
42081.000,7.277E-18
42082.000,7.275E-18
42083.000,7.273E-18
42084.000,7.270E-18
42085.000,7.269E-18
42086.000,7.267E-18
42087.000,7.264E-18
42088.000,7.261E-18
42089.000,7.257E-18
42090.000,7.255E-18
42091.000,7.253E-18
42092.000,7.251E-18
42093.000,7.248E-18
42094.000,7.247E-18
42095.000,7.246E-18
42096.000,7.241E-18
42097.000,7.239E-18
42098.000,7.237E-18
42099.000,7.234E-18
42100.000,7.232E-18
42101.000,7.229E-18
42102.000,7.227E-18
42103.000,7.224E-18
42104.000,7.223E-18
42105.000,7.222E-18
42106.000,7.220E-18
42107.000,7.218E-18
42108.000,7.217E-18
42109.000,7.215E-18
42110.000,7.213E-18
42111.000,7.211E-18
42112.000,7.207E-18
42113.000,7.205E-18
42114.000,7.203E-18
42115.000,7.201E-18
42116.000,7.199E-18
42117.000,7.197E-18
42118.000,7.196E-18
42119.000,7.192E-18
42120.000,7.190E-18
42121.000,7.188E-18
42122.000,7.185E-18
42123.000,7.183E-18
42124.000,7.181E-18
42125.000,7.180E-18
42126.000,7.178E-18
42127.000,7.177E-18
42128.000,7.176E-18
42129.000,7.174E-18
42130.000,7.173E-18
42131.000,7.171E-18
42132.000,7.170E-18
42133.000,7.169E-18
42134.000,7.167E-18
42135.000,7.165E-18
42136.000,7.163E-18
42137.000,7.160E-18
42138.000,7.157E-18
42139.000,7.155E-18
42140.000,7.154E-18
42141.000,7.153E-18
42142.000,7.152E-18
42143.000,7.151E-18
42144.000,7.147E-18
42145.000,7.145E-18
42146.000,7.144E-18
42147.000,7.143E-18
42148.000,7.143E-18
42149.000,7.143E-18
42150.000,7.142E-18
42151.000,7.138E-18
42152.000,7.136E-18
42153.000,7.135E-18
42154.000,7.134E-18
42155.000,7.133E-18
42156.000,7.131E-18
42157.000,7.128E-18
42158.000,7.126E-18
42159.000,7.125E-18
42160.000,7.122E-18
42161.000,7.121E-18
42162.000,7.120E-18
42163.000,7.120E-18
42164.000,7.120E-18
42165.000,7.118E-18
42166.000,7.116E-18
42167.000,7.113E-18
42168.000,7.110E-18
42169.000,7.108E-18
42170.000,7.104E-18
42171.000,7.100E-18
42172.000,7.097E-18
42173.000,7.094E-18
42174.000,7.091E-18
42175.000,7.089E-18
42176.000,7.084E-18
42177.000,7.082E-18
42178.000,7.080E-18
42179.000,7.078E-18
42180.000,7.076E-18
42181.000,7.074E-18
42182.000,7.072E-18
42183.000,7.068E-18
42184.000,7.066E-18
42185.000,7.064E-18
42186.000,7.063E-18
42187.000,7.061E-18
42188.000,7.060E-18
42189.000,7.058E-18
42190.000,7.056E-18
42191.000,7.055E-18
42192.000,7.054E-18
42193.000,7.054E-18
42194.000,7.054E-18
42195.000,7.051E-18
42196.000,7.049E-18
42197.000,7.047E-18
42198.000,7.045E-18
42199.000,7.042E-18
42200.000,7.040E-18
42201.000,7.038E-18
42202.000,7.037E-18
42203.000,7.037E-18
42204.000,7.035E-18
42205.000,7.033E-18
42206.000,7.032E-18
42207.000,7.031E-18
42208.000,7.027E-18
42209.000,7.023E-18
42210.000,7.019E-18
42211.000,7.015E-18
42212.000,7.012E-18
42213.000,7.009E-18
42214.000,7.006E-18
42215.000,7.000E-18
42216.000,6.997E-18
42217.000,6.995E-18
42218.000,6.992E-18
42219.000,6.989E-18
42220.000,6.987E-18
42221.000,6.985E-18
42222.000,6.981E-18
42223.000,6.978E-18
42224.000,6.973E-18
42225.000,6.970E-18
42226.000,6.967E-18
42227.000,6.964E-18
42228.000,6.961E-18
42229.000,6.958E-18
42230.000,6.955E-18
42231.000,6.952E-18
42232.000,6.948E-18
42233.000,6.942E-18
42234.000,6.940E-18
42235.000,6.937E-18
42236.000,6.934E-18
42237.000,6.932E-18
42238.000,6.931E-18
42239.000,6.929E-18
42240.000,6.922E-18
42241.000,6.918E-18
42242.000,6.915E-18
42243.000,6.912E-18
42244.000,6.909E-18
42245.000,6.906E-18
42246.000,6.904E-18
42247.000,6.901E-18
42248.000,6.898E-18
42249.000,6.896E-18
42250.000,6.895E-18
42251.000,6.894E-18
42252.000,6.892E-18
42253.000,6.891E-18
42254.000,6.889E-18
42255.000,6.887E-18
42256.000,6.881E-18
42257.000,6.879E-18
42258.000,6.877E-18
42259.000,6.874E-18
42260.000,6.872E-18
42261.000,6.869E-18
42262.000,6.866E-18
42263.000,6.864E-18
42264.000,6.861E-18
42265.000,6.857E-18
42266.000,6.857E-18
42267.000,6.857E-18
42268.000,6.856E-18
42269.000,6.855E-18
42270.000,6.854E-18
42271.000,6.853E-18
42272.000,6.852E-18
42273.000,6.852E-18
42274.000,6.851E-18
42275.000,6.850E-18
42276.000,6.848E-18
42277.000,6.845E-18
42278.000,6.843E-18
42279.000,6.842E-18
42280.000,6.841E-18
42281.000,6.840E-18
42282.000,6.839E-18
42283.000,6.837E-18
42284.000,6.836E-18
42285.000,6.834E-18
42286.000,6.832E-18
42287.000,6.831E-18
42288.000,6.830E-18
42289.000,6.828E-18
42290.000,6.826E-18
42291.000,6.824E-18
42292.000,6.823E-18
42293.000,6.822E-18
42294.000,6.820E-18
42295.000,6.819E-18
42296.000,6.818E-18
42297.000,6.817E-18
42298.000,6.816E-18
42299.000,6.812E-18
42300.000,6.811E-18
42301.000,6.810E-18
42302.000,6.810E-18
42303.000,6.810E-18
42304.000,6.809E-18
42305.000,6.809E-18
42306.000,6.808E-18
42307.000,6.807E-18
42308.000,6.806E-18
42309.000,6.804E-18
42310.000,6.803E-18
42311.000,6.802E-18
42312.000,6.802E-18
42313.000,6.802E-18
42314.000,6.801E-18
42315.000,6.801E-18
42316.000,6.801E-18
42317.000,6.801E-18
42318.000,6.801E-18
42319.000,6.801E-18
42320.000,6.800E-18
42321.000,6.799E-18
42322.000,6.798E-18
42323.000,6.798E-18
42324.000,6.794E-18
42325.000,6.792E-18
42326.000,6.791E-18
42327.000,6.790E-18
42328.000,6.789E-18
42329.000,6.788E-18
42330.000,6.786E-18
42331.000,6.785E-18
42332.000,6.785E-18
42333.000,6.784E-18
42334.000,6.783E-18
42335.000,6.781E-18
42336.000,6.779E-18
42337.000,6.777E-18
42338.000,6.775E-18
42339.000,6.773E-18
42340.000,6.771E-18
42341.000,6.769E-18
42342.000,6.764E-18
42343.000,6.762E-18
42344.000,6.759E-18
42345.000,6.758E-18
42346.000,6.757E-18
42347.000,6.757E-18
42348.000,6.756E-18
42349.000,6.755E-18
42350.000,6.753E-18
42351.000,6.751E-18
42352.000,6.750E-18
42353.000,6.749E-18
42354.000,6.748E-18
42355.000,6.747E-18
42356.000,6.746E-18
42357.000,6.745E-18
42358.000,6.743E-18
42359.000,6.741E-18
42360.000,6.739E-18
42361.000,6.736E-18
42362.000,6.734E-18
42363.000,6.731E-18
42364.000,6.728E-18
42365.000,6.726E-18
42366.000,6.724E-18
42367.000,6.720E-18
42368.000,6.718E-18
42369.000,6.716E-18
42370.000,6.714E-18
42371.000,6.712E-18
42372.000,6.709E-18
42373.000,6.707E-18
42374.000,6.706E-18
42375.000,6.704E-18
42376.000,6.699E-18
42377.000,6.696E-18
42378.000,6.694E-18
42379.000,6.692E-18
42380.000,6.690E-18
42381.000,6.688E-18
42382.000,6.685E-18
42383.000,6.683E-18
42384.000,6.681E-18
42385.000,6.675E-18
42386.000,6.672E-18
42387.000,6.668E-18
42388.000,6.665E-18
42389.000,6.661E-18
42390.000,6.657E-18
42391.000,6.653E-18
42392.000,6.649E-18
42393.000,6.646E-18
42394.000,6.640E-18
42395.000,6.638E-18
42396.000,6.636E-18
42397.000,6.634E-18
42398.000,6.632E-18
42399.000,6.629E-18
42400.000,6.626E-18
42401.000,6.623E-18
42402.000,6.619E-18
42403.000,6.612E-18
42404.000,6.608E-18
42405.000,6.604E-18
42406.000,6.600E-18
42407.000,6.596E-18
42408.000,6.592E-18
42409.000,6.588E-18
42410.000,6.585E-18
42411.000,6.582E-18
42412.000,6.573E-18
42413.000,6.570E-18
42414.000,6.566E-18
42415.000,6.562E-18
42416.000,6.558E-18
42417.000,6.553E-18
42418.000,6.549E-18
42419.000,6.546E-18
42420.000,6.543E-18
42421.000,6.537E-18
42422.000,6.535E-18
42423.000,6.532E-18
42424.000,6.530E-18
42425.000,6.527E-18
42426.000,6.524E-18
42427.000,6.521E-18
42428.000,6.518E-18
42429.000,6.516E-18
42430.000,6.509E-18
42431.000,6.504E-18
42432.000,6.500E-18
42433.000,6.497E-18
42434.000,6.495E-18
42435.000,6.493E-18
42436.000,6.491E-18
42437.000,6.490E-18
42438.000,6.488E-18
42439.000,6.485E-18
42440.000,6.484E-18
42441.000,6.483E-18
42442.000,6.482E-18
42443.000,6.481E-18
42444.000,6.478E-18
42445.000,6.475E-18
42446.000,6.472E-18
42447.000,6.469E-18
42448.000,6.463E-18
42449.000,6.461E-18
42450.000,6.458E-18
42451.000,6.456E-18
42452.000,6.453E-18
42453.000,6.450E-18
42454.000,6.447E-18
42455.000,6.444E-18
42456.000,6.441E-18
42457.000,6.435E-18
42458.000,6.431E-18
42459.000,6.427E-18
42460.000,6.424E-18
42461.000,6.421E-18
42462.000,6.417E-18
42463.000,6.414E-18
42464.000,6.413E-18
42465.000,6.411E-18
42466.000,6.408E-18
42467.000,6.406E-18
42468.000,6.403E-18
42469.000,6.400E-18
42470.000,6.398E-18
42471.000,6.395E-18
42472.000,6.393E-18
42473.000,6.389E-18
42474.000,6.386E-18
42475.000,6.380E-18
42476.000,6.377E-18
42477.000,6.374E-18
42478.000,6.372E-18
42479.000,6.369E-18
42480.000,6.367E-18
42481.000,6.366E-18
42482.000,6.364E-18
42483.000,6.361E-18
42484.000,6.356E-18
42485.000,6.352E-18
42486.000,6.349E-18
42487.000,6.346E-18
42488.000,6.343E-18
42489.000,6.340E-18
42490.000,6.336E-18
42491.000,6.333E-18
42492.000,6.330E-18
42493.000,6.327E-18
42494.000,6.325E-18
42495.000,6.321E-18
42496.000,6.320E-18
42497.000,6.320E-18
42498.000,6.319E-18
42499.000,6.317E-18
42500.000,6.317E-18
42501.000,6.316E-18
42502.000,6.315E-18
42503.000,6.314E-18
42504.000,6.312E-18
42505.000,6.311E-18
42506.000,6.309E-18
42507.000,6.307E-18
42508.000,6.306E-18
42509.000,6.304E-18
42510.000,6.302E-18
42511.000,6.300E-18
42512.000,6.299E-18
42513.000,6.296E-18
42514.000,6.293E-18
42515.000,6.291E-18
42516.000,6.290E-18
42517.000,6.288E-18
42518.000,6.286E-18
42519.000,6.284E-18
42520.000,6.282E-18
42521.000,6.280E-18
42522.000,6.278E-18
42523.000,6.278E-18
42524.000,6.278E-18
42525.000,6.279E-18
42526.000,6.279E-18
42527.000,6.279E-18
42528.000,6.278E-18
42529.000,6.276E-18
42530.000,6.274E-18
42531.000,6.272E-18
42532.000,6.271E-18
42533.000,6.270E-18
42534.000,6.269E-18
42535.000,6.268E-18
42536.000,6.267E-18
42537.000,6.266E-18
42538.000,6.267E-18
42539.000,6.268E-18
42540.000,6.267E-18
42541.000,6.267E-18
42542.000,6.266E-18
42543.000,6.264E-18
42544.000,6.262E-18
42545.000,6.260E-18
42546.000,6.259E-18
42547.000,6.258E-18
42548.000,6.257E-18
42549.000,6.256E-18
42550.000,6.256E-18
42551.000,6.256E-18
42552.000,6.256E-18
42553.000,6.255E-18
42554.000,6.255E-18
42555.000,6.254E-18
42556.000,6.253E-18
42557.000,6.253E-18
42558.000,6.253E-18
42559.000,6.253E-18
42560.000,6.254E-18
42561.000,6.255E-18
42562.000,6.255E-18
42563.000,6.255E-18
42564.000,6.255E-18
42565.000,6.256E-18
42566.000,6.256E-18
42567.000,6.256E-18
42568.000,6.256E-18
42569.000,6.257E-18
42570.000,6.256E-18
42571.000,6.255E-18
42572.000,6.255E-18
42573.000,6.255E-18
42574.000,6.253E-18
42575.000,6.252E-18
42576.000,6.250E-18
42577.000,6.249E-18
42578.000,6.249E-18
42579.000,6.248E-18
42580.000,6.248E-18
42581.000,6.248E-18
42582.000,6.247E-18
42583.000,6.247E-18
42584.000,6.247E-18
42585.000,6.246E-18
42586.000,6.246E-18
42587.000,6.245E-18
42588.000,6.244E-18
42589.000,6.241E-18
42590.000,6.240E-18
42591.000,6.239E-18
42592.000,6.238E-18
42593.000,6.238E-18
42594.000,6.238E-18
42595.000,6.238E-18
42596.000,6.237E-18
42597.000,6.236E-18
42598.000,6.236E-18
42599.000,6.235E-18
42600.000,6.232E-18
42601.000,6.230E-18
42602.000,6.229E-18
42603.000,6.227E-18
42604.000,6.225E-18
42605.000,6.223E-18
42606.000,6.222E-18
42607.000,6.221E-18
42608.000,6.220E-18
42609.000,6.219E-18
42610.000,6.218E-18
42611.000,6.217E-18
42612.000,6.215E-18
42613.000,6.213E-18
42614.000,6.211E-18
42615.000,6.209E-18
42616.000,6.207E-18
42617.000,6.204E-18
42618.000,6.198E-18
42619.000,6.196E-18
42620.000,6.194E-18
42621.000,6.192E-18
42622.000,6.191E-18
42623.000,6.190E-18
42624.000,6.189E-18
42625.000,6.188E-18
42626.000,6.186E-18
42627.000,6.184E-18
42628.000,6.182E-18
42629.000,6.178E-18
42630.000,6.177E-18
42631.000,6.176E-18
42632.000,6.175E-18
42633.000,6.174E-18
42634.000,6.174E-18
42635.000,6.174E-18
42636.000,6.172E-18
42637.000,6.170E-18
42638.000,6.167E-18
42639.000,6.164E-18
42640.000,6.162E-18
42641.000,6.159E-18
42642.000,6.156E-18
42643.000,6.154E-18
42644.000,6.152E-18
42645.000,6.150E-18
42646.000,6.149E-18
42647.000,6.148E-18
42648.000,6.147E-18
42649.000,6.146E-18
42650.000,6.144E-18
42651.000,6.142E-18
42652.000,6.141E-18
42653.000,6.139E-18
42654.000,6.137E-18
42655.000,6.135E-18
42656.000,6.133E-18
42657.000,6.131E-18
42658.000,6.125E-18
42659.000,6.122E-18
42660.000,6.120E-18
42661.000,6.118E-18
42662.000,6.116E-18
42663.000,6.113E-18
42664.000,6.111E-18
42665.000,6.108E-18
42666.000,6.105E-18
42667.000,6.103E-18
42668.000,6.101E-18
42669.000,6.095E-18
42670.000,6.092E-18
42671.000,6.089E-18
42672.000,6.085E-18
42673.000,6.082E-18
42674.000,6.079E-18
42675.000,6.076E-18
42676.000,6.073E-18
42677.000,6.070E-18
42678.000,6.067E-18
42679.000,6.064E-18
42680.000,6.060E-18
42681.000,6.057E-18
42682.000,6.054E-18
42683.000,6.052E-18
42684.000,6.049E-18
42685.000,6.045E-18
42686.000,6.042E-18
42687.000,6.038E-18
42688.000,6.035E-18
42689.000,6.028E-18
42690.000,6.025E-18
42691.000,6.022E-18
42692.000,6.019E-18
42693.000,6.016E-18
42694.000,6.013E-18
42695.000,6.011E-18
42696.000,6.009E-18
42697.000,6.006E-18
42698.000,6.003E-18
42699.000,6.000E-18
42700.000,5.993E-18
42701.000,5.990E-18
42702.000,5.986E-18
42703.000,5.983E-18
42704.000,5.980E-18
42705.000,5.977E-18
42706.000,5.975E-18
42707.000,5.972E-18
42708.000,5.969E-18
42709.000,5.963E-18
42710.000,5.960E-18
42711.000,5.958E-18
42712.000,5.955E-18
42713.000,5.951E-18
42714.000,5.949E-18
42715.000,5.946E-18
42716.000,5.942E-18
42717.000,5.939E-18
42718.000,5.935E-18
42719.000,5.932E-18
42720.000,5.925E-18
42721.000,5.922E-18
42722.000,5.919E-18
42723.000,5.915E-18
42724.000,5.912E-18
42725.000,5.908E-18
42726.000,5.905E-18
42727.000,5.902E-18
42728.000,5.899E-18
42729.000,5.897E-18
42730.000,5.895E-18
42731.000,5.889E-18
42732.000,5.886E-18
42733.000,5.883E-18
42734.000,5.881E-18
42735.000,5.878E-18
42736.000,5.876E-18
42737.000,5.874E-18
42738.000,5.871E-18
42739.000,5.869E-18
42740.000,5.866E-18
42741.000,5.863E-18
42742.000,5.859E-18
42743.000,5.856E-18
42744.000,5.853E-18
42745.000,5.850E-18
42746.000,5.847E-18
42747.000,5.844E-18
42748.000,5.842E-18
42749.000,5.840E-18
42750.000,5.837E-18
42751.000,5.833E-18
42752.000,5.832E-18
42753.000,5.830E-18
42754.000,5.828E-18
42755.000,5.826E-18
42756.000,5.825E-18
42757.000,5.823E-18
42758.000,5.821E-18
42759.000,5.819E-18
42760.000,5.817E-18
42761.000,5.815E-18
42762.000,5.810E-18
42763.000,5.808E-18
42764.000,5.807E-18
42765.000,5.805E-18
42766.000,5.803E-18
42767.000,5.801E-18
42768.000,5.799E-18
42769.000,5.796E-18
42770.000,5.793E-18
42771.000,5.792E-18
42772.000,5.790E-18
42773.000,5.785E-18
42774.000,5.783E-18
42775.000,5.781E-18
42776.000,5.780E-18
42777.000,5.779E-18
42778.000,5.778E-18
42779.000,5.777E-18
42780.000,5.776E-18
42781.000,5.775E-18
42782.000,5.773E-18
42783.000,5.772E-18
42784.000,5.768E-18
42785.000,5.765E-18
42786.000,5.763E-18
42787.000,5.761E-18
42788.000,5.759E-18
42789.000,5.758E-18
42790.000,5.756E-18
42791.000,5.755E-18
42792.000,5.755E-18
42793.000,5.754E-18
42794.000,5.754E-18
42795.000,5.752E-18
42796.000,5.751E-18
42797.000,5.750E-18
42798.000,5.748E-18
42799.000,5.746E-18
42800.000,5.744E-18
42801.000,5.741E-18
42802.000,5.739E-18
42803.000,5.737E-18
42804.000,5.736E-18
42805.000,5.735E-18
42806.000,5.734E-18
42807.000,5.733E-18
42808.000,5.733E-18
42809.000,5.732E-18
42810.000,5.730E-18
42811.000,5.729E-18
42812.000,5.728E-18
42813.000,5.726E-18
42814.000,5.723E-18
42815.000,5.721E-18
42816.000,5.719E-18
42817.000,5.715E-18
42818.000,5.714E-18
42819.000,5.713E-18
42820.000,5.713E-18
42821.000,5.712E-18
42822.000,5.711E-18
42823.000,5.710E-18
42824.000,5.708E-18
42825.000,5.706E-18
42826.000,5.706E-18
42827.000,5.705E-18
42828.000,5.702E-18
42829.000,5.702E-18
42830.000,5.701E-18
42831.000,5.700E-18
42832.000,5.699E-18
42833.000,5.699E-18
42834.000,5.699E-18
42835.000,5.698E-18
42836.000,5.697E-18
42837.000,5.695E-18
42838.000,5.693E-18
42839.000,5.688E-18
42840.000,5.686E-18
42841.000,5.685E-18
42842.000,5.684E-18
42843.000,5.682E-18
42844.000,5.682E-18
42845.000,5.681E-18
42846.000,5.681E-18
42847.000,5.681E-18
42848.000,5.680E-18
42849.000,5.679E-18
42850.000,5.676E-18
42851.000,5.673E-18
42852.000,5.670E-18
42853.000,5.668E-18
42854.000,5.665E-18
42855.000,5.663E-18
42856.000,5.661E-18
42857.000,5.659E-18
42858.000,5.657E-18
42859.000,5.656E-18
42860.000,5.654E-18
42861.000,5.652E-18
42862.000,5.650E-18
42863.000,5.649E-18
42864.000,5.648E-18
42865.000,5.647E-18
42866.000,5.645E-18
42867.000,5.644E-18
42868.000,5.643E-18
42869.000,5.642E-18
42870.000,5.642E-18
42871.000,5.641E-18
42872.000,5.639E-18
42873.000,5.638E-18
42874.000,5.638E-18
42875.000,5.637E-18
42876.000,5.635E-18
42877.000,5.634E-18
42878.000,5.632E-18
42879.000,5.630E-18
42880.000,5.629E-18
42881.000,5.627E-18
42882.000,5.625E-18
42883.000,5.622E-18
42884.000,5.621E-18
42885.000,5.619E-18
42886.000,5.617E-18
42887.000,5.615E-18
42888.000,5.614E-18
42889.000,5.613E-18
42890.000,5.611E-18
42891.000,5.609E-18
42892.000,5.607E-18
42893.000,5.604E-18
42894.000,5.601E-18
42895.000,5.598E-18
42896.000,5.594E-18
42897.000,5.593E-18
42898.000,5.591E-18
42899.000,5.590E-18
42900.000,5.589E-18
42901.000,5.587E-18
42902.000,5.585E-18
42903.000,5.583E-18
42904.000,5.582E-18
42905.000,5.580E-18
42906.000,5.578E-18
42907.000,5.574E-18
42908.000,5.572E-18
42909.000,5.570E-18
42910.000,5.569E-18
42911.000,5.568E-18
42912.000,5.567E-18
42913.000,5.566E-18
42914.000,5.564E-18
42915.000,5.563E-18
42916.000,5.561E-18
42917.000,5.559E-18
42918.000,5.556E-18
42919.000,5.554E-18
42920.000,5.553E-18
42921.000,5.553E-18
42922.000,5.553E-18
42923.000,5.552E-18
42924.000,5.551E-18
42925.000,5.549E-18
42926.000,5.548E-18
42927.000,5.546E-18
42928.000,5.544E-18
42929.000,5.542E-18
42930.000,5.539E-18
42931.000,5.532E-18
42932.000,5.530E-18
42933.000,5.528E-18
42934.000,5.526E-18
42935.000,5.524E-18
42936.000,5.523E-18
42937.000,5.522E-18
42938.000,5.520E-18
42939.000,5.518E-18
42940.000,5.516E-18
42941.000,5.515E-18
42942.000,5.512E-18
42943.000,5.511E-18
42944.000,5.509E-18
42945.000,5.508E-18
42946.000,5.508E-18
42947.000,5.507E-18
42948.000,5.506E-18
42949.000,5.505E-18
42950.000,5.503E-18
42951.000,5.502E-18
42952.000,5.501E-18
42953.000,5.498E-18
42954.000,5.496E-18
42955.000,5.495E-18
42956.000,5.493E-18
42957.000,5.492E-18
42958.000,5.491E-18
42959.000,5.489E-18
42960.000,5.488E-18
42961.000,5.487E-18
42962.000,5.485E-18
42963.000,5.482E-18
42964.000,5.479E-18
42965.000,5.476E-18
42966.000,5.472E-18
42967.000,5.470E-18
42968.000,5.468E-18
42969.000,5.466E-18
42970.000,5.464E-18
42971.000,5.461E-18
42972.000,5.459E-18
42973.000,5.458E-18
42974.000,5.456E-18
42975.000,5.454E-18
42976.000,5.453E-18
42977.000,5.449E-18
42978.000,5.446E-18
42979.000,5.444E-18
42980.000,5.441E-18
42981.000,5.439E-18
42982.000,5.437E-18
42983.000,5.435E-18
42984.000,5.433E-18
42985.000,5.430E-18
42986.000,5.428E-18
42987.000,5.426E-18
42988.000,5.424E-18
42989.000,5.421E-18
42990.000,5.416E-18
42991.000,5.413E-18
42992.000,5.411E-18
42993.000,5.409E-18
42994.000,5.407E-18
42995.000,5.405E-18
42996.000,5.402E-18
42997.000,5.400E-18
42998.000,5.399E-18
42999.000,5.397E-18
43000.000,5.396E-18
43001.000,5.394E-18
43002.000,5.392E-18
43003.000,5.387E-18
43004.000,5.385E-18
43005.000,5.384E-18
43006.000,5.383E-18
43007.000,5.381E-18
43008.000,5.378E-18
43009.000,5.376E-18
43010.000,5.374E-18
43011.000,5.372E-18
43012.000,5.371E-18
43013.000,5.369E-18
43014.000,5.367E-18
43015.000,5.365E-18
43016.000,5.363E-18
43017.000,5.362E-18
43018.000,5.360E-18
43019.000,5.358E-18
43020.000,5.357E-18
43021.000,5.355E-18
43022.000,5.353E-18
43023.000,5.351E-18
43024.000,5.348E-18
43025.000,5.346E-18
43026.000,5.344E-18
43027.000,5.339E-18
43028.000,5.336E-18
43029.000,5.333E-18
43030.000,5.330E-18
43031.000,5.328E-18
43032.000,5.326E-18
43033.000,5.324E-18
43034.000,5.322E-18
43035.000,5.321E-18
43036.000,5.320E-18
43037.000,5.319E-18
43038.000,5.318E-18
43039.000,5.317E-18
43040.000,5.314E-18
43041.000,5.313E-18
43042.000,5.311E-18
43043.000,5.308E-18
43044.000,5.306E-18
43045.000,5.304E-18
43046.000,5.302E-18
43047.000,5.300E-18
43048.000,5.298E-18
43049.000,5.296E-18
43050.000,5.295E-18
43051.000,5.291E-18
43052.000,5.289E-18
43053.000,5.287E-18
43054.000,5.286E-18
43055.000,5.284E-18
43056.000,5.283E-18
43057.000,5.282E-18
43058.000,5.281E-18
43059.000,5.280E-18
43060.000,5.279E-18
43061.000,5.277E-18
43062.000,5.276E-18
43063.000,5.275E-18
43064.000,5.272E-18
43065.000,5.269E-18
43066.000,5.267E-18
43067.000,5.264E-18
43068.000,5.262E-18
43069.000,5.260E-18
43070.000,5.257E-18
43071.000,5.255E-18
43072.000,5.253E-18
43073.000,5.251E-18
43074.000,5.249E-18
43075.000,5.248E-18
43076.000,5.246E-18
43077.000,5.243E-18
43078.000,5.241E-18
43079.000,5.240E-18
43080.000,5.239E-18
43081.000,5.237E-18
43082.000,5.235E-18
43083.000,5.233E-18
43084.000,5.231E-18
43085.000,5.229E-18
43086.000,5.227E-18
43087.000,5.225E-18
43088.000,5.223E-18
43089.000,5.221E-18
43090.000,5.219E-18
43091.000,5.218E-18
43092.000,5.216E-18
43093.000,5.215E-18
43094.000,5.214E-18
43095.000,5.213E-18
43096.000,5.211E-18
43097.000,5.208E-18
43098.000,5.206E-18
43099.000,5.203E-18
43100.000,5.200E-18
43101.000,5.197E-18
43102.000,5.194E-18
43103.000,5.191E-18
43104.000,5.189E-18
43105.000,5.187E-18
43106.000,5.186E-18
43107.000,5.184E-18
43108.000,5.183E-18
43109.000,5.182E-18
43110.000,5.181E-18
43111.000,5.181E-18
43112.000,5.180E-18
43113.000,5.179E-18
43114.000,5.177E-18
43115.000,5.174E-18
43116.000,5.171E-18
43117.000,5.169E-18
43118.000,5.167E-18
43119.000,5.165E-18
43120.000,5.163E-18
43121.000,5.161E-18
43122.000,5.159E-18
43123.000,5.157E-18
43124.000,5.154E-18
43125.000,5.152E-18
43126.000,5.151E-18
43127.000,5.149E-18
43128.000,5.147E-18
43129.000,5.143E-18
43130.000,5.141E-18
43131.000,5.140E-18
43132.000,5.138E-18
43133.000,5.136E-18
43134.000,5.134E-18
43135.000,5.132E-18
43136.000,5.130E-18
43137.000,5.127E-18
43138.000,5.125E-18
43139.000,5.123E-18
43140.000,5.121E-18
43141.000,5.119E-18
43142.000,5.116E-18
43143.000,5.115E-18
43144.000,5.113E-18
43145.000,5.111E-18
43146.000,5.109E-18
43147.000,5.107E-18
43148.000,5.105E-18
43149.000,5.103E-18
43150.000,5.101E-18
43151.000,5.099E-18
43152.000,5.097E-18
43153.000,5.095E-18
43154.000,5.093E-18
43155.000,5.091E-18
43156.000,5.089E-18
43157.000,5.085E-18
43158.000,5.084E-18
43159.000,5.082E-18
43160.000,5.080E-18
43161.000,5.078E-18
43162.000,5.076E-18
43163.000,5.073E-18
43164.000,5.071E-18
43165.000,5.069E-18
43166.000,5.067E-18
43167.000,5.065E-18
43168.000,5.062E-18
43169.000,5.059E-18
43170.000,5.055E-18
43171.000,5.052E-18
43172.000,5.050E-18
43173.000,5.048E-18
43174.000,5.046E-18
43175.000,5.044E-18
43176.000,5.043E-18
43177.000,5.041E-18
43178.000,5.039E-18
43179.000,5.037E-18
43180.000,5.035E-18
43181.000,5.033E-18
43182.000,5.031E-18
43183.000,5.027E-18
43184.000,5.025E-18
43185.000,5.023E-18
43186.000,5.022E-18
43187.000,5.020E-18
43188.000,5.018E-18
43189.000,5.017E-18
43190.000,5.016E-18
43191.000,5.014E-18
43192.000,5.012E-18
43193.000,5.010E-18
43194.000,5.008E-18
43195.000,5.005E-18
43196.000,5.003E-18
43197.000,5.002E-18
43198.000,4.998E-18
43199.000,4.996E-18
43200.000,4.993E-18
43201.000,4.991E-18
43202.000,4.990E-18
43203.000,4.988E-18
43204.000,4.986E-18
43205.000,4.984E-18
43206.000,4.982E-18
43207.000,4.981E-18
43208.000,4.980E-18
43209.000,4.978E-18
43210.000,4.976E-18
43211.000,4.973E-18
43212.000,4.970E-18
43213.000,4.967E-18
43214.000,4.963E-18
43215.000,4.960E-18
43216.000,4.957E-18
43217.000,4.954E-18
43218.000,4.951E-18
43219.000,4.948E-18
43220.000,4.947E-18
43221.000,4.945E-18
43222.000,4.944E-18
43223.000,4.943E-18
43224.000,4.941E-18
43225.000,4.940E-18
43226.000,4.937E-18
43227.000,4.935E-18
43228.000,4.934E-18
43229.000,4.932E-18
43230.000,4.929E-18
43231.000,4.926E-18
43232.000,4.924E-18
43233.000,4.922E-18
43234.000,4.920E-18
43235.000,4.919E-18
43236.000,4.918E-18
43237.000,4.916E-18
43238.000,4.914E-18
43239.000,4.913E-18
43240.000,4.911E-18
43241.000,4.907E-18
43242.000,4.906E-18
43243.000,4.904E-18
43244.000,4.902E-18
43245.000,4.900E-18
43246.000,4.898E-18
43247.000,4.895E-18
43248.000,4.894E-18
43249.000,4.893E-18
43250.000,4.892E-18
43251.000,4.891E-18
43252.000,4.890E-18
43253.000,4.889E-18
43254.000,4.887E-18
43255.000,4.885E-18
43256.000,4.883E-18
43257.000,4.881E-18
43258.000,4.880E-18
43259.000,4.879E-18
43260.000,4.877E-18
43261.000,4.875E-18
43262.000,4.874E-18
43263.000,4.873E-18
43264.000,4.872E-18
43265.000,4.871E-18
43266.000,4.870E-18
43267.000,4.868E-18
43268.000,4.867E-18
43269.000,4.864E-18
43270.000,4.862E-18
43271.000,4.860E-18
43272.000,4.858E-18
43273.000,4.857E-18
43274.000,4.856E-18
43275.000,4.855E-18
43276.000,4.854E-18
43277.000,4.853E-18
43278.000,4.852E-18
43279.000,4.851E-18
43280.000,4.850E-18
43281.000,4.849E-18
43282.000,4.847E-18
43283.000,4.846E-18
43284.000,4.843E-18
43285.000,4.841E-18
43286.000,4.839E-18
43287.000,4.838E-18
43288.000,4.837E-18
43289.000,4.836E-18
43290.000,4.834E-18
43291.000,4.832E-18
43292.000,4.830E-18
43293.000,4.829E-18
43294.000,4.828E-18
43295.000,4.826E-18
43296.000,4.825E-18
43297.000,4.824E-18
43298.000,4.823E-18
43299.000,4.819E-18
43300.000,4.817E-18
43301.000,4.816E-18
43302.000,4.815E-18
43303.000,4.813E-18
43304.000,4.811E-18
43305.000,4.810E-18
43306.000,4.809E-18
43307.000,4.807E-18
43308.000,4.806E-18
43309.000,4.805E-18
43310.000,4.804E-18
43311.000,4.803E-18
43312.000,4.801E-18
43313.000,4.799E-18
43314.000,4.795E-18
43315.000,4.793E-18
43316.000,4.792E-18
43317.000,4.791E-18
43318.000,4.790E-18
43319.000,4.789E-18
43320.000,4.788E-18
43321.000,4.786E-18
43322.000,4.785E-18
43323.000,4.784E-18
43324.000,4.782E-18
43325.000,4.780E-18
43326.000,4.778E-18
43327.000,4.776E-18
43328.000,4.773E-18
43329.000,4.770E-18
43330.000,4.769E-18
43331.000,4.767E-18
43332.000,4.765E-18
43333.000,4.764E-18
43334.000,4.762E-18
43335.000,4.760E-18
43336.000,4.758E-18
43337.000,4.756E-18
43338.000,4.754E-18
43339.000,4.752E-18
43340.000,4.750E-18
43341.000,4.748E-18
43342.000,4.747E-18
43343.000,4.746E-18
43344.000,4.743E-18
43345.000,4.741E-18
43346.000,4.739E-18
43347.000,4.737E-18
43348.000,4.736E-18
43349.000,4.735E-18
43350.000,4.733E-18
43351.000,4.731E-18
43352.000,4.729E-18
43353.000,4.728E-18
43354.000,4.726E-18
43355.000,4.724E-18
43356.000,4.723E-18
43357.000,4.722E-18
43358.000,4.721E-18
43359.000,4.718E-18
43360.000,4.716E-18
43361.000,4.715E-18
43362.000,4.713E-18
43363.000,4.711E-18
43364.000,4.709E-18
43365.000,4.708E-18
43366.000,4.707E-18
43367.000,4.706E-18
43368.000,4.704E-18
43369.000,4.702E-18
43370.000,4.701E-18
43371.000,4.700E-18
43372.000,4.699E-18
43373.000,4.697E-18
43374.000,4.695E-18
43375.000,4.693E-18
43376.000,4.690E-18
43377.000,4.688E-18
43378.000,4.687E-18
43379.000,4.686E-18
43380.000,4.684E-18
43381.000,4.682E-18
43382.000,4.680E-18
43383.000,4.678E-18
43384.000,4.676E-18
43385.000,4.673E-18
43386.000,4.671E-18
43387.000,4.669E-18
43388.000,4.667E-18
43389.000,4.664E-18
43390.000,4.661E-18
43391.000,4.657E-18
43392.000,4.655E-18
43393.000,4.653E-18
43394.000,4.652E-18
43395.000,4.650E-18
43396.000,4.648E-18
43397.000,4.646E-18
43398.000,4.644E-18
43399.000,4.642E-18
43400.000,4.639E-18
43401.000,4.636E-18
43402.000,4.634E-18
43403.000,4.632E-18
43404.000,4.631E-18
43405.000,4.629E-18
43406.000,4.627E-18
43407.000,4.626E-18
43408.000,4.624E-18
43409.000,4.623E-18
43410.000,4.622E-18
43411.000,4.620E-18
43412.000,4.618E-18
43413.000,4.616E-18
43414.000,4.614E-18
43415.000,4.611E-18
43416.000,4.608E-18
43417.000,4.605E-18
43418.000,4.603E-18
43419.000,4.601E-18
43420.000,4.599E-18
43421.000,4.598E-18
43422.000,4.596E-18
43423.000,4.594E-18
43424.000,4.593E-18
43425.000,4.591E-18
43426.000,4.591E-18
43427.000,4.590E-18
43428.000,4.588E-18
43429.000,4.587E-18
43430.000,4.585E-18
43431.000,4.583E-18
43432.000,4.580E-18
43433.000,4.578E-18
43434.000,4.575E-18
43435.000,4.572E-18
43436.000,4.570E-18
43437.000,4.567E-18
43438.000,4.564E-18
43439.000,4.562E-18
43440.000,4.558E-18
43441.000,4.557E-18
43442.000,4.556E-18
43443.000,4.555E-18
43444.000,4.554E-18
43445.000,4.553E-18
43446.000,4.552E-18
43447.000,4.550E-18
43448.000,4.548E-18
43449.000,4.546E-18
43450.000,4.545E-18
43451.000,4.543E-18
43452.000,4.541E-18
43453.000,4.539E-18
43454.000,4.537E-18
43455.000,4.535E-18
43456.000,4.533E-18
43457.000,4.530E-18
43458.000,4.529E-18
43459.000,4.528E-18
43460.000,4.526E-18
43461.000,4.525E-18
43462.000,4.524E-18
43463.000,4.522E-18
43464.000,4.520E-18
43465.000,4.519E-18
43466.000,4.518E-18
43467.000,4.516E-18
43468.000,4.514E-18
43469.000,4.512E-18
43470.000,4.510E-18
43471.000,4.508E-18
43472.000,4.506E-18
43473.000,4.504E-18
43474.000,4.501E-18
43475.000,4.500E-18
43476.000,4.499E-18
43477.000,4.498E-18
43478.000,4.498E-18
43479.000,4.497E-18
43480.000,4.496E-18
43481.000,4.494E-18
43482.000,4.492E-18
43483.000,4.490E-18
43484.000,4.489E-18
43485.000,4.486E-18
43486.000,4.483E-18
43487.000,4.481E-18
43488.000,4.478E-18
43489.000,4.476E-18
43490.000,4.474E-18
43491.000,4.470E-18
43492.000,4.468E-18
43493.000,4.466E-18
43494.000,4.464E-18
43495.000,4.463E-18
43496.000,4.461E-18
43497.000,4.459E-18
43498.000,4.458E-18
43499.000,4.457E-18
43500.000,4.455E-18
43501.000,4.453E-18
43502.000,4.451E-18
43503.000,4.450E-18
43504.000,4.449E-18
43505.000,4.448E-18
43506.000,4.447E-18
43507.000,4.446E-18
43508.000,4.444E-18
43509.000,4.443E-18
43510.000,4.440E-18
43511.000,4.438E-18
43512.000,4.437E-18
43513.000,4.436E-18
43514.000,4.434E-18
43515.000,4.432E-18
43516.000,4.430E-18
43517.000,4.429E-18
43518.000,4.428E-18
43519.000,4.427E-18
43520.000,4.425E-18
43521.000,4.423E-18
43522.000,4.422E-18
43523.000,4.421E-18
43524.000,4.419E-18
43525.000,4.418E-18
43526.000,4.417E-18
43527.000,4.414E-18
43528.000,4.413E-18
43529.000,4.412E-18
43530.000,4.411E-18
43531.000,4.410E-18
43532.000,4.409E-18
43533.000,4.408E-18
43534.000,4.406E-18
43535.000,4.404E-18
43536.000,4.402E-18
43537.000,4.400E-18
43538.000,4.397E-18
43539.000,4.395E-18
43540.000,4.393E-18
43541.000,4.391E-18
43542.000,4.388E-18
43543.000,4.386E-18
43544.000,4.385E-18
43545.000,4.383E-18
43546.000,4.380E-18
43547.000,4.379E-18
43548.000,4.378E-18
43549.000,4.376E-18
43550.000,4.375E-18
43551.000,4.373E-18
43552.000,4.371E-18
43553.000,4.368E-18
43554.000,4.366E-18
43555.000,4.365E-18
43556.000,4.363E-18
43557.000,4.362E-18
43558.000,4.361E-18
43559.000,4.360E-18
43560.000,4.359E-18
43561.000,4.357E-18
43562.000,4.355E-18
43563.000,4.353E-18
43564.000,4.351E-18
43565.000,4.349E-18
43566.000,4.346E-18
43567.000,4.344E-18
43568.000,4.341E-18
43569.000,4.339E-18
43570.000,4.338E-18
43571.000,4.336E-18
43572.000,4.335E-18
43573.000,4.334E-18
43574.000,4.333E-18
43575.000,4.331E-18
43576.000,4.330E-18
43577.000,4.329E-18
43578.000,4.327E-18
43579.000,4.326E-18
43580.000,4.325E-18
43581.000,4.323E-18
43582.000,4.320E-18
43583.000,4.319E-18
43584.000,4.317E-18
43585.000,4.315E-18
43586.000,4.313E-18
43587.000,4.312E-18
43588.000,4.311E-18
43589.000,4.310E-18
43590.000,4.308E-18
43591.000,4.306E-18
43592.000,4.304E-18
43593.000,4.302E-18
43594.000,4.300E-18
43595.000,4.298E-18
43596.000,4.296E-18
43597.000,4.294E-18
43598.000,4.292E-18
43599.000,4.291E-18
43600.000,4.289E-18
43601.000,4.285E-18
43602.000,4.283E-18
43603.000,4.281E-18
43604.000,4.279E-18
43605.000,4.277E-18
43606.000,4.274E-18
43607.000,4.272E-18
43608.000,4.271E-18
43609.000,4.269E-18
43610.000,4.267E-18
43611.000,4.265E-18
43612.000,4.264E-18
43613.000,4.263E-18
43614.000,4.262E-18
43615.000,4.260E-18
43616.000,4.257E-18
43617.000,4.255E-18
43618.000,4.252E-18
43619.000,4.250E-18
43620.000,4.247E-18
43621.000,4.245E-18
43622.000,4.240E-18
43623.000,4.239E-18
43624.000,4.238E-18
43625.000,4.236E-18
43626.000,4.234E-18
43627.000,4.232E-18
43628.000,4.231E-18
43629.000,4.230E-18
43630.000,4.229E-18
43631.000,4.227E-18
43632.000,4.225E-18
43633.000,4.223E-18
43634.000,4.220E-18
43635.000,4.218E-18
43636.000,4.216E-18
43637.000,4.214E-18
43638.000,4.212E-18
43639.000,4.210E-18
43640.000,4.209E-18
43641.000,4.206E-18
43642.000,4.205E-18
43643.000,4.204E-18
43644.000,4.203E-18
43645.000,4.201E-18
43646.000,4.198E-18
43647.000,4.196E-18
43648.000,4.195E-18
43649.000,4.193E-18
43650.000,4.191E-18
43651.000,4.190E-18
43652.000,4.189E-18
43653.000,4.187E-18
43654.000,4.186E-18
43655.000,4.185E-18
43656.000,4.184E-18
43657.000,4.183E-18
43658.000,4.182E-18
43659.000,4.180E-18
43660.000,4.176E-18
43661.000,4.174E-18
43662.000,4.171E-18
43663.000,4.169E-18
43664.000,4.167E-18
43665.000,4.166E-18
43666.000,4.165E-18
43667.000,4.163E-18
43668.000,4.160E-18
43669.000,4.158E-18
43670.000,4.156E-18
43671.000,4.155E-18
43672.000,4.154E-18
43673.000,4.153E-18
43674.000,4.151E-18
43675.000,4.149E-18
43676.000,4.148E-18
43677.000,4.147E-18
43678.000,4.145E-18
43679.000,4.143E-18
43680.000,4.141E-18
43681.000,4.137E-18
43682.000,4.135E-18
43683.000,4.133E-18
43684.000,4.131E-18
43685.000,4.130E-18
43686.000,4.129E-18
43687.000,4.127E-18
43688.000,4.124E-18
43689.000,4.122E-18
43690.000,4.120E-18
43691.000,4.117E-18
43692.000,4.115E-18
43693.000,4.113E-18
43694.000,4.110E-18
43695.000,4.108E-18
43696.000,4.106E-18
43697.000,4.103E-18
43698.000,4.101E-18
43699.000,4.099E-18
43700.000,4.097E-18
43701.000,4.096E-18
43702.000,4.092E-18
43703.000,4.090E-18
43704.000,4.088E-18
43705.000,4.086E-18
43706.000,4.084E-18
43707.000,4.083E-18
43708.000,4.082E-18
43709.000,4.080E-18
43710.000,4.078E-18
43711.000,4.076E-18
43712.000,4.074E-18
43713.000,4.073E-18
43714.000,4.072E-18
43715.000,4.071E-18
43716.000,4.070E-18
43717.000,4.068E-18
43718.000,4.066E-18
43719.000,4.065E-18
43720.000,4.063E-18
43721.000,4.061E-18
43722.000,4.059E-18
43723.000,4.055E-18
43724.000,4.053E-18
43725.000,4.051E-18
43726.000,4.050E-18
43727.000,4.049E-18
43728.000,4.048E-18
43729.000,4.048E-18
43730.000,4.048E-18
43731.000,4.047E-18
43732.000,4.045E-18
43733.000,4.043E-18
43734.000,4.041E-18
43735.000,4.040E-18
43736.000,4.038E-18
43737.000,4.036E-18
43738.000,4.034E-18
43739.000,4.032E-18
43740.000,4.031E-18
43741.000,4.029E-18
43742.000,4.027E-18
43743.000,4.025E-18
43744.000,4.024E-18
43745.000,4.023E-18
43746.000,4.021E-18
43747.000,4.018E-18
43748.000,4.016E-18
43749.000,4.014E-18
43750.000,4.013E-18
43751.000,4.011E-18
43752.000,4.009E-18
43753.000,4.007E-18
43754.000,4.005E-18
43755.000,4.004E-18
43756.000,4.002E-18
43757.000,4.001E-18
43758.000,4.000E-18
43759.000,3.999E-18
43760.000,3.998E-18
43761.000,3.997E-18
43762.000,3.996E-18
43763.000,3.994E-18
43764.000,3.993E-18
43765.000,3.991E-18
43766.000,3.989E-18
43767.000,3.987E-18
43768.000,3.986E-18
43769.000,3.982E-18
43770.000,3.981E-18
43771.000,3.980E-18
43772.000,3.978E-18
43773.000,3.977E-18
43774.000,3.976E-18
43775.000,3.974E-18
43776.000,3.972E-18
43777.000,3.970E-18
43778.000,3.969E-18
43779.000,3.967E-18
43780.000,3.964E-18
43781.000,3.962E-18
43782.000,3.960E-18
43783.000,3.958E-18
43784.000,3.956E-18
43785.000,3.954E-18
43786.000,3.952E-18
43787.000,3.951E-18
43788.000,3.950E-18
43789.000,3.948E-18
43790.000,3.946E-18
43791.000,3.945E-18
43792.000,3.941E-18
43793.000,3.939E-18
43794.000,3.938E-18
43795.000,3.937E-18
43796.000,3.935E-18
43797.000,3.933E-18
43798.000,3.932E-18
43799.000,3.932E-18
43800.000,3.931E-18
43801.000,3.931E-18
43802.000,3.930E-18
43803.000,3.929E-18
43804.000,3.929E-18
43805.000,3.928E-18
43806.000,3.927E-18
43807.000,3.924E-18
43808.000,3.922E-18
43809.000,3.920E-18
43810.000,3.918E-18
43811.000,3.916E-18
43812.000,3.913E-18
43813.000,3.911E-18
43814.000,3.908E-18
43815.000,3.905E-18
43816.000,3.904E-18
43817.000,3.903E-18
43818.000,3.902E-18
43819.000,3.902E-18
43820.000,3.901E-18
43821.000,3.900E-18
43822.000,3.898E-18
43823.000,3.896E-18
43824.000,3.894E-18
43825.000,3.892E-18
43826.000,3.889E-18
43827.000,3.887E-18
43828.000,3.884E-18
43829.000,3.882E-18
43830.000,3.880E-18
43831.000,3.877E-18
43832.000,3.876E-18
43833.000,3.874E-18
43834.000,3.873E-18
43835.000,3.871E-18
43836.000,3.870E-18
43837.000,3.870E-18
43838.000,3.867E-18
43839.000,3.866E-18
43840.000,3.865E-18
43841.000,3.864E-18
43842.000,3.864E-18
43843.000,3.862E-18
43844.000,3.860E-18
43845.000,3.858E-18
43846.000,3.857E-18
43847.000,3.856E-18
43848.000,3.854E-18
43849.000,3.852E-18
43850.000,3.850E-18
43851.000,3.848E-18
43852.000,3.847E-18
43853.000,3.846E-18
43854.000,3.845E-18
43855.000,3.844E-18
43856.000,3.843E-18
43857.000,3.842E-18
43858.000,3.840E-18
43859.000,3.839E-18
43860.000,3.838E-18
43861.000,3.837E-18
43862.000,3.836E-18
43863.000,3.833E-18
43864.000,3.831E-18
43865.000,3.829E-18
43866.000,3.828E-18
43867.000,3.827E-18
43868.000,3.826E-18
43869.000,3.824E-18
43870.000,3.822E-18
43871.000,3.821E-18
43872.000,3.819E-18
43873.000,3.817E-18
43874.000,3.815E-18
43875.000,3.814E-18
43876.000,3.813E-18
43877.000,3.812E-18
43878.000,3.810E-18
43879.000,3.809E-18
43880.000,3.808E-18
43881.000,3.807E-18
43882.000,3.806E-18
43883.000,3.805E-18
43884.000,3.804E-18
43885.000,3.803E-18
43886.000,3.802E-18
43887.000,3.802E-18
43888.000,3.802E-18
43889.000,3.802E-18
43890.000,3.799E-18
43891.000,3.799E-18
43892.000,3.798E-18
43893.000,3.795E-18
43894.000,3.793E-18
43895.000,3.791E-18
43896.000,3.789E-18
43897.000,3.787E-18
43898.000,3.785E-18
43899.000,3.783E-18
43900.000,3.781E-18
43901.000,3.780E-18
43902.000,3.778E-18
43903.000,3.777E-18
43904.000,3.776E-18
43905.000,3.775E-18
43906.000,3.775E-18
43907.000,3.775E-18
43908.000,3.775E-18
43909.000,3.774E-18
43910.000,3.773E-18
43911.000,3.772E-18
43912.000,3.772E-18
43913.000,3.771E-18
43914.000,3.770E-18
43915.000,3.768E-18
43916.000,3.766E-18
43917.000,3.761E-18
43918.000,3.759E-18
43919.000,3.757E-18
43920.000,3.756E-18
43921.000,3.755E-18
43922.000,3.753E-18
43923.000,3.752E-18
43924.000,3.751E-18
43925.000,3.750E-18
43926.000,3.749E-18
43927.000,3.749E-18
43928.000,3.748E-18
43929.000,3.747E-18
43930.000,3.745E-18
43931.000,3.743E-18
43932.000,3.741E-18
43933.000,3.739E-18
43934.000,3.737E-18
43935.000,3.735E-18
43936.000,3.734E-18
43937.000,3.733E-18
43938.000,3.732E-18
43939.000,3.731E-18
43940.000,3.730E-18
43941.000,3.728E-18
43942.000,3.727E-18
43943.000,3.726E-18
43944.000,3.721E-18
43945.000,3.718E-18
43946.000,3.716E-18
43947.000,3.713E-18
43948.000,3.710E-18
43949.000,3.707E-18
43950.000,3.705E-18
43951.000,3.704E-18
43952.000,3.702E-18
43953.000,3.700E-18
43954.000,3.699E-18
43955.000,3.697E-18
43956.000,3.695E-18
43957.000,3.693E-18
43958.000,3.692E-18
43959.000,3.691E-18
43960.000,3.690E-18
43961.000,3.688E-18
43962.000,3.686E-18
43963.000,3.684E-18
43964.000,3.682E-18
43965.000,3.680E-18
43966.000,3.678E-18
43967.000,3.676E-18
43968.000,3.673E-18
43969.000,3.671E-18
43970.000,3.670E-18
43971.000,3.667E-18
43972.000,3.665E-18
43973.000,3.662E-18
43974.000,3.662E-18
43975.000,3.661E-18
43976.000,3.659E-18
43977.000,3.657E-18
43978.000,3.655E-18
43979.000,3.653E-18
43980.000,3.650E-18
43981.000,3.647E-18
43982.000,3.645E-18
43983.000,3.642E-18
43984.000,3.641E-18
43985.000,3.639E-18
43986.000,3.637E-18
43987.000,3.636E-18
43988.000,3.635E-18
43989.000,3.634E-18
43990.000,3.633E-18
43991.000,3.632E-18
43992.000,3.630E-18
43993.000,3.629E-18
43994.000,3.627E-18
43995.000,3.625E-18
43996.000,3.623E-18
43997.000,3.621E-18
43998.000,3.619E-18
43999.000,3.617E-18
44000.000,3.616E-18
44001.000,3.614E-18
44002.000,3.611E-18
44003.000,3.610E-18
44004.000,3.608E-18
44005.000,3.607E-18
44006.000,3.606E-18
44007.000,3.604E-18
44008.000,3.601E-18
44009.000,3.599E-18
44010.000,3.597E-18
44011.000,3.595E-18
44012.000,3.593E-18
44013.000,3.591E-18
44014.000,3.589E-18
44015.000,3.587E-18
44016.000,3.584E-18
44017.000,3.582E-18
44018.000,3.580E-18
44019.000,3.579E-18
44020.000,3.578E-18
44021.000,3.576E-18
44022.000,3.574E-18
44023.000,3.573E-18
44024.000,3.571E-18
44025.000,3.569E-18
44026.000,3.567E-18
44027.000,3.566E-18
44028.000,3.564E-18
44029.000,3.562E-18
44030.000,3.560E-18
44031.000,3.558E-18
44032.000,3.557E-18
44033.000,3.553E-18
44034.000,3.551E-18
44035.000,3.550E-18
44036.000,3.548E-18
44037.000,3.545E-18
44038.000,3.543E-18
44039.000,3.541E-18
44040.000,3.539E-18
44041.000,3.537E-18
44042.000,3.535E-18
44043.000,3.533E-18
44044.000,3.532E-18
44045.000,3.531E-18
44046.000,3.529E-18
44047.000,3.528E-18
44048.000,3.527E-18
44049.000,3.525E-18
44050.000,3.523E-18
44051.000,3.522E-18
44052.000,3.521E-18
44053.000,3.519E-18
44054.000,3.517E-18
44055.000,3.516E-18
44056.000,3.514E-18
44057.000,3.512E-18
44058.000,3.510E-18
44059.000,3.508E-18
44060.000,3.507E-18
44061.000,3.506E-18
44062.000,3.505E-18
44063.000,3.503E-18
44064.000,3.502E-18
44065.000,3.501E-18
44066.000,3.498E-18
44067.000,3.496E-18
44068.000,3.495E-18
44069.000,3.494E-18
44070.000,3.492E-18
44071.000,3.490E-18
44072.000,3.488E-18
44073.000,3.486E-18
44074.000,3.483E-18
44075.000,3.482E-18
44076.000,3.481E-18
44077.000,3.480E-18
44078.000,3.478E-18
44079.000,3.477E-18
44080.000,3.476E-18
44081.000,3.475E-18
44082.000,3.474E-18
44083.000,3.473E-18
44084.000,3.472E-18
44085.000,3.470E-18
44086.000,3.468E-18
44087.000,3.466E-18
44088.000,3.464E-18
44089.000,3.462E-18
44090.000,3.461E-18
44091.000,3.459E-18
44092.000,3.458E-18
44093.000,3.457E-18
44094.000,3.455E-18
44095.000,3.454E-18
44096.000,3.454E-18
44097.000,3.452E-18
44098.000,3.451E-18
44099.000,3.449E-18
44100.000,3.447E-18
44101.000,3.445E-18
44102.000,3.443E-18
44103.000,3.441E-18
44104.000,3.440E-18
44105.000,3.438E-18
44106.000,3.436E-18
44107.000,3.434E-18
44108.000,3.432E-18
44109.000,3.430E-18
44110.000,3.428E-18
44111.000,3.427E-18
44112.000,3.425E-18
44113.000,3.423E-18
44114.000,3.421E-18
44115.000,3.419E-18
44116.000,3.417E-18
44117.000,3.415E-18
44118.000,3.413E-18
44119.000,3.412E-18
44120.000,3.411E-18
44121.000,3.409E-18
44122.000,3.407E-18
44123.000,3.406E-18
44124.000,3.405E-18
44125.000,3.404E-18
44126.000,3.403E-18
44127.000,3.401E-18
44128.000,3.399E-18
44129.000,3.398E-18
44130.000,3.396E-18
44131.000,3.395E-18
44132.000,3.394E-18
44133.000,3.393E-18
44134.000,3.392E-18
44135.000,3.390E-18
44136.000,3.388E-18
44137.000,3.387E-18
44138.000,3.385E-18
44139.000,3.384E-18
44140.000,3.384E-18
44141.000,3.383E-18
44142.000,3.382E-18
44143.000,3.381E-18
44144.000,3.380E-18
44145.000,3.379E-18
44146.000,3.378E-18
44147.000,3.377E-18
44148.000,3.375E-18
44149.000,3.373E-18
44150.000,3.371E-18
44151.000,3.370E-18
44152.000,3.369E-18
44153.000,3.367E-18
44154.000,3.366E-18
44155.000,3.365E-18
44156.000,3.365E-18
44157.000,3.365E-18
44158.000,3.364E-18
44159.000,3.363E-18
44160.000,3.363E-18
44161.000,3.362E-18
44162.000,3.361E-18
44163.000,3.359E-18
44164.000,3.357E-18
44165.000,3.355E-18
44166.000,3.353E-18
44167.000,3.351E-18
44168.000,3.348E-18
44169.000,3.346E-18
44170.000,3.344E-18
44171.000,3.343E-18
44172.000,3.341E-18
44173.000,3.341E-18
44174.000,3.341E-18
44175.000,3.340E-18
44176.000,3.339E-18
44177.000,3.339E-18
44178.000,3.339E-18
44179.000,3.339E-18
44180.000,3.338E-18
44181.000,3.336E-18
44182.000,3.334E-18
44183.000,3.333E-18
44184.000,3.331E-18
44185.000,3.330E-18
44186.000,3.328E-18
44187.000,3.326E-18
44188.000,3.325E-18
44189.000,3.324E-18
44190.000,3.322E-18
44191.000,3.321E-18
44192.000,3.319E-18
44193.000,3.317E-18
44194.000,3.315E-18
44195.000,3.314E-18
44196.000,3.312E-18
44197.000,3.311E-18
44198.000,3.309E-18
44199.000,3.308E-18
44200.000,3.307E-18
44201.000,3.305E-18
44202.000,3.304E-18
44203.000,3.302E-18
44204.000,3.300E-18
44205.000,3.299E-18
44206.000,3.298E-18
44207.000,3.297E-18
44208.000,3.295E-18
44209.000,3.294E-18
44210.000,3.294E-18
44211.000,3.293E-18
44212.000,3.291E-18
44213.000,3.290E-18
44214.000,3.288E-18
44215.000,3.286E-18
44216.000,3.283E-18
44217.000,3.281E-18
44218.000,3.280E-18
44219.000,3.278E-18
44220.000,3.277E-18
44221.000,3.276E-18
44222.000,3.274E-18
44223.000,3.273E-18
44224.000,3.271E-18
44225.000,3.269E-18
44226.000,3.267E-18
44227.000,3.264E-18
44228.000,3.262E-18
44229.000,3.260E-18
44230.000,3.257E-18
44231.000,3.254E-18
44232.000,3.252E-18
44233.000,3.250E-18
44234.000,3.249E-18
44235.000,3.247E-18
44236.000,3.245E-18
44237.000,3.244E-18
44238.000,3.242E-18
44239.000,3.240E-18
44240.000,3.237E-18
44241.000,3.235E-18
44242.000,3.233E-18
44243.000,3.231E-18
44244.000,3.229E-18
44245.000,3.227E-18
44246.000,3.226E-18
44247.000,3.224E-18
44248.000,3.222E-18
44249.000,3.220E-18
44250.000,3.218E-18
44251.000,3.217E-18
44252.000,3.216E-18
44253.000,3.215E-18
44254.000,3.214E-18
44255.000,3.212E-18
44256.000,3.210E-18
44257.000,3.208E-18
44258.000,3.206E-18
44259.000,3.205E-18
44260.000,3.204E-18
44261.000,3.202E-18
44262.000,3.201E-18
44263.000,3.200E-18
44264.000,3.199E-18
44265.000,3.199E-18
44266.000,3.199E-18
44267.000,3.199E-18
44268.000,3.198E-18
44269.000,3.198E-18
44270.000,3.196E-18
44271.000,3.195E-18
44272.000,3.193E-18
44273.000,3.191E-18
44274.000,3.189E-18
44275.000,3.188E-18
44276.000,3.187E-18
44277.000,3.186E-18
44278.000,3.184E-18
44279.000,3.183E-18
44280.000,3.182E-18
44281.000,3.181E-18
44282.000,3.179E-18
44283.000,3.178E-18
44284.000,3.177E-18
44285.000,3.176E-18
44286.000,3.175E-18
44287.000,3.174E-18
44288.000,3.172E-18
44289.000,3.171E-18
44290.000,3.170E-18
44291.000,3.169E-18
44292.000,3.167E-18
44293.000,3.166E-18
44294.000,3.165E-18
44295.000,3.164E-18
44296.000,3.162E-18
44297.000,3.160E-18
44298.000,3.158E-18
44299.000,3.157E-18
44300.000,3.154E-18
44301.000,3.152E-18
44302.000,3.150E-18
44303.000,3.149E-18
44304.000,3.148E-18
44305.000,3.146E-18
44306.000,3.145E-18
44307.000,3.143E-18
44308.000,3.141E-18
44309.000,3.139E-18
44310.000,3.138E-18
44311.000,3.136E-18
44312.000,3.133E-18
44313.000,3.131E-18
44314.000,3.130E-18
44315.000,3.128E-18
44316.000,3.127E-18
44317.000,3.126E-18
44318.000,3.124E-18
44319.000,3.123E-18
44320.000,3.121E-18
44321.000,3.120E-18
44322.000,3.119E-18
44323.000,3.117E-18
44324.000,3.115E-18
44325.000,3.114E-18
44326.000,3.114E-18
44327.000,3.113E-18
44328.000,3.112E-18
44329.000,3.111E-18
44330.000,3.109E-18
44331.000,3.108E-18
44332.000,3.107E-18
44333.000,3.106E-18
44334.000,3.104E-18
44335.000,3.103E-18
44336.000,3.102E-18
44337.000,3.100E-18
44338.000,3.099E-18
44339.000,3.097E-18
44340.000,3.095E-18
44341.000,3.094E-18
44342.000,3.092E-18
44343.000,3.090E-18
44344.000,3.087E-18
44345.000,3.085E-18
44346.000,3.083E-18
44347.000,3.082E-18
44348.000,3.081E-18
44349.000,3.080E-18
44350.000,3.079E-18
44351.000,3.079E-18
44352.000,3.078E-18
44353.000,3.077E-18
44354.000,3.076E-18
44355.000,3.075E-18
44356.000,3.074E-18
44357.000,3.072E-18
44358.000,3.070E-18
44359.000,3.068E-18
44360.000,3.066E-18
44361.000,3.063E-18
44362.000,3.061E-18
44363.000,3.060E-18
44364.000,3.059E-18
44365.000,3.058E-18
44366.000,3.056E-18
44367.000,3.055E-18
44368.000,3.054E-18
44369.000,3.053E-18
44370.000,3.051E-18
44371.000,3.049E-18
44372.000,3.048E-18
44373.000,3.046E-18
44374.000,3.044E-18
44375.000,3.043E-18
44376.000,3.041E-18
44377.000,3.040E-18
44378.000,3.039E-18
44379.000,3.037E-18
44380.000,3.036E-18
44381.000,3.034E-18
44382.000,3.032E-18
44383.000,3.031E-18
44384.000,3.029E-18
44385.000,3.028E-18
44386.000,3.027E-18
44387.000,3.025E-18
44388.000,3.024E-18
44389.000,3.022E-18
44390.000,3.021E-18
44391.000,3.019E-18
44392.000,3.017E-18
44393.000,3.016E-18
44394.000,3.015E-18
44395.000,3.013E-18
44396.000,3.012E-18
44397.000,3.010E-18
44398.000,3.009E-18
44399.000,3.008E-18
44400.000,3.007E-18
44401.000,3.006E-18
44402.000,3.005E-18
44403.000,3.003E-18
44404.000,3.001E-18
44405.000,2.999E-18
44406.000,2.998E-18
44407.000,2.997E-18
44408.000,2.995E-18
44409.000,2.994E-18
44410.000,2.993E-18
44411.000,2.991E-18
44412.000,2.990E-18
44413.000,2.989E-18
44414.000,2.988E-18
44415.000,2.987E-18
44416.000,2.986E-18
44417.000,2.985E-18
44418.000,2.983E-18
44419.000,2.982E-18
44420.000,2.981E-18
44421.000,2.979E-18
44422.000,2.978E-18
44423.000,2.977E-18
44424.000,2.976E-18
44425.000,2.975E-18
44426.000,2.974E-18
44427.000,2.973E-18
44428.000,2.972E-18
44429.000,2.971E-18
44430.000,2.969E-18
44431.000,2.968E-18
44432.000,2.967E-18
44433.000,2.966E-18
44434.000,2.964E-18
44435.000,2.962E-18
44436.000,2.960E-18
44437.000,2.958E-18
44438.000,2.957E-18
44439.000,2.955E-18
44440.000,2.952E-18
44441.000,2.951E-18
44442.000,2.950E-18
44443.000,2.949E-18
44444.000,2.948E-18
44445.000,2.947E-18
44446.000,2.947E-18
44447.000,2.947E-18
44448.000,2.947E-18
44449.000,2.946E-18
44450.000,2.945E-18
44451.000,2.943E-18
44452.000,2.942E-18
44453.000,2.940E-18
44454.000,2.938E-18
44455.000,2.936E-18
44456.000,2.934E-18
44457.000,2.933E-18
44458.000,2.931E-18
44459.000,2.929E-18
44460.000,2.927E-18
44461.000,2.925E-18
44462.000,2.924E-18
44463.000,2.923E-18
44464.000,2.922E-18
44465.000,2.922E-18
44466.000,2.921E-18
44467.000,2.920E-18
44468.000,2.919E-18
44469.000,2.918E-18
44470.000,2.917E-18
44471.000,2.916E-18
44472.000,2.916E-18
44473.000,2.915E-18
44474.000,2.913E-18
44475.000,2.911E-18
44476.000,2.909E-18
44477.000,2.908E-18
44478.000,2.906E-18
44479.000,2.905E-18
44480.000,2.903E-18
44481.000,2.901E-18
44482.000,2.900E-18
44483.000,2.899E-18
44484.000,2.897E-18
44485.000,2.896E-18
44486.000,2.895E-18
44487.000,2.894E-18
44488.000,2.892E-18
44489.000,2.891E-18
44490.000,2.889E-18
44491.000,2.888E-18
44492.000,2.886E-18
44493.000,2.884E-18
44494.000,2.883E-18
44495.000,2.882E-18
44496.000,2.880E-18
44497.000,2.879E-18
44498.000,2.878E-18
44499.000,2.877E-18
44500.000,2.876E-18
44501.000,2.875E-18
44502.000,2.874E-18
44503.000,2.873E-18
44504.000,2.872E-18
44505.000,2.871E-18
44506.000,2.870E-18
44507.000,2.868E-18
44508.000,2.867E-18
44509.000,2.865E-18
44510.000,2.864E-18
44511.000,2.862E-18
44512.000,2.861E-18
44513.000,2.861E-18
44514.000,2.861E-18
44515.000,2.860E-18
44516.000,2.859E-18
44517.000,2.858E-18
44518.000,2.857E-18
44519.000,2.856E-18
44520.000,2.855E-18
44521.000,2.853E-18
44522.000,2.852E-18
44523.000,2.850E-18
44524.000,2.849E-18
44525.000,2.848E-18
44526.000,2.846E-18
44527.000,2.844E-18
44528.000,2.842E-18
44529.000,2.841E-18
44530.000,2.840E-18
44531.000,2.838E-18
44532.000,2.837E-18
44533.000,2.836E-18
44534.000,2.835E-18
44535.000,2.832E-18
44536.000,2.831E-18
44537.000,2.830E-18
44538.000,2.829E-18
44539.000,2.827E-18
44540.000,2.825E-18
44541.000,2.823E-18
44542.000,2.821E-18
44543.000,2.820E-18
44544.000,2.819E-18
44545.000,2.817E-18
44546.000,2.816E-18
44547.000,2.815E-18
44548.000,2.814E-18
44549.000,2.813E-18
44550.000,2.813E-18
44551.000,2.812E-18
44552.000,2.810E-18
44553.000,2.809E-18
44554.000,2.807E-18
44555.000,2.806E-18
44556.000,2.804E-18
44557.000,2.803E-18
44558.000,2.802E-18
44559.000,2.801E-18
44560.000,2.800E-18
44561.000,2.798E-18
44562.000,2.797E-18
44563.000,2.796E-18
44564.000,2.796E-18
44565.000,2.795E-18
44566.000,2.795E-18
44567.000,2.794E-18
44568.000,2.792E-18
44569.000,2.791E-18
44570.000,2.790E-18
44571.000,2.788E-18
44572.000,2.787E-18
44573.000,2.786E-18
44574.000,2.785E-18
44575.000,2.784E-18
44576.000,2.783E-18
44577.000,2.781E-18
44578.000,2.780E-18
44579.000,2.779E-18
44580.000,2.779E-18
44581.000,2.778E-18
44582.000,2.776E-18
44583.000,2.774E-18
44584.000,2.773E-18
44585.000,2.771E-18
44586.000,2.769E-18
44587.000,2.767E-18
44588.000,2.766E-18
44589.000,2.764E-18
44590.000,2.763E-18
44591.000,2.762E-18
44592.000,2.761E-18
44593.000,2.760E-18
44594.000,2.759E-18
44595.000,2.758E-18
44596.000,2.757E-18
44597.000,2.756E-18
44598.000,2.754E-18
44599.000,2.753E-18
44600.000,2.751E-18
44601.000,2.749E-18
44602.000,2.748E-18
44603.000,2.746E-18
44604.000,2.745E-18
44605.000,2.744E-18
44606.000,2.743E-18
44607.000,2.742E-18
44608.000,2.741E-18
44609.000,2.740E-18
44610.000,2.739E-18
44611.000,2.737E-18
44612.000,2.735E-18
44613.000,2.734E-18
44614.000,2.733E-18
44615.000,2.732E-18
44616.000,2.731E-18
44617.000,2.729E-18
44618.000,2.728E-18
44619.000,2.727E-18
44620.000,2.726E-18
44621.000,2.725E-18
44622.000,2.724E-18
44623.000,2.723E-18
44624.000,2.722E-18
44625.000,2.720E-18
44626.000,2.718E-18
44627.000,2.715E-18
44628.000,2.714E-18
44629.000,2.712E-18
44630.000,2.710E-18
44631.000,2.709E-18
44632.000,2.708E-18
44633.000,2.706E-18
44634.000,2.705E-18
44635.000,2.703E-18
44636.000,2.702E-18
44637.000,2.701E-18
44638.000,2.700E-18
44639.000,2.699E-18
44640.000,2.698E-18
44641.000,2.697E-18
44642.000,2.696E-18
44643.000,2.694E-18
44644.000,2.693E-18
44645.000,2.692E-18
44646.000,2.691E-18
44647.000,2.691E-18
44648.000,2.690E-18
44649.000,2.689E-18
44650.000,2.688E-18
44651.000,2.688E-18
44652.000,2.687E-18
44653.000,2.686E-18
44654.000,2.686E-18
44655.000,2.685E-18
44656.000,2.684E-18
44657.000,2.683E-18
44658.000,2.681E-18
44659.000,2.680E-18
44660.000,2.679E-18
44661.000,2.677E-18
44662.000,2.676E-18
44663.000,2.675E-18
44664.000,2.674E-18
44665.000,2.672E-18
44666.000,2.670E-18
44667.000,2.669E-18
44668.000,2.668E-18
44669.000,2.667E-18
44670.000,2.666E-18
44671.000,2.664E-18
44672.000,2.662E-18
44673.000,2.660E-18
44674.000,2.659E-18
44675.000,2.657E-18
44676.000,2.656E-18
44677.000,2.654E-18
44678.000,2.652E-18
44679.000,2.651E-18
44680.000,2.650E-18
44681.000,2.649E-18
44682.000,2.647E-18
44683.000,2.645E-18
44684.000,2.643E-18
44685.000,2.642E-18
44686.000,2.640E-18
44687.000,2.638E-18
44688.000,2.637E-18
44689.000,2.636E-18
44690.000,2.635E-18
44691.000,2.633E-18
44692.000,2.632E-18
44693.000,2.630E-18
44694.000,2.628E-18
44695.000,2.626E-18
44696.000,2.625E-18
44697.000,2.623E-18
44698.000,2.621E-18
44699.000,2.619E-18
44700.000,2.618E-18
44701.000,2.616E-18
44702.000,2.614E-18
44703.000,2.612E-18
44704.000,2.611E-18
44705.000,2.611E-18
44706.000,2.609E-18
44707.000,2.608E-18
44708.000,2.606E-18
44709.000,2.605E-18
44710.000,2.604E-18
44711.000,2.603E-18
44712.000,2.602E-18
44713.000,2.601E-18
44714.000,2.600E-18
44715.000,2.599E-18
44716.000,2.598E-18
44717.000,2.597E-18
44718.000,2.596E-18
44719.000,2.595E-18
44720.000,2.594E-18
44721.000,2.593E-18
44722.000,2.591E-18
44723.000,2.589E-18
44724.000,2.587E-18
44725.000,2.586E-18
44726.000,2.585E-18
44727.000,2.585E-18
44728.000,2.584E-18
44729.000,2.583E-18
44730.000,2.582E-18
44731.000,2.580E-18
44732.000,2.578E-18
44733.000,2.577E-18
44734.000,2.575E-18
44735.000,2.573E-18
44736.000,2.572E-18
44737.000,2.570E-18
44738.000,2.569E-18
44739.000,2.568E-18
44740.000,2.567E-18
44741.000,2.566E-18
44742.000,2.565E-18
44743.000,2.565E-18
44744.000,2.564E-18
44745.000,2.564E-18
44746.000,2.563E-18
44747.000,2.561E-18
44748.000,2.560E-18
44749.000,2.559E-18
44750.000,2.557E-18
44751.000,2.555E-18
44752.000,2.553E-18
44753.000,2.552E-18
44754.000,2.550E-18
44755.000,2.548E-18
44756.000,2.546E-18
44757.000,2.545E-18
44758.000,2.544E-18
44759.000,2.543E-18
44760.000,2.542E-18
44761.000,2.541E-18
44762.000,2.540E-18
44763.000,2.538E-18
44764.000,2.537E-18
44765.000,2.537E-18
44766.000,2.536E-18
44767.000,2.535E-18
44768.000,2.534E-18
44769.000,2.532E-18
44770.000,2.531E-18
44771.000,2.530E-18
44772.000,2.529E-18
44773.000,2.527E-18
44774.000,2.526E-18
44775.000,2.525E-18
44776.000,2.524E-18
44777.000,2.522E-18
44778.000,2.520E-18
44779.000,2.519E-18
44780.000,2.518E-18
44781.000,2.517E-18
44782.000,2.516E-18
44783.000,2.514E-18
44784.000,2.513E-18
44785.000,2.513E-18
44786.000,2.512E-18
44787.000,2.511E-18
44788.000,2.510E-18
44789.000,2.509E-18
44790.000,2.508E-18
44791.000,2.507E-18
44792.000,2.505E-18
44793.000,2.504E-18
44794.000,2.502E-18
44795.000,2.501E-18
44796.000,2.500E-18
44797.000,2.500E-18
44798.000,2.499E-18
44799.000,2.497E-18
44800.000,2.496E-18
44801.000,2.496E-18
44802.000,2.495E-18
44803.000,2.494E-18
44804.000,2.493E-18
44805.000,2.491E-18
44806.000,2.490E-18
44807.000,2.490E-18
44808.000,2.489E-18
44809.000,2.488E-18
44810.000,2.488E-18
44811.000,2.487E-18
44812.000,2.486E-18
44813.000,2.485E-18
44814.000,2.483E-18
44815.000,2.482E-18
44816.000,2.481E-18
44817.000,2.479E-18
44818.000,2.477E-18
44819.000,2.475E-18
44820.000,2.473E-18
44821.000,2.472E-18
44822.000,2.471E-18
44823.000,2.469E-18
44824.000,2.468E-18
44825.000,2.466E-18
44826.000,2.465E-18
44827.000,2.464E-18
44828.000,2.463E-18
44829.000,2.462E-18
44830.000,2.461E-18
44831.000,2.460E-18
44832.000,2.459E-18
44833.000,2.457E-18
44834.000,2.456E-18
44835.000,2.455E-18
44836.000,2.454E-18
44837.000,2.452E-18
44838.000,2.452E-18
44839.000,2.451E-18
44840.000,2.449E-18
44841.000,2.448E-18
44842.000,2.447E-18
44843.000,2.445E-18
44844.000,2.444E-18
44845.000,2.442E-18
44846.000,2.441E-18
44847.000,2.439E-18
44848.000,2.438E-18
44849.000,2.437E-18
44850.000,2.437E-18
44851.000,2.436E-18
44852.000,2.435E-18
44853.000,2.434E-18
44854.000,2.433E-18
44855.000,2.432E-18
44856.000,2.430E-18
44857.000,2.429E-18
44858.000,2.428E-18
44859.000,2.427E-18
44860.000,2.425E-18
44861.000,2.424E-18
44862.000,2.422E-18
44863.000,2.420E-18
44864.000,2.419E-18
44865.000,2.418E-18
44866.000,2.418E-18
44867.000,2.417E-18
44868.000,2.415E-18
44869.000,2.413E-18
44870.000,2.411E-18
44871.000,2.410E-18
44872.000,2.409E-18
44873.000,2.408E-18
44874.000,2.407E-18
44875.000,2.406E-18
44876.000,2.405E-18
44877.000,2.404E-18
44878.000,2.403E-18
44879.000,2.402E-18
44880.000,2.401E-18
44881.000,2.399E-18
44882.000,2.398E-18
44883.000,2.397E-18
44884.000,2.396E-18
44885.000,2.395E-18
44886.000,2.394E-18
44887.000,2.393E-18
44888.000,2.393E-18
44889.000,2.392E-18
44890.000,2.391E-18
44891.000,2.391E-18
44892.000,2.390E-18
44893.000,2.389E-18
44894.000,2.388E-18
44895.000,2.387E-18
44896.000,2.386E-18
44897.000,2.385E-18
44898.000,2.384E-18
44899.000,2.382E-18
44900.000,2.380E-18
44901.000,2.379E-18
44902.000,2.378E-18
44903.000,2.377E-18
44904.000,2.376E-18
44905.000,2.375E-18
44906.000,2.374E-18
44907.000,2.373E-18
44908.000,2.372E-18
44909.000,2.371E-18
44910.000,2.370E-18
44911.000,2.369E-18
44912.000,2.368E-18
44913.000,2.367E-18
44914.000,2.365E-18
44915.000,2.364E-18
44916.000,2.363E-18
44917.000,2.362E-18
44918.000,2.360E-18
44919.000,2.359E-18
44920.000,2.357E-18
44921.000,2.356E-18
44922.000,2.355E-18
44923.000,2.354E-18
44924.000,2.353E-18
44925.000,2.352E-18
44926.000,2.351E-18
44927.000,2.350E-18
44928.000,2.348E-18
44929.000,2.346E-18
44930.000,2.345E-18
44931.000,2.343E-18
44932.000,2.342E-18
44933.000,2.340E-18
44934.000,2.339E-18
44935.000,2.338E-18
44936.000,2.337E-18
44937.000,2.336E-18
44938.000,2.335E-18
44939.000,2.334E-18
44940.000,2.333E-18
44941.000,2.331E-18
44942.000,2.330E-18
44943.000,2.328E-18
44944.000,2.326E-18
44945.000,2.325E-18
44946.000,2.323E-18
44947.000,2.322E-18
44948.000,2.321E-18
44949.000,2.320E-18
44950.000,2.319E-18
44951.000,2.319E-18
44952.000,2.318E-18
44953.000,2.316E-18
44954.000,2.315E-18
44955.000,2.314E-18
44956.000,2.312E-18
44957.000,2.311E-18
44958.000,2.309E-18
44959.000,2.307E-18
44960.000,2.305E-18
44961.000,2.304E-18
44962.000,2.303E-18
44963.000,2.302E-18
44964.000,2.301E-18
44965.000,2.300E-18
44966.000,2.299E-18
44967.000,2.298E-18
44968.000,2.298E-18
44969.000,2.297E-18
44970.000,2.296E-18
44971.000,2.295E-18
44972.000,2.294E-18
44973.000,2.293E-18
44974.000,2.292E-18
44975.000,2.291E-18
44976.000,2.290E-18
44977.000,2.288E-18
44978.000,2.287E-18
44979.000,2.286E-18
44980.000,2.285E-18
44981.000,2.284E-18
44982.000,2.283E-18
44983.000,2.282E-18
44984.000,2.281E-18
44985.000,2.280E-18
44986.000,2.279E-18
44987.000,2.278E-18
44988.000,2.277E-18
44989.000,2.276E-18
44990.000,2.275E-18
44991.000,2.274E-18
44992.000,2.273E-18
44993.000,2.272E-18
44994.000,2.271E-18
44995.000,2.270E-18
44996.000,2.269E-18
44997.000,2.268E-18
44998.000,2.268E-18
44999.000,2.267E-18
45000.000,2.266E-18
45001.000,2.264E-18
45002.000,2.262E-18
45003.000,2.261E-18
45004.000,2.260E-18
45005.000,2.259E-18
45006.000,2.259E-18
45007.000,2.258E-18
45008.000,2.257E-18
45009.000,2.257E-18
45010.000,2.256E-18
45011.000,2.255E-18
45012.000,2.254E-18
45013.000,2.253E-18
45014.000,2.253E-18
45015.000,2.252E-18
45016.000,2.251E-18
45017.000,2.249E-18
45018.000,2.247E-18
45019.000,2.246E-18
45020.000,2.246E-18
45021.000,2.245E-18
45022.000,2.244E-18
45023.000,2.242E-18
45024.000,2.241E-18
45025.000,2.240E-18
45026.000,2.239E-18
45027.000,2.237E-18
45028.000,2.236E-18
45029.000,2.235E-18
45030.000,2.233E-18
45031.000,2.231E-18
45032.000,2.230E-18
45033.000,2.230E-18
45034.000,2.229E-18
45035.000,2.227E-18
45036.000,2.226E-18
45037.000,2.225E-18
45038.000,2.224E-18
45039.000,2.223E-18
45040.000,2.222E-18
45041.000,2.221E-18
45042.000,2.220E-18
45043.000,2.219E-18
45044.000,2.218E-18
45045.000,2.217E-18
45046.000,2.216E-18
45047.000,2.216E-18
45048.000,2.215E-18
45049.000,2.214E-18
45050.000,2.213E-18
45051.000,2.213E-18
45052.000,2.212E-18
45053.000,2.210E-18
45054.000,2.209E-18
45055.000,2.208E-18
45056.000,2.207E-18
45057.000,2.206E-18
45058.000,2.205E-18
45059.000,2.204E-18
45060.000,2.203E-18
45061.000,2.202E-18
45062.000,2.200E-18
45063.000,2.199E-18
45064.000,2.198E-18
45065.000,2.197E-18
45066.000,2.195E-18
45067.000,2.194E-18
45068.000,2.193E-18
45069.000,2.192E-18
45070.000,2.191E-18
45071.000,2.189E-18
45072.000,2.188E-18
45073.000,2.187E-18
45074.000,2.186E-18
45075.000,2.186E-18
45076.000,2.185E-18
45077.000,2.184E-18
45078.000,2.183E-18
45079.000,2.181E-18
45080.000,2.180E-18
45081.000,2.179E-18
45082.000,2.178E-18
45083.000,2.178E-18
45084.000,2.177E-18
45085.000,2.176E-18
45086.000,2.174E-18
45087.000,2.174E-18
45088.000,2.173E-18
45089.000,2.172E-18
45090.000,2.171E-18
45091.000,2.170E-18
45092.000,2.169E-18
45093.000,2.168E-18
45094.000,2.166E-18
45095.000,2.165E-18
45096.000,2.164E-18
45097.000,2.163E-18
45098.000,2.162E-18
45099.000,2.161E-18
45100.000,2.160E-18
45101.000,2.159E-18
45102.000,2.157E-18
45103.000,2.156E-18
45104.000,2.155E-18
45105.000,2.154E-18
45106.000,2.153E-18
45107.000,2.152E-18
45108.000,2.152E-18
45109.000,2.152E-18
45110.000,2.151E-18
45111.000,2.150E-18
45112.000,2.149E-18
45113.000,2.148E-18
45114.000,2.147E-18
45115.000,2.146E-18
45116.000,2.145E-18
45117.000,2.144E-18
45118.000,2.142E-18
45119.000,2.141E-18
45120.000,2.140E-18
45121.000,2.138E-18
45122.000,2.136E-18
45123.000,2.135E-18
45124.000,2.134E-18
45125.000,2.133E-18
45126.000,2.132E-18
45127.000,2.130E-18
45128.000,2.129E-18
45129.000,2.128E-18
45130.000,2.127E-18
45131.000,2.126E-18
45132.000,2.125E-18
45133.000,2.124E-18
45134.000,2.123E-18
45135.000,2.122E-18
45136.000,2.121E-18
45137.000,2.120E-18
45138.000,2.119E-18
45139.000,2.118E-18
45140.000,2.117E-18
45141.000,2.116E-18
45142.000,2.116E-18
45143.000,2.115E-18
45144.000,2.113E-18
45145.000,2.112E-18
45146.000,2.111E-18
45147.000,2.111E-18
45148.000,2.110E-18
45149.000,2.109E-18
45150.000,2.108E-18
45151.000,2.107E-18
45152.000,2.106E-18
45153.000,2.104E-18
45154.000,2.103E-18
45155.000,2.102E-18
45156.000,2.101E-18
45157.000,2.099E-18
45158.000,2.099E-18
45159.000,2.098E-18
45160.000,2.097E-18
45161.000,2.096E-18
45162.000,2.095E-18
45163.000,2.094E-18
45164.000,2.094E-18
45165.000,2.093E-18
45166.000,2.092E-18
45167.000,2.091E-18
45168.000,2.090E-18
45169.000,2.090E-18
45170.000,2.089E-18
45171.000,2.087E-18
45172.000,2.085E-18
45173.000,2.083E-18
45174.000,2.082E-18
45175.000,2.081E-18
45176.000,2.079E-18
45177.000,2.078E-18
45178.000,2.077E-18
45179.000,2.076E-18
45180.000,2.075E-18
45181.000,2.074E-18
45182.000,2.073E-18
45183.000,2.072E-18
45184.000,2.071E-18
45185.000,2.070E-18
45186.000,2.069E-18
45187.000,2.069E-18
45188.000,2.068E-18
45189.000,2.067E-18
45190.000,2.065E-18
45191.000,2.064E-18
45192.000,2.063E-18
45193.000,2.062E-18
45194.000,2.060E-18
45195.000,2.058E-18
45196.000,2.057E-18
45197.000,2.056E-18
45198.000,2.055E-18
45199.000,2.053E-18
45200.000,2.052E-18
45201.000,2.050E-18
45202.000,2.049E-18
45203.000,2.048E-18
45204.000,2.047E-18
45205.000,2.046E-18
45206.000,2.045E-18
45207.000,2.044E-18
45208.000,2.043E-18
45209.000,2.042E-18
45210.000,2.041E-18
45211.000,2.039E-18
45212.000,2.038E-18
45213.000,2.037E-18
45214.000,2.036E-18
45215.000,2.035E-18
45216.000,2.033E-18
45217.000,2.032E-18
45218.000,2.032E-18
45219.000,2.031E-18
45220.000,2.030E-18
45221.000,2.029E-18
45222.000,2.027E-18
45223.000,2.026E-18
45224.000,2.026E-18
45225.000,2.024E-18
45226.000,2.023E-18
45227.000,2.022E-18
45228.000,2.021E-18
45229.000,2.020E-18
45230.000,2.019E-18
45231.000,2.018E-18
45232.000,2.017E-18
45233.000,2.016E-18
45234.000,2.016E-18
45235.000,2.015E-18
45236.000,2.014E-18
45237.000,2.013E-18
45238.000,2.012E-18
45239.000,2.011E-18
45240.000,2.010E-18
45241.000,2.009E-18
45242.000,2.008E-18
45243.000,2.008E-18
45244.000,2.007E-18
45245.000,2.005E-18
45246.000,2.005E-18
45247.000,2.004E-18
45248.000,2.002E-18
45249.000,2.001E-18
45250.000,2.001E-18
45251.000,2.000E-18
45252.000,1.999E-18
45253.000,1.998E-18
45254.000,1.997E-18
45255.000,1.996E-18
45256.000,1.995E-18
45257.000,1.994E-18
45258.000,1.994E-18
45259.000,1.993E-18
45260.000,1.992E-18
45261.000,1.992E-18
45262.000,1.990E-18
45263.000,1.989E-18
45264.000,1.988E-18
45265.000,1.986E-18
45266.000,1.985E-18
45267.000,1.985E-18
45268.000,1.984E-18
45269.000,1.983E-18
45270.000,1.983E-18
45271.000,1.982E-18
45272.000,1.981E-18
45273.000,1.980E-18
45274.000,1.980E-18
45275.000,1.979E-18
45276.000,1.979E-18
45277.000,1.978E-18
45278.000,1.977E-18
45279.000,1.977E-18
45280.000,1.976E-18
45281.000,1.975E-18
45282.000,1.974E-18
45283.000,1.973E-18
45284.000,1.973E-18
45285.000,1.971E-18
45286.000,1.970E-18
45287.000,1.969E-18
45288.000,1.968E-18
45289.000,1.966E-18
45290.000,1.964E-18
45291.000,1.963E-18
45292.000,1.961E-18
45293.000,1.960E-18
45294.000,1.959E-18
45295.000,1.957E-18
45296.000,1.956E-18
45297.000,1.955E-18
45298.000,1.954E-18
45299.000,1.954E-18
45300.000,1.953E-18
45301.000,1.953E-18
45302.000,1.953E-18
45303.000,1.953E-18
45304.000,1.953E-18
45305.000,1.953E-18
45306.000,1.952E-18
45307.000,1.951E-18
45308.000,1.949E-18
45309.000,1.947E-18
45310.000,1.946E-18
45311.000,1.944E-18
45312.000,1.943E-18
45313.000,1.942E-18
45314.000,1.940E-18
45315.000,1.939E-18
45316.000,1.938E-18
45317.000,1.937E-18
45318.000,1.936E-18
45319.000,1.935E-18
45320.000,1.935E-18
45321.000,1.935E-18
45322.000,1.933E-18
45323.000,1.932E-18
45324.000,1.931E-18
45325.000,1.930E-18
45326.000,1.930E-18
45327.000,1.929E-18
45328.000,1.929E-18
45329.000,1.928E-18
45330.000,1.927E-18
45331.000,1.925E-18
45332.000,1.925E-18
45333.000,1.924E-18
45334.000,1.922E-18
45335.000,1.921E-18
45336.000,1.920E-18
45337.000,1.918E-18
45338.000,1.916E-18
45339.000,1.915E-18
45340.000,1.914E-18
45341.000,1.913E-18
45342.000,1.912E-18
45343.000,1.910E-18
45344.000,1.909E-18
45345.000,1.908E-18
45346.000,1.906E-18
45347.000,1.905E-18
45348.000,1.904E-18
45349.000,1.903E-18
45350.000,1.902E-18
45351.000,1.901E-18
45352.000,1.900E-18
45353.000,1.900E-18
45354.000,1.899E-18
45355.000,1.898E-18
45356.000,1.897E-18
45357.000,1.897E-18
45358.000,1.897E-18
45359.000,1.896E-18
45360.000,1.894E-18
45361.000,1.894E-18
45362.000,1.894E-18
45363.000,1.893E-18
45364.000,1.891E-18
45365.000,1.890E-18
45366.000,1.889E-18
45367.000,1.888E-18
45368.000,1.887E-18
45369.000,1.886E-18
45370.000,1.884E-18
45371.000,1.882E-18
45372.000,1.881E-18
45373.000,1.880E-18
45374.000,1.879E-18
45375.000,1.878E-18
45376.000,1.877E-18
45377.000,1.876E-18
45378.000,1.876E-18
45379.000,1.874E-18
45380.000,1.873E-18
45381.000,1.872E-18
45382.000,1.871E-18
45383.000,1.871E-18
45384.000,1.871E-18
45385.000,1.869E-18
45386.000,1.868E-18
45387.000,1.867E-18
45388.000,1.867E-18
45389.000,1.866E-18
45390.000,1.865E-18
45391.000,1.864E-18
45392.000,1.863E-18
45393.000,1.862E-18
45394.000,1.861E-18
45395.000,1.860E-18
45396.000,1.860E-18
45397.000,1.859E-18
45398.000,1.857E-18
45399.000,1.856E-18
45400.000,1.855E-18
45401.000,1.854E-18
45402.000,1.852E-18
45403.000,1.851E-18
45404.000,1.850E-18
45405.000,1.849E-18
45406.000,1.848E-18
45407.000,1.847E-18
45408.000,1.847E-18
45409.000,1.846E-18
45410.000,1.845E-18
45411.000,1.845E-18
45412.000,1.844E-18
45413.000,1.843E-18
45414.000,1.842E-18
45415.000,1.841E-18
45416.000,1.840E-18
45417.000,1.838E-18
45418.000,1.837E-18
45419.000,1.836E-18
45420.000,1.835E-18
45421.000,1.835E-18
45422.000,1.834E-18
45423.000,1.833E-18
45424.000,1.832E-18
45425.000,1.831E-18
45426.000,1.831E-18
45427.000,1.831E-18
45428.000,1.831E-18
45429.000,1.830E-18
45430.000,1.829E-18
45431.000,1.828E-18
45432.000,1.828E-18
45433.000,1.827E-18
45434.000,1.826E-18
45435.000,1.825E-18
45436.000,1.824E-18
45437.000,1.823E-18
45438.000,1.822E-18
45439.000,1.821E-18
45440.000,1.820E-18
45441.000,1.819E-18
45442.000,1.818E-18
45443.000,1.817E-18
45444.000,1.817E-18
45445.000,1.816E-18
45446.000,1.815E-18
45447.000,1.814E-18
45448.000,1.813E-18
45449.000,1.813E-18
45450.000,1.812E-18
45451.000,1.811E-18
45452.000,1.810E-18
45453.000,1.810E-18
45454.000,1.809E-18
45455.000,1.809E-18
45456.000,1.808E-18
45457.000,1.807E-18
45458.000,1.806E-18
45459.000,1.805E-18
45460.000,1.804E-18
45461.000,1.803E-18
45462.000,1.802E-18
45463.000,1.800E-18
45464.000,1.799E-18
45465.000,1.797E-18
45466.000,1.796E-18
45467.000,1.794E-18
45468.000,1.793E-18
45469.000,1.792E-18
45470.000,1.791E-18
45471.000,1.790E-18
45472.000,1.789E-18
45473.000,1.788E-18
45474.000,1.787E-18
45475.000,1.786E-18
45476.000,1.785E-18
45477.000,1.784E-18
45478.000,1.783E-18
45479.000,1.782E-18
45480.000,1.781E-18
45481.000,1.780E-18
45482.000,1.780E-18
45483.000,1.779E-18
45484.000,1.779E-18
45485.000,1.778E-18
45486.000,1.778E-18
45487.000,1.777E-18
45488.000,1.775E-18
45489.000,1.774E-18
45490.000,1.773E-18
45491.000,1.773E-18
45492.000,1.772E-18
45493.000,1.771E-18
45494.000,1.770E-18
45495.000,1.768E-18
45496.000,1.767E-18
45497.000,1.766E-18
45498.000,1.766E-18
45499.000,1.765E-18
45500.000,1.764E-18
45501.000,1.763E-18
45502.000,1.762E-18
45503.000,1.761E-18
45504.000,1.760E-18
45505.000,1.759E-18
45506.000,1.758E-18
45507.000,1.757E-18
45508.000,1.756E-18
45509.000,1.755E-18
45510.000,1.754E-18
45511.000,1.753E-18
45512.000,1.753E-18
45513.000,1.752E-18
45514.000,1.751E-18
45515.000,1.750E-18
45516.000,1.749E-18
45517.000,1.748E-18
45518.000,1.747E-18
45519.000,1.746E-18
45520.000,1.745E-18
45521.000,1.743E-18
45522.000,1.742E-18
45523.000,1.741E-18
45524.000,1.740E-18
45525.000,1.739E-18
45526.000,1.738E-18
45527.000,1.737E-18
45528.000,1.736E-18
45529.000,1.736E-18
45530.000,1.735E-18
45531.000,1.735E-18
45532.000,1.734E-18
45533.000,1.733E-18
45534.000,1.732E-18
45535.000,1.731E-18
45536.000,1.729E-18
45537.000,1.728E-18
45538.000,1.727E-18
45539.000,1.726E-18
45540.000,1.725E-18
45541.000,1.725E-18
45542.000,1.724E-18
45543.000,1.724E-18
45544.000,1.723E-18
45545.000,1.722E-18
45546.000,1.721E-18
45547.000,1.720E-18
45548.000,1.719E-18
45549.000,1.718E-18
45550.000,1.717E-18
45551.000,1.717E-18
45552.000,1.716E-18
45553.000,1.715E-18
45554.000,1.714E-18
45555.000,1.714E-18
45556.000,1.714E-18
45557.000,1.713E-18
45558.000,1.712E-18
45559.000,1.711E-18
45560.000,1.710E-18
45561.000,1.710E-18
45562.000,1.709E-18
45563.000,1.709E-18
45564.000,1.708E-18
45565.000,1.707E-18
45566.000,1.706E-18
45567.000,1.705E-18
45568.000,1.704E-18
45569.000,1.703E-18
45570.000,1.703E-18
45571.000,1.702E-18
45572.000,1.700E-18
45573.000,1.699E-18
45574.000,1.698E-18
45575.000,1.697E-18
45576.000,1.695E-18
45577.000,1.694E-18
45578.000,1.693E-18
45579.000,1.693E-18
45580.000,1.693E-18
45581.000,1.692E-18
45582.000,1.691E-18
45583.000,1.690E-18
45584.000,1.690E-18
45585.000,1.689E-18
45586.000,1.688E-18
45587.000,1.688E-18
45588.000,1.687E-18
45589.000,1.686E-18
45590.000,1.684E-18
45591.000,1.683E-18
45592.000,1.683E-18
45593.000,1.682E-18
45594.000,1.681E-18
45595.000,1.679E-18
45596.000,1.679E-18
45597.000,1.678E-18
45598.000,1.678E-18
45599.000,1.678E-18
45600.000,1.677E-18
45601.000,1.676E-18
45602.000,1.675E-18
45603.000,1.675E-18
45604.000,1.675E-18
45605.000,1.674E-18
45606.000,1.673E-18
45607.000,1.672E-18
45608.000,1.671E-18
45609.000,1.670E-18
45610.000,1.669E-18
45611.000,1.667E-18
45612.000,1.666E-18
45613.000,1.664E-18
45614.000,1.663E-18
45615.000,1.662E-18
45616.000,1.661E-18
45617.000,1.660E-18
45618.000,1.659E-18
45619.000,1.658E-18
45620.000,1.657E-18
45621.000,1.657E-18
45622.000,1.656E-18
45623.000,1.656E-18
45624.000,1.656E-18
45625.000,1.655E-18
45626.000,1.654E-18
45627.000,1.653E-18
45628.000,1.652E-18
45629.000,1.650E-18
45630.000,1.649E-18
45631.000,1.648E-18
45632.000,1.647E-18
45633.000,1.646E-18
45634.000,1.645E-18
45635.000,1.644E-18
45636.000,1.644E-18
45637.000,1.643E-18
45638.000,1.642E-18
45639.000,1.642E-18
45640.000,1.640E-18
45641.000,1.639E-18
45642.000,1.638E-18
45643.000,1.637E-18
45644.000,1.636E-18
45645.000,1.635E-18
45646.000,1.635E-18
45647.000,1.634E-18
45648.000,1.634E-18
45649.000,1.634E-18
45650.000,1.633E-18
45651.000,1.632E-18
45652.000,1.630E-18
45653.000,1.630E-18
45654.000,1.630E-18
45655.000,1.629E-18
45656.000,1.628E-18
45657.000,1.627E-18
45658.000,1.626E-18
45659.000,1.625E-18
45660.000,1.625E-18
45661.000,1.624E-18
45662.000,1.623E-18
45663.000,1.622E-18
45664.000,1.621E-18
45665.000,1.620E-18
45666.000,1.618E-18
45667.000,1.617E-18
45668.000,1.616E-18
45669.000,1.615E-18
45670.000,1.615E-18
45671.000,1.614E-18
45672.000,1.614E-18
45673.000,1.613E-18
45674.000,1.613E-18
45675.000,1.612E-18
45676.000,1.611E-18
45677.000,1.610E-18
45678.000,1.609E-18
45679.000,1.609E-18
45680.000,1.608E-18
45681.000,1.607E-18
45682.000,1.606E-18
45683.000,1.605E-18
45684.000,1.604E-18
45685.000,1.603E-18
45686.000,1.602E-18
45687.000,1.601E-18
45688.000,1.600E-18
45689.000,1.598E-18
45690.000,1.597E-18
45691.000,1.596E-18
45692.000,1.595E-18
45693.000,1.594E-18
45694.000,1.593E-18
45695.000,1.592E-18
45696.000,1.592E-18
45697.000,1.591E-18
45698.000,1.591E-18
45699.000,1.590E-18
45700.000,1.589E-18
45701.000,1.588E-18
45702.000,1.587E-18
45703.000,1.586E-18
45704.000,1.585E-18
45705.000,1.584E-18
45706.000,1.583E-18
45707.000,1.582E-18
45708.000,1.582E-18
45709.000,1.581E-18
45710.000,1.580E-18
45711.000,1.579E-18
45712.000,1.578E-18
45713.000,1.577E-18
45714.000,1.577E-18
45715.000,1.576E-18
45716.000,1.575E-18
45717.000,1.574E-18
45718.000,1.574E-18
45719.000,1.573E-18
45720.000,1.573E-18
45721.000,1.572E-18
45722.000,1.571E-18
45723.000,1.570E-18
45724.000,1.570E-18
45725.000,1.570E-18
45726.000,1.569E-18
45727.000,1.568E-18
45728.000,1.567E-18
45729.000,1.566E-18
45730.000,1.565E-18
45731.000,1.564E-18
45732.000,1.564E-18
45733.000,1.563E-18
45734.000,1.562E-18
45735.000,1.561E-18
45736.000,1.560E-18
45737.000,1.560E-18
45738.000,1.559E-18
45739.000,1.558E-18
45740.000,1.557E-18
45741.000,1.557E-18
45742.000,1.557E-18
45743.000,1.556E-18
45744.000,1.556E-18
45745.000,1.555E-18
45746.000,1.553E-18
45747.000,1.553E-18
45748.000,1.553E-18
45749.000,1.551E-18
45750.000,1.550E-18
45751.000,1.550E-18
45752.000,1.549E-18
45753.000,1.548E-18
45754.000,1.548E-18
45755.000,1.547E-18
45756.000,1.545E-18
45757.000,1.544E-18
45758.000,1.543E-18
45759.000,1.542E-18
45760.000,1.541E-18
45761.000,1.540E-18
45762.000,1.539E-18
45763.000,1.538E-18
45764.000,1.537E-18
45765.000,1.537E-18
45766.000,1.536E-18
45767.000,1.536E-18
45768.000,1.535E-18
45769.000,1.534E-18
45770.000,1.534E-18
45771.000,1.534E-18
45772.000,1.533E-18
45773.000,1.531E-18
45774.000,1.530E-18
45775.000,1.529E-18
45776.000,1.529E-18
45777.000,1.529E-18
45778.000,1.527E-18
45779.000,1.526E-18
45780.000,1.526E-18
45781.000,1.526E-18
45782.000,1.525E-18
45783.000,1.524E-18
45784.000,1.524E-18
45785.000,1.523E-18
45786.000,1.523E-18
45787.000,1.522E-18
45788.000,1.522E-18
45789.000,1.521E-18
45790.000,1.519E-18
45791.000,1.519E-18
45792.000,1.518E-18
45793.000,1.518E-18
45794.000,1.517E-18
45795.000,1.516E-18
45796.000,1.515E-18
45797.000,1.514E-18
45798.000,1.514E-18
45799.000,1.513E-18
45800.000,1.512E-18
45801.000,1.510E-18
45802.000,1.508E-18
45803.000,1.507E-18
45804.000,1.506E-18
45805.000,1.506E-18
45806.000,1.505E-18
45807.000,1.504E-18
45808.000,1.504E-18
45809.000,1.503E-18
45810.000,1.502E-18
45811.000,1.502E-18
45812.000,1.501E-18
45813.000,1.500E-18
45814.000,1.499E-18
45815.000,1.498E-18
45816.000,1.497E-18
45817.000,1.495E-18
45818.000,1.494E-18
45819.000,1.493E-18
45820.000,1.492E-18
45821.000,1.491E-18
45822.000,1.490E-18
45823.000,1.489E-18
45824.000,1.489E-18
45825.000,1.488E-18
45826.000,1.487E-18
45827.000,1.485E-18
45828.000,1.485E-18
45829.000,1.484E-18
45830.000,1.484E-18
45831.000,1.483E-18
45832.000,1.482E-18
45833.000,1.480E-18
45834.000,1.479E-18
45835.000,1.478E-18
45836.000,1.478E-18
45837.000,1.477E-18
45838.000,1.476E-18
45839.000,1.475E-18
45840.000,1.475E-18
45841.000,1.474E-18
45842.000,1.473E-18
45843.000,1.473E-18
45844.000,1.472E-18
45845.000,1.471E-18
45846.000,1.471E-18
45847.000,1.470E-18
45848.000,1.470E-18
45849.000,1.469E-18
45850.000,1.469E-18
45851.000,1.468E-18
45852.000,1.467E-18
45853.000,1.466E-18
45854.000,1.466E-18
45855.000,1.465E-18
45856.000,1.463E-18
45857.000,1.462E-18
45858.000,1.461E-18
45859.000,1.460E-18
45860.000,1.460E-18
45861.000,1.459E-18
45862.000,1.458E-18
45863.000,1.456E-18
45864.000,1.456E-18
45865.000,1.455E-18
45866.000,1.454E-18
45867.000,1.454E-18
45868.000,1.454E-18
45869.000,1.453E-18
45870.000,1.453E-18
45871.000,1.453E-18
45872.000,1.453E-18
45873.000,1.452E-18
45874.000,1.451E-18
45875.000,1.451E-18
45876.000,1.450E-18
45877.000,1.449E-18
45878.000,1.448E-18
45879.000,1.446E-18
45880.000,1.445E-18
45881.000,1.444E-18
45882.000,1.444E-18
45883.000,1.444E-18
45884.000,1.443E-18
45885.000,1.442E-18
45886.000,1.441E-18
45887.000,1.441E-18
45888.000,1.440E-18
45889.000,1.439E-18
45890.000,1.439E-18
45891.000,1.438E-18
45892.000,1.438E-18
45893.000,1.438E-18
45894.000,1.437E-18
45895.000,1.436E-18
45896.000,1.435E-18
45897.000,1.434E-18
45898.000,1.433E-18
45899.000,1.432E-18
45900.000,1.432E-18
45901.000,1.431E-18
45902.000,1.431E-18
45903.000,1.431E-18
45904.000,1.431E-18
45905.000,1.430E-18
45906.000,1.429E-18
45907.000,1.427E-18
45908.000,1.426E-18
45909.000,1.425E-18
45910.000,1.424E-18
45911.000,1.423E-18
45912.000,1.422E-18
45913.000,1.421E-18
45914.000,1.420E-18
45915.000,1.419E-18
45916.000,1.418E-18
45917.000,1.417E-18
45918.000,1.416E-18
45919.000,1.416E-18
45920.000,1.416E-18
45921.000,1.415E-18
45922.000,1.415E-18
45923.000,1.414E-18
45924.000,1.413E-18
45925.000,1.413E-18
45926.000,1.412E-18
45927.000,1.410E-18
45928.000,1.409E-18
45929.000,1.408E-18
45930.000,1.408E-18
45931.000,1.407E-18
45932.000,1.405E-18
45933.000,1.404E-18
45934.000,1.403E-18
45935.000,1.403E-18
45936.000,1.402E-18
45937.000,1.401E-18
45938.000,1.400E-18
45939.000,1.400E-18
45940.000,1.399E-18
45941.000,1.398E-18
45942.000,1.397E-18
45943.000,1.396E-18
45944.000,1.396E-18
45945.000,1.395E-18
45946.000,1.395E-18
45947.000,1.395E-18
45948.000,1.394E-18
45949.000,1.394E-18
45950.000,1.393E-18
45951.000,1.393E-18
45952.000,1.392E-18
45953.000,1.391E-18
45954.000,1.391E-18
45955.000,1.390E-18
45956.000,1.389E-18
45957.000,1.388E-18
45958.000,1.387E-18
45959.000,1.386E-18
45960.000,1.385E-18
45961.000,1.384E-18
45962.000,1.384E-18
45963.000,1.384E-18
45964.000,1.383E-18
45965.000,1.382E-18
45966.000,1.381E-18
45967.000,1.380E-18
45968.000,1.380E-18
45969.000,1.379E-18
45970.000,1.378E-18
45971.000,1.377E-18
45972.000,1.376E-18
45973.000,1.376E-18
45974.000,1.375E-18
45975.000,1.374E-18
45976.000,1.374E-18
45977.000,1.374E-18
45978.000,1.373E-18
45979.000,1.372E-18
45980.000,1.371E-18
45981.000,1.370E-18
45982.000,1.369E-18
45983.000,1.369E-18
45984.000,1.369E-18
45985.000,1.368E-18
45986.000,1.367E-18
45987.000,1.366E-18
45988.000,1.365E-18
45989.000,1.365E-18
45990.000,1.365E-18
45991.000,1.364E-18
45992.000,1.364E-18
45993.000,1.364E-18
45994.000,1.363E-18
45995.000,1.362E-18
45996.000,1.360E-18
45997.000,1.359E-18
45998.000,1.359E-18
45999.000,1.357E-18
46000.000,1.356E-18
46001.000,1.355E-18
46002.000,1.354E-18
46003.000,1.353E-18
46004.000,1.353E-18
46005.000,1.352E-18
46006.000,1.352E-18
46007.000,1.351E-18
46008.000,1.350E-18
46009.000,1.350E-18
46010.000,1.350E-18
46011.000,1.349E-18
46012.000,1.347E-18
46013.000,1.346E-18
46014.000,1.345E-18
46015.000,1.345E-18
46016.000,1.345E-18
46017.000,1.344E-18
46018.000,1.343E-18
46019.000,1.342E-18
46020.000,1.342E-18
46021.000,1.341E-18
46022.000,1.341E-18
46023.000,1.340E-18
46024.000,1.340E-18
46025.000,1.339E-18
46026.000,1.338E-18
46027.000,1.338E-18
46028.000,1.337E-18
46029.000,1.336E-18
46030.000,1.335E-18
46031.000,1.333E-18
46032.000,1.332E-18
46033.000,1.332E-18
46034.000,1.331E-18
46035.000,1.330E-18
46036.000,1.329E-18
46037.000,1.328E-18
46038.000,1.328E-18
46039.000,1.328E-18
46040.000,1.327E-18
46041.000,1.327E-18
46042.000,1.326E-18
46043.000,1.326E-18
46044.000,1.325E-18
46045.000,1.324E-18
46046.000,1.323E-18
46047.000,1.323E-18
46048.000,1.322E-18
46049.000,1.321E-18
46050.000,1.321E-18
46051.000,1.320E-18
46052.000,1.319E-18
46053.000,1.318E-18
46054.000,1.318E-18
46055.000,1.317E-18
46056.000,1.316E-18
46057.000,1.315E-18
46058.000,1.314E-18
46059.000,1.314E-18
46060.000,1.313E-18
46061.000,1.312E-18
46062.000,1.311E-18
46063.000,1.311E-18
46064.000,1.310E-18
46065.000,1.309E-18
46066.000,1.308E-18
46067.000,1.307E-18
46068.000,1.306E-18
46069.000,1.306E-18
46070.000,1.305E-18
46071.000,1.304E-18
46072.000,1.303E-18
46073.000,1.302E-18
46074.000,1.301E-18
46075.000,1.301E-18
46076.000,1.300E-18
46077.000,1.300E-18
46078.000,1.299E-18
46079.000,1.299E-18
46080.000,1.299E-18
46081.000,1.298E-18
46082.000,1.297E-18
46083.000,1.296E-18
46084.000,1.296E-18
46085.000,1.296E-18
46086.000,1.295E-18
46087.000,1.294E-18
46088.000,1.292E-18
46089.000,1.291E-18
46090.000,1.290E-18
46091.000,1.289E-18
46092.000,1.288E-18
46093.000,1.288E-18
46094.000,1.287E-18
46095.000,1.287E-18
46096.000,1.286E-18
46097.000,1.286E-18
46098.000,1.285E-18
46099.000,1.284E-18
46100.000,1.284E-18
46101.000,1.283E-18
46102.000,1.282E-18
46103.000,1.281E-18
46104.000,1.280E-18
46105.000,1.280E-18
46106.000,1.279E-18
46107.000,1.278E-18
46108.000,1.277E-18
46109.000,1.276E-18
46110.000,1.276E-18
46111.000,1.275E-18
46112.000,1.275E-18
46113.000,1.274E-18
46114.000,1.273E-18
46115.000,1.272E-18
46116.000,1.271E-18
46117.000,1.270E-18
46118.000,1.269E-18
46119.000,1.268E-18
46120.000,1.267E-18
46121.000,1.266E-18
46122.000,1.265E-18
46123.000,1.265E-18
46124.000,1.265E-18
46125.000,1.265E-18
46126.000,1.264E-18
46127.000,1.263E-18
46128.000,1.262E-18
46129.000,1.261E-18
46130.000,1.261E-18
46131.000,1.260E-18
46132.000,1.259E-18
46133.000,1.258E-18
46134.000,1.258E-18
46135.000,1.257E-18
46136.000,1.255E-18
46137.000,1.253E-18
46138.000,1.252E-18
46139.000,1.252E-18
46140.000,1.252E-18
46141.000,1.251E-18
46142.000,1.249E-18
46143.000,1.249E-18
46144.000,1.248E-18
46145.000,1.248E-18
46146.000,1.248E-18
46147.000,1.247E-18
46148.000,1.246E-18
46149.000,1.246E-18
46150.000,1.246E-18
46151.000,1.246E-18
46152.000,1.246E-18
46153.000,1.245E-18
46154.000,1.245E-18
46155.000,1.244E-18
46156.000,1.243E-18
46157.000,1.243E-18
46158.000,1.243E-18
46159.000,1.243E-18
46160.000,1.243E-18
46161.000,1.243E-18
46162.000,1.242E-18
46163.000,1.241E-18
46164.000,1.240E-18
46165.000,1.239E-18
46166.000,1.238E-18
46167.000,1.237E-18
46168.000,1.236E-18
46169.000,1.234E-18
46170.000,1.233E-18
46171.000,1.232E-18
46172.000,1.231E-18
46173.000,1.231E-18
46174.000,1.230E-18
46175.000,1.230E-18
46176.000,1.229E-18
46177.000,1.229E-18
46178.000,1.229E-18
46179.000,1.228E-18
46180.000,1.228E-18
46181.000,1.227E-18
46182.000,1.226E-18
46183.000,1.226E-18
46184.000,1.225E-18
46185.000,1.224E-18
46186.000,1.223E-18
46187.000,1.221E-18
46188.000,1.221E-18
46189.000,1.221E-18
46190.000,1.220E-18
46191.000,1.220E-18
46192.000,1.219E-18
46193.000,1.218E-18
46194.000,1.217E-18
46195.000,1.217E-18
46196.000,1.217E-18
46197.000,1.217E-18
46198.000,1.217E-18
46199.000,1.216E-18
46200.000,1.215E-18
46201.000,1.214E-18
46202.000,1.212E-18
46203.000,1.212E-18
46204.000,1.211E-18
46205.000,1.210E-18
46206.000,1.210E-18
46207.000,1.209E-18
46208.000,1.209E-18
46209.000,1.208E-18
46210.000,1.208E-18
46211.000,1.208E-18
46212.000,1.207E-18
46213.000,1.207E-18
46214.000,1.207E-18
46215.000,1.206E-18
46216.000,1.205E-18
46217.000,1.205E-18
46218.000,1.204E-18
46219.000,1.203E-18
46220.000,1.202E-18
46221.000,1.201E-18
46222.000,1.200E-18
46223.000,1.200E-18
46224.000,1.199E-18
46225.000,1.199E-18
46226.000,1.199E-18
46227.000,1.198E-18
46228.000,1.198E-18
46229.000,1.197E-18
46230.000,1.197E-18
46231.000,1.196E-18
46232.000,1.195E-18
46233.000,1.194E-18
46234.000,1.193E-18
46235.000,1.192E-18
46236.000,1.191E-18
46237.000,1.190E-18
46238.000,1.188E-18
46239.000,1.187E-18
46240.000,1.187E-18
46241.000,1.186E-18
46242.000,1.185E-18
46243.000,1.185E-18
46244.000,1.185E-18
46245.000,1.185E-18
46246.000,1.185E-18
46247.000,1.184E-18
46248.000,1.183E-18
46249.000,1.183E-18
46250.000,1.183E-18
46251.000,1.183E-18
46252.000,1.182E-18
46253.000,1.181E-18
46254.000,1.180E-18
46255.000,1.180E-18
46256.000,1.179E-18
46257.000,1.178E-18
46258.000,1.178E-18
46259.000,1.177E-18
46260.000,1.176E-18
46261.000,1.176E-18
46262.000,1.175E-18
46263.000,1.174E-18
46264.000,1.174E-18
46265.000,1.173E-18
46266.000,1.173E-18
46267.000,1.173E-18
46268.000,1.172E-18
46269.000,1.171E-18
46270.000,1.171E-18
46271.000,1.170E-18
46272.000,1.169E-18
46273.000,1.168E-18
46274.000,1.168E-18
46275.000,1.168E-18
46276.000,1.167E-18
46277.000,1.166E-18
46278.000,1.166E-18
46279.000,1.165E-18
46280.000,1.164E-18
46281.000,1.164E-18
46282.000,1.164E-18
46283.000,1.163E-18
46284.000,1.163E-18
46285.000,1.162E-18
46286.000,1.162E-18
46287.000,1.161E-18
46288.000,1.161E-18
46289.000,1.160E-18
46290.000,1.159E-18
46291.000,1.159E-18
46292.000,1.158E-18
46293.000,1.156E-18
46294.000,1.155E-18
46295.000,1.154E-18
46296.000,1.154E-18
46297.000,1.153E-18
46298.000,1.152E-18
46299.000,1.152E-18
46300.000,1.152E-18
46301.000,1.152E-18
46302.000,1.152E-18
46303.000,1.151E-18
46304.000,1.151E-18
46305.000,1.150E-18
46306.000,1.149E-18
46307.000,1.148E-18
46308.000,1.147E-18
46309.000,1.147E-18
46310.000,1.147E-18
46311.000,1.146E-18
46312.000,1.145E-18
46313.000,1.145E-18
46314.000,1.144E-18
46315.000,1.143E-18
46316.000,1.142E-18
46317.000,1.142E-18
46318.000,1.141E-18
46319.000,1.139E-18
46320.000,1.138E-18
46321.000,1.137E-18
46322.000,1.136E-18
46323.000,1.135E-18
46324.000,1.135E-18
46325.000,1.135E-18
46326.000,1.134E-18
46327.000,1.134E-18
46328.000,1.133E-18
46329.000,1.133E-18
46330.000,1.133E-18
46331.000,1.133E-18
46332.000,1.132E-18
46333.000,1.131E-18
46334.000,1.130E-18
46335.000,1.129E-18
46336.000,1.128E-18
46337.000,1.127E-18
46338.000,1.126E-18
46339.000,1.125E-18
46340.000,1.125E-18
46341.000,1.124E-18
46342.000,1.123E-18
46343.000,1.122E-18
46344.000,1.122E-18
46345.000,1.122E-18
46346.000,1.122E-18
46347.000,1.121E-18
46348.000,1.120E-18
46349.000,1.120E-18
46350.000,1.119E-18
46351.000,1.118E-18
46352.000,1.117E-18
46353.000,1.116E-18
46354.000,1.116E-18
46355.000,1.115E-18
46356.000,1.115E-18
46357.000,1.115E-18
46358.000,1.114E-18
46359.000,1.114E-18
46360.000,1.113E-18
46361.000,1.113E-18
46362.000,1.113E-18
46363.000,1.112E-18
46364.000,1.111E-18
46365.000,1.111E-18
46366.000,1.109E-18
46367.000,1.108E-18
46368.000,1.108E-18
46369.000,1.107E-18
46370.000,1.106E-18
46371.000,1.106E-18
46372.000,1.105E-18
46373.000,1.104E-18
46374.000,1.103E-18
46375.000,1.103E-18
46376.000,1.102E-18
46377.000,1.101E-18
46378.000,1.101E-18
46379.000,1.100E-18
46380.000,1.099E-18
46381.000,1.098E-18
46382.000,1.098E-18
46383.000,1.097E-18
46384.000,1.096E-18
46385.000,1.096E-18
46386.000,1.095E-18
46387.000,1.095E-18
46388.000,1.095E-18
46389.000,1.095E-18
46390.000,1.094E-18
46391.000,1.093E-18
46392.000,1.093E-18
46393.000,1.092E-18
46394.000,1.091E-18
46395.000,1.091E-18
46396.000,1.089E-18
46397.000,1.088E-18
46398.000,1.088E-18
46399.000,1.088E-18
46400.000,1.088E-18
46401.000,1.087E-18
46402.000,1.087E-18
46403.000,1.086E-18
46404.000,1.085E-18
46405.000,1.085E-18
46406.000,1.085E-18
46407.000,1.084E-18
46408.000,1.084E-18
46409.000,1.084E-18
46410.000,1.083E-18
46411.000,1.082E-18
46412.000,1.081E-18
46413.000,1.081E-18
46414.000,1.080E-18
46415.000,1.080E-18
46416.000,1.079E-18
46417.000,1.079E-18
46418.000,1.079E-18
46419.000,1.078E-18
46420.000,1.077E-18
46421.000,1.077E-18
46422.000,1.077E-18
46423.000,1.076E-18
46424.000,1.076E-18
46425.000,1.075E-18
46426.000,1.074E-18
46427.000,1.073E-18
46428.000,1.072E-18
46429.000,1.072E-18
46430.000,1.071E-18
46431.000,1.071E-18
46432.000,1.070E-18
46433.000,1.069E-18
46434.000,1.069E-18
46435.000,1.069E-18
46436.000,1.068E-18
46437.000,1.067E-18
46438.000,1.067E-18
46439.000,1.067E-18
46440.000,1.067E-18
46441.000,1.066E-18
46442.000,1.066E-18
46443.000,1.065E-18
46444.000,1.065E-18
46445.000,1.064E-18
46446.000,1.064E-18
46447.000,1.063E-18
46448.000,1.062E-18
46449.000,1.060E-18
46450.000,1.060E-18
46451.000,1.060E-18
46452.000,1.060E-18
46453.000,1.059E-18
46454.000,1.059E-18
46455.000,1.059E-18
46456.000,1.058E-18
46457.000,1.058E-18
46458.000,1.057E-18
46459.000,1.056E-18
46460.000,1.055E-18
46461.000,1.054E-18
46462.000,1.053E-18
46463.000,1.052E-18
46464.000,1.051E-18
46465.000,1.051E-18
46466.000,1.051E-18
46467.000,1.050E-18
46468.000,1.050E-18
46469.000,1.049E-18
46470.000,1.049E-18
46471.000,1.048E-18
46472.000,1.048E-18
46473.000,1.047E-18
46474.000,1.047E-18
46475.000,1.046E-18
46476.000,1.045E-18
46477.000,1.044E-18
46478.000,1.043E-18
46479.000,1.043E-18
46480.000,1.042E-18
46481.000,1.041E-18
46482.000,1.041E-18
46483.000,1.041E-18
46484.000,1.041E-18
46485.000,1.040E-18
46486.000,1.039E-18
46487.000,1.038E-18
46488.000,1.037E-18
46489.000,1.037E-18
46490.000,1.037E-18
46491.000,1.036E-18
46492.000,1.036E-18
46493.000,1.035E-18
46494.000,1.034E-18
46495.000,1.033E-18
46496.000,1.033E-18
46497.000,1.033E-18
46498.000,1.032E-18
46499.000,1.032E-18
46500.000,1.032E-18
46501.000,1.032E-18
46502.000,1.031E-18
46503.000,1.031E-18
46504.000,1.031E-18
46505.000,1.031E-18
46506.000,1.031E-18
46507.000,1.030E-18
46508.000,1.029E-18
46509.000,1.029E-18
46510.000,1.029E-18
46511.000,1.029E-18
46512.000,1.029E-18
46513.000,1.028E-18
46514.000,1.028E-18
46515.000,1.026E-18
46516.000,1.025E-18
46517.000,1.024E-18
46518.000,1.023E-18
46519.000,1.023E-18
46520.000,1.022E-18
46521.000,1.021E-18
46522.000,1.020E-18
46523.000,1.020E-18
46524.000,1.019E-18
46525.000,1.019E-18
46526.000,1.019E-18
46527.000,1.019E-18
46528.000,1.019E-18
46529.000,1.018E-18
46530.000,1.018E-18
46531.000,1.017E-18
46532.000,1.016E-18
46533.000,1.015E-18
46534.000,1.014E-18
46535.000,1.014E-18
46536.000,1.014E-18
46537.000,1.013E-18
46538.000,1.013E-18
46539.000,1.012E-18
46540.000,1.011E-18
46541.000,1.011E-18
46542.000,1.010E-18
46543.000,1.009E-18
46544.000,1.008E-18
46545.000,1.007E-18
46546.000,1.007E-18
46547.000,1.007E-18
46548.000,1.006E-18
46549.000,1.005E-18
46550.000,1.005E-18
46551.000,1.004E-18
46552.000,1.003E-18
46553.000,1.002E-18
46554.000,1.002E-18
46555.000,1.001E-18
46556.000,1.001E-18
46557.000,1.001E-18
46558.000,1.000E-18
46559.000,1.000E-18
46560.000,9.995E-19
46561.000,9.990E-19
46562.000,9.986E-19
46563.000,9.981E-19
46564.000,9.977E-19
46565.000,9.972E-19
46566.000,9.966E-19
46567.000,9.956E-19
46568.000,9.945E-19
46569.000,9.941E-19
46570.000,9.937E-19
46571.000,9.930E-19
46572.000,9.924E-19
46573.000,9.922E-19
46574.000,9.921E-19
46575.000,9.919E-19
46576.000,9.917E-19
46577.000,9.915E-19
46578.000,9.911E-19
46579.000,9.908E-19
46580.000,9.898E-19
46581.000,9.887E-19
46582.000,9.882E-19
46583.000,9.876E-19
46584.000,9.869E-19
46585.000,9.863E-19
46586.000,9.855E-19
46587.000,9.846E-19
46588.000,9.843E-19
46589.000,9.841E-19
46590.000,9.838E-19
46591.000,9.835E-19
46592.000,9.832E-19
46593.000,9.825E-19
46594.000,9.818E-19
46595.000,9.814E-19
46596.000,9.810E-19
46597.000,9.803E-19
46598.000,9.797E-19
46599.000,9.791E-19
46600.000,9.785E-19
46601.000,9.782E-19
46602.000,9.780E-19
46603.000,9.777E-19
46604.000,9.775E-19
46605.000,9.772E-19
46606.000,9.764E-19
46607.000,9.757E-19
46608.000,9.753E-19
46609.000,9.750E-19
46610.000,9.743E-19
46611.000,9.736E-19
46612.000,9.735E-19
46613.000,9.734E-19
46614.000,9.733E-19
46615.000,9.725E-19
46616.000,9.718E-19
46617.000,9.710E-19
46618.000,9.703E-19
46619.000,9.697E-19
46620.000,9.692E-19
46621.000,9.685E-19
46622.000,9.678E-19
46623.000,9.668E-19
46624.000,9.659E-19
46625.000,9.656E-19
46626.000,9.652E-19
46627.000,9.649E-19
46628.000,9.637E-19
46629.000,9.626E-19
46630.000,9.621E-19
46631.000,9.617E-19
46632.000,9.609E-19
46633.000,9.600E-19
46634.000,9.599E-19
46635.000,9.598E-19
46636.000,9.590E-19
46637.000,9.582E-19
46638.000,9.581E-19
46639.000,9.579E-19
46640.000,9.578E-19
46641.000,9.571E-19
46642.000,9.565E-19
46643.000,9.561E-19
46644.000,9.556E-19
46645.000,9.548E-19
46646.000,9.540E-19
46647.000,9.534E-19
46648.000,9.528E-19
46649.000,9.523E-19
46650.000,9.518E-19
46651.000,9.513E-19
46652.000,9.508E-19
46653.000,9.503E-19
46654.000,9.498E-19
46655.000,9.494E-19
46656.000,9.489E-19
46657.000,9.484E-19
46658.000,9.480E-19
46659.000,9.475E-19
46660.000,9.466E-19
46661.000,9.457E-19
46662.000,9.455E-19
46663.000,9.453E-19
46664.000,9.451E-19
46665.000,9.445E-19
46666.000,9.439E-19
46667.000,9.432E-19
46668.000,9.426E-19
46669.000,9.417E-19
46670.000,9.408E-19
46671.000,9.403E-19
46672.000,9.399E-19
46673.000,9.392E-19
46674.000,9.386E-19
46675.000,9.382E-19
46676.000,9.377E-19
46677.000,9.373E-19
46678.000,9.367E-19
46679.000,9.361E-19
46680.000,9.355E-19
46681.000,9.349E-19
46682.000,9.345E-19
46683.000,9.340E-19
46684.000,9.338E-19
46685.000,9.335E-19
46686.000,9.330E-19
46687.000,9.324E-19
46688.000,9.319E-19
46689.000,9.312E-19
46690.000,9.306E-19
46691.000,9.296E-19
46692.000,9.286E-19
46693.000,9.279E-19
46694.000,9.272E-19
46695.000,9.268E-19
46696.000,9.264E-19
46697.000,9.261E-19
46698.000,9.258E-19
46699.000,9.258E-19
46700.000,9.257E-19
46701.000,9.257E-19
46702.000,9.256E-19
46703.000,9.256E-19
46704.000,9.252E-19
46705.000,9.248E-19
46706.000,9.241E-19
46707.000,9.234E-19
46708.000,9.229E-19
46709.000,9.223E-19
46710.000,9.221E-19
46711.000,9.220E-19
46712.000,9.218E-19
46713.000,9.212E-19
46714.000,9.206E-19
46715.000,9.200E-19
46716.000,9.195E-19
46717.000,9.190E-19
46718.000,9.184E-19
46719.000,9.177E-19
46720.000,9.171E-19
46721.000,9.164E-19
46722.000,9.157E-19
46723.000,9.155E-19
46724.000,9.154E-19
46725.000,9.152E-19
46726.000,9.149E-19
46727.000,9.147E-19
46728.000,9.142E-19
46729.000,9.138E-19
46730.000,9.129E-19
46731.000,9.121E-19
46732.000,9.118E-19
46733.000,9.115E-19
46734.000,9.112E-19
46735.000,9.110E-19
46736.000,9.107E-19
46737.000,9.101E-19
46738.000,9.095E-19
46739.000,9.089E-19
46740.000,9.083E-19
46741.000,9.078E-19
46742.000,9.072E-19
46743.000,9.067E-19
46744.000,9.061E-19
46745.000,9.055E-19
46746.000,9.050E-19
46747.000,9.049E-19
46748.000,9.047E-19
46749.000,9.046E-19
46750.000,9.041E-19
46751.000,9.037E-19
46752.000,9.030E-19
46753.000,9.024E-19
46754.000,9.021E-19
46755.000,9.018E-19
46756.000,9.010E-19
46757.000,9.003E-19
46758.000,8.999E-19
46759.000,8.996E-19
46760.000,8.992E-19
46761.000,8.987E-19
46762.000,8.982E-19
46763.000,8.978E-19
46764.000,8.974E-19
46765.000,8.968E-19
46766.000,8.963E-19
46767.000,8.952E-19
46768.000,8.942E-19
46769.000,8.939E-19
46770.000,8.935E-19
46771.000,8.929E-19
46772.000,8.922E-19
46773.000,8.916E-19
46774.000,8.912E-19
46775.000,8.907E-19
46776.000,8.906E-19
46777.000,8.904E-19
46778.000,8.896E-19
46779.000,8.888E-19
46780.000,8.883E-19
46781.000,8.879E-19
46782.000,8.871E-19
46783.000,8.864E-19
46784.000,8.856E-19
46785.000,8.848E-19
46786.000,8.841E-19
46787.000,8.836E-19
46788.000,8.830E-19
46789.000,8.820E-19
46790.000,8.810E-19
46791.000,8.808E-19
46792.000,8.805E-19
46793.000,8.799E-19
46794.000,8.794E-19
46795.000,8.788E-19
46796.000,8.785E-19
46797.000,8.781E-19
46798.000,8.772E-19
46799.000,8.763E-19
46800.000,8.757E-19
46801.000,8.751E-19
46802.000,8.747E-19
46803.000,8.743E-19
46804.000,8.742E-19
46805.000,8.741E-19
46806.000,8.740E-19
46807.000,8.738E-19
46808.000,8.735E-19
46809.000,8.732E-19
46810.000,8.729E-19
46811.000,8.723E-19
46812.000,8.717E-19
46813.000,8.712E-19
46814.000,8.708E-19
46815.000,8.704E-19
46816.000,8.699E-19
46817.000,8.695E-19
46818.000,8.692E-19
46819.000,8.688E-19
46820.000,8.684E-19
46821.000,8.680E-19
46822.000,8.676E-19
46823.000,8.671E-19
46824.000,8.666E-19
46825.000,8.661E-19
46826.000,8.657E-19
46827.000,8.653E-19
46828.000,8.652E-19
46829.000,8.650E-19
46830.000,8.649E-19
46831.000,8.647E-19
46832.000,8.645E-19
46833.000,8.637E-19
46834.000,8.630E-19
46835.000,8.623E-19
46836.000,8.617E-19
46837.000,8.612E-19
46838.000,8.606E-19
46839.000,8.604E-19
46840.000,8.601E-19
46841.000,8.599E-19
46842.000,8.593E-19
46843.000,8.588E-19
46844.000,8.581E-19
46845.000,8.575E-19
46846.000,8.573E-19
46847.000,8.570E-19
46848.000,8.564E-19
46849.000,8.558E-19
46850.000,8.555E-19
46851.000,8.551E-19
46852.000,8.548E-19
46853.000,8.541E-19
46854.000,8.534E-19
46855.000,8.527E-19
46856.000,8.521E-19
46857.000,8.514E-19
46858.000,8.507E-19
46859.000,8.505E-19
46860.000,8.503E-19
46861.000,8.500E-19
46862.000,8.496E-19
46863.000,8.493E-19
46864.000,8.490E-19
46865.000,8.488E-19
46866.000,8.486E-19
46867.000,8.483E-19
46868.000,8.479E-19
46869.000,8.476E-19
46870.000,8.472E-19
46871.000,8.468E-19
46872.000,8.465E-19
46873.000,8.461E-19
46874.000,8.458E-19
46875.000,8.451E-19
46876.000,8.444E-19
46877.000,8.442E-19
46878.000,8.440E-19
46879.000,8.434E-19
46880.000,8.427E-19
46881.000,8.420E-19
46882.000,8.414E-19
46883.000,8.412E-19
46884.000,8.409E-19
46885.000,8.407E-19
46886.000,8.403E-19
46887.000,8.400E-19
46888.000,8.398E-19
46889.000,8.395E-19
46890.000,8.390E-19
46891.000,8.385E-19
46892.000,8.380E-19
46893.000,8.376E-19
46894.000,8.372E-19
46895.000,8.369E-19
46896.000,8.365E-19
46897.000,8.358E-19
46898.000,8.351E-19
46899.000,8.345E-19
46900.000,8.340E-19
46901.000,8.339E-19
46902.000,8.338E-19
46903.000,8.336E-19
46904.000,8.333E-19
46905.000,8.332E-19
46906.000,8.330E-19
46907.000,8.329E-19
46908.000,8.326E-19
46909.000,8.322E-19
46910.000,8.316E-19
46911.000,8.309E-19
46912.000,8.302E-19
46913.000,8.295E-19
46914.000,8.289E-19
46915.000,8.283E-19
46916.000,8.279E-19
46917.000,8.276E-19
46918.000,8.272E-19
46919.000,8.266E-19
46920.000,8.260E-19
46921.000,8.253E-19
46922.000,8.245E-19
46923.000,8.241E-19
46924.000,8.238E-19
46925.000,8.231E-19
46926.000,8.223E-19
46927.000,8.217E-19
46928.000,8.211E-19
46929.000,8.205E-19
46930.000,8.198E-19
46931.000,8.191E-19
46932.000,8.189E-19
46933.000,8.187E-19
46934.000,8.182E-19
46935.000,8.177E-19
46936.000,8.173E-19
46937.000,8.170E-19
46938.000,8.169E-19
46939.000,8.169E-19
46940.000,8.168E-19
46941.000,8.165E-19
46942.000,8.162E-19
46943.000,8.158E-19
46944.000,8.154E-19
46945.000,8.150E-19
46946.000,8.146E-19
46947.000,8.143E-19
46948.000,8.140E-19
46949.000,8.137E-19
46950.000,8.134E-19
46951.000,8.131E-19
46952.000,8.125E-19
46953.000,8.119E-19
46954.000,8.112E-19
46955.000,8.104E-19
46956.000,8.100E-19
46957.000,8.097E-19
46958.000,8.091E-19
46959.000,8.085E-19
46960.000,8.083E-19
46961.000,8.080E-19
46962.000,8.078E-19
46963.000,8.075E-19
46964.000,8.073E-19
46965.000,8.067E-19
46966.000,8.061E-19
46967.000,8.055E-19
46968.000,8.049E-19
46969.000,8.046E-19
46970.000,8.042E-19
46971.000,8.038E-19
46972.000,8.035E-19
46973.000,8.031E-19
46974.000,8.026E-19
46975.000,8.021E-19
46976.000,8.020E-19
46977.000,8.019E-19
46978.000,8.012E-19
46979.000,8.005E-19
46980.000,8.002E-19
46981.000,7.999E-19
46982.000,7.995E-19
46983.000,7.991E-19
46984.000,7.987E-19
46985.000,7.982E-19
46986.000,7.976E-19
46987.000,7.970E-19
46988.000,7.963E-19
46989.000,7.956E-19
46990.000,7.949E-19
46991.000,7.943E-19
46992.000,7.938E-19
46993.000,7.936E-19
46994.000,7.934E-19
46995.000,7.932E-19
46996.000,7.927E-19
46997.000,7.922E-19
46998.000,7.920E-19
46999.000,7.918E-19
47000.000,7.916E-19
47001.000,7.914E-19
47002.000,7.909E-19
47003.000,7.903E-19
47004.000,7.898E-19
47005.000,7.893E-19
47006.000,7.889E-19
47007.000,7.883E-19
47008.000,7.876E-19
47009.000,7.870E-19
47010.000,7.865E-19
47011.000,7.861E-19
47012.000,7.857E-19
47013.000,7.854E-19
47014.000,7.850E-19
47015.000,7.847E-19
47016.000,7.842E-19
47017.000,7.838E-19
47018.000,7.832E-19
47019.000,7.826E-19
47020.000,7.823E-19
47021.000,7.819E-19
47022.000,7.815E-19
47023.000,7.811E-19
47024.000,7.808E-19
47025.000,7.804E-19
47026.000,7.801E-19
47027.000,7.797E-19
47028.000,7.793E-19
47029.000,7.787E-19
47030.000,7.781E-19
47031.000,7.777E-19
47032.000,7.772E-19
47033.000,7.770E-19
47034.000,7.768E-19
47035.000,7.766E-19
47036.000,7.764E-19
47037.000,7.762E-19
47038.000,7.759E-19
47039.000,7.756E-19
47040.000,7.754E-19
47041.000,7.753E-19
47042.000,7.748E-19
47043.000,7.744E-19
47044.000,7.741E-19
47045.000,7.737E-19
47046.000,7.734E-19
47047.000,7.727E-19
47048.000,7.721E-19
47049.000,7.718E-19
47050.000,7.715E-19
47051.000,7.711E-19
47052.000,7.707E-19
47053.000,7.703E-19
47054.000,7.698E-19
47055.000,7.695E-19
47056.000,7.691E-19
47057.000,7.688E-19
47058.000,7.682E-19
47059.000,7.675E-19
47060.000,7.669E-19
47061.000,7.664E-19
47062.000,7.659E-19
47063.000,7.653E-19
47064.000,7.648E-19
47065.000,7.643E-19
47066.000,7.639E-19
47067.000,7.636E-19
47068.000,7.632E-19
47069.000,7.628E-19
47070.000,7.623E-19
47071.000,7.618E-19
47072.000,7.612E-19
47073.000,7.608E-19
47074.000,7.604E-19
47075.000,7.601E-19
47076.000,7.597E-19
47077.000,7.594E-19
47078.000,7.590E-19
47079.000,7.586E-19
47080.000,7.582E-19
47081.000,7.579E-19
47082.000,7.576E-19
47083.000,7.574E-19
47084.000,7.569E-19
47085.000,7.564E-19
47086.000,7.560E-19
47087.000,7.557E-19
47088.000,7.553E-19
47089.000,7.548E-19
47090.000,7.543E-19
47091.000,7.539E-19
47092.000,7.535E-19
47093.000,7.532E-19
47094.000,7.529E-19
47095.000,7.526E-19
47096.000,7.523E-19
47097.000,7.520E-19
47098.000,7.515E-19
47099.000,7.510E-19
47100.000,7.506E-19
47101.000,7.502E-19
47102.000,7.496E-19
47103.000,7.490E-19
47104.000,7.484E-19
47105.000,7.478E-19
47106.000,7.475E-19
47107.000,7.473E-19
47108.000,7.470E-19
47109.000,7.466E-19
47110.000,7.462E-19
47111.000,7.457E-19
47112.000,7.452E-19
47113.000,7.448E-19
47114.000,7.444E-19
47115.000,7.438E-19
47116.000,7.433E-19
47117.000,7.431E-19
47118.000,7.428E-19
47119.000,7.426E-19
47120.000,7.423E-19
47121.000,7.419E-19
47122.000,7.416E-19
47123.000,7.413E-19
47124.000,7.410E-19
47125.000,7.407E-19
47126.000,7.404E-19
47127.000,7.401E-19
47128.000,7.398E-19
47129.000,7.395E-19
47130.000,7.392E-19
47131.000,7.385E-19
47132.000,7.378E-19
47133.000,7.373E-19
47134.000,7.369E-19
47135.000,7.366E-19
47136.000,7.363E-19
47137.000,7.359E-19
47138.000,7.356E-19
47139.000,7.352E-19
47140.000,7.349E-19
47141.000,7.346E-19
47142.000,7.341E-19
47143.000,7.336E-19
47144.000,7.330E-19
47145.000,7.325E-19
47146.000,7.323E-19
47147.000,7.320E-19
47148.000,7.318E-19
47149.000,7.314E-19
47150.000,7.310E-19
47151.000,7.305E-19
47152.000,7.301E-19
47153.000,7.296E-19
47154.000,7.291E-19
47155.000,7.287E-19
47156.000,7.283E-19
47157.000,7.279E-19
47158.000,7.276E-19
47159.000,7.272E-19
47160.000,7.267E-19
47161.000,7.262E-19
47162.000,7.258E-19
47163.000,7.254E-19
47164.000,7.250E-19
47165.000,7.246E-19
47166.000,7.244E-19
47167.000,7.242E-19
47168.000,7.240E-19
47169.000,7.235E-19
47170.000,7.231E-19
47171.000,7.226E-19
47172.000,7.221E-19
47173.000,7.216E-19
47174.000,7.212E-19
47175.000,7.207E-19
47176.000,7.203E-19
47177.000,7.200E-19
47178.000,7.198E-19
47179.000,7.195E-19
47180.000,7.193E-19
47181.000,7.191E-19
47182.000,7.187E-19
47183.000,7.183E-19
47184.000,7.178E-19
47185.000,7.174E-19
47186.000,7.171E-19
47187.000,7.169E-19
47188.000,7.166E-19
47189.000,7.160E-19
47190.000,7.154E-19
47191.000,7.152E-19
47192.000,7.149E-19
47193.000,7.145E-19
47194.000,7.141E-19
47195.000,7.137E-19
47196.000,7.134E-19
47197.000,7.130E-19
47198.000,7.127E-19
47199.000,7.124E-19
47200.000,7.119E-19
47201.000,7.114E-19
47202.000,7.110E-19
47203.000,7.105E-19
47204.000,7.102E-19
47205.000,7.098E-19
47206.000,7.095E-19
47207.000,7.093E-19
47208.000,7.090E-19
47209.000,7.088E-19
47210.000,7.086E-19
47211.000,7.081E-19
47212.000,7.075E-19
47213.000,7.071E-19
47214.000,7.068E-19
47215.000,7.065E-19
47216.000,7.061E-19
47217.000,7.058E-19
47218.000,7.054E-19
47219.000,7.049E-19
47220.000,7.044E-19
47221.000,7.039E-19
47222.000,7.035E-19
47223.000,7.031E-19
47224.000,7.027E-19
47225.000,7.024E-19
47226.000,7.020E-19
47227.000,7.014E-19
47228.000,7.008E-19
47229.000,7.006E-19
47230.000,7.003E-19
47231.000,6.998E-19
47232.000,6.993E-19
47233.000,6.989E-19
47234.000,6.985E-19
47235.000,6.983E-19
47236.000,6.980E-19
47237.000,6.978E-19
47238.000,6.973E-19
47239.000,6.969E-19
47240.000,6.963E-19
47241.000,6.958E-19
47242.000,6.954E-19
47243.000,6.950E-19
47244.000,6.946E-19
47245.000,6.942E-19
47246.000,6.938E-19
47247.000,6.932E-19
47248.000,6.927E-19
47249.000,6.924E-19
47250.000,6.922E-19
47251.000,6.919E-19
47252.000,6.915E-19
47253.000,6.912E-19
47254.000,6.909E-19
47255.000,6.906E-19
47256.000,6.901E-19
47257.000,6.896E-19
47258.000,6.892E-19
47259.000,6.887E-19
47260.000,6.884E-19
47261.000,6.881E-19
47262.000,6.878E-19
47263.000,6.874E-19
47264.000,6.871E-19
47265.000,6.868E-19
47266.000,6.865E-19
47267.000,6.863E-19
47268.000,6.860E-19
47269.000,6.855E-19
47270.000,6.851E-19
47271.000,6.847E-19
47272.000,6.844E-19
47273.000,6.841E-19
47274.000,6.837E-19
47275.000,6.834E-19
47276.000,6.828E-19
47277.000,6.823E-19
47278.000,6.819E-19
47279.000,6.815E-19
47280.000,6.811E-19
47281.000,6.807E-19
47282.000,6.805E-19
47283.000,6.804E-19
47284.000,6.802E-19
47285.000,6.798E-19
47286.000,6.794E-19
47287.000,6.792E-19
47288.000,6.790E-19
47289.000,6.787E-19
47290.000,6.784E-19
47291.000,6.782E-19
47292.000,6.780E-19
47293.000,6.778E-19
47294.000,6.774E-19
47295.000,6.769E-19
47296.000,6.764E-19
47297.000,6.758E-19
47298.000,6.754E-19
47299.000,6.749E-19
47300.000,6.747E-19
47301.000,6.744E-19
47302.000,6.741E-19
47303.000,6.737E-19
47304.000,6.734E-19
47305.000,6.732E-19
47306.000,6.730E-19
47307.000,6.725E-19
47308.000,6.720E-19
47309.000,6.718E-19
47310.000,6.715E-19
47311.000,6.713E-19
47312.000,6.710E-19
47313.000,6.708E-19
47314.000,6.703E-19
47315.000,6.698E-19
47316.000,6.694E-19
47317.000,6.691E-19
47318.000,6.686E-19
47319.000,6.681E-19
47320.000,6.678E-19
47321.000,6.676E-19
47322.000,6.673E-19
47323.000,6.668E-19
47324.000,6.663E-19
47325.000,6.660E-19
47326.000,6.656E-19
47327.000,6.652E-19
47328.000,6.649E-19
47329.000,6.647E-19
47330.000,6.645E-19
47331.000,6.643E-19
47332.000,6.639E-19
47333.000,6.635E-19
47334.000,6.631E-19
47335.000,6.627E-19
47336.000,6.624E-19
47337.000,6.621E-19
47338.000,6.619E-19
47339.000,6.618E-19
47340.000,6.616E-19
47341.000,6.613E-19
47342.000,6.609E-19
47343.000,6.605E-19
47344.000,6.601E-19
47345.000,6.597E-19
47346.000,6.594E-19
47347.000,6.590E-19
47348.000,6.585E-19
47349.000,6.581E-19
47350.000,6.577E-19
47351.000,6.573E-19
47352.000,6.568E-19
47353.000,6.564E-19
47354.000,6.561E-19
47355.000,6.558E-19
47356.000,6.555E-19
47357.000,6.553E-19
47358.000,6.551E-19
47359.000,6.548E-19
47360.000,6.546E-19
47361.000,6.543E-19
47362.000,6.539E-19
47363.000,6.536E-19
47364.000,6.533E-19
47365.000,6.529E-19
47366.000,6.525E-19
47367.000,6.522E-19
47368.000,6.520E-19
47369.000,6.517E-19
47370.000,6.514E-19
47371.000,6.510E-19
47372.000,6.503E-19
47373.000,6.497E-19
47374.000,6.493E-19
47375.000,6.490E-19
47376.000,6.487E-19
47377.000,6.484E-19
47378.000,6.481E-19
47379.000,6.477E-19
47380.000,6.473E-19
47381.000,6.470E-19
47382.000,6.466E-19
47383.000,6.463E-19
47384.000,6.460E-19
47385.000,6.458E-19
47386.000,6.455E-19
47387.000,6.453E-19
47388.000,6.449E-19
47389.000,6.446E-19
47390.000,6.443E-19
47391.000,6.439E-19
47392.000,6.435E-19
47393.000,6.431E-19
47394.000,6.428E-19
47395.000,6.425E-19
47396.000,6.422E-19
47397.000,6.418E-19
47398.000,6.413E-19
47399.000,6.408E-19
47400.000,6.404E-19
47401.000,6.400E-19
47402.000,6.396E-19
47403.000,6.393E-19
47404.000,6.389E-19
47405.000,6.386E-19
47406.000,6.383E-19
47407.000,6.379E-19
47408.000,6.377E-19
47409.000,6.374E-19
47410.000,6.373E-19
47411.000,6.371E-19
47412.000,6.369E-19
47413.000,6.368E-19
47414.000,6.366E-19
47415.000,6.363E-19
47416.000,6.360E-19
47417.000,6.358E-19
47418.000,6.355E-19
47419.000,6.352E-19
47420.000,6.348E-19
47421.000,6.346E-19
47422.000,6.343E-19
47423.000,6.341E-19
47424.000,6.338E-19
47425.000,6.335E-19
47426.000,6.331E-19
47427.000,6.326E-19
47428.000,6.323E-19
47429.000,6.320E-19
47430.000,6.318E-19
47431.000,6.315E-19
47432.000,6.313E-19
47433.000,6.310E-19
47434.000,6.306E-19
47435.000,6.302E-19
47436.000,6.299E-19
47437.000,6.296E-19
47438.000,6.293E-19
47439.000,6.291E-19
47440.000,6.290E-19
47441.000,6.288E-19
47442.000,6.285E-19
47443.000,6.282E-19
47444.000,6.278E-19
47445.000,6.274E-19
47446.000,6.270E-19
47447.000,6.266E-19
47448.000,6.264E-19
47449.000,6.261E-19
47450.000,6.259E-19
47451.000,6.255E-19
47452.000,6.250E-19
47453.000,6.246E-19
47454.000,6.243E-19
47455.000,6.240E-19
47456.000,6.237E-19
47457.000,6.235E-19
47458.000,6.233E-19
47459.000,6.231E-19
47460.000,6.228E-19
47461.000,6.224E-19
47462.000,6.220E-19
47463.000,6.217E-19
47464.000,6.212E-19
47465.000,6.207E-19
47466.000,6.205E-19
47467.000,6.202E-19
47468.000,6.200E-19
47469.000,6.196E-19
47470.000,6.192E-19
47471.000,6.188E-19
47472.000,6.185E-19
47473.000,6.182E-19
47474.000,6.178E-19
47475.000,6.176E-19
47476.000,6.173E-19
47477.000,6.171E-19
47478.000,6.168E-19
47479.000,6.165E-19
47480.000,6.161E-19
47481.000,6.158E-19
47482.000,6.153E-19
47483.000,6.147E-19
47484.000,6.145E-19
47485.000,6.143E-19
47486.000,6.141E-19
47487.000,6.139E-19
47488.000,6.136E-19
47489.000,6.133E-19
47490.000,6.130E-19
47491.000,6.126E-19
47492.000,6.123E-19
47493.000,6.121E-19
47494.000,6.120E-19
47495.000,6.118E-19
47496.000,6.114E-19
47497.000,6.110E-19
47498.000,6.105E-19
47499.000,6.101E-19
47500.000,6.095E-19
47501.000,6.089E-19
47502.000,6.087E-19
47503.000,6.085E-19
47504.000,6.083E-19
47505.000,6.079E-19
47506.000,6.075E-19
47507.000,6.072E-19
47508.000,6.069E-19
47509.000,6.067E-19
47510.000,6.065E-19
47511.000,6.063E-19
47512.000,6.061E-19
47513.000,6.059E-19
47514.000,6.056E-19
47515.000,6.054E-19
47516.000,6.051E-19
47517.000,6.048E-19
47518.000,6.043E-19
47519.000,6.039E-19
47520.000,6.037E-19
47521.000,6.034E-19
47522.000,6.032E-19
47523.000,6.028E-19
47524.000,6.024E-19
47525.000,6.021E-19
47526.000,6.018E-19
47527.000,6.017E-19
47528.000,6.015E-19
47529.000,6.014E-19
47530.000,6.011E-19
47531.000,6.008E-19
47532.000,6.004E-19
47533.000,6.001E-19
47534.000,5.998E-19
47535.000,5.994E-19
47536.000,5.992E-19
47537.000,5.989E-19
47538.000,5.987E-19
47539.000,5.983E-19
47540.000,5.979E-19
47541.000,5.975E-19
47542.000,5.972E-19
47543.000,5.969E-19
47544.000,5.966E-19
47545.000,5.964E-19
47546.000,5.962E-19
47547.000,5.960E-19
47548.000,5.956E-19
47549.000,5.953E-19
47550.000,5.950E-19
47551.000,5.947E-19
47552.000,5.944E-19
47553.000,5.941E-19
47554.000,5.939E-19
47555.000,5.937E-19
47556.000,5.935E-19
47557.000,5.932E-19
47558.000,5.929E-19
47559.000,5.925E-19
47560.000,5.921E-19
47561.000,5.918E-19
47562.000,5.915E-19
47563.000,5.913E-19
47564.000,5.911E-19
47565.000,5.909E-19
47566.000,5.906E-19
47567.000,5.902E-19
47568.000,5.900E-19
47569.000,5.897E-19
47570.000,5.894E-19
47571.000,5.890E-19
47572.000,5.887E-19
47573.000,5.885E-19
47574.000,5.882E-19
47575.000,5.878E-19
47576.000,5.875E-19
47577.000,5.871E-19
47578.000,5.867E-19
47579.000,5.865E-19
47580.000,5.862E-19
47581.000,5.860E-19
47582.000,5.857E-19
47583.000,5.854E-19
47584.000,5.851E-19
47585.000,5.848E-19
47586.000,5.845E-19
47587.000,5.842E-19
47588.000,5.840E-19
47589.000,5.838E-19
47590.000,5.836E-19
47591.000,5.834E-19
47592.000,5.831E-19
47593.000,5.828E-19
47594.000,5.824E-19
47595.000,5.821E-19
47596.000,5.818E-19
47597.000,5.816E-19
47598.000,5.814E-19
47599.000,5.812E-19
47600.000,5.809E-19
47601.000,5.805E-19
47602.000,5.801E-19
47603.000,5.797E-19
47604.000,5.793E-19
47605.000,5.789E-19
47606.000,5.787E-19
47607.000,5.784E-19
47608.000,5.782E-19
47609.000,5.779E-19
47610.000,5.776E-19
47611.000,5.772E-19
47612.000,5.769E-19
47613.000,5.767E-19
47614.000,5.765E-19
47615.000,5.763E-19
47616.000,5.760E-19
47617.000,5.758E-19
47618.000,5.755E-19
47619.000,5.752E-19
47620.000,5.749E-19
47621.000,5.746E-19
47622.000,5.744E-19
47623.000,5.743E-19
47624.000,5.741E-19
47625.000,5.739E-19
47626.000,5.736E-19
47627.000,5.733E-19
47628.000,5.729E-19
47629.000,5.724E-19
47630.000,5.720E-19
47631.000,5.717E-19
47632.000,5.715E-19
47633.000,5.712E-19
47634.000,5.708E-19
47635.000,5.704E-19
47636.000,5.701E-19
47637.000,5.697E-19
47638.000,5.693E-19
47639.000,5.690E-19
47640.000,5.688E-19
47641.000,5.686E-19
47642.000,5.684E-19
47643.000,5.681E-19
47644.000,5.679E-19
47645.000,5.676E-19
47646.000,5.673E-19
47647.000,5.670E-19
47648.000,5.668E-19
47649.000,5.665E-19
47650.000,5.662E-19
47651.000,5.659E-19
47652.000,5.656E-19
47653.000,5.654E-19
47654.000,5.652E-19
47655.000,5.649E-19
47656.000,5.647E-19
47657.000,5.646E-19
47658.000,5.644E-19
47659.000,5.641E-19
47660.000,5.638E-19
47661.000,5.635E-19
47662.000,5.633E-19
47663.000,5.629E-19
47664.000,5.626E-19
47665.000,5.623E-19
47666.000,5.620E-19
47667.000,5.617E-19
47668.000,5.613E-19
47669.000,5.609E-19
47670.000,5.606E-19
47671.000,5.603E-19
47672.000,5.601E-19
47673.000,5.598E-19
47674.000,5.596E-19
47675.000,5.594E-19
47676.000,5.591E-19
47677.000,5.588E-19
47678.000,5.586E-19
47679.000,5.583E-19
47680.000,5.581E-19
47681.000,5.579E-19
47682.000,5.576E-19
47683.000,5.574E-19
47684.000,5.570E-19
47685.000,5.566E-19
47686.000,5.563E-19
47687.000,5.561E-19
47688.000,5.558E-19
47689.000,5.554E-19
47690.000,5.551E-19
47691.000,5.548E-19
47692.000,5.545E-19
47693.000,5.542E-19
47694.000,5.540E-19
47695.000,5.538E-19
47696.000,5.535E-19
47697.000,5.533E-19
47698.000,5.530E-19
47699.000,5.528E-19
47700.000,5.525E-19
47701.000,5.522E-19
47702.000,5.519E-19
47703.000,5.516E-19
47704.000,5.514E-19
47705.000,5.512E-19
47706.000,5.510E-19
47707.000,5.507E-19
47708.000,5.505E-19
47709.000,5.501E-19
47710.000,5.497E-19
47711.000,5.494E-19
47712.000,5.491E-19
47713.000,5.488E-19
47714.000,5.484E-19
47715.000,5.481E-19
47716.000,5.479E-19
47717.000,5.476E-19
47718.000,5.474E-19
47719.000,5.471E-19
47720.000,5.468E-19
47721.000,5.465E-19
47722.000,5.464E-19
47723.000,5.462E-19
47724.000,5.461E-19
47725.000,5.459E-19
47726.000,5.458E-19
47727.000,5.455E-19
47728.000,5.452E-19
47729.000,5.449E-19
47730.000,5.446E-19
47731.000,5.444E-19
47732.000,5.442E-19
47733.000,5.440E-19
47734.000,5.437E-19
47735.000,5.435E-19
47736.000,5.432E-19
47737.000,5.430E-19
47738.000,5.427E-19
47739.000,5.425E-19
47740.000,5.422E-19
47741.000,5.419E-19
47742.000,5.416E-19
47743.000,5.413E-19
47744.000,5.410E-19
47745.000,5.407E-19
47746.000,5.405E-19
47747.000,5.404E-19
47748.000,5.402E-19
47749.000,5.401E-19
47750.000,5.399E-19
47751.000,5.398E-19
47752.000,5.397E-19
47753.000,5.396E-19
47754.000,5.393E-19
47755.000,5.391E-19
47756.000,5.389E-19
47757.000,5.386E-19
47758.000,5.384E-19
47759.000,5.380E-19
47760.000,5.376E-19
47761.000,5.372E-19
47762.000,5.369E-19
47763.000,5.367E-19
47764.000,5.364E-19
47765.000,5.362E-19
47766.000,5.358E-19
47767.000,5.355E-19
47768.000,5.354E-19
47769.000,5.352E-19
47770.000,5.350E-19
47771.000,5.349E-19
47772.000,5.348E-19
47773.000,5.347E-19
47774.000,5.346E-19
47775.000,5.344E-19
47776.000,5.342E-19
47777.000,5.339E-19
47778.000,5.337E-19
47779.000,5.335E-19
47780.000,5.333E-19
47781.000,5.331E-19
47782.000,5.326E-19
47783.000,5.321E-19
47784.000,5.316E-19
47785.000,5.311E-19
47786.000,5.308E-19
47787.000,5.306E-19
47788.000,5.305E-19
47789.000,5.303E-19
47790.000,5.302E-19
47791.000,5.301E-19
47792.000,5.300E-19
47793.000,5.299E-19
47794.000,5.298E-19
47795.000,5.297E-19
47796.000,5.296E-19
47797.000,5.295E-19
47798.000,5.291E-19
47799.000,5.288E-19
47800.000,5.284E-19
47801.000,5.280E-19
47802.000,5.275E-19
47803.000,5.269E-19
47804.000,5.266E-19
47805.000,5.263E-19
47806.000,5.260E-19
47807.000,5.256E-19
47808.000,5.253E-19
47809.000,5.250E-19
47810.000,5.246E-19
47811.000,5.243E-19
47812.000,5.241E-19
47813.000,5.238E-19
47814.000,5.234E-19
47815.000,5.231E-19
47816.000,5.228E-19
47817.000,5.225E-19
47818.000,5.223E-19
47819.000,5.221E-19
47820.000,5.219E-19
47821.000,5.217E-19
47822.000,5.215E-19
47823.000,5.213E-19
47824.000,5.211E-19
47825.000,5.208E-19
47826.000,5.205E-19
47827.000,5.203E-19
47828.000,5.201E-19
47829.000,5.199E-19
47830.000,5.195E-19
47831.000,5.191E-19
47832.000,5.188E-19
47833.000,5.184E-19
47834.000,5.181E-19
47835.000,5.178E-19
47836.000,5.176E-19
47837.000,5.174E-19
47838.000,5.172E-19
47839.000,5.169E-19
47840.000,5.165E-19
47841.000,5.161E-19
47842.000,5.158E-19
47843.000,5.156E-19
47844.000,5.154E-19
47845.000,5.152E-19
47846.000,5.148E-19
47847.000,5.145E-19
47848.000,5.142E-19
47849.000,5.139E-19
47850.000,5.137E-19
47851.000,5.135E-19
47852.000,5.133E-19
47853.000,5.131E-19
47854.000,5.129E-19
47855.000,5.126E-19
47856.000,5.124E-19
47857.000,5.121E-19
47858.000,5.118E-19
47859.000,5.116E-19
47860.000,5.115E-19
47861.000,5.113E-19
47862.000,5.110E-19
47863.000,5.107E-19
47864.000,5.103E-19
47865.000,5.100E-19
47866.000,5.099E-19
47867.000,5.097E-19
47868.000,5.096E-19
47869.000,5.093E-19
47870.000,5.090E-19
47871.000,5.088E-19
47872.000,5.085E-19
47873.000,5.082E-19
47874.000,5.079E-19
47875.000,5.078E-19
47876.000,5.077E-19
47877.000,5.076E-19
47878.000,5.072E-19
47879.000,5.069E-19
47880.000,5.066E-19
47881.000,5.062E-19
47882.000,5.060E-19
47883.000,5.057E-19
47884.000,5.055E-19
47885.000,5.053E-19
47886.000,5.050E-19
47887.000,5.047E-19
47888.000,5.045E-19
47889.000,5.043E-19
47890.000,5.041E-19
47891.000,5.039E-19
47892.000,5.037E-19
47893.000,5.035E-19
47894.000,5.033E-19
47895.000,5.031E-19
47896.000,5.026E-19
47897.000,5.022E-19
47898.000,5.020E-19
47899.000,5.017E-19
47900.000,5.015E-19
47901.000,5.012E-19
47902.000,5.008E-19
47903.000,5.006E-19
47904.000,5.004E-19
47905.000,5.002E-19
47906.000,5.000E-19
47907.000,4.999E-19
47908.000,4.998E-19
47909.000,4.997E-19
47910.000,4.996E-19
47911.000,4.995E-19
47912.000,4.993E-19
47913.000,4.992E-19
47914.000,4.990E-19
47915.000,4.989E-19
47916.000,4.987E-19
47917.000,4.984E-19
47918.000,4.981E-19
47919.000,4.978E-19
47920.000,4.975E-19
47921.000,4.973E-19
47922.000,4.970E-19
47923.000,4.968E-19
47924.000,4.964E-19
47925.000,4.960E-19
47926.000,4.957E-19
47927.000,4.954E-19
47928.000,4.951E-19
47929.000,4.948E-19
47930.000,4.946E-19
47931.000,4.945E-19
47932.000,4.943E-19
47933.000,4.941E-19
47934.000,4.938E-19
47935.000,4.936E-19
47936.000,4.934E-19
47937.000,4.933E-19
47938.000,4.931E-19
47939.000,4.930E-19
47940.000,4.927E-19
47941.000,4.925E-19
47942.000,4.923E-19
47943.000,4.920E-19
47944.000,4.919E-19
47945.000,4.917E-19
47946.000,4.916E-19
47947.000,4.914E-19
47948.000,4.911E-19
47949.000,4.908E-19
47950.000,4.905E-19
47951.000,4.904E-19
47952.000,4.903E-19
47953.000,4.901E-19
47954.000,4.900E-19
47955.000,4.898E-19
47956.000,4.896E-19
47957.000,4.893E-19
47958.000,4.890E-19
47959.000,4.887E-19
47960.000,4.885E-19
47961.000,4.883E-19
47962.000,4.881E-19
47963.000,4.879E-19
47964.000,4.876E-19
47965.000,4.872E-19
47966.000,4.868E-19
47967.000,4.865E-19
47968.000,4.863E-19
47969.000,4.860E-19
47970.000,4.859E-19
47971.000,4.858E-19
47972.000,4.856E-19
47973.000,4.853E-19
47974.000,4.852E-19
47975.000,4.850E-19
47976.000,4.848E-19
47977.000,4.847E-19
47978.000,4.845E-19
47979.000,4.844E-19
47980.000,4.842E-19
47981.000,4.840E-19
47982.000,4.838E-19
47983.000,4.836E-19
47984.000,4.833E-19
47985.000,4.831E-19
47986.000,4.828E-19
47987.000,4.826E-19
47988.000,4.824E-19
47989.000,4.822E-19
47990.000,4.820E-19
47991.000,4.818E-19
47992.000,4.816E-19
47993.000,4.814E-19
47994.000,4.812E-19
47995.000,4.809E-19
47996.000,4.806E-19
47997.000,4.803E-19
47998.000,4.801E-19
47999.000,4.799E-19
48000.000,4.798E-19
48001.000,4.796E-19
48002.000,4.794E-19
48003.000,4.791E-19
48004.000,4.790E-19
48005.000,4.788E-19
48006.000,4.786E-19
48007.000,4.785E-19
48008.000,4.783E-19
48009.000,4.782E-19
48010.000,4.780E-19
48011.000,4.780E-19
48012.000,4.779E-19
48013.000,4.778E-19
48014.000,4.776E-19
48015.000,4.775E-19
48016.000,4.772E-19
48017.000,4.769E-19
48018.000,4.765E-19
48019.000,4.762E-19
48020.000,4.759E-19
48021.000,4.755E-19
48022.000,4.752E-19
48023.000,4.749E-19
48024.000,4.746E-19
48025.000,4.742E-19
48026.000,4.738E-19
48027.000,4.736E-19
48028.000,4.734E-19
48029.000,4.734E-19
48030.000,4.733E-19
48031.000,4.733E-19
48032.000,4.731E-19
48033.000,4.729E-19
48034.000,4.726E-19
48035.000,4.724E-19
48036.000,4.722E-19
48037.000,4.721E-19
48038.000,4.719E-19
48039.000,4.716E-19
48040.000,4.713E-19
48041.000,4.711E-19
48042.000,4.708E-19
48043.000,4.706E-19
48044.000,4.705E-19
48045.000,4.703E-19
48046.000,4.701E-19
48047.000,4.699E-19
48048.000,4.697E-19
48049.000,4.694E-19
48050.000,4.692E-19
48051.000,4.691E-19
48052.000,4.689E-19
48053.000,4.687E-19
48054.000,4.684E-19
48055.000,4.682E-19
48056.000,4.679E-19
48057.000,4.677E-19
48058.000,4.675E-19
48059.000,4.674E-19
48060.000,4.672E-19
48061.000,4.671E-19
48062.000,4.668E-19
48063.000,4.666E-19
48064.000,4.663E-19
48065.000,4.660E-19
48066.000,4.658E-19
48067.000,4.655E-19
48068.000,4.653E-19
48069.000,4.650E-19
48070.000,4.647E-19
48071.000,4.645E-19
48072.000,4.643E-19
48073.000,4.641E-19
48074.000,4.640E-19
48075.000,4.638E-19
48076.000,4.636E-19
48077.000,4.634E-19
48078.000,4.631E-19
48079.000,4.629E-19
48080.000,4.628E-19
48081.000,4.626E-19
48082.000,4.625E-19
48083.000,4.623E-19
48084.000,4.621E-19
48085.000,4.620E-19
48086.000,4.618E-19
48087.000,4.616E-19
48088.000,4.614E-19
48089.000,4.613E-19
48090.000,4.611E-19
48091.000,4.610E-19
48092.000,4.607E-19
48093.000,4.604E-19
48094.000,4.602E-19
48095.000,4.599E-19
48096.000,4.597E-19
48097.000,4.595E-19
48098.000,4.593E-19
48099.000,4.590E-19
48100.000,4.587E-19
48101.000,4.585E-19
48102.000,4.583E-19
48103.000,4.581E-19
48104.000,4.580E-19
48105.000,4.578E-19
48106.000,4.575E-19
48107.000,4.573E-19
48108.000,4.571E-19
48109.000,4.570E-19
48110.000,4.568E-19
48111.000,4.567E-19
48112.000,4.565E-19
48113.000,4.563E-19
48114.000,4.561E-19
48115.000,4.558E-19
48116.000,4.556E-19
48117.000,4.554E-19
48118.000,4.553E-19
48119.000,4.551E-19
48120.000,4.548E-19
48121.000,4.546E-19
48122.000,4.543E-19
48123.000,4.540E-19
48124.000,4.538E-19
48125.000,4.537E-19
48126.000,4.535E-19
48127.000,4.533E-19
48128.000,4.531E-19
48129.000,4.529E-19
48130.000,4.528E-19
48131.000,4.526E-19
48132.000,4.524E-19
48133.000,4.523E-19
48134.000,4.521E-19
48135.000,4.520E-19
48136.000,4.518E-19
48137.000,4.516E-19
48138.000,4.515E-19
48139.000,4.513E-19
48140.000,4.511E-19
48141.000,4.509E-19
48142.000,4.507E-19
48143.000,4.504E-19
48144.000,4.502E-19
48145.000,4.500E-19
48146.000,4.498E-19
48147.000,4.497E-19
48148.000,4.496E-19
48149.000,4.495E-19
48150.000,4.491E-19
48151.000,4.487E-19
48152.000,4.484E-19
48153.000,4.482E-19
48154.000,4.481E-19
48155.000,4.479E-19
48156.000,4.478E-19
48157.000,4.475E-19
48158.000,4.473E-19
48159.000,4.471E-19
48160.000,4.469E-19
48161.000,4.468E-19
48162.000,4.466E-19
48163.000,4.465E-19
48164.000,4.463E-19
48165.000,4.462E-19
48166.000,4.461E-19
48167.000,4.459E-19
48168.000,4.457E-19
48169.000,4.454E-19
48170.000,4.452E-19
48171.000,4.450E-19
48172.000,4.449E-19
48173.000,4.448E-19
48174.000,4.446E-19
48175.000,4.445E-19
48176.000,4.443E-19
48177.000,4.442E-19
48178.000,4.440E-19
48179.000,4.438E-19
48180.000,4.436E-19
48181.000,4.434E-19
48182.000,4.432E-19
48183.000,4.430E-19
48184.000,4.429E-19
48185.000,4.427E-19
48186.000,4.426E-19
48187.000,4.423E-19
48188.000,4.420E-19
48189.000,4.417E-19
48190.000,4.414E-19
48191.000,4.412E-19
48192.000,4.411E-19
48193.000,4.409E-19
48194.000,4.407E-19
48195.000,4.405E-19
48196.000,4.402E-19
48197.000,4.399E-19
48198.000,4.398E-19
48199.000,4.396E-19
48200.000,4.395E-19
48201.000,4.393E-19
48202.000,4.391E-19
48203.000,4.389E-19
48204.000,4.387E-19
48205.000,4.386E-19
48206.000,4.384E-19
48207.000,4.383E-19
48208.000,4.380E-19
48209.000,4.378E-19
48210.000,4.376E-19
48211.000,4.373E-19
48212.000,4.372E-19
48213.000,4.370E-19
48214.000,4.369E-19
48215.000,4.367E-19
48216.000,4.365E-19
48217.000,4.363E-19
48218.000,4.362E-19
48219.000,4.360E-19
48220.000,4.359E-19
48221.000,4.357E-19
48222.000,4.355E-19
48223.000,4.354E-19
48224.000,4.351E-19
48225.000,4.349E-19
48226.000,4.348E-19
48227.000,4.347E-19
48228.000,4.346E-19
48229.000,4.344E-19
48230.000,4.342E-19
48231.000,4.341E-19
48232.000,4.339E-19
48233.000,4.338E-19
48234.000,4.337E-19
48235.000,4.336E-19
48236.000,4.334E-19
48237.000,4.333E-19
48238.000,4.331E-19
48239.000,4.330E-19
48240.000,4.329E-19
48241.000,4.328E-19
48242.000,4.327E-19
48243.000,4.325E-19
48244.000,4.322E-19
48245.000,4.319E-19
48246.000,4.316E-19
48247.000,4.315E-19
48248.000,4.313E-19
48249.000,4.312E-19
48250.000,4.309E-19
48251.000,4.306E-19
48252.000,4.303E-19
48253.000,4.300E-19
48254.000,4.299E-19
48255.000,4.297E-19
48256.000,4.296E-19
48257.000,4.295E-19
48258.000,4.293E-19
48259.000,4.291E-19
48260.000,4.290E-19
48261.000,4.289E-19
48262.000,4.287E-19
48263.000,4.286E-19
48264.000,4.283E-19
48265.000,4.280E-19
48266.000,4.279E-19
48267.000,4.278E-19
48268.000,4.276E-19
48269.000,4.274E-19
48270.000,4.272E-19
48271.000,4.270E-19
48272.000,4.269E-19
48273.000,4.267E-19
48274.000,4.265E-19
48275.000,4.263E-19
48276.000,4.262E-19
48277.000,4.260E-19
48278.000,4.258E-19
48279.000,4.256E-19
48280.000,4.254E-19
48281.000,4.251E-19
48282.000,4.249E-19
48283.000,4.248E-19
48284.000,4.246E-19
48285.000,4.244E-19
48286.000,4.242E-19
48287.000,4.240E-19
48288.000,4.237E-19
48289.000,4.236E-19
48290.000,4.236E-19
48291.000,4.235E-19
48292.000,4.233E-19
48293.000,4.232E-19
48294.000,4.230E-19
48295.000,4.227E-19
48296.000,4.226E-19
48297.000,4.224E-19
48298.000,4.223E-19
48299.000,4.221E-19
48300.000,4.219E-19
48301.000,4.216E-19
48302.000,4.213E-19
48303.000,4.211E-19
48304.000,4.210E-19
48305.000,4.208E-19
48306.000,4.205E-19
48307.000,4.203E-19
48308.000,4.201E-19
48309.000,4.200E-19
48310.000,4.199E-19
48311.000,4.198E-19
48312.000,4.197E-19
48313.000,4.196E-19
48314.000,4.194E-19
48315.000,4.193E-19
48316.000,4.192E-19
48317.000,4.190E-19
48318.000,4.189E-19
48319.000,4.187E-19
48320.000,4.184E-19
48321.000,4.181E-19
48322.000,4.179E-19
48323.000,4.177E-19
48324.000,4.175E-19
48325.000,4.174E-19
48326.000,4.172E-19
48327.000,4.170E-19
48328.000,4.167E-19
48329.000,4.165E-19
48330.000,4.163E-19
48331.000,4.161E-19
48332.000,4.160E-19
48333.000,4.158E-19
48334.000,4.155E-19
48335.000,4.152E-19
48336.000,4.149E-19
48337.000,4.146E-19
48338.000,4.144E-19
48339.000,4.143E-19
48340.000,4.141E-19
48341.000,4.140E-19
48342.000,4.138E-19
48343.000,4.137E-19
48344.000,4.136E-19
48345.000,4.135E-19
48346.000,4.135E-19
48347.000,4.134E-19
48348.000,4.134E-19
48349.000,4.134E-19
48350.000,4.132E-19
48351.000,4.131E-19
48352.000,4.130E-19
48353.000,4.128E-19
48354.000,4.127E-19
48355.000,4.124E-19
48356.000,4.122E-19
48357.000,4.120E-19
48358.000,4.117E-19
48359.000,4.115E-19
48360.000,4.113E-19
48361.000,4.111E-19
48362.000,4.110E-19
48363.000,4.108E-19
48364.000,4.107E-19
48365.000,4.105E-19
48366.000,4.105E-19
48367.000,4.104E-19
48368.000,4.104E-19
48369.000,4.101E-19
48370.000,4.099E-19
48371.000,4.097E-19
48372.000,4.096E-19
48373.000,4.095E-19
48374.000,4.094E-19
48375.000,4.093E-19
48376.000,4.091E-19
48377.000,4.089E-19
48378.000,4.086E-19
48379.000,4.084E-19
48380.000,4.084E-19
48381.000,4.083E-19
48382.000,4.083E-19
48383.000,4.082E-19
48384.000,4.080E-19
48385.000,4.079E-19
48386.000,4.077E-19
48387.000,4.076E-19
48388.000,4.074E-19
48389.000,4.073E-19
48390.000,4.071E-19
48391.000,4.069E-19
48392.000,4.067E-19
48393.000,4.066E-19
48394.000,4.065E-19
48395.000,4.063E-19
48396.000,4.062E-19
48397.000,4.061E-19
48398.000,4.060E-19
48399.000,4.058E-19
48400.000,4.057E-19
48401.000,4.055E-19
48402.000,4.054E-19
48403.000,4.052E-19
48404.000,4.050E-19
48405.000,4.048E-19
48406.000,4.045E-19
48407.000,4.043E-19
48408.000,4.041E-19
48409.000,4.040E-19
48410.000,4.038E-19
48411.000,4.037E-19
48412.000,4.036E-19
48413.000,4.034E-19
48414.000,4.032E-19
48415.000,4.031E-19
48416.000,4.030E-19
48417.000,4.029E-19
48418.000,4.027E-19
48419.000,4.024E-19
48420.000,4.022E-19
48421.000,4.020E-19
48422.000,4.019E-19
48423.000,4.017E-19
48424.000,4.016E-19
48425.000,4.014E-19
48426.000,4.012E-19
48427.000,4.011E-19
48428.000,4.010E-19
48429.000,4.009E-19
48430.000,4.009E-19
48431.000,4.008E-19
48432.000,4.007E-19
48433.000,4.005E-19
48434.000,4.003E-19
48435.000,4.002E-19
48436.000,4.000E-19
48437.000,3.997E-19
48438.000,3.993E-19
48439.000,3.990E-19
48440.000,3.987E-19
48441.000,3.985E-19
48442.000,3.984E-19
48443.000,3.982E-19
48444.000,3.980E-19
48445.000,3.979E-19
48446.000,3.979E-19
48447.000,3.978E-19
48448.000,3.978E-19
48449.000,3.977E-19
48450.000,3.977E-19
48451.000,3.977E-19
48452.000,3.977E-19
48453.000,3.976E-19
48454.000,3.974E-19
48455.000,3.972E-19
48456.000,3.971E-19
48457.000,3.969E-19
48458.000,3.967E-19
48459.000,3.965E-19
48460.000,3.964E-19
48461.000,3.963E-19
48462.000,3.962E-19
48463.000,3.962E-19
48464.000,3.961E-19
48465.000,3.960E-19
48466.000,3.959E-19
48467.000,3.958E-19
48468.000,3.958E-19
48469.000,3.957E-19
48470.000,3.957E-19
48471.000,3.956E-19
48472.000,3.954E-19
48473.000,3.953E-19
48474.000,3.951E-19
48475.000,3.949E-19
48476.000,3.947E-19
48477.000,3.946E-19
48478.000,3.944E-19
48479.000,3.942E-19
48480.000,3.941E-19
48481.000,3.939E-19
48482.000,3.937E-19
48483.000,3.936E-19
48484.000,3.936E-19
48485.000,3.935E-19
48486.000,3.935E-19
48487.000,3.934E-19
48488.000,3.933E-19
48489.000,3.932E-19
48490.000,3.931E-19
48491.000,3.929E-19
48492.000,3.927E-19
48493.000,3.925E-19
48494.000,3.923E-19
48495.000,3.922E-19
48496.000,3.920E-19
48497.000,3.919E-19
48498.000,3.917E-19
48499.000,3.915E-19
48500.000,3.913E-19
48501.000,3.911E-19
48502.000,3.911E-19
48503.000,3.910E-19
48504.000,3.910E-19
48505.000,3.909E-19
48506.000,3.909E-19
48507.000,3.908E-19
48508.000,3.907E-19
48509.000,3.906E-19
48510.000,3.905E-19
48511.000,3.904E-19
48512.000,3.903E-19
48513.000,3.901E-19
48514.000,3.899E-19
48515.000,3.897E-19
48516.000,3.896E-19
48517.000,3.894E-19
48518.000,3.893E-19
48519.000,3.892E-19
48520.000,3.890E-19
48521.000,3.888E-19
48522.000,3.886E-19
48523.000,3.885E-19
48524.000,3.885E-19
48525.000,3.884E-19
48526.000,3.882E-19
48527.000,3.881E-19
48528.000,3.880E-19
48529.000,3.879E-19
48530.000,3.878E-19
48531.000,3.876E-19
48532.000,3.874E-19
48533.000,3.873E-19
48534.000,3.871E-19
48535.000,3.870E-19
48536.000,3.870E-19
48537.000,3.869E-19
48538.000,3.867E-19
48539.000,3.865E-19
48540.000,3.863E-19
48541.000,3.861E-19
48542.000,3.860E-19
48543.000,3.859E-19
48544.000,3.858E-19
48545.000,3.857E-19
48546.000,3.856E-19
48547.000,3.854E-19
48548.000,3.852E-19
48549.000,3.851E-19
48550.000,3.849E-19
48551.000,3.848E-19
48552.000,3.846E-19
48553.000,3.844E-19
48554.000,3.843E-19
48555.000,3.842E-19
48556.000,3.841E-19
48557.000,3.839E-19
48558.000,3.838E-19
48559.000,3.836E-19
48560.000,3.835E-19
48561.000,3.834E-19
48562.000,3.833E-19
48563.000,3.832E-19
48564.000,3.832E-19
48565.000,3.832E-19
48566.000,3.831E-19
48567.000,3.830E-19
48568.000,3.828E-19
48569.000,3.827E-19
48570.000,3.825E-19
48571.000,3.823E-19
48572.000,3.820E-19
48573.000,3.819E-19
48574.000,3.817E-19
48575.000,3.815E-19
48576.000,3.814E-19
48577.000,3.812E-19
48578.000,3.810E-19
48579.000,3.808E-19
48580.000,3.806E-19
48581.000,3.805E-19
48582.000,3.805E-19
48583.000,3.805E-19
48584.000,3.805E-19
48585.000,3.805E-19
48586.000,3.804E-19
48587.000,3.803E-19
48588.000,3.801E-19
48589.000,3.800E-19
48590.000,3.799E-19
48591.000,3.798E-19
48592.000,3.797E-19
48593.000,3.796E-19
48594.000,3.795E-19
48595.000,3.794E-19
48596.000,3.793E-19
48597.000,3.791E-19
48598.000,3.789E-19
48599.000,3.788E-19
48600.000,3.786E-19
48601.000,3.785E-19
48602.000,3.784E-19
48603.000,3.783E-19
48604.000,3.781E-19
48605.000,3.780E-19
48606.000,3.778E-19
48607.000,3.776E-19
48608.000,3.775E-19
48609.000,3.775E-19
48610.000,3.774E-19
48611.000,3.773E-19
48612.000,3.771E-19
48613.000,3.770E-19
48614.000,3.769E-19
48615.000,3.768E-19
48616.000,3.768E-19
48617.000,3.767E-19
48618.000,3.765E-19
48619.000,3.764E-19
48620.000,3.763E-19
48621.000,3.762E-19
48622.000,3.761E-19
48623.000,3.760E-19
48624.000,3.759E-19
48625.000,3.759E-19
48626.000,3.758E-19
48627.000,3.757E-19
48628.000,3.755E-19
48629.000,3.754E-19
48630.000,3.751E-19
48631.000,3.749E-19
48632.000,3.748E-19
48633.000,3.746E-19
48634.000,3.745E-19
48635.000,3.744E-19
48636.000,3.743E-19
48637.000,3.741E-19
48638.000,3.740E-19
48639.000,3.739E-19
48640.000,3.738E-19
48641.000,3.737E-19
48642.000,3.737E-19
48643.000,3.736E-19
48644.000,3.735E-19
48645.000,3.735E-19
48646.000,3.733E-19
48647.000,3.732E-19
48648.000,3.730E-19
48649.000,3.727E-19
48650.000,3.724E-19
48651.000,3.721E-19
48652.000,3.719E-19
48653.000,3.718E-19
48654.000,3.717E-19
48655.000,3.716E-19
48656.000,3.714E-19
48657.000,3.712E-19
48658.000,3.711E-19
48659.000,3.710E-19
48660.000,3.709E-19
48661.000,3.708E-19
48662.000,3.707E-19
48663.000,3.706E-19
48664.000,3.705E-19
48665.000,3.704E-19
48666.000,3.702E-19
48667.000,3.701E-19
48668.000,3.700E-19
48669.000,3.698E-19
48670.000,3.697E-19
48671.000,3.696E-19
48672.000,3.695E-19
48673.000,3.693E-19
48674.000,3.692E-19
48675.000,3.690E-19
48676.000,3.689E-19
48677.000,3.689E-19
48678.000,3.688E-19
48679.000,3.687E-19
48680.000,3.686E-19
48681.000,3.685E-19
48682.000,3.685E-19
48683.000,3.684E-19
48684.000,3.682E-19
48685.000,3.681E-19
48686.000,3.680E-19
48687.000,3.680E-19
48688.000,3.679E-19
48689.000,3.678E-19
48690.000,3.676E-19
48691.000,3.674E-19
48692.000,3.673E-19
48693.000,3.671E-19
48694.000,3.669E-19
48695.000,3.667E-19
48696.000,3.666E-19
48697.000,3.666E-19
48698.000,3.665E-19
48699.000,3.665E-19
48700.000,3.664E-19
48701.000,3.664E-19
48702.000,3.665E-19
48703.000,3.664E-19
48704.000,3.663E-19
48705.000,3.662E-19
48706.000,3.661E-19
48707.000,3.660E-19
48708.000,3.658E-19
48709.000,3.655E-19
48710.000,3.654E-19
48711.000,3.653E-19
48712.000,3.652E-19
48713.000,3.650E-19
48714.000,3.648E-19
48715.000,3.647E-19
48716.000,3.646E-19
48717.000,3.646E-19
48718.000,3.645E-19
48719.000,3.645E-19
48720.000,3.645E-19
48721.000,3.644E-19
48722.000,3.642E-19
48723.000,3.640E-19
48724.000,3.639E-19
48725.000,3.638E-19
48726.000,3.637E-19
48727.000,3.635E-19
48728.000,3.633E-19
48729.000,3.633E-19
48730.000,3.632E-19
48731.000,3.632E-19
48732.000,3.630E-19
48733.000,3.628E-19
48734.000,3.627E-19
48735.000,3.626E-19
48736.000,3.626E-19
48737.000,3.625E-19
48738.000,3.625E-19
48739.000,3.622E-19
48740.000,3.620E-19
48741.000,3.618E-19
48742.000,3.616E-19
48743.000,3.616E-19
48744.000,3.615E-19
48745.000,3.615E-19
48746.000,3.614E-19
48747.000,3.612E-19
48748.000,3.611E-19
48749.000,3.611E-19
48750.000,3.610E-19
48751.000,3.609E-19
48752.000,3.608E-19
48753.000,3.607E-19
48754.000,3.606E-19
48755.000,3.605E-19
48756.000,3.605E-19
48757.000,3.604E-19
48758.000,3.602E-19
48759.000,3.600E-19
48760.000,3.599E-19
48761.000,3.598E-19
48762.000,3.597E-19
48763.000,3.597E-19
48764.000,3.596E-19
48765.000,3.595E-19
48766.000,3.594E-19
48767.000,3.593E-19
48768.000,3.592E-19
48769.000,3.591E-19
48770.000,3.590E-19
48771.000,3.588E-19
48772.000,3.586E-19
48773.000,3.584E-19
48774.000,3.583E-19
48775.000,3.582E-19
48776.000,3.581E-19
48777.000,3.579E-19
48778.000,3.578E-19
48779.000,3.577E-19
48780.000,3.576E-19
48781.000,3.575E-19
48782.000,3.575E-19
48783.000,3.574E-19
48784.000,3.572E-19
48785.000,3.570E-19
48786.000,3.569E-19
48787.000,3.568E-19
48788.000,3.567E-19
48789.000,3.565E-19
48790.000,3.564E-19
48791.000,3.562E-19
48792.000,3.561E-19
48793.000,3.561E-19
48794.000,3.561E-19
48795.000,3.561E-19
48796.000,3.560E-19
48797.000,3.559E-19
48798.000,3.558E-19
48799.000,3.558E-19
48800.000,3.557E-19
48801.000,3.556E-19
48802.000,3.555E-19
48803.000,3.554E-19
48804.000,3.552E-19
48805.000,3.551E-19
48806.000,3.551E-19
48807.000,3.550E-19
48808.000,3.548E-19
48809.000,3.547E-19
48810.000,3.546E-19
48811.000,3.545E-19
48812.000,3.544E-19
48813.000,3.544E-19
48814.000,3.543E-19
48815.000,3.542E-19
48816.000,3.541E-19
48817.000,3.540E-19
48818.000,3.540E-19
48819.000,3.539E-19
48820.000,3.537E-19
48821.000,3.536E-19
48822.000,3.535E-19
48823.000,3.535E-19
48824.000,3.534E-19
48825.000,3.533E-19
48826.000,3.532E-19
48827.000,3.532E-19
48828.000,3.531E-19
48829.000,3.531E-19
48830.000,3.531E-19
48831.000,3.531E-19
48832.000,3.530E-19
48833.000,3.529E-19
48834.000,3.528E-19
48835.000,3.526E-19
48836.000,3.526E-19
48837.000,3.525E-19
48838.000,3.525E-19
48839.000,3.523E-19
48840.000,3.522E-19
48841.000,3.520E-19
48842.000,3.519E-19
48843.000,3.518E-19
48844.000,3.518E-19
48845.000,3.517E-19
48846.000,3.516E-19
48847.000,3.514E-19
48848.000,3.513E-19
48849.000,3.512E-19
48850.000,3.511E-19
48851.000,3.509E-19
48852.000,3.508E-19
48853.000,3.506E-19
48854.000,3.505E-19
48855.000,3.505E-19
48856.000,3.504E-19
48857.000,3.504E-19
48858.000,3.503E-19
48859.000,3.502E-19
48860.000,3.502E-19
48861.000,3.501E-19
48862.000,3.501E-19
48863.000,3.500E-19
48864.000,3.499E-19
48865.000,3.498E-19
48866.000,3.497E-19
48867.000,3.496E-19
48868.000,3.494E-19
48869.000,3.493E-19
48870.000,3.492E-19
48871.000,3.491E-19
48872.000,3.490E-19
48873.000,3.489E-19
48874.000,3.488E-19
48875.000,3.487E-19
48876.000,3.486E-19
48877.000,3.484E-19
48878.000,3.482E-19
48879.000,3.480E-19
48880.000,3.478E-19
48881.000,3.476E-19
48882.000,3.475E-19
48883.000,3.473E-19
48884.000,3.473E-19
48885.000,3.472E-19
48886.000,3.471E-19
48887.000,3.470E-19
48888.000,3.469E-19
48889.000,3.468E-19
48890.000,3.467E-19
48891.000,3.466E-19
48892.000,3.465E-19
48893.000,3.464E-19
48894.000,3.463E-19
48895.000,3.463E-19
48896.000,3.462E-19
48897.000,3.461E-19
48898.000,3.460E-19
48899.000,3.459E-19
48900.000,3.458E-19
48901.000,3.457E-19
48902.000,3.456E-19
48903.000,3.456E-19
48904.000,3.455E-19
48905.000,3.455E-19
48906.000,3.454E-19
48907.000,3.453E-19
48908.000,3.452E-19
48909.000,3.451E-19
48910.000,3.450E-19
48911.000,3.450E-19
48912.000,3.449E-19
48913.000,3.448E-19
48914.000,3.448E-19
48915.000,3.447E-19
48916.000,3.447E-19
48917.000,3.446E-19
48918.000,3.446E-19
48919.000,3.445E-19
48920.000,3.444E-19
48921.000,3.443E-19
48922.000,3.442E-19
48923.000,3.441E-19
48924.000,3.440E-19
48925.000,3.438E-19
48926.000,3.436E-19
48927.000,3.435E-19
48928.000,3.434E-19
48929.000,3.434E-19
48930.000,3.433E-19
48931.000,3.433E-19
48932.000,3.432E-19
48933.000,3.431E-19
48934.000,3.431E-19
48935.000,3.431E-19
48936.000,3.431E-19
48937.000,3.430E-19
48938.000,3.429E-19
48939.000,3.429E-19
48940.000,3.429E-19
48941.000,3.428E-19
48942.000,3.427E-19
48943.000,3.426E-19
48944.000,3.425E-19
48945.000,3.424E-19
48946.000,3.423E-19
48947.000,3.423E-19
48948.000,3.422E-19
48949.000,3.421E-19
48950.000,3.420E-19
48951.000,3.419E-19
48952.000,3.419E-19
48953.000,3.419E-19
48954.000,3.418E-19
48955.000,3.418E-19
48956.000,3.417E-19
48957.000,3.415E-19
48958.000,3.415E-19
48959.000,3.416E-19
48960.000,3.416E-19
48961.000,3.416E-19
48962.000,3.415E-19
48963.000,3.415E-19
48964.000,3.414E-19
48965.000,3.413E-19
48966.000,3.413E-19
48967.000,3.412E-19
48968.000,3.410E-19
48969.000,3.408E-19
48970.000,3.407E-19
48971.000,3.406E-19
48972.000,3.405E-19
48973.000,3.404E-19
48974.000,3.403E-19
48975.000,3.401E-19
48976.000,3.400E-19
48977.000,3.400E-19
48978.000,3.399E-19
48979.000,3.399E-19
48980.000,3.399E-19
48981.000,3.398E-19
48982.000,3.398E-19
48983.000,3.397E-19
48984.000,3.397E-19
48985.000,3.397E-19
48986.000,3.397E-19
48987.000,3.397E-19
48988.000,3.397E-19
48989.000,3.397E-19
48990.000,3.396E-19
48991.000,3.396E-19
48992.000,3.396E-19
48993.000,3.395E-19
48994.000,3.394E-19
48995.000,3.392E-19
48996.000,3.391E-19
48997.000,3.389E-19
48998.000,3.388E-19
48999.000,3.387E-19
49000.000,3.386E-19
49001.000,3.385E-19
49002.000,3.384E-19
49003.000,3.383E-19
49004.000,3.383E-19
49005.000,3.382E-19
49006.000,3.382E-19
49007.000,3.381E-19
49008.000,3.381E-19
49009.000,3.382E-19
49010.000,3.382E-19
49011.000,3.382E-19
49012.000,3.381E-19
49013.000,3.380E-19
49014.000,3.380E-19
49015.000,3.379E-19
49016.000,3.379E-19
49017.000,3.379E-19
49018.000,3.378E-19
49019.000,3.378E-19
49020.000,3.377E-19
49021.000,3.376E-19
49022.000,3.376E-19
49023.000,3.374E-19
49024.000,3.373E-19
49025.000,3.372E-19
49026.000,3.372E-19
49027.000,3.371E-19
49028.000,3.370E-19
49029.000,3.369E-19
49030.000,3.368E-19
49031.000,3.367E-19
49032.000,3.366E-19
49033.000,3.364E-19
49034.000,3.363E-19
49035.000,3.361E-19
49036.000,3.360E-19
49037.000,3.359E-19
49038.000,3.357E-19
49039.000,3.356E-19
49040.000,3.355E-19
49041.000,3.354E-19
49042.000,3.353E-19
49043.000,3.352E-19
49044.000,3.351E-19
49045.000,3.351E-19
49046.000,3.350E-19
49047.000,3.350E-19
49048.000,3.350E-19
49049.000,3.350E-19
49050.000,3.350E-19
49051.000,3.350E-19
49052.000,3.350E-19
49053.000,3.350E-19
49054.000,3.349E-19
49055.000,3.349E-19
49056.000,3.348E-19
49057.000,3.346E-19
49058.000,3.344E-19
49059.000,3.342E-19
49060.000,3.341E-19
49061.000,3.340E-19
49062.000,3.340E-19
49063.000,3.339E-19
49064.000,3.337E-19
49065.000,3.335E-19
49066.000,3.335E-19
49067.000,3.335E-19
49068.000,3.335E-19
49069.000,3.334E-19
49070.000,3.334E-19
49071.000,3.334E-19
49072.000,3.333E-19
49073.000,3.333E-19
49074.000,3.332E-19
49075.000,3.331E-19
49076.000,3.330E-19
49077.000,3.330E-19
49078.000,3.330E-19
49079.000,3.329E-19
49080.000,3.329E-19
49081.000,3.329E-19
49082.000,3.330E-19
49083.000,3.330E-19
49084.000,3.329E-19
49085.000,3.329E-19
49086.000,3.329E-19
49087.000,3.330E-19
49088.000,3.330E-19
49089.000,3.331E-19
49090.000,3.330E-19
49091.000,3.330E-19
49092.000,3.329E-19
49093.000,3.328E-19
49094.000,3.326E-19
49095.000,3.325E-19
49096.000,3.323E-19
49097.000,3.322E-19
49098.000,3.320E-19
49099.000,3.319E-19
49100.000,3.318E-19
49101.000,3.318E-19
49102.000,3.317E-19
49103.000,3.316E-19
49104.000,3.315E-19
49105.000,3.314E-19
49106.000,3.313E-19
49107.000,3.313E-19
49108.000,3.314E-19
49109.000,3.314E-19
49110.000,3.314E-19
49111.000,3.313E-19
49112.000,3.312E-19
49113.000,3.312E-19
49114.000,3.311E-19
49115.000,3.310E-19
49116.000,3.308E-19
49117.000,3.306E-19
49118.000,3.305E-19
49119.000,3.304E-19
49120.000,3.304E-19
49121.000,3.303E-19
49122.000,3.302E-19
49123.000,3.302E-19
49124.000,3.301E-19
49125.000,3.301E-19
49126.000,3.300E-19
49127.000,3.300E-19
49128.000,3.301E-19
49129.000,3.300E-19
49130.000,3.299E-19
49131.000,3.299E-19
49132.000,3.299E-19
49133.000,3.299E-19
49134.000,3.299E-19
49135.000,3.298E-19
49136.000,3.298E-19
49137.000,3.299E-19
49138.000,3.299E-19
49139.000,3.299E-19
49140.000,3.299E-19
49141.000,3.299E-19
49142.000,3.298E-19
49143.000,3.297E-19
49144.000,3.297E-19
49145.000,3.296E-19
49146.000,3.295E-19
49147.000,3.293E-19
49148.000,3.292E-19
49149.000,3.292E-19
49150.000,3.291E-19
49151.000,3.290E-19
49152.000,3.289E-19
49153.000,3.288E-19
49154.000,3.288E-19
49155.000,3.287E-19
49156.000,3.286E-19
49157.000,3.285E-19
49158.000,3.283E-19
49159.000,3.280E-19
49160.000,3.278E-19
49161.000,3.277E-19
49162.000,3.275E-19
49163.000,3.273E-19
49164.000,3.271E-19
49165.000,3.270E-19
49166.000,3.270E-19
49167.000,3.269E-19
49168.000,3.270E-19
49169.000,3.270E-19
49170.000,3.271E-19
49171.000,3.271E-19
49172.000,3.272E-19
49173.000,3.274E-19
49174.000,3.275E-19
49175.000,3.276E-19
49176.000,3.277E-19
49177.000,3.277E-19
49178.000,3.278E-19
49179.000,3.278E-19
49180.000,3.277E-19
49181.000,3.277E-19
49182.000,3.277E-19
49183.000,3.277E-19
49184.000,3.277E-19
49185.000,3.276E-19
49186.000,3.275E-19
49187.000,3.273E-19
49188.000,3.272E-19
49189.000,3.271E-19
49190.000,3.271E-19
49191.000,3.270E-19
49192.000,3.270E-19
49193.000,3.269E-19
49194.000,3.269E-19
49195.000,3.269E-19
49196.000,3.269E-19
49197.000,3.268E-19
49198.000,3.267E-19
49199.000,3.266E-19
49200.000,3.265E-19
49201.000,3.265E-19
49202.000,3.264E-19
49203.000,3.264E-19
49204.000,3.264E-19
49205.000,3.263E-19
49206.000,3.262E-19
49207.000,3.260E-19
49208.000,3.259E-19
49209.000,3.257E-19
49210.000,3.255E-19
49211.000,3.255E-19
49212.000,3.254E-19
49213.000,3.254E-19
49214.000,3.253E-19
49215.000,3.252E-19
49216.000,3.251E-19
49217.000,3.250E-19
49218.000,3.250E-19
49219.000,3.249E-19
49220.000,3.249E-19
49221.000,3.250E-19
49222.000,3.250E-19
49223.000,3.250E-19
49224.000,3.251E-19
49225.000,3.251E-19
49226.000,3.251E-19
49227.000,3.250E-19
49228.000,3.249E-19
49229.000,3.249E-19
49230.000,3.248E-19
49231.000,3.246E-19
49232.000,3.245E-19
49233.000,3.243E-19
49234.000,3.242E-19
49235.000,3.242E-19
49236.000,3.241E-19
49237.000,3.241E-19
49238.000,3.240E-19
49239.000,3.239E-19
49240.000,3.239E-19
49241.000,3.239E-19
49242.000,3.239E-19
49243.000,3.239E-19
49244.000,3.239E-19
49245.000,3.240E-19
49246.000,3.240E-19
49247.000,3.241E-19
49248.000,3.241E-19
49249.000,3.240E-19
49250.000,3.240E-19
49251.000,3.239E-19
49252.000,3.239E-19
49253.000,3.239E-19
49254.000,3.239E-19
49255.000,3.240E-19
49256.000,3.241E-19
49257.000,3.241E-19
49258.000,3.240E-19
49259.000,3.240E-19
49260.000,3.239E-19
49261.000,3.237E-19
49262.000,3.235E-19
49263.000,3.234E-19
49264.000,3.232E-19
49265.000,3.230E-19
49266.000,3.229E-19
49267.000,3.226E-19
49268.000,3.224E-19
49269.000,3.223E-19
49270.000,3.221E-19
49271.000,3.220E-19
49272.000,3.218E-19
49273.000,3.217E-19
49274.000,3.217E-19
49275.000,3.217E-19
49276.000,3.217E-19
49277.000,3.216E-19
49278.000,3.215E-19
49279.000,3.215E-19
49280.000,3.214E-19
49281.000,3.214E-19
49282.000,3.214E-19
49283.000,3.214E-19
49284.000,3.213E-19
49285.000,3.213E-19
49286.000,3.213E-19
49287.000,3.212E-19
49288.000,3.212E-19
49289.000,3.212E-19
49290.000,3.211E-19
49291.000,3.211E-19
49292.000,3.211E-19
49293.000,3.211E-19
49294.000,3.211E-19
49295.000,3.210E-19
49296.000,3.210E-19
49297.000,3.209E-19
49298.000,3.209E-19
49299.000,3.209E-19
49300.000,3.209E-19
49301.000,3.210E-19
49302.000,3.211E-19
49303.000,3.212E-19
49304.000,3.212E-19
49305.000,3.213E-19
49306.000,3.213E-19
49307.000,3.213E-19
49308.000,3.213E-19
49309.000,3.214E-19
49310.000,3.214E-19
49311.000,3.213E-19
49312.000,3.212E-19
49313.000,3.212E-19
49314.000,3.211E-19
49315.000,3.211E-19
49316.000,3.211E-19
49317.000,3.210E-19
49318.000,3.210E-19
49319.000,3.209E-19
49320.000,3.209E-19
49321.000,3.209E-19
49322.000,3.209E-19
49323.000,3.209E-19
49324.000,3.208E-19
49325.000,3.208E-19
49326.000,3.209E-19
49327.000,3.209E-19
49328.000,3.209E-19
49329.000,3.208E-19
49330.000,3.207E-19
49331.000,3.206E-19
49332.000,3.205E-19
49333.000,3.203E-19
49334.000,3.202E-19
49335.000,3.202E-19
49336.000,3.202E-19
49337.000,3.202E-19
49338.000,3.202E-19
49339.000,3.202E-19
49340.000,3.202E-19
49341.000,3.202E-19
49342.000,3.201E-19
49343.000,3.201E-19
49344.000,3.200E-19
49345.000,3.200E-19
49346.000,3.200E-19
49347.000,3.199E-19
49348.000,3.198E-19
49349.000,3.197E-19
49350.000,3.195E-19
49351.000,3.193E-19
49352.000,3.190E-19
49353.000,3.187E-19
49354.000,3.186E-19
49355.000,3.186E-19
49356.000,3.185E-19
49357.000,3.184E-19
49358.000,3.184E-19
49359.000,3.184E-19
49360.000,3.184E-19
49361.000,3.184E-19
49362.000,3.184E-19
49363.000,3.184E-19
49364.000,3.184E-19
49365.000,3.183E-19
49366.000,3.183E-19
49367.000,3.183E-19
49368.000,3.183E-19
49369.000,3.183E-19
49370.000,3.182E-19
49371.000,3.182E-19
49372.000,3.182E-19
49373.000,3.181E-19
49374.000,3.182E-19
49375.000,3.182E-19
49376.000,3.181E-19
49377.000,3.181E-19
49378.000,3.180E-19
49379.000,3.181E-19
49380.000,3.181E-19
49381.000,3.181E-19
49382.000,3.181E-19
49383.000,3.181E-19
49384.000,3.181E-19
49385.000,3.180E-19
49386.000,3.180E-19
49387.000,3.180E-19
49388.000,3.180E-19
49389.000,3.179E-19
49390.000,3.178E-19
49391.000,3.177E-19
49392.000,3.176E-19
49393.000,3.175E-19
49394.000,3.174E-19
49395.000,3.173E-19
49396.000,3.170E-19
49397.000,3.167E-19
49398.000,3.166E-19
49399.000,3.165E-19
49400.000,3.164E-19
49401.000,3.163E-19
49402.000,3.161E-19
49403.000,3.160E-19
49404.000,3.159E-19
49405.000,3.158E-19
49406.000,3.158E-19
49407.000,3.158E-19
49408.000,3.158E-19
49409.000,3.159E-19
49410.000,3.159E-19
49411.000,3.158E-19
49412.000,3.158E-19
49413.000,3.157E-19
49414.000,3.156E-19
49415.000,3.156E-19
49416.000,3.157E-19
49417.000,3.157E-19
49418.000,3.156E-19
49419.000,3.156E-19
49420.000,3.156E-19
49421.000,3.156E-19
49422.000,3.156E-19
49423.000,3.156E-19
49424.000,3.156E-19
49425.000,3.156E-19
49426.000,3.156E-19
49427.000,3.156E-19
49428.000,3.156E-19
49429.000,3.156E-19
49430.000,3.155E-19
49431.000,3.155E-19
49432.000,3.154E-19
49433.000,3.153E-19
49434.000,3.152E-19
49435.000,3.152E-19
49436.000,3.151E-19
49437.000,3.151E-19
49438.000,3.150E-19
49439.000,3.150E-19
49440.000,3.150E-19
49441.000,3.149E-19
49442.000,3.149E-19
49443.000,3.148E-19
49444.000,3.148E-19
49445.000,3.147E-19
49446.000,3.146E-19
49447.000,3.146E-19
49448.000,3.145E-19
49449.000,3.145E-19
49450.000,3.142E-19
49451.000,3.140E-19
49452.000,3.139E-19
49453.000,3.139E-19
49454.000,3.138E-19
49455.000,3.138E-19
49456.000,3.138E-19
49457.000,3.139E-19
49458.000,3.141E-19
49459.000,3.141E-19
49460.000,3.142E-19
49461.000,3.142E-19
49462.000,3.143E-19
49463.000,3.144E-19
49464.000,3.144E-19
49465.000,3.145E-19
49466.000,3.145E-19
49467.000,3.145E-19
49468.000,3.145E-19
49469.000,3.144E-19
49470.000,3.144E-19
49471.000,3.143E-19
49472.000,3.142E-19
49473.000,3.141E-19
49474.000,3.140E-19
49475.000,3.140E-19
49476.000,3.139E-19
49477.000,3.139E-19
49478.000,3.139E-19
49479.000,3.139E-19
49480.000,3.139E-19
49481.000,3.139E-19
49482.000,3.138E-19
49483.000,3.138E-19
49484.000,3.138E-19
49485.000,3.137E-19
49486.000,3.137E-19
49487.000,3.138E-19
49488.000,3.138E-19
49489.000,3.138E-19
49490.000,3.138E-19
49491.000,3.138E-19
49492.000,3.137E-19
49493.000,3.137E-19
49494.000,3.137E-19
49495.000,3.137E-19
49496.000,3.137E-19
49497.000,3.137E-19
49498.000,3.137E-19
49499.000,3.138E-19
49500.000,3.138E-19
49501.000,3.139E-19
49502.000,3.140E-19
49503.000,3.141E-19
49504.000,3.141E-19
49505.000,3.142E-19
49506.000,3.142E-19
49507.000,3.143E-19
49508.000,3.143E-19
49509.000,3.143E-19
49510.000,3.143E-19
49511.000,3.142E-19
49512.000,3.142E-19
49513.000,3.142E-19
49514.000,3.141E-19
49515.000,3.141E-19
49516.000,3.140E-19
49517.000,3.140E-19
49518.000,3.139E-19
49519.000,3.138E-19
49520.000,3.137E-19
49521.000,3.135E-19
49522.000,3.133E-19
49523.000,3.132E-19
49524.000,3.132E-19
49525.000,3.131E-19
49526.000,3.129E-19
49527.000,3.128E-19
49528.000,3.127E-19
49529.000,3.127E-19
49530.000,3.126E-19
49531.000,3.126E-19
49532.000,3.125E-19
49533.000,3.125E-19
49534.000,3.125E-19
49535.000,3.126E-19
49536.000,3.126E-19
49537.000,3.127E-19
49538.000,3.126E-19
49539.000,3.125E-19
49540.000,3.125E-19
49541.000,3.124E-19
49542.000,3.124E-19
49543.000,3.124E-19
49544.000,3.123E-19
49545.000,3.123E-19
49546.000,3.124E-19
49547.000,3.124E-19
49548.000,3.123E-19
49549.000,3.122E-19
49550.000,3.121E-19
49551.000,3.121E-19
49552.000,3.120E-19
49553.000,3.119E-19
49554.000,3.118E-19
49555.000,3.118E-19
49556.000,3.118E-19
49557.000,3.118E-19
49558.000,3.118E-19
49559.000,3.118E-19
49560.000,3.119E-19
49561.000,3.119E-19
49562.000,3.120E-19
49563.000,3.121E-19
49564.000,3.122E-19
49565.000,3.123E-19
49566.000,3.123E-19
49567.000,3.123E-19
49568.000,3.122E-19
49569.000,3.122E-19
49570.000,3.122E-19
49571.000,3.121E-19
49572.000,3.121E-19
49573.000,3.121E-19
49574.000,3.121E-19
49575.000,3.121E-19
49576.000,3.121E-19
49577.000,3.120E-19
49578.000,3.120E-19
49579.000,3.119E-19
49580.000,3.119E-19
49581.000,3.118E-19
49582.000,3.118E-19
49583.000,3.118E-19
49584.000,3.118E-19
49585.000,3.119E-19
49586.000,3.119E-19
49587.000,3.119E-19
49588.000,3.118E-19
49589.000,3.118E-19
49590.000,3.119E-19
49591.000,3.119E-19
49592.000,3.121E-19
49593.000,3.122E-19
49594.000,3.122E-19
49595.000,3.122E-19
49596.000,3.122E-19
49597.000,3.122E-19
49598.000,3.121E-19
49599.000,3.121E-19
49600.000,3.121E-19
49601.000,3.121E-19
49602.000,3.121E-19
49603.000,3.120E-19
49604.000,3.120E-19
49605.000,3.120E-19
49606.000,3.120E-19
49607.000,3.121E-19
49608.000,3.121E-19
49609.000,3.122E-19
49610.000,3.122E-19
49611.000,3.123E-19
49612.000,3.123E-19
49613.000,3.123E-19
49614.000,3.123E-19
49615.000,3.123E-19
49616.000,3.123E-19
49617.000,3.123E-19
49618.000,3.123E-19
49619.000,3.122E-19
49620.000,3.120E-19
49621.000,3.119E-19
49622.000,3.119E-19
49623.000,3.118E-19
49624.000,3.118E-19
49625.000,3.118E-19
49626.000,3.118E-19
49627.000,3.119E-19
49628.000,3.119E-19
49629.000,3.119E-19
49630.000,3.119E-19
49631.000,3.119E-19
49632.000,3.118E-19
49633.000,3.118E-19
49634.000,3.118E-19
49635.000,3.118E-19
49636.000,3.117E-19
49637.000,3.117E-19
49638.000,3.116E-19
49639.000,3.114E-19
49640.000,3.113E-19
49641.000,3.113E-19
49642.000,3.112E-19
49643.000,3.112E-19
49644.000,3.112E-19
49645.000,3.113E-19
49646.000,3.113E-19
49647.000,3.112E-19
49648.000,3.112E-19
49649.000,3.112E-19
49650.000,3.113E-19
49651.000,3.113E-19
49652.000,3.113E-19
49653.000,3.112E-19
49654.000,3.112E-19
49655.000,3.111E-19
49656.000,3.111E-19
49657.000,3.110E-19
49658.000,3.110E-19
49659.000,3.110E-19
49660.000,3.110E-19
49661.000,3.111E-19
49662.000,3.111E-19
49663.000,3.112E-19
49664.000,3.112E-19
49665.000,3.113E-19
49666.000,3.113E-19
49667.000,3.114E-19
49668.000,3.114E-19
49669.000,3.115E-19
49670.000,3.115E-19
49671.000,3.115E-19
49672.000,3.115E-19
49673.000,3.115E-19
49674.000,3.114E-19
49675.000,3.114E-19
49676.000,3.113E-19
49677.000,3.113E-19
49678.000,3.113E-19
49679.000,3.112E-19
49680.000,3.112E-19
49681.000,3.112E-19
49682.000,3.113E-19
49683.000,3.113E-19
49684.000,3.114E-19
49685.000,3.114E-19
49686.000,3.113E-19
49687.000,3.113E-19
49688.000,3.112E-19
49689.000,3.111E-19
49690.000,3.111E-19
49691.000,3.111E-19
49692.000,3.111E-19
49693.000,3.111E-19
49694.000,3.110E-19
49695.000,3.110E-19
49696.000,3.109E-19
49697.000,3.109E-19
49698.000,3.109E-19
49699.000,3.109E-19
49700.000,3.109E-19
49701.000,3.110E-19
49702.000,3.110E-19
49703.000,3.110E-19
49704.000,3.109E-19
49705.000,3.109E-19
49706.000,3.109E-19
49707.000,3.109E-19
49708.000,3.109E-19
49709.000,3.109E-19
49710.000,3.109E-19
49711.000,3.108E-19
49712.000,3.108E-19
49713.000,3.109E-19
49714.000,3.110E-19
49715.000,3.110E-19
49716.000,3.110E-19
49717.000,3.110E-19
49718.000,3.110E-19
49719.000,3.110E-19
49720.000,3.109E-19
49721.000,3.109E-19
49722.000,3.108E-19
49723.000,3.108E-19
49724.000,3.108E-19
49725.000,3.108E-19
49726.000,3.107E-19
49727.000,3.107E-19
49728.000,3.107E-19
49729.000,3.107E-19
49730.000,3.107E-19
49731.000,3.107E-19
49732.000,3.108E-19
49733.000,3.109E-19
49734.000,3.110E-19
49735.000,3.110E-19
49736.000,3.109E-19
49737.000,3.109E-19
49738.000,3.108E-19
49739.000,3.108E-19
49740.000,3.108E-19
49741.000,3.107E-19
49742.000,3.107E-19
49743.000,3.106E-19
49744.000,3.106E-19
49745.000,3.107E-19
49746.000,3.107E-19
49747.000,3.107E-19
49748.000,3.108E-19
49749.000,3.108E-19
49750.000,3.109E-19
49751.000,3.109E-19
49752.000,3.109E-19
49753.000,3.110E-19
49754.000,3.110E-19
49755.000,3.111E-19
49756.000,3.111E-19
49757.000,3.111E-19
49758.000,3.110E-19
49759.000,3.110E-19
49760.000,3.111E-19
49761.000,3.111E-19
49762.000,3.111E-19
49763.000,3.111E-19
49764.000,3.111E-19
49765.000,3.111E-19
49766.000,3.111E-19
49767.000,3.111E-19
49768.000,3.112E-19
49769.000,3.112E-19
49770.000,3.111E-19
49771.000,3.111E-19
49772.000,3.110E-19
49773.000,3.110E-19
49774.000,3.109E-19
49775.000,3.110E-19
49776.000,3.110E-19
49777.000,3.110E-19
49778.000,3.110E-19
49779.000,3.110E-19
49780.000,3.111E-19
49781.000,3.111E-19
49782.000,3.112E-19
49783.000,3.113E-19
49784.000,3.113E-19
49785.000,3.113E-19
49786.000,3.113E-19
49787.000,3.113E-19
49788.000,3.114E-19
49789.000,3.114E-19
49790.000,3.113E-19
49791.000,3.113E-19
49792.000,3.113E-19
49793.000,3.113E-19
49794.000,3.113E-19
49795.000,3.112E-19
49796.000,3.112E-19
49797.000,3.113E-19
49798.000,3.114E-19
49799.000,3.114E-19
49800.000,3.114E-19
49801.000,3.114E-19
49802.000,3.114E-19
49803.000,3.115E-19
49804.000,3.115E-19
49805.000,3.114E-19
49806.000,3.114E-19
49807.000,3.114E-19
49808.000,3.115E-19
49809.000,3.114E-19
49810.000,3.114E-19
49811.000,3.113E-19
49812.000,3.113E-19
49813.000,3.113E-19
49814.000,3.113E-19
49815.000,3.112E-19
49816.000,3.112E-19
49817.000,3.111E-19
49818.000,3.111E-19
49819.000,3.111E-19
49820.000,3.112E-19
49821.000,3.112E-19
49822.000,3.112E-19
49823.000,3.112E-19
49824.000,3.112E-19
49825.000,3.112E-19
49826.000,3.112E-19
49827.000,3.112E-19
49828.000,3.112E-19
49829.000,3.112E-19
49830.000,3.111E-19
49831.000,3.111E-19
49832.000,3.111E-19
49833.000,3.110E-19
49834.000,3.110E-19
49835.000,3.111E-19
49836.000,3.111E-19
49837.000,3.111E-19
49838.000,3.110E-19
49839.000,3.110E-19
49840.000,3.110E-19
49841.000,3.110E-19
49842.000,3.111E-19
49843.000,3.111E-19
49844.000,3.111E-19
49845.000,3.112E-19
49846.000,3.112E-19
49847.000,3.113E-19
49848.000,3.113E-19
49849.000,3.113E-19
49850.000,3.114E-19
49851.000,3.114E-19
49852.000,3.113E-19
49853.000,3.113E-19
49854.000,3.113E-19
49855.000,3.113E-19
49856.000,3.113E-19
49857.000,3.113E-19
49858.000,3.113E-19
49859.000,3.112E-19
49860.000,3.112E-19
49861.000,3.113E-19
49862.000,3.113E-19
49863.000,3.114E-19
49864.000,3.113E-19
49865.000,3.113E-19
49866.000,3.112E-19
49867.000,3.112E-19
49868.000,3.111E-19
49869.000,3.111E-19
49870.000,3.110E-19
49871.000,3.110E-19
49872.000,3.110E-19
49873.000,3.110E-19
49874.000,3.111E-19
49875.000,3.112E-19
49876.000,3.113E-19
49877.000,3.114E-19
49878.000,3.115E-19
49879.000,3.117E-19
49880.000,3.119E-19
49881.000,3.120E-19
49882.000,3.120E-19
49883.000,3.121E-19
49884.000,3.122E-19
49885.000,3.122E-19
49886.000,3.121E-19
49887.000,3.121E-19
49888.000,3.120E-19
49889.000,3.121E-19
49890.000,3.121E-19
49891.000,3.121E-19
49892.000,3.121E-19
49893.000,3.121E-19
49894.000,3.121E-19
49895.000,3.120E-19
49896.000,3.119E-19
49897.000,3.119E-19
49898.000,3.118E-19
49899.000,3.118E-19
49900.000,3.118E-19
49901.000,3.118E-19
49902.000,3.118E-19
49903.000,3.118E-19
49904.000,3.118E-19
49905.000,3.118E-19
49906.000,3.118E-19
49907.000,3.118E-19
49908.000,3.118E-19
49909.000,3.117E-19
49910.000,3.117E-19
49911.000,3.116E-19
49912.000,3.116E-19
49913.000,3.115E-19
49914.000,3.114E-19
49915.000,3.114E-19
49916.000,3.114E-19
49917.000,3.113E-19
49918.000,3.113E-19
49919.000,3.112E-19
49920.000,3.112E-19
49921.000,3.112E-19
49922.000,3.113E-19
49923.000,3.113E-19
49924.000,3.114E-19
49925.000,3.115E-19
49926.000,3.116E-19
49927.000,3.116E-19
49928.000,3.117E-19
49929.000,3.117E-19
49930.000,3.118E-19
49931.000,3.118E-19
49932.000,3.119E-19
49933.000,3.119E-19
49934.000,3.119E-19
49935.000,3.118E-19
49936.000,3.118E-19
49937.000,3.117E-19
49938.000,3.117E-19
49939.000,3.116E-19
49940.000,3.115E-19
49941.000,3.115E-19
49942.000,3.116E-19
49943.000,3.116E-19
49944.000,3.117E-19
49945.000,3.118E-19
49946.000,3.119E-19
49947.000,3.119E-19
49948.000,3.120E-19
49949.000,3.121E-19
49950.000,3.122E-19
49951.000,3.122E-19
49952.000,3.121E-19
49953.000,3.121E-19
49954.000,3.122E-19
49955.000,3.122E-19
49956.000,3.122E-19
49957.000,3.122E-19
49958.000,3.122E-19
49959.000,3.122E-19
49960.000,3.122E-19
49961.000,3.122E-19
49962.000,3.122E-19
49963.000,3.122E-19
49964.000,3.122E-19
49965.000,3.122E-19
49966.000,3.123E-19
49967.000,3.123E-19
49968.000,3.124E-19
49969.000,3.124E-19
49970.000,3.124E-19
49971.000,3.123E-19
49972.000,3.123E-19
49973.000,3.122E-19
49974.000,3.122E-19
49975.000,3.122E-19
49976.000,3.122E-19
49977.000,3.121E-19
49978.000,3.121E-19
49979.000,3.121E-19
49980.000,3.120E-19
49981.000,3.119E-19
49982.000,3.118E-19
49983.000,3.117E-19
49984.000,3.117E-19
49985.000,3.118E-19
49986.000,3.119E-19
49987.000,3.119E-19
49988.000,3.120E-19
49989.000,3.120E-19
49990.000,3.120E-19
49991.000,3.120E-19
49992.000,3.120E-19
49993.000,3.120E-19
49994.000,3.120E-19
49995.000,3.120E-19
49996.000,3.121E-19
49997.000,3.121E-19
49998.000,3.121E-19
49999.000,3.121E-19
50000.000,3.121E-19
50001.000,3.121E-19
50002.000,3.120E-19
50003.000,3.121E-19
50004.000,3.122E-19
50005.000,3.123E-19
50006.000,3.123E-19
50007.000,3.123E-19
50008.000,3.123E-19
50009.000,3.124E-19
50010.000,3.125E-19
50011.000,3.125E-19
50012.000,3.126E-19
50013.000,3.126E-19
50014.000,3.126E-19
50015.000,3.126E-19
50016.000,3.127E-19
50017.000,3.127E-19
50018.000,3.128E-19
50019.000,3.128E-19
50020.000,3.128E-19
50021.000,3.128E-19
50022.000,3.128E-19
50023.000,3.128E-19
50024.000,3.128E-19
50025.000,3.128E-19
50026.000,3.128E-19
50027.000,3.127E-19
50028.000,3.127E-19
50029.000,3.127E-19
50030.000,3.128E-19
50031.000,3.127E-19
50032.000,3.127E-19
50033.000,3.126E-19
50034.000,3.126E-19
50035.000,3.126E-19
50036.000,3.127E-19
50037.000,3.127E-19
50038.000,3.128E-19
50039.000,3.127E-19
50040.000,3.126E-19
50041.000,3.126E-19
50042.000,3.126E-19
50043.000,3.126E-19
50044.000,3.126E-19
50045.000,3.126E-19
50046.000,3.127E-19
50047.000,3.129E-19
50048.000,3.130E-19
50049.000,3.131E-19
50050.000,3.133E-19
50051.000,3.134E-19
50052.000,3.136E-19
50053.000,3.137E-19
50054.000,3.139E-19
50055.000,3.141E-19
50056.000,3.142E-19
50057.000,3.144E-19
50058.000,3.145E-19
50059.000,3.146E-19
50060.000,3.147E-19
50061.000,3.147E-19
50062.000,3.147E-19
50063.000,3.147E-19
50064.000,3.146E-19
50065.000,3.145E-19
50066.000,3.145E-19
50067.000,3.146E-19
50068.000,3.146E-19
50069.000,3.145E-19
50070.000,3.145E-19
50071.000,3.145E-19
50072.000,3.145E-19
50073.000,3.145E-19
50074.000,3.144E-19
50075.000,3.144E-19
50076.000,3.144E-19
50077.000,3.145E-19
50078.000,3.145E-19
50079.000,3.145E-19
50080.000,3.146E-19
50081.000,3.146E-19
50082.000,3.146E-19
50083.000,3.146E-19
50084.000,3.145E-19
50085.000,3.145E-19
50086.000,3.145E-19
50087.000,3.145E-19
50088.000,3.145E-19
50089.000,3.145E-19
50090.000,3.145E-19
50091.000,3.145E-19
50092.000,3.146E-19
50093.000,3.146E-19
50094.000,3.146E-19
50095.000,3.146E-19
50096.000,3.147E-19
50097.000,3.148E-19
50098.000,3.149E-19
50099.000,3.151E-19
50100.000,3.152E-19
50101.000,3.152E-19
50102.000,3.153E-19
50103.000,3.153E-19
50104.000,3.153E-19
50105.000,3.153E-19
50106.000,3.153E-19
50107.000,3.154E-19
50108.000,3.154E-19
50109.000,3.154E-19
50110.000,3.154E-19
50111.000,3.154E-19
50112.000,3.153E-19
50113.000,3.153E-19
50114.000,3.153E-19
50115.000,3.153E-19
50116.000,3.153E-19
50117.000,3.154E-19
50118.000,3.154E-19
50119.000,3.155E-19
50120.000,3.155E-19
50121.000,3.155E-19
50122.000,3.155E-19
50123.000,3.155E-19
50124.000,3.155E-19
50125.000,3.156E-19
50126.000,3.156E-19
50127.000,3.156E-19
50128.000,3.156E-19
50129.000,3.155E-19
50130.000,3.155E-19
50131.000,3.155E-19
50132.000,3.155E-19
50133.000,3.155E-19
50134.000,3.155E-19
50135.000,3.156E-19
50136.000,3.156E-19
50137.000,3.157E-19
50138.000,3.157E-19
50139.000,3.157E-19
50140.000,3.158E-19
50141.000,3.158E-19
50142.000,3.158E-19
50143.000,3.158E-19
50144.000,3.158E-19
50145.000,3.159E-19
50146.000,3.160E-19
50147.000,3.160E-19
50148.000,3.161E-19
50149.000,3.161E-19
50150.000,3.162E-19
50151.000,3.162E-19
50152.000,3.162E-19
50153.000,3.162E-19
50154.000,3.162E-19
50155.000,3.162E-19
50156.000,3.162E-19
50157.000,3.162E-19
50158.000,3.162E-19
50159.000,3.162E-19
50160.000,3.162E-19
50161.000,3.162E-19
50162.000,3.162E-19
50163.000,3.162E-19
50164.000,3.163E-19
50165.000,3.163E-19
50166.000,3.164E-19
50167.000,3.166E-19
50168.000,3.167E-19
50169.000,3.168E-19
50170.000,3.168E-19
50171.000,3.169E-19
50172.000,3.169E-19
50173.000,3.169E-19
50174.000,3.169E-19
50175.000,3.170E-19
50176.000,3.170E-19
50177.000,3.170E-19
50178.000,3.171E-19
50179.000,3.171E-19
50180.000,3.170E-19
50181.000,3.170E-19
50182.000,3.170E-19
50183.000,3.171E-19
50184.000,3.172E-19
50185.000,3.172E-19
50186.000,3.173E-19
50187.000,3.173E-19
50188.000,3.174E-19
50189.000,3.175E-19
50190.000,3.175E-19
50191.000,3.176E-19
50192.000,3.177E-19
50193.000,3.178E-19
50194.000,3.178E-19
50195.000,3.179E-19
50196.000,3.179E-19
50197.000,3.180E-19
50198.000,3.180E-19
50199.000,3.180E-19
50200.000,3.180E-19
50201.000,3.180E-19
50202.000,3.180E-19
50203.000,3.179E-19
50204.000,3.179E-19
50205.000,3.178E-19
50206.000,3.178E-19
50207.000,3.179E-19
50208.000,3.179E-19
50209.000,3.179E-19
50210.000,3.179E-19
50211.000,3.179E-19
50212.000,3.179E-19
50213.000,3.178E-19
50214.000,3.178E-19
50215.000,3.178E-19
50216.000,3.178E-19
50217.000,3.178E-19
50218.000,3.178E-19
50219.000,3.179E-19
50220.000,3.179E-19
50221.000,3.180E-19
50222.000,3.179E-19
50223.000,3.178E-19
50224.000,3.178E-19
50225.000,3.179E-19
50226.000,3.179E-19
50227.000,3.179E-19
50228.000,3.180E-19
50229.000,3.180E-19
50230.000,3.181E-19
50231.000,3.181E-19
50232.000,3.181E-19
50233.000,3.182E-19
50234.000,3.182E-19
50235.000,3.183E-19
50236.000,3.183E-19
50237.000,3.183E-19
50238.000,3.184E-19
50239.000,3.184E-19
50240.000,3.185E-19
50241.000,3.186E-19
50242.000,3.186E-19
50243.000,3.187E-19
50244.000,3.187E-19
50245.000,3.187E-19
50246.000,3.188E-19
50247.000,3.188E-19
50248.000,3.189E-19
50249.000,3.189E-19
50250.000,3.190E-19
50251.000,3.191E-19
50252.000,3.191E-19
50253.000,3.191E-19
50254.000,3.191E-19
50255.000,3.192E-19
50256.000,3.192E-19
50257.000,3.192E-19
50258.000,3.192E-19
50259.000,3.192E-19
50260.000,3.193E-19
50261.000,3.194E-19
50262.000,3.194E-19
50263.000,3.194E-19
50264.000,3.194E-19
50265.000,3.195E-19
50266.000,3.196E-19
50267.000,3.196E-19
50268.000,3.197E-19
50269.000,3.197E-19
50270.000,3.198E-19
50271.000,3.198E-19
50272.000,3.198E-19
50273.000,3.198E-19
50274.000,3.198E-19
50275.000,3.198E-19
50276.000,3.199E-19
50277.000,3.199E-19
50278.000,3.198E-19
50279.000,3.198E-19
50280.000,3.198E-19
50281.000,3.198E-19
50282.000,3.198E-19
50283.000,3.198E-19
50284.000,3.197E-19
50285.000,3.197E-19
50286.000,3.198E-19
50287.000,3.198E-19
50288.000,3.199E-19
50289.000,3.200E-19
50290.000,3.201E-19
50291.000,3.201E-19
50292.000,3.202E-19
50293.000,3.203E-19
50294.000,3.204E-19
50295.000,3.204E-19
50296.000,3.204E-19
50297.000,3.204E-19
50298.000,3.205E-19
50299.000,3.206E-19
50300.000,3.207E-19
50301.000,3.207E-19
50302.000,3.208E-19
50303.000,3.209E-19
50304.000,3.209E-19
50305.000,3.210E-19
50306.000,3.210E-19
50307.000,3.211E-19
50308.000,3.213E-19
50309.000,3.214E-19
50310.000,3.214E-19
50311.000,3.214E-19
50312.000,3.214E-19
50313.000,3.214E-19
50314.000,3.214E-19
50315.000,3.214E-19
50316.000,3.215E-19
50317.000,3.215E-19
50318.000,3.215E-19
50319.000,3.215E-19
50320.000,3.215E-19
50321.000,3.216E-19
50322.000,3.217E-19
50323.000,3.217E-19
50324.000,3.218E-19
50325.000,3.218E-19
50326.000,3.220E-19
50327.000,3.222E-19
50328.000,3.223E-19
50329.000,3.225E-19
50330.000,3.226E-19
50331.000,3.227E-19
50332.000,3.227E-19
50333.000,3.228E-19
50334.000,3.228E-19
50335.000,3.229E-19
50336.000,3.229E-19
50337.000,3.229E-19
50338.000,3.228E-19
50339.000,3.228E-19
50340.000,3.227E-19
50341.000,3.227E-19
50342.000,3.227E-19
50343.000,3.227E-19
50344.000,3.226E-19
50345.000,3.226E-19
50346.000,3.226E-19
50347.000,3.226E-19
50348.000,3.227E-19
50349.000,3.229E-19
50350.000,3.230E-19
50351.000,3.232E-19
50352.000,3.234E-19
50353.000,3.235E-19
50354.000,3.237E-19
50355.000,3.238E-19
50356.000,3.239E-19
50357.000,3.240E-19
50358.000,3.241E-19
50359.000,3.241E-19
50360.000,3.241E-19
50361.000,3.242E-19
50362.000,3.242E-19
50363.000,3.243E-19
50364.000,3.243E-19
50365.000,3.244E-19
50366.000,3.244E-19
50367.000,3.245E-19
50368.000,3.245E-19
50369.000,3.246E-19
50370.000,3.247E-19
50371.000,3.248E-19
50372.000,3.248E-19
50373.000,3.249E-19
50374.000,3.249E-19
50375.000,3.249E-19
50376.000,3.249E-19
50377.000,3.249E-19
50378.000,3.249E-19
50379.000,3.247E-19
50380.000,3.246E-19
50381.000,3.246E-19
50382.000,3.245E-19
50383.000,3.245E-19
50384.000,3.246E-19
50385.000,3.247E-19
50386.000,3.247E-19
50387.000,3.246E-19
50388.000,3.246E-19
50389.000,3.246E-19
50390.000,3.246E-19
50391.000,3.246E-19
50392.000,3.247E-19
50393.000,3.248E-19
50394.000,3.248E-19
50395.000,3.249E-19
50396.000,3.249E-19
50397.000,3.251E-19
50398.000,3.253E-19
50399.000,3.253E-19
50400.000,3.253E-19
50401.000,3.253E-19
50402.000,3.254E-19
50403.000,3.255E-19
50404.000,3.256E-19
50405.000,3.256E-19
50406.000,3.257E-19
50407.000,3.255E-19
50408.000,3.254E-19
50409.000,3.253E-19
50410.000,3.253E-19
50411.000,3.252E-19
50412.000,3.252E-19
50413.000,3.252E-19
50414.000,3.252E-19
50415.000,3.253E-19
50416.000,3.253E-19
50417.000,3.254E-19
50418.000,3.255E-19
50419.000,3.255E-19
50420.000,3.254E-19
50421.000,3.254E-19
50422.000,3.255E-19
50423.000,3.255E-19
50424.000,3.256E-19
50425.000,3.256E-19
50426.000,3.257E-19
50427.000,3.257E-19
50428.000,3.256E-19
50429.000,3.256E-19
50430.000,3.256E-19
50431.000,3.257E-19
50432.000,3.258E-19
50433.000,3.259E-19
50434.000,3.260E-19
50435.000,3.260E-19
50436.000,3.261E-19
50437.000,3.262E-19
50438.000,3.263E-19
50439.000,3.264E-19
50440.000,3.265E-19
50441.000,3.266E-19
50442.000,3.267E-19
50443.000,3.267E-19
50444.000,3.268E-19
50445.000,3.269E-19
50446.000,3.270E-19
50447.000,3.271E-19
50448.000,3.271E-19
50449.000,3.272E-19
50450.000,3.272E-19
50451.000,3.273E-19
50452.000,3.273E-19
50453.000,3.273E-19
50454.000,3.274E-19
50455.000,3.274E-19
50456.000,3.275E-19
50457.000,3.275E-19
50458.000,3.275E-19
50459.000,3.276E-19
50460.000,3.276E-19
50461.000,3.276E-19
50462.000,3.276E-19
50463.000,3.276E-19
50464.000,3.276E-19
50465.000,3.276E-19
50466.000,3.276E-19
50467.000,3.276E-19
50468.000,3.277E-19
50469.000,3.278E-19
50470.000,3.278E-19
50471.000,3.278E-19
50472.000,3.278E-19
50473.000,3.279E-19
50474.000,3.279E-19
50475.000,3.280E-19
50476.000,3.280E-19
50477.000,3.281E-19
50478.000,3.281E-19
50479.000,3.281E-19
50480.000,3.281E-19
50481.000,3.282E-19
50482.000,3.283E-19
50483.000,3.284E-19
50484.000,3.284E-19
50485.000,3.285E-19
50486.000,3.286E-19
50487.000,3.287E-19
50488.000,3.288E-19
50489.000,3.288E-19
50490.000,3.289E-19
50491.000,3.289E-19
50492.000,3.290E-19
50493.000,3.290E-19
50494.000,3.291E-19
50495.000,3.291E-19
50496.000,3.291E-19
50497.000,3.292E-19
50498.000,3.291E-19
50499.000,3.291E-19
50500.000,3.290E-19
50501.000,3.290E-19
50502.000,3.290E-19
50503.000,3.291E-19
50504.000,3.291E-19
50505.000,3.292E-19
50506.000,3.293E-19
50507.000,3.294E-19
50508.000,3.295E-19
50509.000,3.296E-19
50510.000,3.297E-19
50511.000,3.297E-19
50512.000,3.297E-19
50513.000,3.297E-19
50514.000,3.298E-19
50515.000,3.298E-19
50516.000,3.299E-19
50517.000,3.299E-19
50518.000,3.300E-19
50519.000,3.300E-19
50520.000,3.299E-19
50521.000,3.299E-19
50522.000,3.300E-19
50523.000,3.300E-19
50524.000,3.301E-19
50525.000,3.303E-19
50526.000,3.303E-19
50527.000,3.304E-19
50528.000,3.304E-19
50529.000,3.305E-19
50530.000,3.305E-19
50531.000,3.306E-19
50532.000,3.306E-19
50533.000,3.307E-19
50534.000,3.308E-19
50535.000,3.309E-19
50536.000,3.310E-19
50537.000,3.311E-19
50538.000,3.312E-19
50539.000,3.313E-19
50540.000,3.313E-19
50541.000,3.314E-19
50542.000,3.316E-19
50543.000,3.318E-19
50544.000,3.319E-19
50545.000,3.319E-19
50546.000,3.320E-19
50547.000,3.320E-19
50548.000,3.321E-19
50549.000,3.321E-19
50550.000,3.322E-19
50551.000,3.322E-19
50552.000,3.322E-19
50553.000,3.323E-19
50554.000,3.323E-19
50555.000,3.323E-19
50556.000,3.322E-19
50557.000,3.322E-19
50558.000,3.323E-19
50559.000,3.323E-19
50560.000,3.324E-19
50561.000,3.324E-19
50562.000,3.324E-19
50563.000,3.325E-19
50564.000,3.325E-19
50565.000,3.327E-19
50566.000,3.328E-19
50567.000,3.328E-19
50568.000,3.329E-19
50569.000,3.329E-19
50570.000,3.329E-19
50571.000,3.330E-19
50572.000,3.330E-19
50573.000,3.330E-19
50574.000,3.330E-19
50575.000,3.330E-19
50576.000,3.330E-19
50577.000,3.330E-19
50578.000,3.331E-19
50579.000,3.332E-19
50580.000,3.332E-19
50581.000,3.332E-19
50582.000,3.332E-19
50583.000,3.333E-19
50584.000,3.334E-19
50585.000,3.335E-19
50586.000,3.336E-19
50587.000,3.337E-19
50588.000,3.338E-19
50589.000,3.339E-19
50590.000,3.340E-19
50591.000,3.342E-19
50592.000,3.343E-19
50593.000,3.343E-19
50594.000,3.343E-19
50595.000,3.344E-19
50596.000,3.344E-19
50597.000,3.345E-19
50598.000,3.345E-19
50599.000,3.345E-19
50600.000,3.345E-19
50601.000,3.346E-19
50602.000,3.347E-19
50603.000,3.346E-19
50604.000,3.346E-19
50605.000,3.345E-19
50606.000,3.346E-19
50607.000,3.347E-19
50608.000,3.347E-19
50609.000,3.348E-19
50610.000,3.348E-19
50611.000,3.348E-19
50612.000,3.349E-19
50613.000,3.349E-19
50614.000,3.350E-19
50615.000,3.350E-19
50616.000,3.350E-19
50617.000,3.350E-19
50618.000,3.350E-19
50619.000,3.350E-19
50620.000,3.350E-19
50621.000,3.352E-19
50622.000,3.353E-19
50623.000,3.355E-19
50624.000,3.356E-19
50625.000,3.356E-19
50626.000,3.357E-19
50627.000,3.359E-19
50628.000,3.360E-19
50629.000,3.360E-19
50630.000,3.361E-19
50631.000,3.361E-19
50632.000,3.362E-19
50633.000,3.362E-19
50634.000,3.363E-19
50635.000,3.364E-19
50636.000,3.364E-19
50637.000,3.363E-19
50638.000,3.363E-19
50639.000,3.363E-19
50640.000,3.364E-19
50641.000,3.364E-19
50642.000,3.365E-19
50643.000,3.366E-19
50644.000,3.366E-19
50645.000,3.367E-19
50646.000,3.367E-19
50647.000,3.368E-19
50648.000,3.369E-19
50649.000,3.369E-19
50650.000,3.368E-19
50651.000,3.368E-19
50652.000,3.369E-19
50653.000,3.369E-19
50654.000,3.371E-19
50655.000,3.372E-19
50656.000,3.374E-19
50657.000,3.374E-19
50658.000,3.374E-19
50659.000,3.374E-19
50660.000,3.376E-19
50661.000,3.378E-19
50662.000,3.379E-19
50663.000,3.379E-19
50664.000,3.380E-19
50665.000,3.380E-19
50666.000,3.379E-19
50667.000,3.379E-19
50668.000,3.380E-19
50669.000,3.380E-19
50670.000,3.381E-19
50671.000,3.381E-19
50672.000,3.382E-19
50673.000,3.383E-19
50674.000,3.384E-19
50675.000,3.385E-19
50676.000,3.385E-19
50677.000,3.386E-19
50678.000,3.386E-19
50679.000,3.386E-19
50680.000,3.387E-19
50681.000,3.388E-19
50682.000,3.389E-19
50683.000,3.389E-19
50684.000,3.390E-19
50685.000,3.390E-19
50686.000,3.391E-19
50687.000,3.391E-19
50688.000,3.392E-19
50689.000,3.393E-19
50690.000,3.394E-19
50691.000,3.396E-19
50692.000,3.397E-19
50693.000,3.397E-19
50694.000,3.398E-19
50695.000,3.398E-19
50696.000,3.400E-19
50697.000,3.401E-19
50698.000,3.402E-19
50699.000,3.402E-19
50700.000,3.403E-19
50701.000,3.403E-19
50702.000,3.403E-19
50703.000,3.404E-19
50704.000,3.404E-19
50705.000,3.405E-19
50706.000,3.405E-19
50707.000,3.405E-19
50708.000,3.405E-19
50709.000,3.406E-19
50710.000,3.406E-19
50711.000,3.407E-19
50712.000,3.407E-19
50713.000,3.408E-19
50714.000,3.410E-19
50715.000,3.411E-19
50716.000,3.413E-19
50717.000,3.414E-19
50718.000,3.416E-19
50719.000,3.418E-19
50720.000,3.420E-19
50721.000,3.421E-19
50722.000,3.421E-19
50723.000,3.422E-19
50724.000,3.422E-19
50725.000,3.423E-19
50726.000,3.424E-19
50727.000,3.425E-19
50728.000,3.426E-19
50729.000,3.426E-19
50730.000,3.427E-19
50731.000,3.427E-19
50732.000,3.427E-19
50733.000,3.426E-19
50734.000,3.427E-19
50735.000,3.427E-19
50736.000,3.428E-19
50737.000,3.428E-19
50738.000,3.428E-19
50739.000,3.429E-19
50740.000,3.430E-19
50741.000,3.431E-19
50742.000,3.430E-19
50743.000,3.430E-19
50744.000,3.430E-19
50745.000,3.431E-19
50746.000,3.431E-19
50747.000,3.432E-19
50748.000,3.434E-19
50749.000,3.435E-19
50750.000,3.436E-19
50751.000,3.438E-19
50752.000,3.438E-19
50753.000,3.438E-19
50754.000,3.438E-19
50755.000,3.440E-19
50756.000,3.441E-19
50757.000,3.441E-19
50758.000,3.440E-19
50759.000,3.440E-19
50760.000,3.440E-19
50761.000,3.440E-19
50762.000,3.440E-19
50763.000,3.439E-19
50764.000,3.439E-19
50765.000,3.440E-19
50766.000,3.441E-19
50767.000,3.442E-19
50768.000,3.444E-19
50769.000,3.445E-19
50770.000,3.446E-19
50771.000,3.446E-19
50772.000,3.447E-19
50773.000,3.448E-19
50774.000,3.449E-19
50775.000,3.450E-19
50776.000,3.450E-19
50777.000,3.451E-19
50778.000,3.451E-19
50779.000,3.452E-19
50780.000,3.452E-19
50781.000,3.453E-19
50782.000,3.453E-19
50783.000,3.453E-19
50784.000,3.453E-19
50785.000,3.453E-19
50786.000,3.455E-19
50787.000,3.456E-19
50788.000,3.457E-19
50789.000,3.457E-19
50790.000,3.458E-19
50791.000,3.459E-19
50792.000,3.460E-19
50793.000,3.460E-19
50794.000,3.461E-19
50795.000,3.461E-19
50796.000,3.462E-19
50797.000,3.462E-19
50798.000,3.463E-19
50799.000,3.464E-19
50800.000,3.465E-19
50801.000,3.465E-19
50802.000,3.466E-19
50803.000,3.466E-19
50804.000,3.467E-19
50805.000,3.467E-19
50806.000,3.468E-19
50807.000,3.468E-19
50808.000,3.469E-19
50809.000,3.470E-19
50810.000,3.470E-19
50811.000,3.470E-19
50812.000,3.471E-19
50813.000,3.471E-19
50814.000,3.472E-19
50815.000,3.473E-19
50816.000,3.474E-19
50817.000,3.474E-19
50818.000,3.473E-19
50819.000,3.473E-19
50820.000,3.472E-19
50821.000,3.472E-19
50822.000,3.472E-19
50823.000,3.472E-19
50824.000,3.472E-19
50825.000,3.472E-19
50826.000,3.472E-19
50827.000,3.472E-19
50828.000,3.473E-19
50829.000,3.473E-19
50830.000,3.474E-19
50831.000,3.475E-19
50832.000,3.476E-19
50833.000,3.476E-19
50834.000,3.477E-19
50835.000,3.479E-19
50836.000,3.482E-19
50837.000,3.482E-19
50838.000,3.483E-19
50839.000,3.483E-19
50840.000,3.485E-19
50841.000,3.486E-19
50842.000,3.486E-19
50843.000,3.487E-19
50844.000,3.487E-19
50845.000,3.488E-19
50846.000,3.489E-19
50847.000,3.490E-19
50848.000,3.492E-19
50849.000,3.494E-19
50850.000,3.495E-19
50851.000,3.495E-19
50852.000,3.496E-19
50853.000,3.497E-19
50854.000,3.497E-19
50855.000,3.498E-19
50856.000,3.499E-19
50857.000,3.500E-19
50858.000,3.500E-19
50859.000,3.501E-19
50860.000,3.501E-19
50861.000,3.501E-19
50862.000,3.501E-19
50863.000,3.501E-19
50864.000,3.502E-19
50865.000,3.502E-19
50866.000,3.505E-19
50867.000,3.507E-19
50868.000,3.508E-19
50869.000,3.509E-19
50870.000,3.510E-19
50871.000,3.512E-19
50872.000,3.513E-19
50873.000,3.513E-19
50874.000,3.514E-19
50875.000,3.514E-19
50876.000,3.515E-19
50877.000,3.516E-19
50878.000,3.517E-19
50879.000,3.517E-19
50880.000,3.516E-19
50881.000,3.516E-19
50882.000,3.516E-19
50883.000,3.516E-19
50884.000,3.516E-19
50885.000,3.516E-19
50886.000,3.517E-19
50887.000,3.518E-19
50888.000,3.519E-19
50889.000,3.519E-19
50890.000,3.520E-19
50891.000,3.520E-19
50892.000,3.521E-19
50893.000,3.523E-19
50894.000,3.524E-19
50895.000,3.525E-19
50896.000,3.526E-19
50897.000,3.528E-19
50898.000,3.529E-19
50899.000,3.529E-19
50900.000,3.530E-19
50901.000,3.530E-19
50902.000,3.530E-19
50903.000,3.530E-19
50904.000,3.530E-19
50905.000,3.531E-19
50906.000,3.532E-19
50907.000,3.533E-19
50908.000,3.533E-19
50909.000,3.534E-19
50910.000,3.535E-19
50911.000,3.536E-19
50912.000,3.537E-19
50913.000,3.538E-19
50914.000,3.539E-19
50915.000,3.541E-19
50916.000,3.543E-19
50917.000,3.544E-19
50918.000,3.545E-19
50919.000,3.546E-19
50920.000,3.546E-19
50921.000,3.547E-19
50922.000,3.547E-19
50923.000,3.547E-19
50924.000,3.548E-19
50925.000,3.549E-19
50926.000,3.549E-19
50927.000,3.550E-19
50928.000,3.549E-19
50929.000,3.549E-19
50930.000,3.549E-19
50931.000,3.550E-19
50932.000,3.550E-19
50933.000,3.550E-19
50934.000,3.550E-19
50935.000,3.550E-19
50936.000,3.551E-19
50937.000,3.553E-19
50938.000,3.553E-19
50939.000,3.554E-19
50940.000,3.554E-19
50941.000,3.555E-19
50942.000,3.555E-19
50943.000,3.556E-19
50944.000,3.556E-19
50945.000,3.557E-19
50946.000,3.557E-19
50947.000,3.558E-19
50948.000,3.558E-19
50949.000,3.558E-19
50950.000,3.558E-19
50951.000,3.559E-19
50952.000,3.560E-19
50953.000,3.561E-19
50954.000,3.563E-19
50955.000,3.565E-19
50956.000,3.566E-19
50957.000,3.568E-19
50958.000,3.569E-19
50959.000,3.570E-19
50960.000,3.570E-19
50961.000,3.571E-19
50962.000,3.571E-19
50963.000,3.570E-19
50964.000,3.570E-19
50965.000,3.570E-19
50966.000,3.570E-19
50967.000,3.570E-19
50968.000,3.570E-19
50969.000,3.571E-19
50970.000,3.571E-19
50971.000,3.572E-19
50972.000,3.573E-19
50973.000,3.574E-19
50974.000,3.575E-19
50975.000,3.576E-19
50976.000,3.578E-19
50977.000,3.579E-19
50978.000,3.581E-19
50979.000,3.582E-19
50980.000,3.583E-19
50981.000,3.583E-19
50982.000,3.584E-19
50983.000,3.584E-19
50984.000,3.585E-19
50985.000,3.585E-19
50986.000,3.585E-19
50987.000,3.585E-19
50988.000,3.586E-19
50989.000,3.587E-19
50990.000,3.588E-19
50991.000,3.590E-19
50992.000,3.591E-19
50993.000,3.591E-19
50994.000,3.592E-19
50995.000,3.593E-19
50996.000,3.594E-19
50997.000,3.595E-19
50998.000,3.596E-19
50999.000,3.596E-19
51000.000,3.597E-19
51001.000,3.599E-19
51002.000,3.600E-19
51003.000,3.600E-19
51004.000,3.601E-19
51005.000,3.601E-19
51006.000,3.601E-19
51007.000,3.600E-19
51008.000,3.601E-19
51009.000,3.601E-19
51010.000,3.602E-19
51011.000,3.602E-19
51012.000,3.602E-19
51013.000,3.602E-19
51014.000,3.602E-19
51015.000,3.601E-19
51016.000,3.601E-19
51017.000,3.601E-19
51018.000,3.601E-19
51019.000,3.602E-19
51020.000,3.602E-19
51021.000,3.603E-19
51022.000,3.603E-19
51023.000,3.604E-19
